roc_auc,pr_auc,accuracy,f1,balanced_accuracy,matthews_corrcoef,sensitivity,specificity,precision,pos_LR,sensitivity_at_spec100,fold,n_train,n_val,threshold,best_penalty,best_C,best_solver,best_inner_score
0.6802409638554217,0.6745682497465275,0.6666666666666666,0.6702702702702703,0.6714457831325301,0.3422735575327399,0.62,0.7228915662650602,0.7294117647058823,2.237391304347826,0.0,1,684,183,0.5339945068934712,l2,0.001,liblinear,0.7080660167347419
0.6807261807261806,0.6955273687254218,0.6069364161849711,0.6494845360824743,0.6019656019656019,0.20277202407648026,0.6363636363636364,0.5675675675675675,0.6631578947368421,1.471590909090909,0.0,2,694,173,0.4767513560308403,l2,0.001,liblinear,0.7210745913011167
0.7442660550458715,0.822154988610744,0.7109826589595376,0.7807017543859649,0.673881880733945,0.36234076754779376,0.8165137614678899,0.53125,0.7478991596638656,1.7418960244648318,0.05504587155963303,3,694,173,0.4907575497220213,l2,0.001,liblinear,0.715724727226717
0.6887668918918919,0.7926243619646993,0.6228571428571429,0.6796116504854369,0.6200028153153153,0.2320417385960714,0.6306306306306306,0.609375,0.7368421052631579,1.6144144144144144,0.036036036036036036,4,692,175,0.5231381237628564,l2,0.001,liblinear,0.7143080711929961
0.7525773195876289,0.7859357873344794,0.6871165644171779,0.7384615384615385,0.6741643236488597,0.349202474063822,0.7422680412371134,0.6060606060606061,0.7346938775510204,1.8842188739095957,0.0,5,704,163,0.5462513300859115,l2,0.001,liblinear,0.6906516458333885
