n_pairs,pairwise_accuracy,both_correct_rate,mean_delta,median_delta,std_delta,n_positive_delta,per_drug_accuracy,per_drug_roc_auc,per_drug_pr_auc,n_train,n_test,best_penalty,best_C,best_solver,inner_cv_score,threshold,seed
38,0.631578947368421,0.2631578947368421,0.1387391794759561,0.056858365832125224,0.2387361514365408,24,0.5806451612903226,0.5966386554621849,0.6400923229789582,831,62,l2,0.0001,liblinear,0.6927170893537357,0.532627457167466,3
