roc_auc,pr_auc,accuracy,f1,balanced_accuracy,matthews_corrcoef,sensitivity,specificity,precision,pos_LR,sensitivity_at_spec100,fold,n_train,n_val,threshold,best_penalty,best_C,best_solver,best_inner_score
0.6214922197100679,0.6571967081801788,0.5852272727272727,0.5921787709497207,0.5997473068227157,0.1984286695608868,0.5145631067961165,0.684931506849315,0.6973684210526315,1.6331785563528913,0.009708737864077669,1,655,176,0.5084517839901253,l2,0.0001,liblinear,0.7274441120634941
0.7019345593503702,0.7814553043387292,0.6439393939393939,0.6758620689655173,0.649749223787915,0.2936311462697863,0.620253164556962,0.6792452830188679,0.7424242424242424,1.9337304542069988,0.05063291139240506,2,699,132,0.5539366725846058,l2,0.0001,liblinear,0.658764449143938
0.7303873697916667,0.7448499568738172,0.6964285714285714,0.7553956834532374,0.67578125,0.3698977214370539,0.8203125,0.53125,0.7,1.75,0.0234375,3,607,224,0.45169560283312543,l2,0.0001,liblinear,0.6972985236129972
0.7179330065359477,0.8207771792562969,0.6733333333333333,0.743455497382199,0.6605392156862745,0.3049101743559833,0.696078431372549,0.625,0.797752808988764,1.8562091503267972,0.00980392156862745,4,681,150,0.5080837427136347,l2,0.0001,liblinear,0.6594781704272965
0.6613272311212814,0.7106022540560106,0.6375838926174496,0.7096774193548387,0.6130816170861937,0.22777605978187987,0.717391304347826,0.5087719298245614,0.7021276595744681,1.4604037267080745,0.0,5,682,149,0.5479929772686475,l2,0.001,liblinear,0.6781186536532164
