roc_auc,pr_auc,accuracy,f1,balanced_accuracy,matthews_corrcoef,sensitivity,specificity,precision,pos_LR,sensitivity_at_spec100,fold,n_train,n_val,threshold,best_penalty,best_C,best_solver,best_inner_score
0.7474747474747474,0.842244446363256,0.6991150442477876,0.7571428571428571,0.7052669552669553,0.38511494478203917,0.6883116883116883,0.7222222222222222,0.8412698412698413,2.4779220779220776,0.03896103896103896,1,718,113,0.5269834145749634,l2,0.001,liblinear,0.6966626411081026
0.7129824561403509,0.7929773943054155,0.6902654867256637,0.7651006711409396,0.6563157894736842,0.31067557489301006,0.76,0.5526315789473685,0.7702702702702703,1.6988235294117648,0.04,2,718,113,0.5446742733817853,l2,0.001,liblinear,0.699742467943121
0.7156817834783937,0.7703235321845081,0.7058823529411765,0.7727272727272727,0.6794930523744083,0.35627632789379443,0.7657657657657657,0.5932203389830508,0.7798165137614679,1.8825075075075073,0.0,3,661,170,0.4927215686866962,l1,0.01,liblinear,0.6816321797868616
0.6460526315789474,0.6553282046833852,0.5886524822695035,0.5827338129496403,0.5933704453441295,0.18723426246139502,0.5328947368421053,0.6538461538461539,0.6428571428571429,1.5394736842105265,0.0,4,549,282,0.548785345949211,l2,0.001,liblinear,0.706028939548387
0.6757373595505618,0.7022624026134006,0.673202614379085,0.7191011235955056,0.6642380617977528,0.3284761235955056,0.7191011235955056,0.609375,0.7191011235955056,1.8408988764044942,0.011235955056179775,5,678,153,0.5193004467655126,l2,0.0001,liblinear,0.6894134744705112
