roc_auc,pr_auc,accuracy,f1,balanced_accuracy,matthews_corrcoef,sensitivity,specificity,precision,pos_LR,sensitivity_at_spec100,fold,n_train,n_val,threshold,best_penalty,best_C,best_solver,best_inner_score
0.6605667060212514,0.7269083871218187,0.581151832460733,0.6153846153846154,0.600177095631641,0.1938491232917848,0.5289256198347108,0.6714285714285714,0.735632183908046,1.6097736255839021,0.024793388429752067,1,702,191,0.5503135622870654,l2,0.0001,liblinear,0.6777492884856386
0.6928219003660672,0.7415189065097291,0.6829268292682927,0.7547169811320755,0.6506445965303199,0.3084412754928479,0.7766990291262136,0.5245901639344263,0.7339449541284404,1.633746233679277,0.0,2,729,164,0.4717830131902129,l2,0.0001,lbfgs,0.6764118732114482
0.7361691664617654,0.7213350684717033,0.6795580110497238,0.6704545454545454,0.6865625768379642,0.37544013526969533,0.6020408163265306,0.7710843373493976,0.7564102564102564,2.6299677765843184,0.0,3,712,181,0.5413983441481295,l2,0.0001,liblinear,0.6494849740662548
0.6803553225571575,0.7345751889251902,0.6802325581395349,0.7441860465116279,0.6606232707150139,0.3182710112334651,0.7339449541284404,0.5873015873015873,0.7547169811320755,1.7784050811573748,0.0,4,721,172,0.5264053916758861,l2,0.0001,liblinear,0.7099508680333644
0.7252576084351785,0.7328649057763971,0.6864864864864865,0.7156862745098039,0.6872753414809489,0.3703587249701815,0.6822429906542056,0.6923076923076923,0.7525773195876289,2.217289719626168,0.0,5,708,185,0.5247760292664485,l2,0.0001,liblinear,0.6383970910009549
