n_pairs,pairwise_accuracy,both_correct_rate,mean_delta,median_delta,std_delta,n_positive_delta,per_drug_accuracy,per_drug_roc_auc,per_drug_pr_auc,n_train,n_test,best_penalty,best_C,best_solver,inner_cv_score,threshold,seed
13,0.23076923076923078,0.46153846153846156,-0.04537940535402317,-0.04907609545984881,0.04743872659822273,3,0.7692307692307693,0.07954545454545454,0.7043010328382457,867,26,l2,0.0001,liblinear,0.6832044266449205,0.5100959146954417,1
