roc_auc,pr_auc,accuracy,f1,balanced_accuracy,matthews_corrcoef,sensitivity,specificity,precision,pos_LR,sensitivity_at_spec100,fold,n_train,n_val,threshold,best_penalty,best_C,best_solver,best_inner_score
0.653781512605042,0.631094920763878,0.5803571428571429,0.6544117647058824,0.569187675070028,0.14840617550967275,0.7478991596638656,0.3904761904761905,0.5816993464052288,1.2270220588235292,0.0,1,669,224,0.4531738231898593,l2,0.0001,liblinear,0.6782103659213993
0.5917344173441734,0.7021200402010419,0.6939890710382514,0.7925925925925926,0.6016260162601625,0.24002316623378328,0.8699186991869918,0.3333333333333333,0.7278911564625851,1.3048780487804876,0.0,2,710,183,0.4494688827461476,l2,0.0001,liblinear,0.7124962480118174
0.6844502277163306,0.7535376270486107,0.6357142857142857,0.6982248520710059,0.6220993276946432,0.2404473009517346,0.6781609195402298,0.5660377358490566,0.7195121951219512,1.56271864067966,0.04597701149425287,3,753,140,0.48754562972745885,l2,0.0001,liblinear,0.6534717028734234
0.6449195906432749,0.6908148453737004,0.6274509803921569,0.6951871657754011,0.6104714912280702,0.21758888944987537,0.6770833333333334,0.543859649122807,0.7142857142857143,1.4843750000000002,0.0,4,740,153,0.5084023061882589,l2,0.0001,liblinear,0.6825869444049469
0.7147123893805309,0.773815115246354,0.6735751295336787,0.6926829268292682,0.6829092920353983,0.36082396878961803,0.6283185840707964,0.7375,0.7717391304347826,2.3935946059839868,0.09734513274336283,5,700,193,0.5170555261630229,l1,0.01,liblinear,0.7043741834709029
