n_pairs,pairwise_accuracy,both_correct_rate,mean_delta,median_delta,std_delta,n_positive_delta,per_drug_accuracy,per_drug_roc_auc,per_drug_pr_auc,n_train,n_test,best_penalty,best_C,best_solver,inner_cv_score,threshold,seed
38,0.5,0.18421052631578946,0.02489445947221571,0.0003426395655879988,0.08548844270027726,19,0.5161290322580645,0.5388655462184874,0.6561347918028627,831,62,l2,0.001,liblinear,0.6678167334146834,0.46439670473816935,1
