roc_auc,pr_auc,accuracy,f1,balanced_accuracy,matthews_corrcoef,sensitivity,specificity,precision,pos_LR,sensitivity_at_spec100,fold,n_train,n_val,threshold,best_penalty,best_C,best_solver,best_inner_score
0.7152795345307362,0.8008762011105622,0.6432432432432432,0.6972477064220184,0.6429294206931444,0.27568971935279896,0.6440677966101694,0.6417910447761194,0.76,1.7980225988700562,0.025423728813559324,1,646,185,0.48006996048468414,l1,0.1,liblinear,0.6595655395349976
0.6097483274928321,0.6975616631377417,0.646551724137931,0.7320261437908496,0.6044918763937559,0.2181784929859035,0.7671232876712328,0.4418604651162791,0.7,1.374429223744292,0.0136986301369863,2,715,116,0.4940941327471247,l2,0.0001,lbfgs,0.6621768640203887
0.610172490048651,0.6505195851487011,0.5794392523364486,0.5945945945945946,0.5825740822644847,0.16422109093616546,0.5546218487394958,0.6105263157894737,0.6407766990291263,1.4240290710878947,0.04201680672268908,3,617,214,0.506120800459174,l2,0.01,liblinear,0.685132393765145
0.623859649122807,0.7060640326331462,0.6193548387096774,0.700507614213198,0.5881578947368421,0.18104670001980164,0.7263157894736842,0.45,0.6764705882352942,1.3205741626794258,0.021052631578947368,4,676,155,0.48134993516018143,l2,0.001,liblinear,0.6557469308686319
0.7368849788204628,0.7684201431654842,0.7080745341614907,0.7589743589743589,0.6963180188986641,0.38941377108523917,0.7474747474747475,0.6451612903225806,0.7708333333333334,2.1065197428833793,0.0,5,670,161,0.4734772839322224,l2,0.01,liblinear,0.6319070571468999
