n_pairs,pairwise_accuracy,both_correct_rate,mean_delta,median_delta,std_delta,n_positive_delta,per_drug_accuracy,per_drug_roc_auc,per_drug_pr_auc,n_train,n_test,best_penalty,best_C,best_solver,inner_cv_score,threshold,seed
13,0.38461538461538464,0.6153846153846154,0.00038676390676541854,-0.00825270364238917,0.05732964978390524,5,0.8461538461538461,0.6590909090909092,0.9127468332555582,867,26,l2,0.01,liblinear,0.652273738807167,0.43176774705743837,2
