roc_auc,pr_auc,accuracy,f1,balanced_accuracy,matthews_corrcoef,sensitivity,specificity,precision,pos_LR,sensitivity_at_spec100,fold,n_train,n_val,threshold,best_penalty,best_C,best_solver,best_inner_score
0.6341204250295159,0.6982640963111485,0.6073298429319371,0.6606334841628959,0.6087957497048406,0.2099244064393318,0.6033057851239669,0.6142857142857143,0.73,1.5641261095806551,0.01652892561983471,1,702,191,0.5008419657319466,l2,0.01,lbfgs,0.6814460810774531
0.6944134967372274,0.7670579144069444,0.7073170731707317,0.7692307692307693,0.6834314817762215,0.369459420335929,0.7766990291262136,0.5901639344262295,0.7619047619047619,1.895145631067961,0.009708737864077669,2,729,164,0.46835696324229475,l2,0.01,liblinear,0.6425540208168578
0.677772313744775,0.6849765327302115,0.6574585635359116,0.6702127659574468,0.6587779690189328,0.3164684145079459,0.6428571428571429,0.6746987951807228,0.7,1.976190476190476,0.030612244897959183,3,712,181,0.4804673495925464,l2,0.01,liblinear,0.6396213238807655
0.6652104266783165,0.7243694300548089,0.6511627906976745,0.7391304347826086,0.6041939711664482,0.21982563525178553,0.7798165137614679,0.42857142857142855,0.7024793388429752,1.364678899082569,0.009174311926605505,4,721,172,0.4837995547023999,l2,0.01,lbfgs,0.6587175012389264
0.7108794632159118,0.7494590241912411,0.6918918918918919,0.7272727272727273,0.6884735202492211,0.3742660175632852,0.7102803738317757,0.6666666666666666,0.7450980392156863,2.130841121495327,0.056074766355140186,5,708,185,0.4691085344107785,l2,0.01,lbfgs,0.6019804064304491
