accuracy,balanced_accuracy,f1_macro,f1_weighted,mae,adjacent_accuracy,kappa_linear,kappa_quadratic,spearman_r,roc_auc_macro_ovr,roc_auc_weighted_ovr,fold,n_train,n_val,best_penalty,best_C,best_solver,inner_auc_score
0.5229357798165137,0.5347611048898843,0.5165541286023214,0.5307093481294874,0.6238532110091743,0.8532110091743119,0.31243042671614096,0.3338222711160006,0.36813652621170423,0.7014191587396278,0.7004606158266382,1,758,109,l2,0.001,lbfgs,0.6340554606084763
0.45454545454545453,0.4837470699539665,0.45401529489605935,0.4546190842976733,0.7024793388429752,0.8429752066115702,0.21084938233714423,0.21910908232331183,0.243152037251401,0.6579453803523587,0.6536182107508014,2,746,121,l2,0.001,lbfgs,0.6584282705483745
0.4691358024691358,0.4698199796560452,0.46004322654487667,0.4736731389188301,0.6604938271604939,0.8703703703703703,0.21309242781913929,0.22867003259410745,0.32290712807874167,0.6463784554149001,0.641180341103883,3,705,162,l2,0.001,lbfgs,0.656340012020257
0.5110132158590308,0.5103174603174603,0.4860977469868355,0.5155154303709579,0.6475770925110133,0.8414096916299559,0.2755790981916072,0.2953408269429758,0.33799491239946544,0.6748037850496867,0.669853981538823,4,640,227,l2,0.001,lbfgs,0.6629266965333558
0.49193548387096775,0.5093803871912616,0.4886956131795199,0.4885709209816832,0.625,0.8830645161290323,0.3069628240724047,0.37111291013857806,0.3676868456068217,0.6737319425924634,0.6678911450332821,5,619,248,l2,0.001,lbfgs,0.6576794331283153
