accuracy,balanced_accuracy,f1_macro,f1_weighted,mae,adjacent_accuracy,kappa_linear,kappa_quadratic,spearman_r,roc_auc_macro_ovr,roc_auc_weighted_ovr,fold,n_train,n_val,best_penalty,best_C,best_solver,inner_auc_score
0.4198473282442748,0.45410628019323673,0.3528138224333827,0.3315825665575751,0.7786259541984732,0.8015267175572519,0.2168561716094245,0.26409863573356673,0.33615670141425097,0.6152601269104684,0.6061423416458738,1,736,131,l2,0.01,liblinear,0.6295636573879512
0.42328042328042326,0.4072835377183203,0.3240990585836781,0.3329193043170377,0.8095238095238095,0.7671957671957672,0.14205607476635518,0.17371428571428582,0.18466551850177806,0.5818537841679495,0.5791483237719797,2,678,189,l2,0.001,lbfgs,0.6403787097286359
0.5,0.47585434173669466,0.39812644242126877,0.41725487924548876,0.6875,0.8125,0.28198433420365543,0.3350283590846861,0.4057526913614541,0.6641719831721349,0.660333351477189,3,707,160,l2,0.01,lbfgs,0.6039839099813589
0.41452991452991456,0.45420152946468734,0.3408816828273194,0.33919620622052665,0.7692307692307693,0.8162393162393162,0.19037367368906655,0.2371871859604403,0.2498783507294503,0.6383495324126004,0.6330787482234178,4,633,234,l2,0.01,liblinear,0.6093946144735979
0.3464052287581699,0.37449556093623887,0.27210986267166043,0.26015617732736035,0.869281045751634,0.7843137254901961,0.09208941239459245,0.12274181000950812,0.21430362147681753,0.6111504202454375,0.6072118692426837,5,714,153,l2,0.01,liblinear,0.6289240449659799
