accuracy,balanced_accuracy,f1_macro,f1_weighted,mae,adjacent_accuracy,kappa_linear,kappa_quadratic,spearman_r,roc_auc_macro_ovr,roc_auc_weighted_ovr,fold,n_train,n_val,best_penalty,best_C,best_solver,inner_auc_score
0.5412844036697247,0.5559754883663058,0.48325503497729655,0.49135229034964095,0.5779816513761468,0.8807339449541285,0.39278450791405073,0.46636228615435404,0.49769820849301644,0.6956127210765585,0.6907931512267028,1,758,109,l2,0.001,liblinear,0.6409250719678328
0.3884297520661157,0.40653506170747544,0.38276802656546494,0.38091067872096857,0.768595041322314,0.8429752066115702,0.12243624736801073,0.1505814265044746,0.18150395778280537,0.616343831711148,0.6075620690245197,2,746,121,l2,0.01,liblinear,0.664783237215715
0.5061728395061729,0.5091500484943108,0.5006008085052203,0.5055004851267106,0.6111111111111112,0.8827160493827161,0.27416727009413455,0.3044813538075839,0.3345226067657234,0.6556924011810153,0.6470298438326626,3,705,162,l1,0.1,liblinear,0.6617151598525458
0.47577092511013214,0.4674603174603174,0.44150491253294993,0.4677609680862182,0.6519823788546255,0.8722466960352423,0.2525252525252525,0.316165072679945,0.37448273729465026,0.6468369758182405,0.6417328699762234,4,640,227,l1,0.1,liblinear,0.6879023032444476
0.5080645161290323,0.5110572497927759,0.4708521303258146,0.47784895707009456,0.6411290322580645,0.8508064516129032,0.31391585760517804,0.36425648021828105,0.40579043687768884,0.7033363353759542,0.7004628962920294,5,619,248,l2,0.001,liblinear,0.6371390462518003
