roc_auc,pr_auc,accuracy,f1,balanced_accuracy,matthews_corrcoef,sensitivity,specificity,precision,pos_LR,sensitivity_at_spec100,fold,n_train,n_val,threshold,best_penalty,best_C,best_solver,best_inner_score
0.6487499999999999,0.6927643835546766,0.6615384615384615,0.7283950617283951,0.63875,0.27974700024547444,0.7375,0.54,0.7195121951219512,1.6032608695652175,0.025,1,737,130,0.489208211203482,l2,0.1,lbfgs,0.7158866071624619
0.7480438184663537,0.7837197251664711,0.7155172413793104,0.7724137931034483,0.6943661971830986,0.3941355959805259,0.7887323943661971,0.6,0.7567567567567568,1.9718309859154928,0.0,2,751,116,0.49070080637938335,l2,0.1,liblinear,0.6915962793665561
0.6524509803921568,0.6751215773504318,0.6013986013986014,0.625,0.5997549019607843,0.19986281476191736,0.6333333333333333,0.5661764705882353,0.6168831168831169,1.4598870056497173,0.05333333333333334,3,581,286,0.508700672578529,l2,0.1,liblinear,0.7134322238862545
0.7424749163879599,0.8735648598112794,0.6766467065868264,0.7522935779816514,0.6545986622073579,0.2944948604339779,0.7130434782608696,0.5961538461538461,0.7961165048543689,1.765631469979296,0.2782608695652174,4,700,167,0.5115831189289949,l2,0.1,liblinear,0.6786576280039422
0.7263235294117647,0.7617058514761803,0.6785714285714286,0.7378640776699029,0.6594117647058824,0.32430679190798406,0.76,0.5588235294117647,0.7169811320754716,1.7226666666666668,0.06,5,699,168,0.5239148856467369,l2,0.1,liblinear,0.6783723812613119
