n_pairs,pairwise_accuracy,both_correct_rate,mean_delta,median_delta,std_delta,n_positive_delta,per_drug_accuracy,per_drug_roc_auc,per_drug_pr_auc,n_train,n_test,best_penalty,best_C,best_solver,inner_cv_score,threshold,seed
13,0.46153846153846156,0.6153846153846154,-0.013483730589549957,-0.047716040506757484,0.08811913830283026,6,0.8461538461538461,0.5454545454545454,0.888037396088033,867,26,l1,0.1,liblinear,0.6483892349540067,0.5047092829267502,2
