roc_auc,pr_auc,accuracy,f1,balanced_accuracy,matthews_corrcoef,sensitivity,specificity,precision,pos_LR,sensitivity_at_spec100,fold,n_train,n_val,threshold,best_penalty,best_C,best_solver,best_inner_score
0.6439197166469893,0.7262392959918728,0.612565445026178,0.672566371681416,0.6069067296340024,0.2070774793968448,0.628099173553719,0.5857142857142857,0.7238095238095238,1.5161014534055288,0.008264462809917356,1,702,191,0.5008298092947169,l1,0.1,liblinear,0.6644383143269972
0.6807257679452491,0.7583459172568829,0.6890243902439024,0.751219512195122,0.668868374980105,0.3366401557568401,0.7475728155339806,0.5901639344262295,0.7549019607843137,1.8240776699029126,0.02912621359223301,2,729,164,0.48895041497926645,l1,0.1,liblinear,0.6448084681957105
0.5791738382099828,0.5999653805757919,0.5469613259668509,0.5816326530612245,0.5438283747233833,0.08765674944676666,0.5816326530612245,0.5060240963855421,0.5816326530612245,1.1774514683922348,0.04081632653061224,3,712,181,0.49038508599022956,l2,0.001,lbfgs,0.6473502489118254
0.6580748507354013,0.7414350087383426,0.5755813953488372,0.6178010471204188,0.5881025192951799,0.16997054451269622,0.5412844036697247,0.6349206349206349,0.7195121951219512,1.4826485839648982,0.045871559633027525,4,721,172,0.5168739284560993,l2,0.001,lbfgs,0.656548498918058
0.7178289000718906,0.7689979421334653,0.6216216216216216,0.6276595744680851,0.6346752935537983,0.26810069364829275,0.5514018691588785,0.717948717948718,0.7283950617283951,1.9549702633814783,0.056074766355140186,5,708,185,0.5275327018804625,l1,0.1,liblinear,0.6044025129313441
