roc_auc,pr_auc,accuracy,f1,balanced_accuracy,matthews_corrcoef,sensitivity,specificity,precision,pos_LR,sensitivity_at_spec100,fold,n_train,n_val,threshold,best_penalty,best_C,best_solver,best_inner_score
0.6598124098124099,0.708285304238169,0.6296296296296297,0.7058823529411765,0.6017316017316017,0.20770247549870044,0.7272727272727273,0.47619047619047616,0.6857142857142857,1.3884297520661157,0.0,1,723,108,0.4956942136060002,l2,0.0001,liblinear,0.7240225163577888
0.6605148130160273,0.7158503493132133,0.6256684491978609,0.6902654867256637,0.6108547838756678,0.21862554195048914,0.6724137931034483,0.5492957746478874,0.7090909090909091,1.491918103448276,0.0,2,644,187,0.5150223474632535,l2,0.001,liblinear,0.7130294773178237
0.6714308527626955,0.7063728367481089,0.6311111111111111,0.6844106463878327,0.6203289683807091,0.24632874417948908,0.7258064516129032,0.5148514851485149,0.6474820143884892,1.4960500329163924,0.0,3,606,225,0.4728136755305906,l2,0.001,lbfgs,0.7301414025089515
0.6280663780663781,0.6996680141009852,0.6,0.6666666666666666,0.5899170274170275,0.17408825209697512,0.6262626262626263,0.5535714285714286,0.7126436781609196,1.402828282828283,0.0,4,676,155,0.5331923180656273,l1,0.01,liblinear,0.6926693973966211
0.8321814637604111,0.8948784414438158,0.7435897435897436,0.7802197802197802,0.7533227006911217,0.4889434740714661,0.7171717171717171,0.7894736842105263,0.8554216867469879,3.4065656565656566,0.29292929292929293,5,675,156,0.5454187648957906,l2,0.0001,liblinear,0.6748691313438018
