accuracy,balanced_accuracy,f1_macro,f1_weighted,mae,adjacent_accuracy,kappa_linear,kappa_quadratic,spearman_r,roc_auc_macro_ovr,roc_auc_weighted_ovr,fold,n_train,n_val,best_penalty,best_C,best_solver,inner_auc_score
0.39453125,0.3953531914236521,0.3824662576471847,0.39777472777053097,0.8203125,0.78515625,0.07098914771549047,0.07252677580780287,0.11985677905960418,0.5889211873729691,0.578336310675586,1,611,256,l2,0.001,lbfgs,0.6449188847030594
0.4765625,0.48941813872114676,0.4729642601983028,0.4779445638820639,0.671875,0.8515625,0.23956894169660126,0.259425158641284,0.24778968973207244,0.6393716063958864,0.6342740268178866,2,739,128,l2,0.001,lbfgs,0.6188931382386517
0.4539877300613497,0.4456001113895851,0.43943500041061023,0.45421228811921616,0.6748466257668712,0.8711656441717791,0.18956789007412755,0.2147068145800316,0.32704394016286187,0.6370759512713259,0.6314266124693071,3,704,163,l2,0.001,lbfgs,0.6190004654258746
0.46745562130177515,0.4944760101010101,0.4671029572990357,0.46456565461090343,0.6923076923076923,0.8402366863905325,0.23777032496819706,0.26019506950311033,0.34784371099529937,0.6816050428494417,0.6710896799338232,4,698,169,l2,0.001,lbfgs,0.6113598248617779
0.5496688741721855,0.5628874956461164,0.549933796756041,0.5494505349967447,0.543046357615894,0.9072847682119205,0.35254130934950856,0.39202049780380677,0.31343755690429925,0.6686547161981261,0.659221430248554,5,716,151,l2,0.001,lbfgs,0.6202557961120346
