type,se,precision,auc_roc,acc,mcc,model,des,split
tr,0.9674003433489746,0.9614203918488464,0.9907667859275856,0.95625,0.9078296953148545,SVM,MACCS,random
va,0.8744394798145454,0.7230056310688942,0.7420571741413313,0.71,0.3537606949970953,SVM,MACCS,random
te,0.8460310967794683,0.7184341070987135,0.7247461640775289,0.6974725274725275,0.3391655351346857,SVM,MACCS,random
