model,des,split,auc_roc,f1_score,acc,mcc
SVM,MACCS,random,0.7247461640775289,0.7770292290116423,0.6974725274725275,0.3391655351346857
