n_pairs,pairwise_accuracy,both_correct_rate,mean_delta,median_delta,std_delta,n_positive_delta,per_drug_accuracy,per_drug_roc_auc,per_drug_pr_auc,n_train,n_test,best_penalty,best_C,best_solver,inner_cv_score,threshold,seed
38,0.5263157894736842,0.18421052631578946,0.043347453264949175,0.02408391071375221,0.1482195310683772,20,0.5483870967741935,0.5367647058823529,0.5849532908823049,831,62,l2,0.01,lbfgs,0.6952610660112752,0.47161440134167376,0
