roc_auc,pr_auc,accuracy,f1,balanced_accuracy,matthews_corrcoef,sensitivity,specificity,precision,pos_LR,sensitivity_at_spec100,fold,n_train,n_val,threshold,best_penalty,best_C,best_solver,best_inner_score
0.6854256854256854,0.8254397797728988,0.6902654867256637,0.7712418300653595,0.647005772005772,0.29191293371664023,0.7662337662337663,0.5277777777777778,0.7763157894736842,1.622612681436211,0.16883116883116883,1,718,113,0.47750984199475305,l2,0.01,lbfgs,0.6588114531599748
0.6810526315789474,0.8223087713492504,0.6637168141592921,0.7466666666666667,0.6233333333333333,0.24666666666666667,0.7466666666666667,0.5,0.7466666666666667,1.4933333333333334,0.17333333333333334,2,718,113,0.49455074245776903,l2,0.01,liblinear,0.6975969626279479
0.75385555046572,0.8281019681003721,0.7411764705882353,0.8035714285714286,0.7104901511681173,0.42449504117790293,0.8108108108108109,0.6101694915254238,0.7964601769911505,2.0799059929494716,0.0990990990990991,3,661,170,0.45770963063774006,l2,0.01,liblinear,0.6639693783533962
0.6521255060728746,0.6354457993993227,0.6028368794326241,0.5882352941176471,0.6093117408906883,0.22041550751119351,0.5263157894736842,0.6923076923076923,0.6666666666666666,1.7105263157894735,0.0,4,549,282,0.5124178901662149,l2,0.01,lbfgs,0.7126712462268616
0.7027738764044944,0.765539376836367,0.6405228758169934,0.6927374301675978,0.629564606741573,0.2597226573635685,0.6966292134831461,0.5625,0.6888888888888889,1.592295345104334,0.056179775280898875,5,678,153,0.4702351791873991,l2,0.01,lbfgs,0.6855776597739012
