accuracy,balanced_accuracy,f1_macro,f1_weighted,mae,adjacent_accuracy,kappa_linear,kappa_quadratic,spearman_r,roc_auc_macro_ovr,roc_auc_weighted_ovr,fold,n_train,n_val,best_penalty,best_C,best_solver,inner_auc_score
0.46788990825688076,0.5008398656215006,0.4557805525004852,0.4637268349662545,0.7155963302752294,0.8165137614678899,0.26440560650631595,0.2976957518838047,0.33002048854586075,0.6782427668058428,0.6746562483372984,1,758,109,l2,0.0001,lbfgs,0.6390898176183499
0.5041322314049587,0.5527125871953458,0.500846056472655,0.49189294180416754,0.6198347107438017,0.8760330578512396,0.31286439009616107,0.3460806011632095,0.33738074041645233,0.6815267153961443,0.66605612617111,2,746,121,l2,0.0001,lbfgs,0.6435147484518315
0.46296296296296297,0.46435549878172827,0.45410351334451143,0.4696595054473103,0.6728395061728395,0.8641975308641975,0.20588235294117652,0.2183538315988648,0.2636488074572007,0.6355755560433062,0.6321650444335043,3,705,162,l2,0.001,lbfgs,0.6532564474517238
0.4801762114537445,0.4976190476190476,0.46776050662061025,0.48291778574127747,0.6519823788546255,0.8678414096916299,0.26308400965123924,0.31304196007682006,0.32213516181904317,0.6557012976509463,0.6411730139933258,4,640,227,l2,0.001,lbfgs,0.6758434907640386
0.4959677419354839,0.5088686834785173,0.4858961826703762,0.4900890559319279,0.657258064516129,0.8467741935483871,0.2860725513051464,0.3222959067002057,0.35940883377728244,0.6868044856353982,0.6822418730036818,5,619,248,l2,0.0001,lbfgs,0.6444209652451673
