roc_auc,pr_auc,accuracy,f1,balanced_accuracy,matthews_corrcoef,sensitivity,specificity,precision,pos_LR,sensitivity_at_spec100,fold,n_train,n_val,threshold,best_penalty,best_C,best_solver,best_inner_score
0.6231818181818182,0.6089346822987277,0.5476190476190477,0.5622119815668203,0.5504545454545454,0.10145938629915231,0.61,0.4909090909090909,0.5213675213675214,1.198214285714286,0.06,1,683,210,0.46921985396896065,l2,0.01,liblinear,0.6592523841381273
0.6754060005505093,0.7869005850622692,0.6342412451361867,0.6987179487179487,0.6364574731626755,0.2568866951023659,0.630057803468208,0.6428571428571429,0.7841726618705036,1.7641618497109828,0.028901734104046242,2,636,257,0.4643385680812854,l2,0.001,liblinear,0.6526890093836368
0.6515555555555556,0.7390086565815916,0.55,0.5714285714285714,0.5733333333333333,0.14363447023631967,0.48,0.6666666666666666,0.7058823529411765,1.4399999999999997,0.05333333333333334,3,773,120,0.5636945266920517,l1,0.1,liblinear,0.6678316978393869
0.6446205821205822,0.743608590576577,0.601123595505618,0.6602870813397129,0.588487525987526,0.17733256604776676,0.6634615384615384,0.5135135135135135,0.6571428571428571,1.363782051282051,0.10576923076923077,4,715,178,0.5111476087383219,l1,0.1,liblinear,0.6674441966896905
0.6179401993355483,0.7512217657982845,0.671875,0.7640449438202247,0.6096345514950166,0.22898453208109767,0.7906976744186046,0.42857142857142855,0.7391304347826086,1.3837209302325582,0.046511627906976744,5,765,128,0.4628766430068852,l2,0.01,lbfgs,0.6582463870361226
