accuracy,balanced_accuracy,f1_macro,f1_weighted,mae,adjacent_accuracy,kappa_linear,kappa_quadratic,spearman_r,roc_auc_macro_ovr,roc_auc_weighted_ovr,fold,n_train,n_val,best_penalty,best_C,best_solver,inner_auc_score
0.3969465648854962,0.41659562375674913,0.3969087911921722,0.3922893178604343,0.7633587786259542,0.8396946564885496,0.15396538362180323,0.19666609086197961,0.3056743289856458,0.5963988568683113,0.5884455765465074,1,736,131,l2,0.0001,lbfgs,0.6538250042122555
0.4021164021164021,0.3962095875139353,0.3819485821471919,0.3951387903721568,0.7883597883597884,0.8095238095238095,0.13893900015288185,0.17720870678617173,0.22528638278044189,0.5768742462290849,0.5774549188527683,2,678,189,l2,0.0001,lbfgs,0.6747604919380483
0.5125,0.5070494864612511,0.5018481883716653,0.5186997860228512,0.6375,0.85,0.305650102110279,0.3400791904971404,0.3452948448907024,0.6632818334631589,0.6665195199973202,3,707,160,l2,0.0001,lbfgs,0.6427519267007664
0.48717948717948717,0.49720647773279353,0.47428290582108934,0.4952841968728097,0.6324786324786325,0.8803418803418803,0.24529288702928864,0.2745950217305412,0.3051489664810787,0.6706050299694333,0.6615825559105838,4,633,234,l2,0.0001,lbfgs,0.6160951554321
0.43790849673202614,0.4666275344241446,0.43085921216344797,0.44417192766437785,0.7124183006535948,0.8496732026143791,0.21390525571529584,0.24845507843447945,0.34869441082425595,0.6612244343028629,0.6572082536120342,5,714,153,l2,0.0001,lbfgs,0.6347430391078908
