accuracy,balanced_accuracy,f1_macro,f1_weighted,mae,adjacent_accuracy,kappa_linear,kappa_quadratic,spearman_r,roc_auc_macro_ovr,roc_auc_weighted_ovr,fold,n_train,n_val,best_penalty,best_C,best_solver,inner_auc_score
0.5294117647058824,0.5138271604938272,0.5033308195072901,0.526797596866801,0.5714285714285714,0.8991596638655462,0.29744747351970824,0.32202130294773335,0.3770086299226552,0.6570175436577268,0.648452257490454,1,748,119,l2,0.001,lbfgs,0.6465812737726802
0.4351145038167939,0.43805723466740415,0.43006535947712415,0.4406226612782518,0.732824427480916,0.8320610687022901,0.13863013698630133,0.12299158377964792,0.242326539266902,0.6483600319333028,0.645267474729686,2,736,131,l2,0.001,lbfgs,0.6712864555529621
0.4588235294117647,0.46613756613756613,0.4579461973468633,0.4581169382292318,0.6764705882352942,0.8647058823529412,0.23906274326638643,0.28697962798937116,0.30138088731302287,0.6455673147629735,0.6413012033473826,3,697,170,l2,0.0001,lbfgs,0.6568340106505977
0.4425531914893617,0.4344172712535545,0.4227923736544426,0.4472017841130094,0.6978723404255319,0.8595744680851064,0.19975083056478404,0.2579626578802856,0.3322445673643744,0.6346096975586036,0.6324232606528634,4,632,235,l2,0.0001,lbfgs,0.6858632825325196
0.5094339622641509,0.5242182306750944,0.5021193222796888,0.5172493702286868,0.5801886792452831,0.910377358490566,0.3104141323319406,0.37025830258302583,0.4085497195511442,0.6859730525039488,0.6789547574221274,5,655,212,l2,0.0001,lbfgs,0.6368641949674826
