accuracy,balanced_accuracy,f1_macro,f1_weighted,mae,adjacent_accuracy,kappa_linear,kappa_quadratic,spearman_r,roc_auc_macro_ovr,roc_auc_weighted_ovr,fold,n_train,n_val,best_penalty,best_C,best_solver,inner_auc_score
0.453125,0.3902882974698693,0.33912023460410556,0.3889028134164223,0.78125,0.765625,0.1097819661299857,0.12510412884208733,0.3180422811301953,0.6374613104430323,0.637007805589341,1,611,256,l2,0.01,lbfgs,0.627659882794236
0.3828125,0.4443629249205185,0.3194711847002952,0.2887797217943781,0.828125,0.7890625,0.1808741849794736,0.22635237231792082,0.30953717056792224,0.6581495065721307,0.6487359085186662,2,739,128,l2,0.01,lbfgs,0.6220846732577561
0.3803680981595092,0.43762183235867447,0.3173173173173173,0.2818216989996131,0.803680981595092,0.8159509202453987,0.18645940488436785,0.24178661016536374,0.3330766436613103,0.664123602404821,0.6573525355639668,3,704,163,l2,0.01,liblinear,0.6139877965644374
0.42011834319526625,0.4732905982905982,0.34704184704184704,0.32479059402136323,0.7692307692307693,0.8106508875739645,0.24204788518595188,0.2997137852962536,0.4110021900453772,0.6921786020903834,0.678182464593104,4,698,169,l2,0.001,liblinear,0.6132782333085173
0.3841059602649007,0.4222222222222222,0.3144680552633425,0.29375382296019387,0.847682119205298,0.7682119205298014,0.12858431018935979,0.16021571821807767,0.24552533894761885,0.6207255307196862,0.6098600953803558,5,716,151,l2,0.001,liblinear,0.6429845694137926
