accuracy,balanced_accuracy,f1_macro,f1_weighted,mae,adjacent_accuracy,kappa_linear,kappa_quadratic,spearman_r,roc_auc_macro_ovr,roc_auc_weighted_ovr,fold,n_train,n_val,best_penalty,best_C,best_solver,inner_auc_score
0.41284403669724773,0.42789598108747046,0.3282711282711283,0.33339709303012055,0.8165137614678899,0.7706422018348624,0.16793893129770987,0.20853575719584194,0.3495040095618912,0.6180376254883567,0.6134648358090677,1,758,109,l1,0.1,liblinear,0.6182775018308236
0.4132231404958678,0.5100963031997515,0.35659269427285895,0.2933610138951126,0.71900826446281,0.8677685950413223,0.2845102970162441,0.36766062096526286,0.4194955740997342,0.6842017228619381,0.6656653024780943,2,746,121,l2,0.001,lbfgs,0.6132837704472397
0.37037037037037035,0.4252927400468384,0.3074138867105025,0.28359686222990804,0.8518518518518519,0.7777777777777778,0.15650467853908845,0.19604877587673697,0.2085222179796604,0.5967336403969772,0.5926878426213866,3,705,162,l2,0.001,lbfgs,0.610282007871067
0.4052863436123348,0.40257936507936504,0.3123375323393364,0.3354280751745899,0.8414096916299559,0.7533039647577092,0.11159150052250888,0.13351138210357905,0.21025221464741117,0.5934156283248789,0.5903882212448276,4,640,227,l2,0.01,lbfgs,0.6213277857719579
0.40725806451612906,0.4155618951725681,0.3245077391100859,0.32632820663795975,0.8185483870967742,0.7741935483870968,0.1635819903638478,0.20561317876754115,0.2581909239255956,0.6111365172269947,0.6069598359056884,5,619,248,l1,0.1,liblinear,0.6239812732012399
