accuracy,balanced_accuracy,f1_macro,f1_weighted,mae,adjacent_accuracy,kappa_linear,kappa_quadratic,spearman_r,roc_auc_macro_ovr,roc_auc_weighted_ovr,fold,n_train,n_val,best_penalty,best_C,best_solver,inner_auc_score
0.4351145038167939,0.4556692242114237,0.42882011605415865,0.42154679817502616,0.7022900763358778,0.8625954198473282,0.23498793957090258,0.300925539898274,0.3384098081770559,0.6312560972394335,0.6243670695633254,1,736,131,l2,0.001,lbfgs,0.6269267116541382
0.41798941798941797,0.4086584912671869,0.4068098568098568,0.42080406366120643,0.783068783068783,0.798941798941799,0.11396895787139705,0.11077504725897924,0.1732019675415834,0.5853992715142786,0.5820671143251789,2,678,189,l2,0.01,lbfgs,0.6492530286634293
0.45625,0.4573576097105509,0.45333822450476885,0.46385730007336756,0.675,0.86875,0.2389006342494715,0.290108849976337,0.29625253251702405,0.6270351861474364,0.629026951999732,3,707,160,l2,0.01,lbfgs,0.6273194829495254
0.47435897435897434,0.4858029689608638,0.46027978442839124,0.47967549592936587,0.6324786324786325,0.8931623931623932,0.25281553398058254,0.3102277802590442,0.3213904829240294,0.6385189315371168,0.6221464689945473,4,633,234,l2,0.001,lbfgs,0.6078688564644538
0.47058823529411764,0.48682344021327073,0.4621284320399364,0.4749912127319728,0.6078431372549019,0.9215686274509803,0.2903595830631889,0.3821915444348577,0.38650364476603105,0.6426977942051372,0.6302556548175641,5,714,153,l2,0.01,lbfgs,0.6320837082568691
