roc_auc,pr_auc,accuracy,f1,balanced_accuracy,matthews_corrcoef,sensitivity,specificity,precision,pos_LR,sensitivity_at_spec100,fold,n_train,n_val,threshold,best_penalty,best_C,best_solver,best_inner_score
0.6971084337349397,0.7003590379993005,0.6557377049180327,0.6834170854271356,0.6532530120481927,0.30621102304237924,0.68,0.6265060240963856,0.6868686868686869,1.8206451612903227,0.02,1,684,183,0.4760446531620603,l2,0.001,liblinear,0.7112690516395529
0.7164892164892164,0.7253245072401887,0.653179190751445,0.6739130434782609,0.6577259077259077,0.3121876290146341,0.6262626262626263,0.6891891891891891,0.7294117647058823,2.014931927975406,0.0,2,694,173,0.510682992099877,l2,0.001,liblinear,0.7144758678675445
0.7593176605504587,0.8018579759487486,0.6936416184971098,0.7389162561576355,0.6955991972477065,0.3791602729735778,0.6880733944954128,0.703125,0.7978723404255319,2.317720907774022,0.01834862385321101,3,694,173,0.542834035362834,l2,0.0001,liblinear,0.6918827853091902
0.7616835585585585,0.831186969718853,0.7028571428571428,0.7450980392156863,0.7095298423423424,0.40446314806993716,0.6846846846846847,0.734375,0.8172043010752689,2.5776364599894013,0.04504504504504504,4,692,175,0.5184840926541724,l2,0.001,liblinear,0.7099267652271066
0.7124336144954702,0.7328141469324059,0.6809815950920245,0.7373737373737373,0.6641674476726023,0.33198491104065947,0.7525773195876289,0.5757575757575758,0.7227722772277227,1.7739322533136967,0.020618556701030927,5,704,163,0.5127513091508525,l1,0.1,liblinear,0.7064405343717166
