roc_auc,pr_auc,accuracy,f1,balanced_accuracy,matthews_corrcoef,sensitivity,specificity,precision,pos_LR,sensitivity_at_spec100,fold,n_train,n_val,threshold,best_penalty,best_C,best_solver,best_inner_score
0.6601914414414415,0.7112311546223818,0.6721311475409836,0.7468354430379747,0.6382319819819819,0.2916376351175957,0.7972972972972973,0.4791666666666667,0.7023809523809523,1.530810810810811,0.02702702702702703,1,745,122,0.48760504399130483,l1,0.01,liblinear,0.7129901237149939
0.6288888888888889,0.721275819249169,0.632,0.7051282051282052,0.6104166666666666,0.2171256052703531,0.6875,0.5333333333333333,0.7236842105263158,1.4732142857142856,0.0,2,742,125,0.5074129019341798,l2,0.001,liblinear,0.6774103331084984
0.6987150754519648,0.7620902377544042,0.6297872340425532,0.6133333333333333,0.6572164948453608,0.3205996407799596,0.5,0.8144329896907216,0.7931034482758621,2.694444444444444,0.028985507246376812,3,632,235,0.542445094269634,l1,0.01,liblinear,0.6613329558399961
0.6418758154885256,0.688205845930238,0.5782608695652174,0.6446886446886447,0.5638575485455523,0.1309987972481369,0.6821705426356589,0.44554455445544555,0.6111111111111112,1.2303433001107418,0.015503875968992248,4,637,230,0.4807082352621593,l2,0.0001,lbfgs,0.6953888682316508
0.6831578947368421,0.7321551439584,0.6838709677419355,0.7407407407407407,0.6684210526315789,0.3358419605720257,0.7368421052631579,0.6,0.7446808510638298,1.8421052631578945,0.021052631578947368,5,712,155,0.5421195865515223,l2,0.001,liblinear,0.676736447215296
