n_pairs,pairwise_accuracy,both_correct_rate,mean_delta,median_delta,std_delta,n_positive_delta,per_drug_accuracy,per_drug_roc_auc,per_drug_pr_auc,n_train,n_test,best_penalty,best_C,best_solver,inner_cv_score,threshold,seed
38,0.631578947368421,0.18421052631578946,0.04899421050027699,0.026647621583365533,0.12006686529269431,24,0.5645161290322581,0.5714285714285714,0.5966595244863843,831,62,l2,0.0001,liblinear,0.6984776196133733,0.48275939464001555,0
