roc_auc,pr_auc,accuracy,f1,balanced_accuracy,matthews_corrcoef,sensitivity,specificity,precision,pos_LR,sensitivity_at_spec100,fold,n_train,n_val,threshold,best_penalty,best_C,best_solver,best_inner_score
0.6695526695526696,0.7872632232362581,0.6814159292035398,0.7721518987341772,0.6183261183261184,0.2447314187040044,0.7922077922077922,0.4444444444444444,0.7530864197530864,1.425974025974026,0.025974025974025976,1,718,113,0.40992790928008854,l2,0.01,liblinear,0.6946919528664834
0.6407017543859649,0.7296221067693751,0.6460176991150443,0.7222222222222222,0.622982456140351,0.23831133763596005,0.6933333333333334,0.5526315789473685,0.7536231884057971,1.5498039215686277,0.0,2,718,113,0.5611710660270528,l2,0.001,lbfgs,0.7234297357177545
0.7162925637501908,0.7889991449730465,0.6529411764705882,0.694300518134715,0.6746831577340052,0.3328283121855711,0.6036036036036037,0.7457627118644068,0.8170731707317073,2.3741741741741746,0.018018018018018018,3,661,170,0.5487588038366762,l2,0.001,lbfgs,0.6798732234534559
0.6891700404858301,0.6924189779617707,0.6099290780141844,0.5864661654135338,0.6181174089068826,0.23995528004615096,0.5131578947368421,0.7230769230769231,0.6842105263157895,1.8530701754385965,0.0,4,549,282,0.49274278127514953,l2,0.0001,liblinear,0.7022092505387507
0.6513342696629213,0.6582601286965105,0.6535947712418301,0.7282051282051282,0.625438904494382,0.2682534875259597,0.797752808988764,0.453125,0.6698113207547169,1.458747993579454,0.0,5,678,153,0.45283889579416414,l1,0.01,liblinear,0.700633871646352
