accuracy,balanced_accuracy,f1_macro,f1_weighted,mae,adjacent_accuracy,kappa_linear,kappa_quadratic,spearman_r,roc_auc_macro_ovr,roc_auc_weighted_ovr,fold,n_train,n_val,best_penalty,best_C,best_solver,inner_auc_score
0.4609375,0.44624726874049364,0.40377426762626006,0.44072360615181116,0.73046875,0.80859375,0.22035112862773198,0.26487183620828636,0.3333767979946091,0.6330837296889383,0.637906795942061,1,611,256,l2,0.001,liblinear,0.6562583598151774
0.4140625,0.45747972985683916,0.3665629591219428,0.3442168865050558,0.765625,0.8203125,0.20887991927346117,0.2601156069364162,0.3157422546179741,0.6087887964964835,0.5933906753019966,2,739,128,l2,0.0001,liblinear,0.6594896964504358
0.50920245398773,0.5442912837649679,0.4939331033895418,0.4908603416710816,0.6196319018404908,0.8711656441717791,0.3344249039822115,0.3781779378418034,0.45929924857348153,0.6865910665796732,0.6785581477942291,3,704,163,l2,0.001,liblinear,0.635871261674727
0.46153846153846156,0.49752331002331,0.44684095860566453,0.4373709247012415,0.7100591715976331,0.8284023668639053,0.2489445226279534,0.2831132929793623,0.38439969771151455,0.683551266901715,0.6693215604601829,4,698,169,l2,0.001,liblinear,0.643313488250615
0.4900662251655629,0.5219261581330547,0.4522153936201346,0.44973085488025394,0.6887417218543046,0.8211920529801324,0.2872185911401598,0.31748483808216044,0.38560561465920573,0.6764940890447573,0.6645110200666561,5,716,151,l2,0.0001,liblinear,0.6569555183477271
