roc_auc,pr_auc,accuracy,f1,balanced_accuracy,matthews_corrcoef,sensitivity,specificity,precision,pos_LR,sensitivity_at_spec100,fold,n_train,n_val,threshold,best_penalty,best_C,best_solver,best_inner_score
0.7456709956709957,0.8347614613071929,0.7079646017699115,0.762589928057554,0.7191558441558441,0.4103918544044364,0.6883116883116883,0.75,0.8548387096774194,2.7532467532467533,0.07792207792207792,1,718,113,0.553491156911563,l2,0.0001,liblinear,0.6925110385364904
0.66,0.7683821685663762,0.6814159292035398,0.7692307692307693,0.6236842105263158,0.2593875865919044,0.8,0.4473684210526316,0.7407407407407407,1.4476190476190478,0.02666666666666667,2,718,113,0.5241886000843959,l2,0.0001,liblinear,0.717176968407885
0.7405710795541304,0.8318536627745029,0.6764705882352942,0.7393364928909952,0.6649106733852497,0.3190195043352765,0.7027027027027027,0.6271186440677966,0.78,1.8845208845208845,0.018018018018018018,3,661,170,0.4841823255059999,l2,0.001,lbfgs,0.6855608056165332
0.6468117408906882,0.6555798497045847,0.6170212765957447,0.6766467065868264,0.606325910931174,0.22157812546576516,0.743421052631579,0.46923076923076923,0.6208791208791209,1.400648360030511,0.006578947368421052,4,549,282,0.47973188463797917,l2,0.0001,lbfgs,0.7094788806300013
0.7062851123595506,0.7088223257191417,0.6928104575163399,0.7486631016042781,0.6745084269662922,0.35878725475932444,0.7865168539325843,0.5625,0.7142857142857143,1.7977528089887642,0.011235955056179775,5,678,153,0.48323658880631615,l1,0.01,liblinear,0.6918865839329837
