roc_auc,pr_auc,accuracy,f1,balanced_accuracy,matthews_corrcoef,sensitivity,specificity,precision,pos_LR,sensitivity_at_spec100,fold,n_train,n_val,threshold,best_penalty,best_C,best_solver,best_inner_score
0.6260180995475113,0.655122626161449,0.582010582010582,0.582010582010582,0.5879524886877828,0.17590497737556562,0.5288461538461539,0.6470588235294118,0.6470588235294118,1.4983974358974361,0.019230769230769232,1,678,189,0.5063627478937515,l2,0.001,liblinear,0.6284847119561084
0.5842857142857143,0.6425109514457705,0.575,0.6530612244897959,0.5528571428571428,0.10868963029517358,0.6857142857142857,0.42,0.6233766233766234,1.1822660098522166,0.014285714285714285,2,747,120,0.47760966048028264,l2,0.001,liblinear,0.6627536412123738
0.6337448559670782,0.6972057101852159,0.6177777777777778,0.6742424242424242,0.6074074074074074,0.2127756356953591,0.6592592592592592,0.5555555555555556,0.689922480620155,1.4833333333333334,0.05185185185185185,3,642,225,0.4538278966793006,l1,0.1,liblinear,0.6585597067150842
0.6504289215686274,0.7013716971651641,0.6325301204819277,0.7081339712918661,0.6049325980392157,0.2134089355504186,0.7254901960784313,0.484375,0.6915887850467289,1.4070112893642306,0.00980392156862745,4,701,166,0.4903698988208901,l2,0.001,lbfgs,0.652478962696911
0.6863287250384024,0.733940467922527,0.6946107784431138,0.7671232876712328,0.6580645161290323,0.32814403621730087,0.8,0.5161290322580645,0.7368421052631579,1.6533333333333333,0.0,5,700,167,0.4888183629674615,l2,0.001,lbfgs,0.6385580198068697
