roc_auc,pr_auc,accuracy,f1,balanced_accuracy,matthews_corrcoef,sensitivity,specificity,precision,pos_LR,sensitivity_at_spec100,fold,n_train,n_val,threshold,best_penalty,best_C,best_solver,best_inner_score
0.7294721407624634,0.8031022107026363,0.7150837988826816,0.7792207792207793,0.7083577712609971,0.39207915110073066,0.7258064516129032,0.6909090909090909,0.8411214953271028,2.3481973434535104,0.016129032258064516,1,714,179,0.504152115995187,l1,0.01,liblinear,0.6712708057499996
0.6992949663879324,0.6840123724213438,0.6380090497737556,0.6116504854368932,0.6408017707820954,0.28549181266515655,0.5526315789473685,0.7289719626168224,0.6847826086956522,2.0390199637023594,0.0,2,672,221,0.502637670894796,l2,0.0001,liblinear,0.6649191405095134
0.7121653856347734,0.7525195376229649,0.6984126984126984,0.759493670886076,0.6753246753246753,0.3567530340063379,0.7792207792207793,0.5714285714285714,0.7407407407407407,1.8181818181818181,0.0,3,767,126,0.48957350084593404,l2,0.0001,liblinear,0.6703765377236278
0.6467161788262705,0.7341119617123564,0.6802325581395349,0.7639484978540773,0.6304791029561672,0.28029995004478936,0.8165137614678899,0.4444444444444444,0.717741935483871,1.4697247706422019,0.045871559633027525,4,721,172,0.49153703285307165,l2,0.0001,liblinear,0.7090215130049222
0.6720814381633095,0.6789265487944266,0.6666666666666666,0.7111111111111111,0.6595191682910981,0.3174948425911528,0.7017543859649122,0.6172839506172839,0.7207207207207207,1.8336162988115448,0.008771929824561403,5,698,195,0.4965265438357343,l1,0.01,liblinear,0.6951382205518879
