accuracy,balanced_accuracy,f1_macro,f1_weighted,mae,adjacent_accuracy,kappa_linear,kappa_quadratic,spearman_r,roc_auc_macro_ovr,roc_auc_weighted_ovr,fold,n_train,n_val,best_penalty,best_C,best_solver,inner_auc_score
0.42016806722689076,0.4579012345679012,0.40649831649831647,0.3962057550292844,0.7394957983193278,0.8403361344537815,0.18846869187848725,0.21841117597998327,0.27661460269663396,0.6174884949034335,0.6025510745017724,1,748,119,l2,0.001,liblinear,0.645771532740664
0.4580152671755725,0.5108977651350534,0.4522020515024143,0.4304488161167138,0.6793893129770993,0.8625954198473282,0.27071995996747344,0.31728163435480505,0.35806424546793586,0.6799383134128897,0.6685599176057192,2,736,131,l2,0.001,lbfgs,0.643346193210671
0.48823529411764705,0.5123229220003412,0.4599292423472104,0.45121728905364844,0.6941176470588235,0.8176470588235294,0.2828542828542828,0.3135011441647597,0.30732096434436434,0.6496960835075999,0.6423255024128031,3,697,170,l2,0.0001,liblinear,0.6424578190833794
0.43829787234042555,0.4065929867921019,0.367560261707989,0.4075895902936522,0.7574468085106383,0.8042553191489362,0.16533641950674438,0.212583767684289,0.3340934813078369,0.6212845620577406,0.6153958068101459,4,632,235,l2,0.001,liblinear,0.6635915016735201
0.5094339622641509,0.5232657557671122,0.4824392934351716,0.4970216865871298,0.6650943396226415,0.8254716981132075,0.2549351944167497,0.26554946825652603,0.35037412514106975,0.6646312839093551,0.6483034950030226,5,655,212,l2,0.001,liblinear,0.6514222818599176
