accuracy,balanced_accuracy,f1_macro,f1_weighted,mae,adjacent_accuracy,kappa_linear,kappa_quadratic,spearman_r,roc_auc_macro_ovr,roc_auc_weighted_ovr,fold,n_train,n_val,best_penalty,best_C,best_solver,inner_auc_score
0.4296875,0.40962522873091983,0.3396056596652166,0.3768940812075898,0.828125,0.7421875,0.1317035709714578,0.15161557580778795,0.21645037916498602,0.6258169341915681,0.6282923704021082,1,611,256,l2,0.1,liblinear,0.6071506954630965
0.3125,0.37613108339447293,0.2620245003223727,0.23494318181818183,0.96875,0.71875,0.06613320781360321,0.08223587942639743,0.2000516235794481,0.6087908973669283,0.6013890388719062,2,739,128,l2,0.01,liblinear,0.6103496297850425
0.3803680981595092,0.44785575048732945,0.3230769230769231,0.2873997168475696,0.803680981595092,0.8159509202453987,0.2042854481088131,0.26289745957335986,0.323433244382163,0.6354264005218373,0.6245652028673352,3,704,163,l2,0.01,liblinear,0.5897682494987098
0.378698224852071,0.4026563714063714,0.34011056511056514,0.3313951121643429,0.8284023668639053,0.7928994082840237,0.13371411833626234,0.17372881355932202,0.2603598468730558,0.6036409049315136,0.5922604291019297,4,698,169,l2,1.0,lbfgs,0.6227541281482472
0.4370860927152318,0.4678160919540229,0.39517618641659563,0.38677994952660016,0.7549668874172185,0.8079470198675497,0.2109460946094609,0.24771173676283165,0.3057535055039024,0.623047173975701,0.6078967379374001,5,716,151,l2,0.1,lbfgs,0.6244633710313862
