n_pairs,pairwise_accuracy,both_correct_rate,mean_delta,median_delta,std_delta,n_positive_delta,per_drug_accuracy,per_drug_roc_auc,per_drug_pr_auc,n_train,n_test,best_penalty,best_C,best_solver,inner_cv_score,threshold,seed
13,0.15384615384615385,0.5384615384615384,-0.04525409970619087,-0.02940425120481005,0.04977554018948819,2,0.8076923076923077,0.125,0.7207512492884622,867,26,l1,0.01,liblinear,0.6708047084439002,0.49310479466642626,4
