roc_auc,pr_auc,accuracy,f1,balanced_accuracy,matthews_corrcoef,sensitivity,specificity,precision,pos_LR,sensitivity_at_spec100,fold,n_train,n_val,threshold,best_penalty,best_C,best_solver,best_inner_score
0.60875,0.6883252763076811,0.6,0.6388888888888888,0.6074999999999999,0.20922159124340928,0.575,0.64,0.71875,1.597222222222222,0.0,1,737,130,0.5146442340707186,l2,0.0001,liblinear,0.6923558553504015
0.6353677621283255,0.7166040778885896,0.5948275862068966,0.6618705035971223,0.5794992175273865,0.157308868045106,0.647887323943662,0.5111111111111111,0.6764705882352942,1.3252240717029449,0.07042253521126761,2,751,116,0.5114635404897032,l2,0.0001,liblinear,0.6576222901900797
0.668578431372549,0.6334148579130366,0.6258741258741258,0.624561403508772,0.6275490196078432,0.25519187701147206,0.5933333333333334,0.6617647058823529,0.6592592592592592,1.7542028985507248,0.0,3,581,286,0.518672299948987,l2,0.0001,lbfgs,0.6786792542090266
0.7105351170568561,0.8045295771792079,0.6766467065868264,0.7452830188679245,0.6704013377926421,0.31982963359835764,0.6869565217391305,0.6538461538461539,0.8144329896907216,1.9845410628019324,0.008695652173913044,4,700,167,0.507345614784065,l2,0.0001,liblinear,0.6436284592766829
0.6957352941176471,0.7176420078693762,0.7023809523809523,0.7641509433962265,0.6770588235294117,0.368721958056394,0.81,0.5441176470588235,0.7232142857142857,1.776774193548387,0.0,5,699,168,0.47537681774098917,l2,0.0001,liblinear,0.653705477014778
