accuracy,balanced_accuracy,f1_macro,f1_weighted,mae,adjacent_accuracy,kappa_linear,kappa_quadratic,spearman_r,roc_auc_macro_ovr,roc_auc_weighted_ovr,fold,n_train,n_val,best_penalty,best_C,best_solver,inner_auc_score
0.4369747899159664,0.44512345679012344,0.42883680814715297,0.4418988075899116,0.7226890756302521,0.8403361344537815,0.16045939294503697,0.16063708759954498,0.1648855800869042,0.6128324265069035,0.6133556673202749,1,748,119,l2,0.01,lbfgs,0.6278010562224654
0.549618320610687,0.5586240501494738,0.5341960111660445,0.5461425388245461,0.5954198473282443,0.8549618320610687,0.29744224422442234,0.2675920570657413,0.32401395995180415,0.7042219415824532,0.7015040361758157,2,736,131,l2,0.001,lbfgs,0.595372295717869
0.4294117647058823,0.4287591739204642,0.4278631633443581,0.4322304168046945,0.7058823529411765,0.8647058823529412,0.17927261023495322,0.2191909689557855,0.2455002108095559,0.6102939187202477,0.6055096288151812,3,697,170,l2,0.01,lbfgs,0.6327738841231738
0.4595744680851064,0.46286441308565207,0.44372973555527545,0.4686686780849653,0.7063829787234043,0.8340425531914893,0.22207155107087306,0.2568688439606014,0.2757475774425955,0.6281015963812978,0.6298860746282104,4,632,235,l2,0.01,lbfgs,0.6226725626783572
0.4528301886792453,0.44384743489464046,0.4347498655190963,0.46156349697714,0.6556603773584906,0.8915094339622641,0.20175533643948418,0.2482557693782106,0.2917792840764438,0.6138697720914887,0.6082869728657684,5,655,212,l2,0.01,lbfgs,0.6255082800774944
