accuracy,balanced_accuracy,f1_macro,f1_weighted,mae,adjacent_accuracy,kappa_linear,kappa_quadratic,spearman_r,roc_auc_macro_ovr,roc_auc_weighted_ovr,fold,n_train,n_val,best_penalty,best_C,best_solver,inner_auc_score
0.45703125,0.46508234313112357,0.3529017857142857,0.38188912527901786,0.76953125,0.7734375,0.22204053928979117,0.26431378309890186,0.2701722269149698,0.623195060667415,0.622586619351688,1,611,256,l2,0.0001,lbfgs,0.6325175821162831
0.3828125,0.4284289933592942,0.347395451210565,0.33121732850330154,0.84375,0.7734375,0.147508633448446,0.1710362047440699,0.22448615185521087,0.6028306391896877,0.5927911470331975,2,739,128,l2,0.001,liblinear,0.6417903155968224
0.4601226993865031,0.500612642717906,0.4378468448887923,0.42762554063778263,0.6748466257668712,0.8650306748466258,0.2870208366470496,0.34674439181803984,0.4214219042897589,0.6428243255665801,0.6330675408196516,3,704,163,l1,0.1,liblinear,0.6233739644120331
0.4437869822485207,0.48665743978243975,0.39394258300472673,0.37831476333356473,0.7514792899408284,0.8047337278106509,0.2397364599199462,0.27715355805243447,0.3350843551370933,0.6582648320582414,0.6446910751874273,4,698,169,l2,0.001,liblinear,0.6324622945383271
0.4966887417218543,0.5229362591431558,0.45546312801214767,0.45634766047699427,0.6754966887417219,0.8278145695364238,0.2992082992082993,0.3327020202020201,0.35864698064322553,0.6592139676800599,0.6504906231713845,5,716,151,l2,0.001,liblinear,0.6324904032592487
