roc_auc,pr_auc,accuracy,f1,balanced_accuracy,matthews_corrcoef,sensitivity,specificity,precision,pos_LR,sensitivity_at_spec100,fold,n_train,n_val,threshold,best_penalty,best_C,best_solver,best_inner_score
0.6840909090909092,0.6385686503813262,0.6238095238095238,0.639269406392694,0.6272727272727272,0.25654733755151643,0.7,0.5545454545454546,0.5882352941176471,1.5714285714285714,0.0,1,683,210,0.49732193146820913,l2,0.001,liblinear,0.6971294868622466
0.7052711257913571,0.7954796888757101,0.6303501945525292,0.6945337620578779,0.6335672997522709,0.25129266525226435,0.6242774566473989,0.6428571428571429,0.782608695652174,1.747976878612717,0.0,2,636,257,0.5377964560901304,l2,0.001,liblinear,0.7081864082560109
0.6960000000000001,0.7523116268378545,0.6583333333333333,0.7172413793103448,0.6466666666666667,0.28804761511150995,0.6933333333333334,0.6,0.7428571428571429,1.7333333333333334,0.02666666666666667,3,773,120,0.49323831112343536,l2,0.001,liblinear,0.6882860838071153
0.6978950103950103,0.6953474892486391,0.6741573033707865,0.7040816326530612,0.6763253638253638,0.34780368135474415,0.6634615384615384,0.6891891891891891,0.75,2.134615384615384,0.0,4,715,178,0.5174870772859362,l2,0.001,liblinear,0.6757483351829595
0.7657807308970099,0.8797331970495014,0.71875,0.7954545454545454,0.6688815060908084,0.34711462069616805,0.813953488372093,0.5238095238095238,0.7777777777777778,1.7093023255813955,0.36046511627906974,5,765,128,0.489089983203797,l2,0.001,liblinear,0.6705271533574749
