n_pairs,pairwise_accuracy,both_correct_rate,mean_delta,median_delta,std_delta,n_positive_delta,per_drug_accuracy,per_drug_roc_auc,per_drug_pr_auc,n_train,n_test,best_penalty,best_C,best_solver,inner_cv_score,threshold,seed
38,0.5263157894736842,0.15789473684210525,0.07182562652428036,0.007040093846440498,0.19202024168317253,20,0.5645161290322581,0.5808823529411765,0.6368349057572711,831,62,l2,0.001,liblinear,0.7070170112442662,0.469264549912944,0
