roc_auc,pr_auc,accuracy,f1,balanced_accuracy,matthews_corrcoef,sensitivity,specificity,precision,pos_LR,sensitivity_at_spec100,fold,n_train,n_val,threshold,best_penalty,best_C,best_solver,best_inner_score
0.7352092352092352,0.8510297506799206,0.7345132743362832,0.810126582278481,0.6794733044733046,0.37120085611354325,0.8311688311688312,0.5277777777777778,0.7901234567901234,1.7601222307104663,0.16883116883116883,1,718,113,0.4918110522487537,l2,0.001,liblinear,0.6944487433685682
0.632280701754386,0.7323368468444315,0.6548672566371682,0.7450980392156863,0.6036842105263158,0.21187695721127428,0.76,0.4473684210526316,0.7307692307692307,1.3752380952380954,0.013333333333333334,2,718,113,0.4950680161844852,l1,0.1,liblinear,0.7146784798205704
0.7465261872041533,0.8195332430734846,0.7,0.7692307692307693,0.6710184761032219,0.3407128829786768,0.7657657657657657,0.576271186440678,0.7727272727272727,1.8072072072072072,0.018018018018018018,3,661,170,0.4987228328622802,l2,0.001,liblinear,0.6800769529109969
0.6854251012145749,0.697436227003888,0.6382978723404256,0.6792452830188679,0.6321862348178138,0.2678099198435792,0.7105263157894737,0.5538461538461539,0.6506024096385542,1.5925589836660619,0.019736842105263157,4,549,282,0.49564319445576266,l2,0.0001,lbfgs,0.7104154195813339
0.6381671348314607,0.6561110916821769,0.6274509803921569,0.6885245901639344,0.6117450842696629,0.2264923201907791,0.7078651685393258,0.515625,0.6702127659574468,1.461399057629576,0.0,5,678,153,0.49059742377550647,l1,0.01,liblinear,0.6994877799066327
