roc_auc,pr_auc,accuracy,f1,balanced_accuracy,matthews_corrcoef,sensitivity,specificity,precision,pos_LR,sensitivity_at_spec100,fold,n_train,n_val,threshold,best_penalty,best_C,best_solver,best_inner_score
0.7036474164133739,0.7576777300864492,0.6752136752136753,0.7466666666666667,0.6446808510638298,0.3050655337357705,0.8,0.48936170212765956,0.7,1.5666666666666664,0.05714285714285714,1,714,117,0.4849265918219339,l2,0.001,lbfgs,0.6301023204596959
0.6753812636165577,0.7423961225897996,0.6306818181818182,0.6829268292682927,0.6255446623093681,0.24580752265976472,0.6481481481481481,0.6029411764705882,0.7216494845360825,1.6323731138545952,0.018518518518518517,2,655,176,0.4788589264807069,l2,0.001,lbfgs,0.6236545207109759
0.6515151515151515,0.7456202882895725,0.6687116564417178,0.7631578947368421,0.6027777777777779,0.2205451901052321,0.8055555555555556,0.4,0.725,1.3425925925925928,0.009259259259259259,3,668,163,0.4692690705688377,l2,0.001,lbfgs,0.6062768560389706
0.5984848484848485,0.6688639194475212,0.569620253164557,0.569620253164557,0.5854743083003953,0.17094861660079053,0.4891304347826087,0.6818181818181818,0.6818181818181818,1.5372670807453415,0.0,4,673,158,0.52893753573007,l2,0.001,lbfgs,0.6148101875534099
0.5982905982905983,0.6674895400698715,0.5483870967741935,0.5625,0.5576923076923077,0.11441088814070732,0.5,0.6153846153846154,0.6428571428571429,1.3,0.03968253968253968,5,614,217,0.5147500120546493,l2,0.001,lbfgs,0.66973277308784
