accuracy,balanced_accuracy,f1_macro,f1_weighted,mae,adjacent_accuracy,kappa_linear,kappa_quadratic,spearman_r,roc_auc_macro_ovr,roc_auc_weighted_ovr,fold,n_train,n_val,best_penalty,best_C,best_solver,inner_auc_score
0.5378151260504201,0.52,0.511128364389234,0.5372083616055118,0.6050420168067226,0.8571428571428571,0.2603591160220994,0.22727272727272718,0.32399803307732794,0.6676796752970557,0.6596994678457266,1,748,119,l1,0.1,liblinear,0.6383743525117771
0.3969465648854962,0.43899226950074405,0.39061748767469334,0.37087286124710855,0.7557251908396947,0.8473282442748091,0.1777721422684333,0.22616973354298575,0.2997365709355021,0.6539874428928539,0.6482656316204987,2,736,131,l2,0.001,liblinear,0.6372743981026116
0.40588235294117647,0.4271548045741594,0.3776638176638176,0.37138662644545,0.8411764705882353,0.7529411764705882,0.1424439113870467,0.15108451757666408,0.25571459458389634,0.6329259766506676,0.630545647791827,3,697,170,l2,0.0001,liblinear,0.6386542270289653
0.4765957446808511,0.44201613117542315,0.38528534019564215,0.4321624468412648,0.7106382978723405,0.8127659574468085,0.2362557166488275,0.2872435325602142,0.3712373345600819,0.6523339918160102,0.6605057946503998,4,632,235,l2,0.0001,liblinear,0.65197257407038
0.47641509433962265,0.4769562143409132,0.42847212032384846,0.45309136806717276,0.7122641509433962,0.8113207547169812,0.21711910002445578,0.23695855406668753,0.37546815413361256,0.6794936277881322,0.6730834006476846,5,655,212,l2,0.0001,liblinear,0.6413321980572
