n_pairs,pairwise_accuracy,both_correct_rate,mean_delta,median_delta,std_delta,n_positive_delta,per_drug_accuracy,per_drug_roc_auc,per_drug_pr_auc,n_train,n_test,best_penalty,best_C,best_solver,inner_cv_score,threshold,seed
38,0.6052631578947368,0.34210526315789475,0.07499298734265007,0.07595531203232957,0.13521584633465947,23,0.6129032258064516,0.5987394957983193,0.6733301037860164,831,62,l1,0.1,liblinear,0.6756141896357045,0.4615938401539372,3
