roc_auc,pr_auc,accuracy,f1,balanced_accuracy,matthews_corrcoef,sensitivity,specificity,precision,pos_LR,sensitivity_at_spec100,fold,n_train,n_val,threshold,best_penalty,best_C,best_solver,best_inner_score
0.6168373453916745,0.6690966470638903,0.5795454545454546,0.5978260869565217,0.5889080994813141,0.17577093088632076,0.5339805825242718,0.6438356164383562,0.6790123456790124,1.4992531740104555,0.019417475728155338,1,655,176,0.4747864048119095,l2,0.01,liblinear,0.6737833625202783
0.679961786481968,0.7371031896733407,0.6742424242424242,0.7455621301775148,0.6440171960831145,0.3031446635262832,0.7974683544303798,0.49056603773584906,0.7,1.5654008438818565,0.0379746835443038,2,699,132,0.47315522268163407,l2,0.001,liblinear,0.6365209620701202
0.6327311197916666,0.7104646562607956,0.59375,0.6566037735849056,0.5794270833333334,0.16129440474343232,0.6796875,0.4791666666666667,0.635036496350365,1.3050000000000002,0.0703125,3,607,224,0.4826559526373981,l2,0.01,liblinear,0.6910946354982277
0.6842320261437909,0.8154012599642454,0.6133333333333333,0.6777777777777778,0.6219362745098039,0.22770369216632677,0.5980392156862745,0.6458333333333334,0.782051282051282,1.6885813148788928,0.0784313725490196,4,681,150,0.4989827167813802,l2,0.01,lbfgs,0.6295660499181494
0.7139588100686498,0.7813122862146814,0.6711409395973155,0.73224043715847,0.653604118993135,0.3062171470560901,0.7282608695652174,0.5789473684210527,0.7362637362637363,1.7296195652173914,0.043478260869565216,5,682,149,0.4795833915174807,l2,0.01,liblinear,0.64001874383749
