accuracy,balanced_accuracy,f1_macro,f1_weighted,mae,adjacent_accuracy,kappa_linear,kappa_quadratic,spearman_r,roc_auc_macro_ovr,roc_auc_weighted_ovr,fold,n_train,n_val,best_penalty,best_C,best_solver,inner_auc_score
0.42201834862385323,0.4281914893617021,0.33013271881534584,0.34033631704993783,0.8073394495412844,0.7706422018348624,0.17509459924320614,0.2130375640891493,0.31014879009962587,0.6301388259691528,0.6314540586835254,1,758,109,l1,0.01,liblinear,0.606526954729229
0.39669421487603307,0.48959304131717923,0.34219167621229474,0.2801189022369903,0.7520661157024794,0.8512396694214877,0.24834459690081245,0.3213355120787881,0.34219130230451966,0.6599093714467845,0.6446564873622006,2,746,121,l2,0.0001,liblinear,0.6204329491672922
0.4012345679012346,0.4599058500697845,0.34542483660130713,0.32247034616315656,0.8024691358024691,0.7962962962962963,0.20142575458819967,0.24385597256620306,0.29826511411767365,0.6200493423386515,0.6095385407051934,3,705,162,l2,0.0001,liblinear,0.6169835996412967
0.4713656387665198,0.45396825396825397,0.353598028910815,0.3727855381497976,0.7048458149779736,0.8237885462555066,0.21341014423701654,0.26564943117485307,0.29074763608320175,0.6143451413943216,0.6061883505517505,4,640,227,l2,0.0001,liblinear,0.6309010731065373
0.4596774193548387,0.46941473808397793,0.40236216400330266,0.404467706298174,0.7540322580645161,0.7862903225806451,0.22049282280566107,0.2471300095320984,0.27739732490469726,0.6420028859110569,0.6347399852638189,5,619,248,l2,0.001,liblinear,0.6030776406225369
