roc_auc,pr_auc,accuracy,f1,balanced_accuracy,matthews_corrcoef,sensitivity,specificity,precision,pos_LR,sensitivity_at_spec100,fold,n_train,n_val,threshold,best_penalty,best_C,best_solver,best_inner_score
0.6218844984802431,0.7069197058976922,0.5982905982905983,0.6356589147286822,0.6013677811550152,0.19878695548400338,0.5857142857142857,0.6170212765957447,0.6949152542372882,1.5293650793650795,0.08571428571428572,1,714,117,0.5164281421700211,l2,0.01,lbfgs,0.6437076191598898
0.6407952069716776,0.7293987775492227,0.5795454545454546,0.5888888888888889,0.6056644880174292,0.2092871022942219,0.49074074074074076,0.7205882352941176,0.7361111111111112,1.756335282651072,0.046296296296296294,2,655,176,0.5235237736187905,l2,0.01,lbfgs,0.6461383986589178
0.6372053872053872,0.7354256679576241,0.6257668711656442,0.6995073891625616,0.6105218855218855,0.2119606509500208,0.6574074074074074,0.5636363636363636,0.7473684210526316,1.5065586419753085,0.0,3,668,163,0.4998080868366803,l2,0.0001,lbfgs,0.5866481874737246
0.6061429512516469,0.6624479879120279,0.6012658227848101,0.6834170854271356,0.5741106719367589,0.15635063560652987,0.7391304347826086,0.4090909090909091,0.6355140186915887,1.2508361204013378,0.0,4,673,158,0.42579432505529696,l1,0.1,liblinear,0.6486789450817598
0.6420722135007849,0.6579740349774318,0.6682027649769585,0.7096774193548387,0.6623931623931624,0.323044227947246,0.6984126984126984,0.6263736263736264,0.7213114754098361,1.8692810457516338,0.007936507936507936,5,614,217,0.45960680726968334,l2,0.01,liblinear,0.6836852501744308
