accuracy,balanced_accuracy,f1_macro,f1_weighted,mae,adjacent_accuracy,kappa_linear,kappa_quadratic,spearman_r,roc_auc_macro_ovr,roc_auc_weighted_ovr,fold,n_train,n_val,best_penalty,best_C,best_solver,inner_auc_score
0.5045871559633027,0.5259269627970635,0.44723027375201285,0.452801489163675,0.6422018348623854,0.8532110091743119,0.3343221078345838,0.3996111891132952,0.43357428300347556,0.6226838564732162,0.6151732531918352,1,758,109,l2,0.001,liblinear,0.6398756227356216
0.45454545454545453,0.5177384280832557,0.4473803071364047,0.4203845550852203,0.6776859504132231,0.8677685950413223,0.2769275615799447,0.3304533540432968,0.338095035969529,0.6406123945377046,0.6185276874281547,2,746,121,l2,0.001,liblinear,0.6602557202970397
0.48148148148148145,0.5268043431977858,0.4574384189448219,0.4469277581376571,0.6728395061728395,0.845679012345679,0.29492093914710116,0.33760222187933964,0.34465587043255963,0.643803760078289,0.6333086037168897,3,705,162,l2,0.0001,liblinear,0.6473292766710912
0.4977973568281938,0.4892857142857143,0.4715770552982948,0.4924478687720472,0.6519823788546255,0.8502202643171806,0.23697478991596643,0.2617441580342087,0.331330380626163,0.6482189072645747,0.6390530926768793,4,640,227,l1,0.1,liblinear,0.6468278127923828
0.5,0.5153167859158797,0.47617749654765285,0.4790116125736161,0.6653225806451613,0.8346774193548387,0.2960605539308446,0.33356542930501754,0.38288234224162143,0.6917254771322235,0.6870417040023895,5,619,248,l2,0.001,liblinear,0.6322079447225314
