accuracy,balanced_accuracy,f1_macro,f1_weighted,mae,adjacent_accuracy,kappa_linear,kappa_quadratic,spearman_r,roc_auc_macro_ovr,roc_auc_weighted_ovr,fold,n_train,n_val,best_penalty,best_C,best_solver,inner_auc_score
0.3865546218487395,0.4640123456790124,0.34202672097473624,0.29905470852467814,0.7899159663865546,0.8235294117647058,0.1962925707716625,0.2433140078548719,0.3054341453479267,0.6194575205976588,0.596592294130356,1,748,119,l2,0.0001,liblinear,0.6127074465708762
0.37404580152671757,0.4476182950759222,0.343786165525296,0.3031533683707597,0.816793893129771,0.8091603053435115,0.1716210625849537,0.21002496639139612,0.23338525661242177,0.6653657931884588,0.6652277489156964,2,736,131,l2,0.001,lbfgs,0.6226459746426106
0.3941176470588235,0.42317801672640387,0.3221443758931995,0.3051356022906914,0.8411764705882353,0.7647058823529411,0.1598119858989424,0.19610670511896178,0.25154431721097337,0.6043349461036326,0.5980221570663572,3,697,170,l2,0.0001,liblinear,0.6279276996748362
0.425531914893617,0.38353563740731883,0.32986625345268034,0.37744078474736104,0.8127659574468085,0.7617021276595745,0.12043659736238754,0.1494355850206056,0.21530941546494203,0.5739861075513084,0.5728501271867579,4,632,235,l2,0.001,liblinear,0.649629261332252
0.42924528301886794,0.44699494753754115,0.33753210029012787,0.3521799324132391,0.7830188679245284,0.7877358490566038,0.1823040104094057,0.22128160243349493,0.3427430166536638,0.6409859642535899,0.6270135372565291,5,655,212,l2,0.0001,lbfgs,0.615389666727124
