roc_auc,pr_auc,accuracy,f1,balanced_accuracy,matthews_corrcoef,sensitivity,specificity,precision,pos_LR,sensitivity_at_spec100,fold,n_train,n_val,threshold,best_penalty,best_C,best_solver,best_inner_score
0.7343108504398826,0.8324185242345841,0.6759776536312849,0.7456140350877193,0.6700146627565982,0.31795177949693815,0.6854838709677419,0.6545454545454545,0.8173076923076923,1.9842954159592527,0.04032258064516129,1,714,179,0.4880797205314789,l2,0.001,liblinear,0.6803585377781151
0.7118380062305296,0.7079026053793129,0.6742081447963801,0.6697247706422018,0.6753156255123791,0.35106322266944,0.6403508771929824,0.7102803738317757,0.7019230769230769,2.210243350311262,0.03508771929824561,2,672,221,0.5032936065382297,l2,0.0001,liblinear,0.6581310222732503
0.7121653856347733,0.7685785153217065,0.6428571428571429,0.6938775510204082,0.637291280148423,0.2693849440456021,0.6623376623376623,0.6122448979591837,0.7285714285714285,1.7081339712918662,0.0,3,767,126,0.5128069394681468,l2,0.0001,lbfgs,0.6561870059034411
0.6368137469054901,0.7310528149280525,0.6337209302325582,0.7174887892376681,0.5971312072229503,0.1979729631606144,0.7339449541284404,0.4603174603174603,0.7017543859649122,1.359956826767404,0.027522935779816515,4,721,172,0.48406454841946056,l2,0.0001,liblinear,0.6857525196155562
0.6441412172406324,0.6624050875659702,0.6564102564102564,0.726530612244898,0.6310916179337231,0.27515297923042,0.7807017543859649,0.48148148148148145,0.6793893129770993,1.5056390977443606,0.0,5,698,195,0.5010919143828214,l1,0.1,liblinear,0.6889391799293496
