n_pairs,pairwise_accuracy,both_correct_rate,mean_delta,median_delta,std_delta,n_positive_delta,per_drug_accuracy,per_drug_roc_auc,per_drug_pr_auc,n_train,n_test,best_penalty,best_C,best_solver,inner_cv_score,threshold,seed
13,0.5384615384615384,0.46153846153846156,-0.0042004338844842245,0.011430162579805003,0.10684058012283267,7,0.7307692307692307,0.2954545454545454,0.7684118541947045,867,26,l2,0.0001,liblinear,0.7029016521708931,0.5326695399995882,3
