roc_auc,pr_auc,accuracy,f1,balanced_accuracy,matthews_corrcoef,sensitivity,specificity,precision,pos_LR,sensitivity_at_spec100,fold,n_train,n_val,threshold,best_penalty,best_C,best_solver,best_inner_score
0.6614545454545455,0.5838970847318612,0.6285714285714286,0.6138613861386139,0.6281818181818182,0.2561773932323604,0.62,0.6363636363636364,0.6078431372549019,1.7049999999999998,0.0,1,683,210,0.5113880830927324,l2,0.0001,liblinear,0.6788966603111717
0.6782273603082852,0.7818597589345804,0.5758754863813229,0.6354515050167224,0.5900426644646297,0.16897408665525063,0.5491329479768786,0.6309523809523809,0.753968253968254,1.4879731493567032,0.005780346820809248,2,636,257,0.5615807017585721,l2,0.0001,liblinear,0.7025103767240601
0.7336296296296295,0.8244910741904756,0.6916666666666667,0.7516778523489933,0.6733333333333333,0.3451868139793884,0.7466666666666667,0.6,0.7567567567567568,1.8666666666666667,0.22666666666666666,3,773,120,0.4850679162862017,l2,0.0001,liblinear,0.6703413709130482
0.6641112266112266,0.6918994446019253,0.6741573033707865,0.7387387387387387,0.650987525987526,0.31483786985109624,0.7884615384615384,0.5135135135135135,0.6949152542372882,1.6207264957264955,0.0,4,715,178,0.45187976161734017,l2,0.0001,liblinear,0.6779463185456812
0.7350498338870431,0.8532240236654755,0.6875,0.7647058823529411,0.6517165005537099,0.29996508148773,0.7558139534883721,0.5476190476190477,0.7738095238095238,1.670746634026928,0.18604651162790697,5,765,128,0.5276088115338307,l2,0.001,liblinear,0.6611130681866809
