roc_auc,pr_auc,accuracy,f1,balanced_accuracy,matthews_corrcoef,sensitivity,specificity,precision,pos_LR,sensitivity_at_spec100,fold,n_train,n_val,threshold,best_penalty,best_C,best_solver,best_inner_score
0.5934343434343434,0.6885037435983973,0.5277777777777778,0.592,0.5183982683982684,0.036031265264066,0.5606060606060606,0.47619047619047616,0.6271186440677966,1.0702479338842974,0.0,1,723,108,0.5052119691927511,l2,0.001,liblinear,0.6867643322213235
0.6100048567265663,0.7047298392896308,0.5828877005347594,0.6138613861386139,0.5982272948033025,0.19129800274911643,0.5344827586206896,0.6619718309859155,0.7209302325581395,1.58117816091954,0.034482758620689655,2,644,187,0.5064322225064007,l2,0.01,liblinear,0.6744300591015937
0.6407697221335037,0.6886029174911437,0.5866666666666667,0.6324110671936759,0.5800063877355477,0.16091469857268278,0.6451612903225806,0.5148514851485149,0.6201550387596899,1.3298222514812377,0.008064516129032258,3,606,225,0.4835095932594377,l2,0.001,lbfgs,0.6617736680829802
0.600108225108225,0.6847844468931721,0.6516129032258065,0.7326732673267327,0.6148088023088023,0.2336127321882149,0.7474747474747475,0.48214285714285715,0.7184466019417476,1.4433995123650298,0.030303030303030304,4,676,155,0.4745303683669821,l2,0.001,liblinear,0.6816096811353821
0.7689172426014531,0.8278788514426199,0.7115384615384616,0.7692307692307693,0.6945773524720893,0.38518207546557526,0.7575757575757576,0.631578947368421,0.78125,2.056277056277056,0.09090909090909091,5,675,156,0.4984746086113051,l2,0.01,lbfgs,0.6181400012187341
