accuracy,balanced_accuracy,f1_macro,f1_weighted,mae,adjacent_accuracy,kappa_linear,kappa_quadratic,spearman_r,roc_auc_macro_ovr,roc_auc_weighted_ovr,fold,n_train,n_val,best_penalty,best_C,best_solver,inner_auc_score
0.3445378151260504,0.4073456790123457,0.3061631089217296,0.2697906748906459,0.8571428571428571,0.7983193277310925,0.11530612244897953,0.14878397711015745,0.2201432024488257,0.6256671549283094,0.6230767838014237,1,748,119,l2,0.01,lbfgs,0.6379004874666109
0.3969465648854962,0.48484848484848486,0.3415518022390474,0.2814690988631868,0.7557251908396947,0.8473282442748091,0.24559362457099654,0.3168123663377481,0.3641264236371377,0.6791022572815392,0.6670105092595728,2,736,131,l2,0.01,lbfgs,0.6219731765567047
0.38823529411764707,0.40942140296979,0.3388583247738177,0.3283908303792314,0.8411764705882353,0.7705882352941177,0.14389350612762375,0.1784386617100372,0.2552841730652068,0.6067194152936691,0.6008416590312138,3,697,170,l2,0.01,lbfgs,0.644840491007134
0.44680851063829785,0.4095993117010816,0.32742677453368046,0.37283566639527194,0.7914893617021277,0.7617021276595745,0.15585168018539974,0.1873041661831264,0.2869429144359406,0.619690932413623,0.6175757598155696,4,632,235,l2,0.001,liblinear,0.6315215883736514
0.4386792452830189,0.44230421414360643,0.33395268177876875,0.3489794773633986,0.7594339622641509,0.8018867924528302,0.18262368887398817,0.22699130848910576,0.3852822130356783,0.6616084755325228,0.6521311409284876,5,655,212,l2,0.001,liblinear,0.6174760086425429
