roc_auc,pr_auc,accuracy,f1,balanced_accuracy,matthews_corrcoef,sensitivity,specificity,precision,pos_LR,sensitivity_at_spec100,fold,n_train,n_val,threshold,best_penalty,best_C,best_solver,best_inner_score
0.5894999999999999,0.6750383104627824,0.5769230769230769,0.6625766871165644,0.5475,0.09619790759835137,0.675,0.42,0.6506024096385542,1.1637931034482758,0.0,1,737,130,0.47897287557812407,l2,1.0,lbfgs,0.6750146233110269
0.6607198748043819,0.7541180739926479,0.6120689655172413,0.6808510638297872,0.59358372456964,0.18643945163475006,0.676056338028169,0.5111111111111111,0.6857142857142857,1.3828425096030728,0.056338028169014086,2,751,116,0.5283022838737473,l2,0.1,lbfgs,0.6730096035905119
0.718235294117647,0.7087251330067148,0.6748251748251748,0.6642599277978339,0.6779901960784314,0.35780033118921983,0.6133333333333333,0.7426470588235294,0.7244094488188977,2.383238095238095,0.0,3,581,286,0.49726745083539087,l2,0.1,liblinear,0.6641471010102242
0.6891304347826087,0.8002874718960358,0.7005988023952096,0.7807017543859649,0.6561872909698996,0.3092360934600787,0.7739130434782608,0.5384615384615384,0.7876106194690266,1.6768115942028985,0.017391304347826087,4,700,167,0.5090802613063494,l2,0.1,lbfgs,0.6509209669163947
0.6673529411764706,0.7466540747810049,0.6607142857142857,0.7192118226600985,0.6444117647058824,0.2910795778682097,0.73,0.5588235294117647,0.7087378640776699,1.6546666666666667,0.08,5,699,168,0.5100477233515989,l2,0.1,liblinear,0.6564491963852327
