roc_auc,pr_auc,accuracy,f1,balanced_accuracy,matthews_corrcoef,sensitivity,specificity,precision,pos_LR,sensitivity_at_spec100,fold,n_train,n_val,threshold,best_penalty,best_C,best_solver,best_inner_score
0.6515151515151515,0.7494379421769841,0.6111111111111112,0.6818181818181818,0.5909090909090908,0.18181818181818182,0.6818181818181818,0.5,0.6818181818181818,1.3636363636363635,0.09090909090909091,1,723,108,0.5382356256004737,l2,0.001,lbfgs,0.7055481835560183
0.6690140845070424,0.7139146746805143,0.6310160427807486,0.6666666666666666,0.6424842156386595,0.2766932776479929,0.5948275862068966,0.6901408450704225,0.7582417582417582,1.9196708463949843,0.008620689655172414,2,644,187,0.5137578713687487,l2,0.0001,lbfgs,0.6855674839454696
0.6554615138933247,0.6860216450341092,0.6177777777777778,0.6416666666666667,0.6174145640370489,0.2337121289007983,0.6209677419354839,0.6138613861386139,0.6637931034482759,1.608147229114971,0.0,3,606,225,0.4924824203861347,l2,0.001,liblinear,0.7082506294464552
0.6374458874458875,0.7150988807138823,0.6387096774193548,0.7281553398058253,0.5930735930735931,0.19339960331470452,0.7575757575757576,0.42857142857142855,0.7009345794392523,1.325757575757576,0.010101010101010102,4,676,155,0.46533211297396343,l2,0.001,liblinear,0.699265111039239
0.7371965266702108,0.8027496488949,0.7051282051282052,0.7628865979381443,0.6895268474215843,0.3740494661841373,0.7474747474747475,0.631578947368421,0.7789473684210526,2.028860028860029,0.08080808080808081,5,675,156,0.4836586845096553,l1,0.01,liblinear,0.658831350564283
