roc_auc,pr_auc,accuracy,f1,balanced_accuracy,matthews_corrcoef,sensitivity,specificity,precision,pos_LR,sensitivity_at_spec100,fold,n_train,n_val,threshold,best_penalty,best_C,best_solver,best_inner_score
0.6435520361990951,0.6921946527932821,0.6084656084656085,0.6605504587155964,0.5990950226244344,0.20152313560564106,0.6923076923076923,0.5058823529411764,0.631578947368421,1.401098901098901,0.009615384615384616,1,678,189,0.47232624426176145,l1,0.01,liblinear,0.6715766780546528
0.6651428571428571,0.7281193044136423,0.6333333333333333,0.6764705882352942,0.6285714285714286,0.25482359571881275,0.6571428571428571,0.6,0.696969696969697,1.6428571428571428,0.014285714285714285,2,747,120,0.5380368620872931,l2,0.0001,liblinear,0.6943342958539217
0.6939094650205762,0.7399307655416523,0.6311111111111111,0.6666666666666666,0.6351851851851852,0.26493133008818315,0.6148148148148148,0.6555555555555556,0.7280701754385965,1.7849462365591398,0.007407407407407408,3,642,225,0.4937673814046785,l2,0.001,liblinear,0.6697085156283169
0.6631433823529413,0.7121239467400153,0.6686746987951807,0.7417840375586855,0.6372549019607843,0.28386058817315585,0.7745098039215687,0.5,0.7117117117117117,1.5490196078431373,0.00980392156862745,4,701,166,0.46783751527107925,l2,0.001,lbfgs,0.6868221262163908
0.7030721966205837,0.7689438347136759,0.6347305389221557,0.6871794871794872,0.633563748079877,0.2589062118326134,0.638095238095238,0.6290322580645161,0.7444444444444445,1.7200828157349894,0.0,5,700,167,0.5314964937429105,l2,0.0001,liblinear,0.6714778377913622
