roc_auc,pr_auc,accuracy,f1,balanced_accuracy,matthews_corrcoef,sensitivity,specificity,precision,pos_LR,sensitivity_at_spec100,fold,n_train,n_val,threshold,best_penalty,best_C,best_solver,best_inner_score
0.6507272727272727,0.6166577725784078,0.5952380952380952,0.62882096069869,0.6009090909090908,0.20707099354271824,0.72,0.4818181818181818,0.5581395348837209,1.3894736842105262,0.04,1,683,210,0.47334991422178063,l2,0.01,liblinear,0.6342222900299817
0.6761629507294247,0.7999387224827016,0.622568093385214,0.6900958466453674,0.6216625378475089,0.22918838960081153,0.6242774566473989,0.6190476190476191,0.7714285714285715,1.6387283236994221,0.03468208092485549,2,636,257,0.4671548417334422,l1,0.1,liblinear,0.6542542509445238
0.6186666666666666,0.6955852662703872,0.6,0.6470588235294118,0.6044444444444445,0.20228389390518584,0.5866666666666667,0.6222222222222222,0.7213114754098361,1.5529411764705883,0.013333333333333334,3,773,120,0.5033122917983088,l2,0.01,liblinear,0.6622958819784283
0.6707380457380457,0.701311023664491,0.601123595505618,0.6282722513089005,0.606029106029106,0.20907750190679886,0.5769230769230769,0.6351351351351351,0.6896551724137931,1.581196581196581,0.0,4,715,178,0.4980140079213251,l2,0.01,liblinear,0.6504617038667713
0.6461794019933554,0.763051983816368,0.65625,0.7528089887640449,0.5919158361018826,0.19197693093667784,0.7790697674418605,0.40476190476190477,0.7282608695652174,1.3088372093023257,0.03488372093023256,5,765,128,0.48416842389822307,l1,0.1,liblinear,0.6775893593268758
