roc_auc,pr_auc,accuracy,f1,balanced_accuracy,matthews_corrcoef,sensitivity,specificity,precision,pos_LR,sensitivity_at_spec100,fold,n_train,n_val,threshold,best_penalty,best_C,best_solver,best_inner_score
0.6762650602409639,0.7069266876375402,0.6174863387978142,0.6846846846846847,0.6028915662650602,0.2173221471977732,0.76,0.4457831325301205,0.6229508196721312,1.371304347826087,0.02,1,684,183,0.44006099800131704,l2,0.001,liblinear,0.697431688472939
0.7145782145782146,0.729548537059703,0.6184971098265896,0.6206896551724138,0.6308353808353808,0.2612431947810993,0.5454545454545454,0.7162162162162162,0.72,1.922077922077922,0.010101010101010102,2,694,173,0.5027187545055908,l2,0.001,liblinear,0.687022461277618
0.7276376146788992,0.7988780865443519,0.7109826589595376,0.7899159663865546,0.6577551605504588,0.3497805152798985,0.8623853211009175,0.453125,0.7286821705426356,1.5769331585845348,0.07339449541284404,3,694,173,0.4598991202954256,l2,0.001,liblinear,0.6900029042477407
0.6981981981981982,0.7633553479570694,0.6971428571428572,0.7705627705627706,0.6587134009009009,0.3293237879083172,0.8018018018018018,0.515625,0.7416666666666667,1.6553327521069456,0.018018018018018018,4,692,175,0.4580426753499685,l2,0.001,liblinear,0.6853748358567157
0.7150890346766635,0.7405682097720154,0.6932515337423313,0.7572815533980582,0.6672133708216182,0.3487776952585252,0.8041237113402062,0.5303030303030303,0.7155963302752294,1.7120053209178583,0.020618556701030927,5,704,163,0.49346670994775493,l1,0.01,liblinear,0.667013871147153
