accuracy,balanced_accuracy,f1_macro,f1_weighted,mae,adjacent_accuracy,kappa_linear,kappa_quadratic,spearman_r,roc_auc_macro_ovr,roc_auc_weighted_ovr,fold,n_train,n_val,best_penalty,best_C,best_solver,inner_auc_score
0.3816793893129771,0.40167661267405513,0.3836385836385836,0.3769128242410685,0.7480916030534351,0.8702290076335878,0.16830785177507135,0.2501300954032958,0.3207462477095609,0.591179290332598,0.5832708581189617,1,736,131,l2,0.001,lbfgs,0.670905498149867
0.43386243386243384,0.4367149758454107,0.4135381330503282,0.4237197109825836,0.7566137566137566,0.8095238095238095,0.19271782311299612,0.22845425028955524,0.2688798067377502,0.6117191736406322,0.6113320710094903,2,678,189,l2,0.0001,lbfgs,0.6783492060298542
0.48125,0.47597572362278245,0.4705913978494624,0.48631653225806454,0.6625,0.85625,0.27372387804042475,0.3233919430224793,0.3415857361171198,0.6503215116555098,0.6511546610169492,3,707,160,l2,0.0001,lbfgs,0.6576906054777691
0.4829059829059829,0.4881331533963113,0.4671809964061999,0.4914859122275461,0.6367521367521367,0.8803418803418803,0.24299795909505406,0.2771901274749119,0.3226772513915893,0.6661507409438473,0.6533670987788063,4,633,234,l2,0.0001,lbfgs,0.6395084683835957
0.45751633986928103,0.48297747450289824,0.4496120920278224,0.4655900187790472,0.673202614379085,0.869281045751634,0.25252573163212055,0.2998495951870459,0.3978315693386075,0.6721090731708638,0.6662381169309659,5,714,153,l2,0.0001,lbfgs,0.6419264355802894
