accuracy,balanced_accuracy,f1_macro,f1_weighted,mae,adjacent_accuracy,kappa_linear,kappa_quadratic,spearman_r,roc_auc_macro_ovr,roc_auc_weighted_ovr,fold,n_train,n_val,best_penalty,best_C,best_solver,inner_auc_score
0.48623853211009177,0.5166262286922981,0.4848366013071896,0.49508904479222887,0.6788990825688074,0.8348623853211009,0.28429458740017743,0.31123621323529416,0.3060779037161998,0.6755293283550085,0.6753661988994356,1,758,109,l2,0.0001,lbfgs,0.6376999505322711
0.4628099173553719,0.5011381287243356,0.46335350571550826,0.45656269276294953,0.6776859504132231,0.859504132231405,0.2459340325277397,0.2743253024506256,0.2940273735827793,0.6565946642067673,0.6470457617600988,2,746,121,l2,0.001,lbfgs,0.6590530648706788
0.43209876543209874,0.4338017174082747,0.4237721417069243,0.43640223355400487,0.691358024691358,0.8765432098765432,0.17572233327276043,0.21006031053509555,0.26375327409294125,0.62015900901594,0.6146936446068783,3,705,162,l2,0.001,lbfgs,0.6620356376753886
0.4669603524229075,0.46230158730158727,0.44322737836499043,0.46947605881851334,0.7004405286343612,0.8325991189427313,0.20217069342823668,0.22274998907231203,0.2788893849304545,0.6354734250811535,0.6297971370013792,4,640,227,l2,0.001,lbfgs,0.6678175041667188
0.4798387096774194,0.4844963309890311,0.4745145230602492,0.48046204678959653,0.657258064516129,0.8629032258064516,0.2574850299401198,0.2984570168993387,0.379065798900788,0.6781475051360252,0.6739711151037476,5,619,248,l2,0.001,lbfgs,0.650670018639443
