roc_auc,pr_auc,accuracy,f1,balanced_accuracy,matthews_corrcoef,sensitivity,specificity,precision,pos_LR,sensitivity_at_spec100,fold,n_train,n_val,threshold,best_penalty,best_C,best_solver,best_inner_score
0.6123154674823781,0.6601708971578144,0.5454545454545454,0.5402298850574713,0.5637717781619896,0.12808985701758038,0.4563106796116505,0.6712328767123288,0.6619718309859155,1.3879449838187703,0.009708737864077669,1,655,176,0.5031740249944147,l2,0.0001,liblinear,0.6932940590748168
0.6883209935514689,0.7445651796545529,0.6666666666666666,0.7441860465116279,0.6314783854788631,0.2825283679462357,0.810126582278481,0.4528301886792453,0.6881720430107527,1.4805761676123963,0.0759493670886076,2,699,132,0.46261875948728,l2,0.0001,liblinear,0.6444364638169342
0.6931966145833334,0.7339326620460154,0.6696428571428571,0.7299270072992701,0.6510416666666667,0.3137932786945778,0.78125,0.5208333333333334,0.684931506849315,1.6304347826086958,0.0390625,3,607,224,0.4797295897591142,l2,0.0001,lbfgs,0.6814067681825454
0.6815767973856209,0.779268307407607,0.68,0.7575757575757576,0.6488970588235294,0.28940386242798366,0.7352941176470589,0.5625,0.78125,1.680672268907563,0.0196078431372549,4,681,150,0.4889010668159905,l2,0.0001,liblinear,0.6603870747727131
0.6893592677345538,0.722210926215517,0.7046979865771812,0.7731958762886598,0.670766590389016,0.3572031084041966,0.8152173913043478,0.5263157894736842,0.7352941176470589,1.721014492753623,0.0,5,682,149,0.4540156732674823,l2,0.0001,liblinear,0.653479101229061
