roc_auc,pr_auc,accuracy,f1,balanced_accuracy,matthews_corrcoef,sensitivity,specificity,precision,pos_LR,sensitivity_at_spec100,fold,n_train,n_val,threshold,best_penalty,best_C,best_solver,best_inner_score
0.6620060790273556,0.7320366232548993,0.6410256410256411,0.7236842105263158,0.6056231003039514,0.22617568132575191,0.7857142857142857,0.425531914893617,0.6707317073170732,1.3677248677248677,0.04285714285714286,1,714,117,0.48320106675299995,l2,0.0001,lbfgs,0.6780652013484157
0.7076525054466231,0.7583819255058524,0.6306818181818182,0.656084656084656,0.6473311546840959,0.287863505818584,0.5740740740740741,0.7205882352941176,0.7654320987654321,2.0545808966861596,0.027777777777777776,2,655,176,0.5077304139186074,l2,0.0001,liblinear,0.6515374492164643
0.7176767676767677,0.7609978391778509,0.6748466257668712,0.7225130890052356,0.6921717171717172,0.36352028427479255,0.6388888888888888,0.7454545454545455,0.8313253012048193,2.509920634920635,0.0,3,668,163,0.5231689969155753,l2,0.0001,liblinear,0.6507874484642195
0.6826416337285902,0.692156539449954,0.6835443037974683,0.7282608695652174,0.6747364953886693,0.3494729907773386,0.7282608695652174,0.6212121212121212,0.7282608695652174,1.922608695652174,0.010869565217391304,4,673,158,0.5071354355761409,l2,0.0001,liblinear,0.6543235300805137
0.6605616605616605,0.6876305329468201,0.6129032258064516,0.6934306569343066,0.5857753357753358,0.1817786978719364,0.753968253968254,0.4175824175824176,0.6418918918918919,1.2945492662473796,0.007936507936507936,5,614,217,0.4472620895462778,l2,0.0001,liblinear,0.6952649494152571
