roc_auc,pr_auc,accuracy,f1,balanced_accuracy,matthews_corrcoef,sensitivity,specificity,precision,pos_LR,sensitivity_at_spec100,fold,n_train,n_val,threshold,best_penalty,best_C,best_solver,best_inner_score
0.6737272727272727,0.6100397698804426,0.6142857142857143,0.6367713004484304,0.6186363636363637,0.2405647457458951,0.71,0.5272727272727272,0.5772357723577236,1.5019230769230767,0.02,1,683,210,0.4648217028851014,l2,0.0001,liblinear,0.6543505981166593
0.6989402697495184,0.785189511871778,0.6731517509727627,0.732484076433121,0.6776080374346269,0.3348241343360922,0.6647398843930635,0.6904761904761905,0.8156028368794326,2.1476211649622052,0.005780346820809248,2,636,257,0.4998318746141505,l2,0.0001,liblinear,0.6740926526556825
0.6352592592592593,0.7051704039531002,0.625,0.6853146853146853,0.6155555555555555,0.22578837914485933,0.6533333333333333,0.5777777777777777,0.7205882352941176,1.5473684210526313,0.02666666666666667,3,773,120,0.5047126645879786,l2,0.0001,liblinear,0.681825171129175
0.6841216216216216,0.6909376169694674,0.6797752808988764,0.7298578199052133,0.6674896049896051,0.3371547792619923,0.7403846153846154,0.5945945945945946,0.719626168224299,1.8262820512820515,0.009615384615384616,4,715,178,0.4922652742924851,l2,0.0001,liblinear,0.6469418952516677
0.6877076411960134,0.8002483242801293,0.7109375,0.8,0.6326135105204873,0.29749182916711503,0.8604651162790697,0.40476190476190477,0.7474747474747475,1.4455813953488372,0.09302325581395349,5,765,128,0.48656211040081293,l2,0.0001,liblinear,0.6732635196429941
