accuracy,balanced_accuracy,f1_macro,f1_weighted,mae,adjacent_accuracy,kappa_linear,kappa_quadratic,spearman_r,roc_auc_macro_ovr,roc_auc_weighted_ovr,fold,n_train,n_val,best_penalty,best_C,best_solver,inner_auc_score
0.3893129770992366,0.40451832907075874,0.39210769755100056,0.3820365575228508,0.7022900763358778,0.9083969465648855,0.19642619015868779,0.3132061827714001,0.35993949502163675,0.5823555412004934,0.568044998356626,1,736,131,l2,0.01,lbfgs,0.6605032906522345
0.47619047619047616,0.478149386845039,0.4612430479438152,0.46887921029925655,0.708994708994709,0.8148148148148148,0.22946330777656077,0.24795193883123967,0.2821983565766898,0.6669020779820221,0.6626705712727219,2,678,189,l2,0.001,lbfgs,0.6359888417902316
0.43125,0.42864612511671335,0.4257027976410253,0.4344307330639233,0.74375,0.825,0.15437910818973188,0.16696417945971687,0.2431063920239258,0.598301052829966,0.5976141178736518,3,707,160,l2,0.001,lbfgs,0.6495958352856516
0.47435897435897434,0.49675663517768776,0.4649256543993386,0.4810084142067948,0.6623931623931624,0.8632478632478633,0.23019780966126158,0.254560265324528,0.33987800447038086,0.6650666967537664,0.6508809673389376,4,633,234,l2,0.001,lbfgs,0.6369113284186636
0.5032679738562091,0.5040232836843006,0.4893888000566348,0.5096943944892316,0.6078431372549019,0.8888888888888888,0.2668109445045602,0.2949820398389027,0.3442588322398206,0.672633081783187,0.6716208606863305,5,714,153,l2,0.001,lbfgs,0.6180376561761645
