accuracy,balanced_accuracy,f1_macro,f1_weighted,mae,adjacent_accuracy,kappa_linear,kappa_quadratic,spearman_r,roc_auc_macro_ovr,roc_auc_weighted_ovr,fold,n_train,n_val,best_penalty,best_C,best_solver,inner_auc_score
0.5045871559633027,0.5344033843473933,0.4556982375756114,0.4600751223877658,0.6697247706422018,0.8256880733944955,0.3176399965697624,0.36149664889967803,0.4227351747600747,0.6653459107029938,0.6532253038100476,1,758,109,l1,0.01,liblinear,0.6295401307607823
0.4049586776859504,0.4403908610805162,0.4035326813104591,0.3921737379037655,0.7355371900826446,0.859504132231405,0.1853392843634163,0.23665179258347435,0.20816613261091166,0.5807376556252118,0.5723824923429667,2,746,121,l2,0.001,liblinear,0.6636701232642735
0.4444444444444444,0.4322191469732453,0.4257679964909422,0.44135751634629056,0.6728395061728395,0.8827160493827161,0.19516864175022786,0.24634470536109887,0.2449901579084048,0.6130593459362532,0.6145309686261714,3,705,162,l1,0.1,liblinear,0.6468329327517967
0.4889867841409692,0.4755952380952381,0.4155543394406232,0.4413721416247708,0.6740088105726872,0.8370044052863436,0.24927047532585433,0.2963114698130471,0.33812002876567265,0.6512954280811424,0.6474068422463639,4,640,227,l2,0.0001,liblinear,0.6408467692308405
0.4879032258064516,0.5145482768615844,0.41734577479258333,0.41499574550363844,0.6854838709677419,0.8266129032258065,0.31048017794059923,0.36532309660908513,0.4130789745077527,0.6812933544323676,0.6743797888779167,5,619,248,l2,0.0001,liblinear,0.6237700732212816
