accuracy,balanced_accuracy,f1_macro,f1_weighted,mae,adjacent_accuracy,kappa_linear,kappa_quadratic,spearman_r,roc_auc_macro_ovr,roc_auc_weighted_ovr,fold,n_train,n_val,best_penalty,best_C,best_solver,inner_auc_score
0.37404580152671757,0.37482239272520596,0.37404134162799113,0.3766363745319933,0.7480916030534351,0.8778625954198473,0.11644872677219542,0.1828999136359275,0.31826555440505844,0.5980139112271234,0.5941497622894283,1,736,131,l2,0.0001,lbfgs,0.6755219497236349
0.4444444444444444,0.4312523225566704,0.41721543963497343,0.4306886136704856,0.708994708994709,0.8465608465608465,0.20618104312938823,0.26099706744868034,0.2799185705571667,0.6120608255250611,0.6182874354917366,2,678,189,l2,0.0001,lbfgs,0.6940925150785624
0.525,0.522642390289449,0.5200474555313265,0.5350424217359702,0.575,0.9,0.3501677556065689,0.4113458343223356,0.4170491831161321,0.7072217194955068,0.7106718111475849,3,707,160,l2,0.0001,lbfgs,0.6632408512526082
0.5170940170940171,0.49464687359424203,0.48658547962782356,0.52241147907501,0.5854700854700855,0.8974358974358975,0.27292932958359795,0.3046676732307496,0.31255067807664055,0.6756628038928084,0.67561396965621,4,633,234,l2,0.0001,lbfgs,0.6290465170011231
0.46405228758169936,0.4930845990168024,0.45967671472258625,0.4703449575548874,0.6535947712418301,0.8823529411764706,0.2569208353569694,0.3090715898525701,0.4051185912987514,0.6846744702186461,0.6802302878598248,5,714,153,l2,0.0001,lbfgs,0.6326256736289425
