roc_auc,pr_auc,accuracy,f1,balanced_accuracy,matthews_corrcoef,sensitivity,specificity,precision,pos_LR,sensitivity_at_spec100,fold,n_train,n_val,threshold,best_penalty,best_C,best_solver,best_inner_score
0.6917249417249418,0.7534668517763768,0.6542553191489362,0.6829268292682927,0.657925407925408,0.3112593240875413,0.6363636363636364,0.6794871794871795,0.7368421052631579,1.9854545454545456,0.045454545454545456,1,679,188,0.5272310436459541,l1,0.01,liblinear,0.695750810586212
0.6267294671769208,0.7167336605473803,0.6147540983606558,0.6845637583892618,0.6018545775684427,0.19679208596244885,0.6455696202531646,0.5581395348837209,0.7285714285714285,1.4610259826782146,0.02531645569620253,2,745,122,0.4992854104721575,l2,0.0001,liblinear,0.6839490363031684
0.6834834834834835,0.7643028514409973,0.6900584795321637,0.7579908675799086,0.6655405405405406,0.32755884172892474,0.7477477477477478,0.5833333333333334,0.7685185185185185,1.794594594594595,0.0,3,696,171,0.4866183475233054,l1,0.1,liblinear,0.7179005890059094
0.7497683039851715,0.7574346492746977,0.6896551724137931,0.7127659574468085,0.6874089765656031,0.376919752522032,0.7362637362637363,0.6385542168674698,0.6907216494845361,2.036996336996337,0.03296703296703297,4,693,174,0.5697075161211402,l2,0.001,liblinear,0.6583611631295695
0.743632183908046,0.7694076475366468,0.6933962264150944,0.7565543071161048,0.6683678160919541,0.352217163247711,0.808,0.5287356321839081,0.7112676056338029,1.7145365853658538,0.0,5,655,212,0.4741779224668346,l2,0.0001,liblinear,0.6902954024123358
