accuracy,balanced_accuracy,f1_macro,f1_weighted,mae,adjacent_accuracy,kappa_linear,kappa_quadratic,spearman_r,roc_auc_macro_ovr,roc_auc_weighted_ovr,fold,n_train,n_val,best_penalty,best_C,best_solver,inner_auc_score
0.4198473282442748,0.42625745950554134,0.41727053140096615,0.4179389312977099,0.7022900763358778,0.8778625954198473,0.20564197205378332,0.2790697674418605,0.41667966469858775,0.6171578148665712,0.6083862993532977,1,736,131,l2,0.0001,lbfgs,0.6638184192003431
0.43915343915343913,0.4393162393162393,0.42930254944491186,0.4334987777795451,0.7248677248677249,0.8359788359788359,0.18578032137354172,0.22427554913890901,0.256663612789868,0.5967886736470187,0.5963088167389243,2,678,189,l2,0.0001,lbfgs,0.6951026842779376
0.525,0.5221475256769375,0.5191143161690791,0.5309071412557376,0.575,0.9,0.34993817346758516,0.4152322565432681,0.42576746834998364,0.6807199487552774,0.6833132076103705,3,707,160,l2,0.0001,lbfgs,0.6466629941776587
0.5427350427350427,0.546455240665767,0.5273836932474004,0.5476315753263644,0.5598290598290598,0.8974358974358975,0.3161252900232018,0.3426759988700919,0.34240837829589443,0.6955660468657973,0.6874015098027852,4,633,234,l2,0.0001,lbfgs,0.6080809657382086
0.45751633986928103,0.47106659818524227,0.4409562907510263,0.45905996625487516,0.6862745098039216,0.8562091503267973,0.22723555726586186,0.25851357944381215,0.31509263999685966,0.6504305413970037,0.6509201316460391,5,714,153,l2,0.001,lbfgs,0.6663137936097671
