roc_auc,pr_auc,accuracy,f1,balanced_accuracy,matthews_corrcoef,sensitivity,specificity,precision,pos_LR,sensitivity_at_spec100,fold,n_train,n_val,threshold,best_penalty,best_C,best_solver,best_inner_score
0.665,0.7344613111395935,0.6384615384615384,0.7006369426751592,0.62375,0.24503149035755864,0.6875,0.56,0.7142857142857143,1.5625000000000002,0.0125,1,737,130,0.4925525970981929,l2,0.0001,liblinear,0.7030137803942709
0.7001564945226917,0.7680499267268353,0.6724137931034483,0.7466666666666667,0.638810641627543,0.2902510375737024,0.7887323943661971,0.4888888888888889,0.7088607594936709,1.543172075933864,0.028169014084507043,2,751,116,0.4741723188862439,l2,0.001,liblinear,0.6979522538387849
0.6787745098039215,0.6517759153534171,0.6748251748251748,0.7155963302752294,0.6694117647058824,0.34840851749815605,0.78,0.5588235294117647,0.6610169491525424,1.768,0.0,3,581,286,0.45936335447243193,l2,0.0001,lbfgs,0.7020752097348149
0.6670568561872912,0.7959603104996025,0.6227544910179641,0.704225352112676,0.604933110367893,0.197358370448758,0.6521739130434783,0.5576923076923077,0.7653061224489796,1.4744801512287335,0.017391304347826087,4,700,167,0.5129082080670746,l2,0.001,liblinear,0.6795616078025309
0.6638235294117648,0.685355371771572,0.6190476190476191,0.68,0.6047058823529412,0.20941176470588235,0.68,0.5294117647058824,0.68,1.445,0.0,5,699,168,0.5142423074018173,l1,0.01,liblinear,0.6754366227867661
