roc_auc,pr_auc,accuracy,f1,balanced_accuracy,matthews_corrcoef,sensitivity,specificity,precision,pos_LR,sensitivity_at_spec100,fold,n_train,n_val,threshold,best_penalty,best_C,best_solver,best_inner_score
0.6731601731601732,0.7868580299676647,0.6637168141592921,0.7466666666666667,0.6275252525252526,0.24850285069800843,0.7272727272727273,0.5277777777777778,0.7671232876712328,1.540106951871658,0.03896103896103896,1,718,113,0.46943838311731223,l2,0.001,liblinear,0.6606909886547776
0.6971929824561404,0.7607735854097677,0.7168141592920354,0.8072289156626506,0.6308771929824561,0.3123089001546329,0.8933333333333333,0.3684210526315789,0.7362637362637363,1.4144444444444444,0.0,2,718,113,0.46800676521817636,l2,0.001,liblinear,0.6759216997609062
0.7097266758283708,0.766186329603709,0.7235294117647059,0.8,0.6691861352878302,0.3625705308363282,0.8468468468468469,0.4915254237288136,0.7580645161290323,1.6654654654654655,0.009009009009009009,3,661,170,0.4645946935734105,l2,0.001,lbfgs,0.6508510017505871
0.6392206477732794,0.6597960028475259,0.6099290780141844,0.5833333333333334,0.6186740890688258,0.24179421196198772,0.506578947368421,0.7307692307692307,0.6875,1.8815789473684206,0.019736842105263157,4,549,282,0.49746128533663475,l2,0.001,lbfgs,0.690619289168807
0.6353581460674158,0.6753695917141309,0.5947712418300654,0.6593406593406593,0.5792661516853932,0.16017165408178174,0.6741573033707865,0.484375,0.6451612903225806,1.3074565883554647,0.02247191011235955,5,678,153,0.48245898214786115,l2,0.01,liblinear,0.674704467794147
