accuracy,balanced_accuracy,f1_macro,f1_weighted,mae,adjacent_accuracy,kappa_linear,kappa_quadratic,spearman_r,roc_auc_macro_ovr,roc_auc_weighted_ovr,fold,n_train,n_val,best_penalty,best_C,best_solver,inner_auc_score
0.46564885496183206,0.4883489627735152,0.46296296296296297,0.4546225614927905,0.6412213740458015,0.8931297709923665,0.29452493909475574,0.3771967060022072,0.38462125546872755,0.6298192726963787,0.6207236400501807,1,736,131,l2,0.001,lbfgs,0.6549897718998556
0.4708994708994709,0.4632478632478632,0.44815924268948976,0.4572792026750401,0.7248677248677249,0.8042328042328042,0.2022368056197431,0.2140675193630397,0.21613872949827043,0.6256759284809776,0.6197191788589638,2,678,189,l2,0.001,lbfgs,0.6547920092017263
0.43125,0.43753501400560224,0.4247275290090362,0.4295306954617534,0.73125,0.8375,0.20272572402044298,0.25427468284611143,0.33377593191733823,0.6330411395526702,0.6326358486299994,3,707,160,l2,0.001,lbfgs,0.6347708143850956
0.5,0.51259559154296,0.4907133010358817,0.5038524052916112,0.6068376068376068,0.8931623931623932,0.26104167593292715,0.29661521119704426,0.2838202967200477,0.6619404548160682,0.643701625587575,4,633,234,l2,0.001,lbfgs,0.639634735621824
0.47058823529411764,0.4719165015775186,0.45647051734008254,0.4780010386148494,0.6470588235294118,0.8823529411764706,0.2324025743678102,0.2700639643778493,0.3324837289283235,0.6544469884947893,0.644696010498436,5,714,153,l2,0.001,lbfgs,0.6370283704079854
