roc_auc,pr_auc,accuracy,f1,balanced_accuracy,matthews_corrcoef,sensitivity,specificity,precision,pos_LR,sensitivity_at_spec100,fold,n_train,n_val,threshold,best_penalty,best_C,best_solver,best_inner_score
0.5607128607527596,0.6297309151995031,0.5284090909090909,0.5699481865284974,0.5272642638648757,0.0537444142511934,0.5339805825242718,0.5205479452054794,0.6111111111111112,1.1137309292649098,0.038834951456310676,1,655,176,0.4811990867072983,l2,0.01,liblinear,0.6772549241098931
0.6085502746596609,0.676938360020241,0.6136363636363636,0.7085714285714285,0.5716503463100071,0.15772949143629572,0.7848101265822784,0.3584905660377358,0.6458333333333334,1.223380491437081,0.0,2,699,132,0.48121366728522114,l2,0.001,lbfgs,0.6338321263031104
0.6681315104166667,0.6995322792551887,0.6294642857142857,0.6693227091633466,0.625,0.24863792194265996,0.65625,0.59375,0.6829268292682927,1.6153846153846154,0.046875,3,607,224,0.4799357085496375,l2,0.01,lbfgs,0.6318708722241426
0.6400122549019608,0.7836641238496105,0.5866666666666667,0.6702127659574468,0.5692401960784315,0.13060799925695302,0.6176470588235294,0.5208333333333334,0.7325581395348837,1.2890025575447572,0.0,4,681,150,0.45833348918279054,l1,0.1,liblinear,0.6234052052000119
0.5720823798627003,0.6813089451366199,0.5570469798657718,0.6206896551724138,0.547864225781846,0.09352507132876249,0.5869565217391305,0.5087719298245614,0.6585365853658537,1.1948757763975157,0.010869565217391304,5,682,149,0.5260049228664343,l1,1.0,liblinear,0.6465037082797058
