n_pairs,pairwise_accuracy,both_correct_rate,mean_delta,median_delta,std_delta,n_positive_delta,per_drug_accuracy,per_drug_roc_auc,per_drug_pr_auc,n_train,n_test,best_penalty,best_C,best_solver,inner_cv_score,threshold,seed
38,0.6842105263157895,0.15789473684210525,0.02071101844425789,0.029929546932013634,0.056553344591186716,26,0.5483870967741935,0.5808823529411765,0.5936582120895517,831,62,l2,0.001,liblinear,0.6797249108506387,0.4780104279528548,2
