roc_auc,pr_auc,accuracy,f1,balanced_accuracy,matthews_corrcoef,sensitivity,specificity,precision,pos_LR,sensitivity_at_spec100,fold,n_train,n_val,threshold,best_penalty,best_C,best_solver,best_inner_score
0.6398176291793312,0.7041872484748255,0.5982905982905983,0.6666666666666666,0.5803951367781155,0.16137997091531825,0.6714285714285714,0.48936170212765956,0.6619718309859155,1.3148809523809522,0.04285714285714286,1,714,117,0.4966794879025315,l2,0.01,liblinear,0.6690571191721166
0.7054738562091504,0.7467337543739371,0.6306818181818182,0.6486486486486487,0.6527777777777778,0.2999118036141458,0.5555555555555556,0.75,0.7792207792207793,2.2222222222222223,0.018518518518518517,2,655,176,0.5072225688606128,l2,0.01,lbfgs,0.6474629349810694
0.6787878787878788,0.7779216238293265,0.6380368098159509,0.714975845410628,0.6153198653198653,0.22331595893536033,0.6851851851851852,0.5454545454545454,0.7474747474747475,1.5074074074074073,0.009259259259259259,3,668,163,0.48940068745906995,l2,0.001,lbfgs,0.6246652831136927
0.6556324110671937,0.6867581349793372,0.5886075949367089,0.632768361581921,0.5846508563899868,0.1674774502183439,0.6086956521739131,0.5606060606060606,0.6588235294117647,1.3853073463268366,0.0,4,673,158,0.5067228087738705,l2,0.001,lbfgs,0.6522592871278406
0.6248037676609105,0.6834056399140462,0.5944700460829493,0.65625,0.5805860805860805,0.16227988665659157,0.6666666666666666,0.4945054945054945,0.6461538461538462,1.318840579710145,0.015873015873015872,5,614,217,0.4935074294675025,l2,0.01,liblinear,0.6929906969654998
