roc_auc,pr_auc,accuracy,f1,balanced_accuracy,matthews_corrcoef,sensitivity,specificity,precision,pos_LR,sensitivity_at_spec100,fold,n_train,n_val,threshold,best_penalty,best_C,best_solver,best_inner_score
0.6396694214876033,0.6847573765572971,0.612565445026178,0.6696428571428571,0.6099173553719008,0.21250934027677906,0.6198347107438017,0.6,0.7281553398058253,1.5495867768595042,0.0,1,702,191,0.4954142933408908,l2,0.0001,liblinear,0.671860321023401
0.6931402196402993,0.7367461265241851,0.7012195121951219,0.7699530516431925,0.668550055705873,0.34669629728897483,0.7961165048543689,0.5409836065573771,0.7454545454545455,1.7343966712898753,0.0,2,729,164,0.5000367326083286,l2,0.0001,liblinear,0.6314706502679878
0.6671994098844357,0.672154845680484,0.6077348066298343,0.6120218579234973,0.6110154905335627,0.22167697302275885,0.5714285714285714,0.6506024096385542,0.6588235294117647,1.6354679802955663,0.01020408163265306,3,712,181,0.4985218750263918,l1,0.01,liblinear,0.6326677005412638
0.6758409785932722,0.7605925825024464,0.6918604651162791,0.7601809954751131,0.663098878695209,0.3297462445529986,0.7706422018348624,0.5555555555555556,0.75,1.7339449541284406,0.08256880733944955,4,721,172,0.5003583787455315,l2,0.0001,liblinear,0.6685002286538533
0.7084831056793673,0.7039943114073266,0.6756756756756757,0.7115384615384616,0.6727174694464414,0.34261401341884573,0.6915887850467289,0.6538461538461539,0.7326732673267327,1.9979231568016613,0.009345794392523364,5,708,185,0.5045658789514177,l2,0.0001,liblinear,0.6293617067963864
