accuracy,balanced_accuracy,f1_macro,f1_weighted,mae,adjacent_accuracy,kappa_linear,kappa_quadratic,spearman_r,roc_auc_macro_ovr,roc_auc_weighted_ovr,fold,n_train,n_val,best_penalty,best_C,best_solver,inner_auc_score
0.37404580152671757,0.41062801932367154,0.32099142687377985,0.30001652291728625,0.8473282442748091,0.7786259541984732,0.14790506885438026,0.19002670764277607,0.2623475411099896,0.6013119135297925,0.5959123387294636,1,736,131,l2,0.01,liblinear,0.6521902379244484
0.43915343915343913,0.42604979561501305,0.3388636160913389,0.3463293562303464,0.7777777777777778,0.783068783068783,0.17881949575857903,0.21848648453440722,0.27260786032449014,0.6257539599054326,0.6206274781543599,2,678,189,l2,0.001,lbfgs,0.6536370168122291
0.45625,0.4385060690943044,0.36296814141615896,0.3842498085821765,0.78125,0.7625,0.20508744038155802,0.23899668717463318,0.2961272247881868,0.6681289511852172,0.664457756916996,3,707,160,l2,0.01,lbfgs,0.6334065399496864
0.4188034188034188,0.4206882591093118,0.31604449472096535,0.3245297050444109,0.7606837606837606,0.8205128205128205,0.1663597790409096,0.21049784943467165,0.3264806830498466,0.6501704085631498,0.6496566978511158,4,633,234,l2,0.01,liblinear,0.6324178263728166
0.38562091503267976,0.4396690879741727,0.31234819780433304,0.2880579415288898,0.7973856209150327,0.8169934640522876,0.17980490377010283,0.23106894799254607,0.3302623187556287,0.6419353723454349,0.6332457270182875,5,714,153,l2,0.001,lbfgs,0.6256481513456952
