accuracy,balanced_accuracy,f1_macro,f1_weighted,mae,adjacent_accuracy,kappa_linear,kappa_quadratic,spearman_r,roc_auc_macro_ovr,roc_auc_weighted_ovr,fold,n_train,n_val,best_penalty,best_C,best_solver,inner_auc_score
0.44881889763779526,0.44625322997416017,0.44105341712224916,0.45584914634327595,0.6771653543307087,0.8740157480314961,0.23257448004496906,0.2944444444444444,0.38462950787723355,0.6373707052428033,0.638059744367853,1,740,127,l2,0.01,lbfgs,0.6483795216566127
0.5025906735751295,0.49635490753911804,0.485885906439298,0.50569653309444,0.6528497409326425,0.844559585492228,0.22371193257996547,0.20866766599065323,0.21454930192231267,0.6467211380345987,0.6455293882044306,2,674,193,l2,0.001,lbfgs,0.6572421327603605
0.43023255813953487,0.4448736483840849,0.43149386845039017,0.42913782375359727,0.7034883720930233,0.8662790697674418,0.1960754017305315,0.2446618281266435,0.2977053939702636,0.629663468515461,0.6230972515856237,3,695,172,l2,0.01,lbfgs,0.6639009645815579
0.5253456221198156,0.5282491818606826,0.501461343228984,0.5325740379000181,0.6175115207373272,0.8571428571428571,0.29668150154798756,0.3318251798787194,0.37131453349178994,0.7097312633124169,0.696753785025183,4,650,217,l2,0.001,lbfgs,0.6417700864049147
0.47468354430379744,0.4781531531531531,0.46891563600922703,0.47764410099629434,0.6392405063291139,0.8860759493670886,0.22421001458434608,0.2499133689098344,0.34881338111961013,0.6827744070663341,0.6724720175788109,5,709,158,l2,0.001,lbfgs,0.665353010087286
