accuracy,balanced_accuracy,f1_macro,f1_weighted,mae,adjacent_accuracy,kappa_linear,kappa_quadratic,spearman_r,roc_auc_macro_ovr,roc_auc_weighted_ovr,fold,n_train,n_val,best_penalty,best_C,best_solver,inner_auc_score
0.3779527559055118,0.39425782371518797,0.3753802111290034,0.3785106571823449,0.7952755905511811,0.8267716535433071,0.13372053758357538,0.18499668068156683,0.2847617295722974,0.5932748069137184,0.5875044684871248,1,740,127,l2,0.001,lbfgs,0.657664548437669
0.47668393782383417,0.48058321479374105,0.4599489795918367,0.4781960452574812,0.6735751295336787,0.8497409326424871,0.22828494094488194,0.24408333333333332,0.2670726551484291,0.6454346041968305,0.6418373697364022,2,674,193,l2,0.0001,lbfgs,0.660030598087806
0.4418604651162791,0.4682389084666125,0.44117337200366874,0.4333679293903196,0.6918604651162791,0.8662790697674418,0.2358124253285544,0.29494186624267116,0.3026669406571331,0.6234536823602289,0.6163431045698489,3,695,172,l2,0.001,lbfgs,0.6716344071792173
0.511520737327189,0.5521622253389434,0.49772381147415573,0.5215440253069461,0.6774193548387096,0.8110599078341014,0.29353531326822135,0.3090805444711705,0.42424063846764515,0.7218297908057387,0.7147515928010034,4,650,217,l2,0.0001,lbfgs,0.6348933098876663
0.5253164556962026,0.527948402948403,0.515223311546841,0.5269587159758419,0.5886075949367089,0.8860759493670886,0.2835689907362262,0.29027091023051754,0.3241572839082576,0.6895173881291187,0.6823026309068101,5,709,158,l2,0.001,lbfgs,0.6694090245347983
