accuracy,balanced_accuracy,f1_macro,f1_weighted,mae,adjacent_accuracy,kappa_linear,kappa_quadratic,spearman_r,roc_auc_macro_ovr,roc_auc_weighted_ovr,fold,n_train,n_val,best_penalty,best_C,best_solver,inner_auc_score
0.4296875,0.43402898416448554,0.4115798915765572,0.43482798964213426,0.75390625,0.81640625,0.1774655390557368,0.2132271052857021,0.24443823031517659,0.6245396046548017,0.6257844289031401,1,611,256,l2,0.0001,lbfgs,0.6623578957808409
0.4140625,0.44861448162988876,0.41380583241048363,0.408577311738649,0.765625,0.8203125,0.1661792076575379,0.18672785033533357,0.18543548956688427,0.6261335120115417,0.6232251240474924,2,739,128,l2,0.001,lbfgs,0.6654076293757137
0.5460122699386503,0.562155388471178,0.5431845238095238,0.5541115249780894,0.5766871165644172,0.8773006134969326,0.3335942936673626,0.3429001203369434,0.43214241265222963,0.6907273341908065,0.6841531369523363,3,704,163,l2,0.0001,lbfgs,0.6342790740774477
0.42011834319526625,0.4458163364413365,0.4197199814037375,0.41686989170072736,0.7633136094674556,0.8165680473372781,0.15048903090051813,0.15524325456020516,0.2804099501230086,0.6312250967334051,0.618085341440888,4,698,169,l2,0.01,lbfgs,0.6740084860076518
0.543046357615894,0.5527864855451062,0.5401853761550061,0.5435063751486378,0.5827814569536424,0.8741721854304636,0.3115739301626774,0.3160051768766178,0.4169172367041003,0.7105089729163558,0.6985987560995075,5,716,151,l2,0.001,lbfgs,0.6659687633059138
