accuracy,balanced_accuracy,f1_macro,f1_weighted,mae,adjacent_accuracy,kappa_linear,kappa_quadratic,spearman_r,roc_auc_macro_ovr,roc_auc_weighted_ovr,fold,n_train,n_val,best_penalty,best_C,best_solver,inner_auc_score
0.4369747899159664,0.4801234567901234,0.4356976356976357,0.4321392892821464,0.6974789915966386,0.865546218487395,0.20939726246698154,0.2461301162342312,0.24965029649750362,0.6165988816787812,0.6034303207288426,1,748,119,l2,0.0001,lbfgs,0.637184942410901
0.4351145038167939,0.45162182450318045,0.4321126443888592,0.43465209617764233,0.7022900763358778,0.8625954198473282,0.18523526230394805,0.21262208865514642,0.2680090689184496,0.6378145052808176,0.6328658108890198,2,736,131,l2,0.001,lbfgs,0.6374629104350067
0.4647058823529412,0.47134323263355515,0.46457130286531373,0.4671947941030892,0.6823529411764706,0.8529411764705882,0.23512528120394072,0.26743159752868484,0.2594375456654924,0.622155263010976,0.614173990593122,3,697,170,l2,0.0001,lbfgs,0.6587906619702487
0.4340425531914894,0.4309575061787451,0.4152055119980993,0.43721751262492226,0.7319148936170212,0.8340425531914893,0.17500102053312638,0.21697987471677982,0.3247761592101171,0.6297022792614618,0.6252244230782086,4,632,235,l2,0.001,lbfgs,0.641328654647147
0.5,0.5253386512203658,0.49232620397317195,0.510717417676877,0.6462264150943396,0.8537735849056604,0.2737184296074018,0.29071956960322787,0.35107195914913425,0.6928713044376185,0.6834347763225306,5,655,212,l2,0.0001,lbfgs,0.6223244665904492
