roc_auc,pr_auc,accuracy,f1,balanced_accuracy,matthews_corrcoef,sensitivity,specificity,precision,pos_LR,sensitivity_at_spec100,fold,n_train,n_val,threshold,best_penalty,best_C,best_solver,best_inner_score
0.7225829725829725,0.8134846588028667,0.7168141592920354,0.7808219178082192,0.7034632034632035,0.3888316453469934,0.7402597402597403,0.6666666666666666,0.8260869565217391,2.2207792207792205,0.05194805194805195,1,718,113,0.4894715242400262,l2,0.01,lbfgs,0.6566543221372316
0.6270175438596491,0.7361193389915905,0.6991150442477876,0.7763157894736842,0.6564912280701753,0.31735534073552263,0.7866666666666666,0.5263157894736842,0.7662337662337663,1.6607407407407406,0.013333333333333334,2,718,113,0.4943607158202548,l2,0.01,liblinear,0.6980350900417448
0.719346465109177,0.7687794241827748,0.6235294117647059,0.6831683168316832,0.6243701328447091,0.23741018546373005,0.6216216216216216,0.6271186440677966,0.7582417582417582,1.667076167076167,0.009009009009009009,3,661,170,0.49607130679768235,l2,0.001,liblinear,0.6528263787788292
0.5962044534412956,0.6248891177359959,0.5673758865248227,0.5579710144927537,0.5725202429149797,0.1456610143234819,0.506578947368421,0.6384615384615384,0.6209677419354839,1.4011758118701005,0.006578947368421052,4,549,282,0.49548628748318607,l2,0.01,lbfgs,0.7054200368208147
0.6890800561797753,0.7469685112184292,0.673202614379085,0.7252747252747253,0.6598490168539326,0.32300396686924093,0.7415730337078652,0.578125,0.7096774193548387,1.7578027465667916,0.0449438202247191,5,678,153,0.4548989363220775,l2,0.01,liblinear,0.6715451467295226
