accuracy,balanced_accuracy,f1_macro,f1_weighted,mae,adjacent_accuracy,kappa_linear,kappa_quadratic,spearman_r,roc_auc_macro_ovr,roc_auc_weighted_ovr,fold,n_train,n_val,best_penalty,best_C,best_solver,inner_auc_score
0.44140625,0.44689003157837853,0.4282008154943935,0.44976992545871564,0.7578125,0.80078125,0.16858070780460044,0.17854432712529544,0.2406260451259217,0.6292213738974921,0.630228172683547,1,611,256,l2,0.0001,lbfgs,0.6441790593988553
0.3828125,0.40772146659894276,0.38266763495521666,0.3797635257806827,0.8046875,0.8125,0.1109912339851652,0.12983972627408613,0.14561263904121785,0.5902007930892123,0.5844576291053812,2,739,128,l2,0.001,lbfgs,0.664874840231908
0.49693251533742333,0.4992481203007519,0.4950980392156863,0.5065680259833995,0.5766871165644172,0.9263803680981595,0.30919747520288543,0.38807584627131586,0.39659186202364216,0.6637907551467547,0.6625607171421157,3,704,163,l2,0.001,lbfgs,0.6371334633272995
0.4911242603550296,0.5278749028749029,0.49002385599653003,0.4861156560270719,0.6745562130177515,0.834319526627219,0.2628558310376492,0.2683610064174392,0.35516421688372296,0.6823686115975138,0.6679791675741582,4,698,169,l2,0.001,lbfgs,0.6559913323030501
0.5231788079470199,0.5391327063740857,0.5187400318979266,0.5264029278494249,0.6225165562913907,0.8543046357615894,0.30394272263632793,0.3180390103416677,0.36672709790719743,0.6860080517845265,0.675282488859915,5,716,151,l2,0.0001,lbfgs,0.6522178360789701
