roc_auc,pr_auc,accuracy,f1,balanced_accuracy,matthews_corrcoef,sensitivity,specificity,precision,pos_LR,sensitivity_at_spec100,fold,n_train,n_val,threshold,best_penalty,best_C,best_solver,best_inner_score
0.572072072072072,0.6367413912702985,0.6311475409836066,0.7204968944099379,0.5898085585585585,0.19399500672456144,0.7837837837837838,0.3958333333333333,0.6666666666666666,1.2972972972972971,0.013513513513513514,1,745,122,0.409278943481642,l1,1.0,liblinear,0.6577619005424302
0.7061111111111111,0.7841417147549029,0.696,0.7738095238095238,0.6506944444444445,0.31691025266565337,0.8125,0.4888888888888889,0.7386363636363636,1.5896739130434785,0.05,2,742,125,0.4459566931780012,l2,0.01,lbfgs,0.6509756832145986
0.6875093381144479,0.7334528155774922,0.625531914893617,0.65625,0.6290900941281936,0.2542227363314127,0.6086956521739131,0.6494845360824743,0.711864406779661,1.7365728900255757,0.014492753623188406,3,632,235,0.4771188282882055,l2,0.001,liblinear,0.6653149430452323
0.588494896001228,0.6284229482802993,0.6,0.6198347107438017,0.6025788625374165,0.2036625907796201,0.5813953488372093,0.6237623762376238,0.6637168141592921,1.5452876376988984,0.023255813953488372,4,637,230,0.5482713971074411,l1,0.1,liblinear,0.6974448691538953
0.7042105263157894,0.7523482578747364,0.6709677419354839,0.7411167512690355,0.6425438596491229,0.2927372015245549,0.7684210526315789,0.5166666666666667,0.7156862745098039,1.58983666061706,0.010526315789473684,5,712,155,0.4573692608950817,l2,0.01,liblinear,0.6665723868629613
