roc_auc,pr_auc,accuracy,f1,balanced_accuracy,matthews_corrcoef,sensitivity,specificity,precision,pos_LR,sensitivity_at_spec100,fold,n_train,n_val,threshold,best_penalty,best_C,best_solver,best_inner_score
0.6551357733175915,0.7325839473367807,0.6178010471204188,0.6755555555555556,0.6140495867768595,0.22069328591616277,0.628099173553719,0.6,0.7307692307692307,1.5702479338842974,0.008264462809917356,1,702,191,0.5030612396541051,l2,0.0001,liblinear,0.6876944170854955
0.6961642527455038,0.7503416874652167,0.6829268292682927,0.7204301075268817,0.6940951774629954,0.37527247786619433,0.6504854368932039,0.7377049180327869,0.8072289156626506,2.4799757281553405,0.0,2,729,164,0.5550651960537573,l2,0.0001,liblinear,0.6719701580176636
0.7219080403245636,0.7512226343946449,0.6795580110497238,0.7070707070707071,0.6764199655765921,0.35357968393288497,0.7142857142857143,0.6385542168674698,0.7,1.9761904761904758,0.061224489795918366,3,712,181,0.4925395204291485,l2,0.001,liblinear,0.6576298728942407
0.7000145623998835,0.7908330473627658,0.6511627906976745,0.7169811320754716,0.6343381389252949,0.2641007831711958,0.6972477064220184,0.5714285714285714,0.7378640776699029,1.6269113149847094,0.01834862385321101,4,721,172,0.5443042640107988,l2,0.0001,liblinear,0.6909192481396953
0.7221423436376707,0.7345943440333598,0.654054054054054,0.6862745098039216,0.6540258806613947,0.3046040569092568,0.6542056074766355,0.6538461538461539,0.7216494845360825,1.889927310488058,0.009345794392523364,5,708,185,0.5314218421956977,l2,0.0001,liblinear,0.6551117299813323
