accuracy,balanced_accuracy,f1_macro,f1_weighted,mae,adjacent_accuracy,kappa_linear,kappa_quadratic,spearman_r,roc_auc_macro_ovr,roc_auc_weighted_ovr,fold,n_train,n_val,best_penalty,best_C,best_solver,inner_auc_score
0.46875,0.45771083779213856,0.44981491842456384,0.476259044846791,0.71484375,0.81640625,0.16995038979447197,0.1564120866048061,0.20456786546420827,0.6066531476998013,0.6037003526739644,1,611,256,l2,0.01,lbfgs,0.642702886253305
0.4375,0.43634892864533364,0.43010357296071583,0.4467790494576208,0.78125,0.78125,0.1240076649329318,0.08403669724770646,0.13615333313380543,0.5889746059448792,0.5877300277999291,2,739,128,l2,0.01,lbfgs,0.6267315676668708
0.4785276073619632,0.4939571150097466,0.4772572111281788,0.4794393712363236,0.6257668711656442,0.8957055214723927,0.2697645818692902,0.3258727648704537,0.39837861341738734,0.6658079205273232,0.6566802873544784,3,704,163,l2,0.01,lbfgs,0.6091135422460411
0.5207100591715976,0.5505778943278944,0.5211836243946335,0.5192660152760039,0.6094674556213018,0.8698224852071006,0.3238687123713342,0.3538713620640328,0.37630791236527333,0.6904486140156415,0.6795137466275514,4,698,169,l2,0.01,lbfgs,0.6138669514579356
0.47019867549668876,0.4583246255660049,0.4592059915164369,0.46899843215607506,0.6291390728476821,0.9006622516556292,0.23004669636627118,0.2879776679618242,0.33647663345905104,0.6537181516178895,0.6351086577642543,5,716,151,l2,0.01,lbfgs,0.6255059424904326
