accuracy,balanced_accuracy,f1_macro,f1_weighted,mae,adjacent_accuracy,kappa_linear,kappa_quadratic,spearman_r,roc_auc_macro_ovr,roc_auc_weighted_ovr,fold,n_train,n_val,best_penalty,best_C,best_solver,inner_auc_score
0.4954128440366973,0.4881330098295383,0.46595520675622293,0.48482163308693327,0.6513761467889908,0.8532110091743119,0.2808289192454233,0.3272008150056931,0.40045478559308406,0.6204286243386544,0.6222901673747375,1,758,109,l2,0.001,liblinear,0.6414935008275858
0.4049586776859504,0.453280239487136,0.4028480090778063,0.3856518017819543,0.7520661157024794,0.8429752066115702,0.18455158113011916,0.22378039683723705,0.2501054857986983,0.623754798574207,0.6162387438887619,2,746,121,l2,0.001,liblinear,0.6643365157790706
0.4876543209876543,0.48016464409907034,0.47610145582535573,0.48916272161886193,0.6172839506172839,0.8950617283950617,0.25565153464436674,0.3005541951282382,0.3357383561642695,0.6565048512106707,0.6589284251952463,3,705,162,l2,0.01,liblinear,0.6336883178566745
0.4669603524229075,0.4597222222222222,0.40160284691067716,0.4232022299383946,0.7136563876651982,0.8193832599118943,0.20697834900370904,0.2451688516994195,0.3548333509999972,0.6507794093859668,0.642347668057208,4,640,227,l2,0.0001,liblinear,0.6389274529134493
0.4717741935483871,0.45772628110268654,0.4560132279644475,0.4709353376101999,0.6814516129032258,0.8467741935483871,0.20804202411095574,0.22575054793822313,0.31009414644271704,0.6509973191286758,0.6465204058774047,5,619,248,l2,0.01,liblinear,0.6373839928108165
