accuracy,balanced_accuracy,f1_macro,f1_weighted,mae,adjacent_accuracy,kappa_linear,kappa_quadratic,spearman_r,roc_auc_macro_ovr,roc_auc_weighted_ovr,fold,n_train,n_val,best_penalty,best_C,best_solver,inner_auc_score
0.4094488188976378,0.40987654320987654,0.3252525252525253,0.337580529706514,0.8188976377952756,0.7716535433070866,0.16447368421052622,0.20966502765826678,0.2643368685934305,0.5525012939938129,0.5422923144351341,1,740,127,l1,0.01,liblinear,0.6470067094370625
0.38860103626943004,0.4117235656709341,0.31435450811865195,0.30623996600329423,0.8186528497409327,0.7927461139896373,0.13697854757457406,0.16728907581305974,0.2443721811756186,0.6143929244622072,0.613865698039663,2,674,193,l2,0.0001,liblinear,0.6252768092783904
0.36627906976744184,0.3975934459805428,0.30089455136893467,0.280437756497948,0.8604651162790697,0.7732558139534884,0.12606426805822568,0.16382722422990892,0.21055091523974478,0.5774502116058092,0.5739835745649698,3,695,172,l2,0.0001,liblinear,0.6405896173566743
0.5714285714285714,0.5219845722300139,0.43261147660818716,0.4966846299215782,0.5806451612903226,0.847926267281106,0.34806866952789695,0.4068337129840547,0.4555963384522391,0.6954292057546766,0.6993456378300805,4,650,217,l2,0.0001,liblinear,0.5998671683437369
0.4050632911392405,0.4838042588042588,0.3831793573939728,0.3393748389308531,0.7531645569620253,0.8417721518987342,0.2242759303572902,0.27230609908976955,0.31739023047423537,0.6550575094453328,0.6428439353586713,5,709,158,l2,0.001,liblinear,0.6272237838803743
