accuracy,balanced_accuracy,f1_macro,f1_weighted,mae,adjacent_accuracy,kappa_linear,kappa_quadratic,spearman_r,roc_auc_macro_ovr,roc_auc_weighted_ovr,fold,n_train,n_val,best_penalty,best_C,best_solver,inner_auc_score
0.421875,0.4055177232684007,0.3968293405922529,0.4300091234520082,0.76953125,0.80859375,0.13531307866401476,0.15638963360142988,0.1935337977849853,0.6062479587702136,0.611311804326994,1,611,256,l2,0.0001,lbfgs,0.6393425619650224
0.3984375,0.43002803017476526,0.39893088297669116,0.40044391567347576,0.8203125,0.78125,0.12715937134692812,0.1209691178979696,0.1946741702636282,0.6172106667083026,0.6132132961560045,2,739,128,l2,0.0001,lbfgs,0.6416517595863288
0.5521472392638037,0.5645920356446672,0.5485089869281047,0.5598046734031036,0.5644171779141104,0.8834355828220859,0.3429723098492816,0.35600534889375146,0.4373330667844334,0.6883731552728155,0.6830715546294309,3,704,163,l2,0.0001,lbfgs,0.6295086547988074
0.47337278106508873,0.5068351787101787,0.4706761677831228,0.46809793493970714,0.6863905325443787,0.8402366863905325,0.26378248460267395,0.2940338116768233,0.39712580876550435,0.6901548649984983,0.6770624781281414,4,698,169,l2,0.0001,lbfgs,0.6305904251694477
0.5231788079470199,0.5262626262626262,0.5165490988275798,0.5273509620898338,0.6026490066225165,0.8741721854304636,0.29767441860465105,0.3169337588105341,0.3245498199068669,0.6602541681131828,0.6523275496314721,5,716,151,l2,0.0001,lbfgs,0.6390836689883267
