roc_auc,pr_auc,accuracy,f1,balanced_accuracy,matthews_corrcoef,sensitivity,specificity,precision,pos_LR,sensitivity_at_spec100,fold,n_train,n_val,threshold,best_penalty,best_C,best_solver,best_inner_score
0.7638502403238047,0.8366340195195616,0.7081081081081081,0.7610619469026548,0.700227675183405,0.3904588449238708,0.7288135593220338,0.6716417910447762,0.7962962962962963,2.219568567026194,0.07627118644067797,1,646,185,0.5193439013055084,l2,0.0001,liblinear,0.7032153434156545
0.7027715833067856,0.7934843754322582,0.6724137931034483,0.7164179104477612,0.6776043325899967,0.3435840125410785,0.6575342465753424,0.6976744186046512,0.7868852459016393,2.1749209694415175,0.0684931506849315,2,715,116,0.5548019849426664,l2,0.0001,liblinear,0.7044142392157909
0.6853604599734631,0.7332308097581898,0.6074766355140186,0.6181818181818182,0.6120300751879699,0.22299750183215444,0.5714285714285714,0.6526315789473685,0.6732673267326733,1.645021645021645,0.07563025210084033,3,617,214,0.5043198256919061,l2,0.0001,liblinear,0.7243089167953223
0.6752631578947368,0.7218706765205026,0.6387096774193548,0.7083333333333334,0.6162280701754386,0.23397991912407412,0.7157894736842105,0.5166666666666667,0.7010309278350515,1.4809437386569875,0.021052631578947368,4,676,155,0.5244059408220587,l2,0.001,liblinear,0.7043423406925056
0.6972955360052134,0.7677257384322698,0.6086956521739131,0.64,0.6215379602476376,0.23694040261852017,0.5656565656565656,0.6774193548387096,0.7368421052631579,1.7535353535353533,0.0,5,670,161,0.5684513735240135,l2,0.001,liblinear,0.7274693389843828
