roc_auc,pr_auc,accuracy,f1,balanced_accuracy,matthews_corrcoef,sensitivity,specificity,precision,pos_LR,sensitivity_at_spec100,fold,n_train,n_val,threshold,best_penalty,best_C,best_solver,best_inner_score
0.7442815249266863,0.8292326527980609,0.7094972067039106,0.7815126050420168,0.6840909090909091,0.35322010996011477,0.75,0.6181818181818182,0.8157894736842105,1.9642857142857142,0.0,1,714,179,0.5035157581262051,l2,0.0001,liblinear,0.6740674973903954
0.7094605673061157,0.7148094745503559,0.6289592760180995,0.6132075471698113,0.6308821118216101,0.2633231310639274,0.5701754385964912,0.6915887850467289,0.6632653061224489,1.848750664540138,0.03508771929824561,2,672,221,0.5327380440519437,l2,0.0001,liblinear,0.6572430761213252
0.7545719586535913,0.8255611612800107,0.7063492063492064,0.7412587412587412,0.7115027829313544,0.4128971559518814,0.6883116883116883,0.7346938775510204,0.803030303030303,2.5944055944055946,0.05194805194805195,3,767,126,0.5423578549768266,l2,0.0001,liblinear,0.6592289214894083
0.6260375709916995,0.7317824455134169,0.627906976744186,0.6981132075471698,0.6092908111256735,0.2148592279349403,0.6788990825688074,0.5396825396825397,0.7184466019417476,1.474849731097754,0.027522935779816515,4,721,172,0.5348058409800961,l2,0.0001,liblinear,0.7069402636212061
0.6712150747238467,0.6903355523684902,0.6358974358974359,0.6757990867579908,0.6332033788174138,0.2633445092628809,0.6491228070175439,0.6172839506172839,0.7047619047619048,1.696095076400679,0.008771929824561403,5,698,195,0.5084867064014967,l2,0.0001,liblinear,0.7155351134164357
