roc_auc,pr_auc,accuracy,f1,balanced_accuracy,matthews_corrcoef,sensitivity,specificity,precision,pos_LR,sensitivity_at_spec100,fold,n_train,n_val,threshold,best_penalty,best_C,best_solver,best_inner_score
0.7171717171717171,0.8438322081051411,0.6194690265486725,0.6950354609929078,0.6098484848484849,0.20655354483309377,0.6363636363636364,0.5833333333333334,0.765625,1.5272727272727273,0.07792207792207792,1,718,113,0.4930124915867459,l1,0.1,liblinear,0.6699919431385233
0.656140350877193,0.7625591216529222,0.6548672566371682,0.7450980392156863,0.6036842105263158,0.21187695721127428,0.76,0.4473684210526316,0.7307692307692307,1.3752380952380954,0.0,2,718,113,0.4842750518656006,l2,0.01,liblinear,0.6740950087504624
0.7292716445258818,0.7661995110200701,0.7647058823529411,0.8275862068965517,0.7205680256527714,0.46362764228795916,0.8648648648648649,0.576271186440678,0.7933884297520661,2.041081081081081,0.0,3,661,170,0.47374628375296884,l2,0.001,lbfgs,0.6217918479719986
0.5902834008097166,0.6286838807860824,0.5460992907801419,0.5789473684210527,0.5433198380566802,0.08663967611336032,0.5789473684210527,0.5076923076923077,0.5789473684210527,1.175986842105263,0.019736842105263157,4,549,282,0.4985624390526102,l2,0.01,lbfgs,0.6923786079813693
0.6264044943820225,0.6372229367331588,0.6339869281045751,0.6818181818181818,0.6261411516853932,0.25126973616148407,0.6741573033707865,0.578125,0.6896551724137931,1.5980024968789013,0.011235955056179775,5,678,153,0.46776632198914314,l1,0.1,liblinear,0.6691865929982119
