accuracy,balanced_accuracy,f1_macro,f1_weighted,mae,adjacent_accuracy,kappa_linear,kappa_quadratic,spearman_r,roc_auc_macro_ovr,roc_auc_weighted_ovr,fold,n_train,n_val,best_penalty,best_C,best_solver,inner_auc_score
0.47706422018348627,0.487541993281075,0.4586069668036881,0.4702588733270039,0.6697247706422018,0.8532110091743119,0.27406258553051743,0.32759532342400566,0.3377492007139055,0.6506875060855943,0.6468758129614343,1,758,109,l2,0.001,lbfgs,0.6373035694400785
0.4214876033057851,0.44661526730492246,0.4243710289622527,0.4163394746918403,0.6776859504132231,0.9008264462809917,0.21291448516579414,0.29333333333333333,0.33337193884306293,0.6286699178889447,0.6107862672720739,2,746,121,l2,0.01,lbfgs,0.6509712136973401
0.47530864197530864,0.46840773070281266,0.4636149822138522,0.4800735315771934,0.6728395061728395,0.8518518518518519,0.19969180565627254,0.19680414324512097,0.2734686712168153,0.6501989915834739,0.6491290690475435,3,705,162,l2,0.001,lbfgs,0.6366410444939861
0.4713656387665198,0.4371031746031746,0.43405127071642285,0.4726230632917021,0.6784140969162996,0.8502202643171806,0.1774201138877124,0.1908477842003854,0.2898012002819368,0.638480685436189,0.64203110602537,4,640,227,l2,0.01,lbfgs,0.6467897371853961
0.5,0.49248717244605816,0.485456540895618,0.49315604964687454,0.6370967741935484,0.8629032258064516,0.2701534793622411,0.3075706661395532,0.29486331144365024,0.6489865650559395,0.6460549284678028,5,619,248,l2,0.001,lbfgs,0.6333541980280792
