accuracy,balanced_accuracy,f1_macro,f1_weighted,mae,adjacent_accuracy,kappa_linear,kappa_quadratic,spearman_r,roc_auc_macro_ovr,roc_auc_weighted_ovr,fold,n_train,n_val,best_penalty,best_C,best_solver,inner_auc_score
0.44274809160305345,0.484228473998295,0.3648648648648649,0.33855993397978135,0.7251908396946565,0.8320610687022901,0.27531590287078544,0.3418037231158503,0.3515387068012288,0.581914562478211,0.5681863053712868,1,736,131,l2,0.0001,liblinear,0.6472554185477485
0.4444444444444444,0.432032701597919,0.35677961315261536,0.36570047471293454,0.7777777777777778,0.7777777777777778,0.18032158135418197,0.21174643869500065,0.2487770166347942,0.5730989087931585,0.5677380327917962,2,678,189,l2,0.0001,liblinear,0.6579864518341269
0.5,0.49406162464986,0.4028604694239369,0.41756866714297053,0.69375,0.80625,0.2984673724127035,0.3498073851357699,0.3881030977547275,0.6563931609400421,0.6585453791786695,3,707,160,l2,0.0001,liblinear,0.6203818526790026
0.42735042735042733,0.4793162393162393,0.34035087719298246,0.3265856950067476,0.7393162393162394,0.8333333333333334,0.22075072184793065,0.2808375168360475,0.33931637624420835,0.6790969341441494,0.6666818424915046,4,633,234,l2,0.0001,liblinear,0.5967844942751562
0.3660130718954248,0.42897497982243743,0.3019400352733686,0.27983539094650206,0.8366013071895425,0.7973856209150327,0.1645051194539251,0.2096677722799195,0.33729406864213773,0.6301654136471649,0.6194119469259945,5,714,153,l2,0.0001,liblinear,0.6092623047142582
