n_pairs,pairwise_accuracy,both_correct_rate,mean_delta,median_delta,std_delta,n_positive_delta,per_drug_accuracy,per_drug_roc_auc,per_drug_pr_auc,n_train,n_test,best_penalty,best_C,best_solver,inner_cv_score,threshold,seed
13,0.38461538461538464,0.46153846153846156,-0.02931509301237425,-0.01741278380803224,0.08440507913034904,5,0.7692307692307693,0.30681818181818177,0.7815992761271857,867,26,l2,0.0001,liblinear,0.6860242024842813,0.5078420248506057,1
