roc_auc,pr_auc,accuracy,f1,balanced_accuracy,matthews_corrcoef,sensitivity,specificity,precision,pos_LR,sensitivity_at_spec100,fold,n_train,n_val,threshold,best_penalty,best_C,best_solver,best_inner_score
0.6712048192771084,0.6874077414413136,0.639344262295082,0.6597938144329897,0.639277108433735,0.2774532736821271,0.64,0.6385542168674698,0.6808510638297872,1.7706666666666664,0.0,1,684,183,0.5018382417390853,l2,0.0001,liblinear,0.6832954196607132
0.6805896805896807,0.7017168778807189,0.6069364161849711,0.6458333333333334,0.6036718536718537,0.2057490548767444,0.6262626262626263,0.581081081081081,0.6666666666666666,1.4949494949494948,0.0,2,694,173,0.4707609689636868,l2,0.001,liblinear,0.6987560304855418
0.7120126146788991,0.7702679602188959,0.6705202312138728,0.7443946188340808,0.6385464449541285,0.2821955666240715,0.7614678899082569,0.515625,0.7280701754385965,1.5720627404557561,0.027522935779816515,3,694,173,0.5091552532525768,l2,0.0001,lbfgs,0.6805924491423384
0.6882038288288289,0.7897796352209278,0.6514285714285715,0.7336244541484717,0.6127533783783784,0.23175686307158136,0.7567567567567568,0.46875,0.711864406779661,1.4244833068362481,0.0990990990990991,4,692,175,0.47412582315901514,l2,0.0001,liblinear,0.6846206123383699
0.6507341455795064,0.7069202861522521,0.6134969325153374,0.676923076923077,0.5977819431427679,0.19605448319637,0.6804123711340206,0.5151515151515151,0.673469387755102,1.4033505154639176,0.0,5,704,163,0.5114551326384421,l2,0.001,liblinear,0.6961203659907217
