accuracy,balanced_accuracy,f1_macro,f1_weighted,mae,adjacent_accuracy,kappa_linear,kappa_quadratic,spearman_r,roc_auc_macro_ovr,roc_auc_weighted_ovr,fold,n_train,n_val,best_penalty,best_C,best_solver,inner_auc_score
0.4198473282442748,0.45851094060812736,0.3637925578643015,0.34252498518026164,0.7786259541984732,0.8015267175572519,0.21768149882903987,0.26350759345794394,0.36335044831532765,0.6105697568135278,0.5981917678537537,1,736,131,l2,0.001,liblinear,0.6535238235325437
0.4126984126984127,0.3915273132664437,0.3262103439873022,0.34092275157364693,0.8253968253968254,0.7619047619047619,0.12093023255813962,0.14689908256880735,0.2328061605096983,0.5791415219886469,0.5835282743884895,2,678,189,l2,0.001,liblinear,0.672129226658396
0.4625,0.468954248366013,0.36686935691910816,0.38349917081260365,0.75625,0.78125,0.26253237848544864,0.3123931239312393,0.32814648219932485,0.6467642500380157,0.6452629882092852,3,707,160,l2,0.0001,lbfgs,0.6364676394282317
0.43162393162393164,0.4774358974358974,0.34030247292049864,0.33573577114349645,0.7307692307692307,0.8376068376068376,0.24221649875009477,0.3067955575811365,0.33461972211774355,0.6826688605345165,0.6771687786807263,4,633,234,l2,0.0001,liblinear,0.6119611656088276
0.3660130718954248,0.4102098466505246,0.29523809523809524,0.280765639589169,0.8366013071895425,0.7973856209150327,0.15330739299610896,0.19611747137879554,0.3251460146415004,0.6269398532635411,0.6235965199155394,5,714,153,l2,0.0001,liblinear,0.6322862432197516
