roc_auc,pr_auc,accuracy,f1,balanced_accuracy,matthews_corrcoef,sensitivity,specificity,precision,pos_LR,sensitivity_at_spec100,fold,n_train,n_val,threshold,best_penalty,best_C,best_solver,best_inner_score
0.670045045045045,0.7100276857632564,0.6229508196721312,0.6805555555555556,0.6123310810810811,0.2219298506912908,0.6621621621621622,0.5625,0.7,1.5135135135135136,0.0,1,745,122,0.5358526766703461,l2,0.0001,liblinear,0.6964001998917861
0.7058333333333333,0.7718511734377499,0.68,0.7530864197530864,0.6479166666666667,0.29892153476759786,0.7625,0.5333333333333333,0.7439024390243902,1.6339285714285714,0.0625,2,742,125,0.48753300401648775,l2,0.0001,liblinear,0.6873715539829115
0.7160466158673241,0.7606306840887886,0.6680851063829787,0.706766917293233,0.6653219781861647,0.3268805842994259,0.6811594202898551,0.6494845360824743,0.734375,1.9433077578857632,0.057971014492753624,3,632,235,0.5119922282088146,l2,0.0001,liblinear,0.6620867493338799
0.6778724384066314,0.7134319131956394,0.6434782608695652,0.6371681415929203,0.6553073912042366,0.31215189425250467,0.5581395348837209,0.7524752475247525,0.7422680412371134,2.2548837209302324,0.031007751937984496,4,637,230,0.5566776210544295,l2,0.0001,liblinear,0.6858130029068568
0.708421052631579,0.7683546832578606,0.6709677419354839,0.7182320441988951,0.6671052631578948,0.3275546591136212,0.6842105263157895,0.65,0.7558139534883721,1.954887218045113,0.021052631578947368,5,712,155,0.5316549237446506,l2,0.0001,liblinear,0.6878493588097097
