accuracy,balanced_accuracy,f1_macro,f1_weighted,mae,adjacent_accuracy,kappa_linear,kappa_quadratic,spearman_r,roc_auc_macro_ovr,roc_auc_weighted_ovr,fold,n_train,n_val,best_penalty,best_C,best_solver,inner_auc_score
0.45703125,0.44025973023262993,0.434979068538152,0.4736270306329323,0.6796875,0.86328125,0.21962158374211638,0.262369807042819,0.28448946243332,0.6244366757537029,0.6408110867702344,1,611,256,l2,0.001,lbfgs,0.6527936494627841
0.4296875,0.4461830050604812,0.42965051163959594,0.42938974071099606,0.7109375,0.859375,0.17798165137614674,0.21102698505144635,0.23794428970599013,0.6370123493055472,0.6329972098543919,2,739,128,l2,0.0001,lbfgs,0.6553161919104602
0.5276073619631901,0.5205792258423837,0.5171478245821808,0.5368597550461254,0.5644171779141104,0.9079754601226994,0.3289779846071237,0.3767316492195826,0.4355359013525898,0.71156480729548,0.7159932722844186,3,704,163,l2,0.0001,lbfgs,0.636087893565406
0.4970414201183432,0.5230672105672106,0.49725784738800444,0.4960931071955499,0.650887573964497,0.8520710059171598,0.2739415716294329,0.29084710201940733,0.4016869959039772,0.6934664300515682,0.6796763690915469,4,698,169,l2,0.0001,lbfgs,0.6559737733549744
0.48344370860927155,0.48742598397770814,0.4784647942542679,0.48567364356838044,0.6158940397350994,0.9006622516556292,0.27825461273577634,0.3437334369810253,0.43282339124409036,0.6699417743195198,0.6596609710586516,5,716,151,l2,0.0001,lbfgs,0.6324092720142279
