roc_auc,pr_auc,accuracy,f1,balanced_accuracy,matthews_corrcoef,sensitivity,specificity,precision,pos_LR,sensitivity_at_spec100,fold,n_train,n_val,threshold,best_penalty,best_C,best_solver,best_inner_score
0.7265395894428153,0.8274419128471875,0.659217877094972,0.7336244541484717,0.6478005865102638,0.27694136665996344,0.6774193548387096,0.6181818181818182,0.8,1.7741935483870965,0.03225806451612903,1,714,179,0.5226178409518696,l2,0.0001,liblinear,0.6752675483985754
0.6537137235612396,0.6986502392334978,0.5746606334841629,0.6016949152542372,0.573085751762584,0.14689584643232972,0.6228070175438597,0.5233644859813084,0.5819672131147541,1.306673546611627,0.05263157894736842,2,672,221,0.5111039524032793,l2,0.001,lbfgs,0.7195842809768511
0.7047442353564803,0.739347572450335,0.6904761904761905,0.7450980392156863,0.676252319109462,0.35125008665710444,0.7402597402597403,0.6122448979591837,0.75,1.9090909090909092,0.0,3,767,126,0.5065899498029505,l1,0.01,liblinear,0.6585905521148281
0.6384156108926752,0.7374434920397923,0.6511627906976745,0.7321428571428571,0.6142420270860638,0.23385845269235528,0.7522935779816514,0.47619047619047616,0.7130434782608696,1.4361968306922435,0.01834862385321101,4,721,172,0.5025385680952338,l2,0.001,liblinear,0.7123030555838461
0.6584362139917695,0.7116705663984664,0.6717948717948717,0.7333333333333333,0.6513970110461338,0.31205591142133465,0.7719298245614035,0.5308641975308642,0.6984126984126984,1.6454293628808865,0.05263157894736842,5,698,195,0.4916506276224218,l1,0.1,liblinear,0.7099077293229822
