roc_auc,pr_auc,accuracy,f1,balanced_accuracy,matthews_corrcoef,sensitivity,specificity,precision,pos_LR,sensitivity_at_spec100,fold,n_train,n_val,threshold,best_penalty,best_C,best_solver,best_inner_score
0.6406926406926408,0.7456727651766972,0.6574074074074074,0.7218045112781954,0.6374458874458875,0.2761398144279744,0.7272727272727273,0.5476190476190477,0.7164179104477612,1.6076555023923447,0.09090909090909091,1,723,108,0.48010401942395436,l2,0.01,lbfgs,0.6878191874755375
0.65165128703254,0.7215013134723252,0.6256684491978609,0.6788990825688074,0.62178241864983,0.23739043211041258,0.6379310344827587,0.6056338028169014,0.7254901960784313,1.6176108374384237,0.0,2,644,187,0.49315861479540285,l2,0.01,liblinear,0.6694926422067948
0.6306291919514532,0.6724542033777504,0.6044444444444445,0.6307053941908713,0.6034813158735228,0.20604337693524916,0.6129032258064516,0.594059405940594,0.6495726495726496,1.5098347757671124,0.008064516129032258,3,606,225,0.5038832585737443,l2,0.01,liblinear,0.6874837895644302
0.6491702741702742,0.7069694457741238,0.6645161290322581,0.7373737373737373,0.6365440115440115,0.2730880230880231,0.7373737373737373,0.5357142857142857,0.7373737373737373,1.588189588189588,0.0,4,676,155,0.48884925787964584,l2,0.001,liblinear,0.6454889088624414
0.7698032961190856,0.8118261751261427,0.6987179487179487,0.7486631016042781,0.6956406166932483,0.37996907490028575,0.7070707070707071,0.6842105263157895,0.7954545454545454,2.239057239057239,0.050505050505050504,5,675,156,0.49337324066735716,l2,0.001,liblinear,0.6134237381443892
