roc_auc,pr_auc,accuracy,f1,balanced_accuracy,matthews_corrcoef,sensitivity,specificity,precision,pos_LR,sensitivity_at_spec100,fold,n_train,n_val,threshold,best_penalty,best_C,best_solver,best_inner_score
0.6457020124200401,0.6895484059952177,0.5838926174496645,0.581081081081081,0.6065742167437083,0.21372802242146896,0.4858757062146893,0.7272727272727273,0.7226890756302521,1.7815442561205275,0.0,1,595,298,0.5319706520365927,l2,0.01,liblinear,0.6759551691257694
0.6998985286656519,0.7311188415345928,0.6298342541436464,0.6633165829145728,0.6343226788432268,0.26357893391802245,0.6111111111111112,0.6575342465753424,0.7252747252747253,1.7844444444444445,0.027777777777777776,2,712,181,0.5301169250905634,l1,0.1,liblinear,0.6407625391829032
0.5512359550561798,0.6801574108632316,0.5683453237410072,0.6385542168674698,0.557752808988764,0.11151721274806449,0.5955056179775281,0.52,0.6883116883116883,1.2406367041198503,0.011235955056179775,3,754,139,0.5352126056135329,l1,0.1,liblinear,0.6669539401718831
0.6624675324675324,0.7532486902371764,0.6166666666666667,0.649746192893401,0.6266233766233766,0.2470518715154306,0.5818181818181818,0.6714285714285714,0.735632183908046,1.770750988142292,0.05454545454545454,4,713,180,0.5443182468781206,l1,0.1,liblinear,0.65918722622614
0.7700993676603433,0.7435228155893098,0.7578947368421053,0.780952380952381,0.7576784101174345,0.5119003303932105,0.7592592592592593,0.7560975609756098,0.803921568627451,3.112962962962963,0.018518518518518517,5,798,95,0.4951790124577067,l2,0.001,lbfgs,0.6456839752657516
