roc_auc,pr_auc,accuracy,f1,balanced_accuracy,matthews_corrcoef,sensitivity,specificity,precision,pos_LR,sensitivity_at_spec100,fold,n_train,n_val,threshold,best_penalty,best_C,best_solver,best_inner_score
0.5738601823708207,0.6437665161868757,0.5555555555555556,0.59375,0.558662613981763,0.11504012716165714,0.5428571428571428,0.574468085106383,0.6551724137931034,1.2757142857142858,0.02857142857142857,1,714,117,0.5303040558609127,l1,0.1,liblinear,0.6788417231812027
0.7053376906318083,0.7658269800527105,0.6875,0.7342995169082126,0.6827342047930283,0.3587180396169195,0.7037037037037037,0.6617647058823529,0.7676767676767676,2.080515297906602,0.0,2,655,176,0.48145220547668555,l2,0.01,liblinear,0.6295175100766827
0.6235690235690234,0.7690831508232625,0.6012269938650306,0.6798029556650246,0.5830808080808081,0.15933371095786028,0.6388888888888888,0.5272727272727272,0.7263157894736842,1.3514957264957264,0.08333333333333333,3,668,163,0.5145150963916781,l2,0.01,liblinear,0.64827335232787
0.6388339920948617,0.6852630280137354,0.6329113924050633,0.6777777777777778,0.6269762845849802,0.2521320971739566,0.6630434782608695,0.5909090909090909,0.6931818181818182,1.6207729468599035,0.010869565217391304,4,673,158,0.48856553503389566,l2,0.001,liblinear,0.6380704820550763
0.6268969126111983,0.6881953329585161,0.5714285714285714,0.6075949367088608,0.5714285714285714,0.14102415516727101,0.5714285714285714,0.5714285714285714,0.6486486486486487,1.3333333333333333,0.007936507936507936,5,614,217,0.5240522397008729,l1,0.1,liblinear,0.6734294953216973
