roc_auc,pr_auc,accuracy,f1,balanced_accuracy,matthews_corrcoef,sensitivity,specificity,precision,pos_LR,sensitivity_at_spec100,fold,n_train,n_val,threshold,best_penalty,best_C,best_solver,best_inner_score
0.6744343891402715,0.720654589576709,0.6455026455026455,0.6492146596858639,0.6510180995475113,0.30145703039510446,0.5961538461538461,0.7058823529411765,0.7126436781609196,2.0269230769230773,0.028846153846153848,1,678,189,0.5423732199266234,l2,0.001,liblinear,0.6733660452186049
0.6462857142857142,0.7194882469690036,0.5916666666666667,0.6370370370370371,0.5871428571428572,0.17244785222861356,0.6142857142857143,0.56,0.6615384615384615,1.3961038961038963,0.04285714285714286,2,747,120,0.518472390915746,l2,0.001,liblinear,0.6874638381012819
0.6578600823045267,0.691969567663717,0.5822222222222222,0.6115702479338843,0.5907407407407408,0.17802769231856047,0.5481481481481482,0.6333333333333333,0.6915887850467289,1.4949494949494948,0.0,3,642,225,0.528380020711091,l2,0.001,lbfgs,0.675162847134683
0.6753982843137255,0.7392362379459184,0.6686746987951807,0.7393364928909952,0.6401654411764706,0.28734943004472374,0.7647058823529411,0.515625,0.7155963302752294,1.5787476280834913,0.029411764705882353,4,701,166,0.5263024008631227,l2,0.0001,liblinear,0.7041252011075968
0.6322580645161291,0.7364016031277023,0.6467065868263473,0.7255813953488373,0.6133640552995392,0.23102665644448264,0.7428571428571429,0.4838709677419355,0.7090909090909091,1.4392857142857143,0.02857142857142857,5,700,167,0.49191874725965024,l1,0.1,liblinear,0.6682119873124656
