roc_auc,pr_auc,accuracy,f1,balanced_accuracy,matthews_corrcoef,sensitivity,specificity,precision,pos_LR,sensitivity_at_spec100,fold,n_train,n_val,threshold,best_penalty,best_C,best_solver,best_inner_score
0.6152500000000001,0.7065823829464791,0.6538461538461539,0.7019867549668874,0.65125,0.29559711731527266,0.6625,0.64,0.7464788732394366,1.8402777777777777,0.025,1,737,130,0.508527576204614,l2,0.0001,liblinear,0.6727506536238297
0.6059467918622848,0.7239251220827957,0.5603448275862069,0.6666666666666666,0.5147104851330204,0.03149532089890567,0.7183098591549296,0.3111111111111111,0.6219512195121951,1.0427078600636075,0.04225352112676056,2,751,116,0.4631871505682692,l2,0.0001,liblinear,0.6599790363091242
0.6755392156862745,0.6433250327161911,0.6223776223776224,0.6375838926174496,0.6218137254901961,0.2434842670415003,0.6333333333333333,0.6102941176470589,0.6418918918918919,1.6251572327044026,0.0,3,581,286,0.4642661756916697,l2,0.0001,liblinear,0.6749716232578439
0.6903010033444816,0.8004408593406189,0.7125748502994012,0.7931034482758621,0.6596153846153847,0.322758288131425,0.8,0.5192307692307693,0.7863247863247863,1.6640000000000001,0.008695652173913044,4,700,167,0.4647436869077536,l2,0.0001,liblinear,0.6443748410521442
0.6719117647058822,0.7199630168885424,0.7023809523809523,0.7767857142857143,0.6629411764705883,0.3638129207397982,0.87,0.45588235294117646,0.7016129032258065,1.5989189189189188,0.05,5,699,168,0.4436980953471388,l2,0.0001,liblinear,0.6453665857371257
