roc_auc,pr_auc,accuracy,f1,balanced_accuracy,matthews_corrcoef,sensitivity,specificity,precision,pos_LR,sensitivity_at_spec100,fold,n_train,n_val,threshold,best_penalty,best_C,best_solver,best_inner_score
0.6389755902360944,0.6647088706624573,0.625,0.6528925619834711,0.6224089635854342,0.2455263480213534,0.6638655462184874,0.580952380952381,0.6422764227642277,1.5842245989304813,0.03361344537815126,1,669,224,0.48772966404081486,l2,0.001,liblinear,0.659867128736654
0.6060975609756099,0.7281916765353631,0.6120218579234973,0.6816143497757847,0.6089430894308943,0.20545599464633588,0.6178861788617886,0.6,0.76,1.5447154471544715,0.016260162601626018,2,710,183,0.5272110378263797,l1,0.1,liblinear,0.6869445850163276
0.6486662329212753,0.6959681186715039,0.6428571428571429,0.6987951807228916,0.6352201257861635,0.26453943960983833,0.6666666666666666,0.6037735849056604,0.7341772151898734,1.6825396825396823,0.0,3,753,140,0.4905360107906575,l1,0.1,liblinear,0.664657825718636
0.6279239766081872,0.7809182705951567,0.5816993464052288,0.673469387755102,0.5455043859649122,0.09247372744797917,0.6875,0.40350877192982454,0.66,1.1525735294117645,0.10416666666666667,4,740,153,0.4358943873054696,l1,0.1,liblinear,0.6588348771137378
0.6870575221238938,0.7408993483689259,0.6321243523316062,0.6757990867579908,0.6274336283185841,0.25233976866031704,0.6548672566371682,0.6,0.6981132075471698,1.6371681415929202,0.02654867256637168,5,700,193,0.44530160002907376,l2,0.01,liblinear,0.6604264871534773
