n_pairs,pairwise_accuracy,both_correct_rate,mean_delta,median_delta,std_delta,n_positive_delta,per_drug_accuracy,per_drug_roc_auc,per_drug_pr_auc,n_train,n_test,best_penalty,best_C,best_solver,inner_cv_score,threshold,seed
13,0.46153846153846156,0.6153846153846154,-0.06032975273818956,-0.003251559857528119,0.27453346135175405,6,0.7692307692307693,0.48863636363636365,0.8427331640433244,867,26,l2,0.001,liblinear,0.6815538157662612,0.4674104120872787,4
