roc_auc,pr_auc,accuracy,f1,balanced_accuracy,matthews_corrcoef,sensitivity,specificity,precision,pos_LR,sensitivity_at_spec100,fold,n_train,n_val,threshold,best_penalty,best_C,best_solver,best_inner_score
0.589,0.6464035620900902,0.5692307692307692,0.6,0.5825,0.16102351203650797,0.525,0.64,0.7,1.4583333333333335,0.0,1,737,130,0.5582343845933025,l2,0.001,liblinear,0.7522125712160661
0.7126760563380281,0.7480465828989218,0.6810344827586207,0.7549668874172185,0.6458528951486698,0.3072445848435198,0.8028169014084507,0.4888888888888889,0.7125,1.570728720146969,0.0,2,751,116,0.507676385257566,l2,0.001,liblinear,0.6930628113146405
0.6923529411764706,0.6582439664109583,0.6538461538461539,0.6953846153846154,0.6487254901960784,0.3048245733886131,0.7533333333333333,0.5441176470588235,0.6457142857142857,1.6524731182795696,0.0,3,581,286,0.44998347074070955,l2,0.0001,liblinear,0.6843596573415848
0.7142140468227425,0.8053387482764653,0.7245508982035929,0.8,0.6788461538461539,0.3576923076923077,0.8,0.5576923076923077,0.8,1.8086956521739133,0.017391304347826087,4,700,167,0.47354158165380467,l2,0.0001,liblinear,0.6675384602639434
0.6794117647058823,0.7083245627319867,0.6428571428571429,0.6842105263157895,0.6411764705882352,0.27789338971674993,0.65,0.6323529411764706,0.7222222222222222,1.768,0.02,5,699,168,0.5402206931487218,l2,0.0001,liblinear,0.6706902749528119
