accuracy,balanced_accuracy,f1_macro,f1_weighted,mae,adjacent_accuracy,kappa_linear,kappa_quadratic,spearman_r,roc_auc_macro_ovr,roc_auc_weighted_ovr,fold,n_train,n_val,best_penalty,best_C,best_solver,inner_auc_score
0.453781512605042,0.4725925925925926,0.4373566892554234,0.4394895664441458,0.680672268907563,0.865546218487395,0.2258453136294274,0.2611944398659415,0.3246548559206401,0.6474344024703124,0.6410411470312295,1,748,119,l2,0.001,liblinear,0.6246183501233596
0.3893129770992366,0.45446643751728494,0.37283683750261737,0.33906881963007995,0.7786259541984732,0.8320610687022901,0.18791783153032693,0.2352658936425429,0.3277017372108361,0.6649269915534785,0.6550724449531997,2,736,131,l2,0.0001,liblinear,0.6373938605091402
0.4294117647058823,0.45695511179382153,0.3892501883369463,0.37836761382289175,0.7823529411764706,0.788235294117647,0.20688929423319768,0.24017790956263907,0.28417963097095084,0.6313284272831052,0.6256906521694868,3,697,170,l2,0.0001,liblinear,0.6291705607872323
0.4723404255319149,0.43107709479390893,0.3782421248146121,0.42223545955947683,0.723404255319149,0.8042553191489362,0.20249930131353056,0.24528070605540575,0.35001822476823136,0.6033571425019456,0.606135392996464,4,632,235,l2,0.0001,liblinear,0.6555222819422568
0.4811320754716981,0.4901710696610317,0.43222020446596715,0.4545255322308009,0.7075471698113207,0.8113207547169812,0.2343622092743295,0.2571829011913104,0.38507805220553026,0.6624603681625089,0.6527602027078704,5,655,212,l2,0.0001,liblinear,0.6220122385108278
