roc_auc,pr_auc,accuracy,f1,balanced_accuracy,matthews_corrcoef,sensitivity,specificity,precision,pos_LR,sensitivity_at_spec100,fold,n_train,n_val,threshold,best_penalty,best_C,best_solver,best_inner_score
0.6572871572871573,0.7261918811085735,0.6481481481481481,0.7164179104477612,0.6255411255411256,0.25347093953487776,0.7272727272727273,0.5238095238095238,0.7058823529411765,1.5272727272727273,0.030303030303030304,1,723,108,0.49540688393962395,l2,0.0001,liblinear,0.7197733017700806
0.682491500728509,0.7221822766861028,0.6631016042780749,0.7296137339055794,0.6410271976687713,0.2828453803804787,0.7327586206896551,0.5492957746478874,0.7264957264957265,1.6258081896551726,0.008620689655172414,2,644,187,0.48150365790182087,l2,0.0001,liblinear,0.6850976695346134
0.6648035771319066,0.6672403609068172,0.64,0.6823529411764706,0.6329846694346855,0.26822764006966615,0.7016129032258065,0.5643564356435643,0.6641221374045801,1.6105205278592374,0.0,3,606,225,0.5032765839936922,l2,0.0001,lbfgs,0.7205136818050922
0.6556637806637806,0.7208090081958618,0.6709677419354839,0.746268656716418,0.6377164502164503,0.27892626126501185,0.7575757575757576,0.5178571428571429,0.7352941176470589,1.5712682379349048,0.030303030303030304,4,676,155,0.4854472425963531,l2,0.0001,liblinear,0.7066781332606713
0.7747651958178273,0.8519910744720455,0.6923076923076923,0.7446808510638298,0.6868686868686869,0.3635709290193494,0.7070707070707071,0.6666666666666666,0.7865168539325843,2.121212121212121,0.13131313131313133,5,675,156,0.514509181986701,l1,0.01,liblinear,0.6698899350264133
