accuracy,balanced_accuracy,f1_macro,f1_weighted,mae,adjacent_accuracy,kappa_linear,kappa_quadratic,spearman_r,roc_auc_macro_ovr,roc_auc_weighted_ovr,fold,n_train,n_val,best_penalty,best_C,best_solver,inner_auc_score
0.42201834862385323,0.4553782505910166,0.3384932920536636,0.3435339563155055,0.8073394495412844,0.7706422018348624,0.21247947454843996,0.25600949648827775,0.3274326390111645,0.6140214872132947,0.6130705196308504,1,758,109,l2,0.0001,liblinear,0.6320851568665351
0.38016528925619836,0.45868564489254143,0.33279999331584315,0.2803388908967446,0.7933884297520661,0.8264462809917356,0.19834368530020707,0.25168055929013167,0.300485188481003,0.6763445688687613,0.6688230023659416,2,746,121,l2,0.01,liblinear,0.6377168705403112
0.36419753086419754,0.40276299292692735,0.311456176673568,0.29779541446208113,0.8703703703703703,0.7654320987654321,0.12388769561215096,0.15008945408829366,0.2229658658777059,0.6058224420501515,0.6021836453840778,3,705,162,l2,0.01,lbfgs,0.6407299975151819
0.4933920704845815,0.47182539682539676,0.38054422459561166,0.4015903500510425,0.6696035242290749,0.8370044052863436,0.24601197500109262,0.2994401201693294,0.3665892847688239,0.6773041567830796,0.6722234625875435,4,640,227,l2,0.01,liblinear,0.6220133561875147
0.3790322580645161,0.3807126475359401,0.29680058969198536,0.3017772512797988,0.8870967741935484,0.7338709677419355,0.09308510638297862,0.11371020142949961,0.26753792127421083,0.6425242813913487,0.6381483081583889,5,619,248,l2,0.0001,liblinear,0.6191446142379945
