accuracy,balanced_accuracy,f1_macro,f1_weighted,mae,adjacent_accuracy,kappa_linear,kappa_quadratic,spearman_r,roc_auc_macro_ovr,roc_auc_weighted_ovr,fold,n_train,n_val,best_penalty,best_C,best_solver,inner_auc_score
0.40458015267175573,0.44543904518329075,0.33417417417417417,0.30806134378653466,0.8015267175572519,0.7938931297709924,0.1990333663308682,0.2470992228447496,0.3118988209010716,0.6020805685190557,0.5911378744462292,1,736,131,l2,0.01,liblinear,0.6367071255939942
0.455026455026455,0.4545893719806764,0.3655077210119833,0.37128574116310953,0.746031746031746,0.798941798941799,0.2297754270354634,0.2778765736420459,0.31070566004215605,0.5992778353928424,0.5995405484652797,2,678,189,l1,0.1,liblinear,0.6546254307858675
0.48125,0.46418300653594774,0.38428968019760856,0.4065119843924191,0.725,0.79375,0.2631411783388916,0.31086709579704663,0.3460861034200151,0.6419672487493915,0.6441679402257654,3,707,160,l1,0.1,liblinear,0.6322051282554162
0.3974358974358974,0.42470085470085467,0.3075618433027219,0.3099711917656818,0.7991452991452992,0.8034188034188035,0.16358284272497903,0.20771340501444147,0.29537125265200737,0.6138553675513722,0.6078430211172697,4,633,234,l2,0.01,liblinear,0.6153098881254413
0.39215686274509803,0.445318805488297,0.317304688438709,0.29605849981835425,0.7843137254901961,0.8235294117647058,0.1997907949790796,0.25616093880972335,0.3844668994976679,0.6238216353653886,0.6072566889966224,5,714,153,l2,0.001,lbfgs,0.6268261343189828
