roc_auc,pr_auc,accuracy,f1,balanced_accuracy,matthews_corrcoef,sensitivity,specificity,precision,pos_LR,sensitivity_at_spec100,fold,n_train,n_val,threshold,best_penalty,best_C,best_solver,best_inner_score
0.6831168831168831,0.7416102575543997,0.6596858638743456,0.7058823529411765,0.6651711924439196,0.31870238156117764,0.6446280991735537,0.6857142857142857,0.78,2.051089406461307,0.0,1,702,191,0.5004582161113912,l2,0.001,lbfgs,0.688523824963979
0.6886837498010505,0.7516781669438515,0.6585365853658537,0.7227722772277227,0.6412541779404743,0.27915187670906266,0.7087378640776699,0.5737704918032787,0.7373737373737373,1.662808065720687,0.0,2,729,164,0.48767229133103124,l2,0.001,lbfgs,0.6779330420871478
0.7533808704204573,0.7784534674225925,0.7016574585635359,0.73,0.6977501844111138,0.3973610964420617,0.7448979591836735,0.6506024096385542,0.7156862745098039,2.131949331456721,0.02040816326530612,3,712,181,0.46183720951010077,l2,0.001,liblinear,0.6446333046628613
0.7209844182321248,0.802094350324502,0.6744186046511628,0.7431192660550459,0.6493374108053007,0.29867482161060144,0.7431192660550459,0.5555555555555556,0.7431192660550459,1.6720183486238533,0.01834862385321101,4,721,172,0.5003898428749813,l2,0.0001,liblinear,0.6799158535297855
0.693745506829619,0.7082706849160931,0.6378378378378379,0.6794258373205742,0.6330577522166307,0.2642227670082824,0.6635514018691588,0.6025641025641025,0.696078431372549,1.6695809466385285,0.028037383177570093,5,708,185,0.5092585993069142,l2,0.001,liblinear,0.6625960178178614
