accuracy,balanced_accuracy,f1_macro,f1_weighted,mae,adjacent_accuracy,kappa_linear,kappa_quadratic,spearman_r,roc_auc_macro_ovr,roc_auc_weighted_ovr,fold,n_train,n_val,best_penalty,best_C,best_solver,inner_auc_score
0.31092436974789917,0.3711728395061728,0.2694584805258686,0.2328784002086279,0.9327731092436975,0.7563025210084033,0.047450782433114624,0.05568859463774234,0.20358435287269308,0.578391452837992,0.5576019962357315,1,748,119,l2,0.0001,liblinear,0.6244615576100435
0.37404580152671757,0.4534128771416907,0.3339531624760827,0.2854306413657883,0.8091603053435115,0.816793893129771,0.18700234192037468,0.2356016974840861,0.26515864077266593,0.6483385482293262,0.6359845713924468,2,736,131,l1,0.01,liblinear,0.6174490712059215
0.3941176470588235,0.4190305512886159,0.3280843870741131,0.3145313565362921,0.8470588235294118,0.7588235294117647,0.1515907673112914,0.18175235336712525,0.24110106882246565,0.6116166901414816,0.6051976503166169,3,697,170,l2,0.0001,liblinear,0.6282276766360553
0.46382978723404256,0.43493714953891943,0.3509328638755937,0.3957222723596221,0.7617021276595745,0.774468085106383,0.20151477762381131,0.23792456050520572,0.288812399742139,0.5957462211555656,0.5966320947439542,4,632,235,l2,0.0001,liblinear,0.6297232409469038
0.4339622641509434,0.43886778802676796,0.3307840307840308,0.3524456151814642,0.7641509433962265,0.8018867924528302,0.19760758843044712,0.2465979024009708,0.35460414635433746,0.6434481521074281,0.6395002446365916,5,655,212,l2,0.0001,lbfgs,0.615510620607546
