accuracy,balanced_accuracy,f1_macro,f1_weighted,mae,adjacent_accuracy,kappa_linear,kappa_quadratic,spearman_r,roc_auc_macro_ovr,roc_auc_weighted_ovr,fold,n_train,n_val,best_penalty,best_C,best_solver,inner_auc_score
0.43359375,0.4243257745967773,0.33497774344259285,0.37116285626586465,0.8203125,0.74609375,0.16138894955230398,0.18943584585870998,0.2578973166324025,0.5979171986037038,0.6014474548042901,1,611,256,l2,0.0001,lbfgs,0.6212905852304764
0.40625,0.45714581334537313,0.37900152968989015,0.36247392574050896,0.8125,0.78125,0.17562546445380234,0.19522162841873625,0.21254481232777767,0.6253364778523741,0.6200744423400674,2,739,128,l2,0.001,liblinear,0.6258893588536537
0.4110429447852761,0.46810080757449174,0.3569934640522876,0.3272344520630338,0.7423312883435583,0.8466257668711656,0.24775925855295766,0.3187250996015937,0.40007312618797486,0.6553814902778053,0.6406113127849207,3,704,163,l2,0.0001,liblinear,0.6094513221193781
0.41420118343195267,0.4575927544677545,0.3610465069619999,0.34037947606745006,0.7869822485207101,0.7988165680473372,0.198137776033677,0.24045792992420012,0.35507778039276067,0.6526173307026556,0.6369568492823504,4,698,169,l2,0.001,liblinear,0.6182388281403813
0.4370860927152318,0.47575757575757577,0.35585585585585583,0.33479505996062286,0.7417218543046358,0.8211920529801324,0.23565036608514867,0.2937961345579535,0.33741261929702787,0.6695051698718674,0.6566879164886256,5,716,151,l2,0.0001,liblinear,0.6229393487013933
