accuracy,balanced_accuracy,f1_macro,f1_weighted,mae,adjacent_accuracy,kappa_linear,kappa_quadratic,spearman_r,roc_auc_macro_ovr,roc_auc_weighted_ovr,fold,n_train,n_val,best_penalty,best_C,best_solver,inner_auc_score
0.5504587155963303,0.5713108124922234,0.5478696741854637,0.5649375732910257,0.5688073394495413,0.8807339449541285,0.3845173041894354,0.42549113560134166,0.41091069304000105,0.6996346285805545,0.6970328945803715,1,758,109,l2,0.001,lbfgs,0.6216202215659229
0.4793388429752066,0.5048772910841877,0.47918385707859396,0.4780113347577463,0.6528925619834711,0.8677685950413223,0.24832900841393413,0.2693793178480117,0.2848581510749177,0.6585362739989972,0.6501381299261284,2,746,121,l2,0.001,lbfgs,0.6361319197355925
0.38271604938271603,0.3702032029900882,0.36626335710494135,0.3834194851109043,0.7469135802469136,0.8703703703703703,0.07937253428517754,0.10736258535595966,0.23203780908578642,0.6079627708173415,0.604591847936981,3,705,162,l2,0.001,lbfgs,0.6447501875937258
0.47577092511013214,0.458531746031746,0.4514503968804387,0.4831092161653339,0.7004405286343612,0.8237885462555066,0.17484739717884812,0.16145535479682838,0.22595626486099776,0.6422510541655742,0.6350628960817863,4,640,227,l2,0.0001,lbfgs,0.6426831097115855
0.5080645161290323,0.5053376100321897,0.5027222896663356,0.5074074552050439,0.6169354838709677,0.875,0.28051879100458876,0.31482909277820614,0.3432768704894078,0.6612155468634752,0.6579483372650137,5,619,248,l2,0.01,lbfgs,0.6217809854011987
