roc_auc,pr_auc,accuracy,f1,balanced_accuracy,matthews_corrcoef,sensitivity,specificity,precision,pos_LR,sensitivity_at_spec100,fold,n_train,n_val,threshold,best_penalty,best_C,best_solver,best_inner_score
0.7518665158371041,0.7858917620832285,0.6984126984126984,0.7443946188340808,0.6872737556561086,0.3858429306096079,0.7980769230769231,0.5764705882352941,0.6974789915966386,1.8843482905982905,0.0673076923076923,1,678,189,0.4890357424876157,l2,0.01,liblinear,0.6684989992738132
0.6745714285714286,0.7301941419271248,0.6166666666666667,0.6714285714285714,0.6057142857142856,0.21142857142857144,0.6714285714285714,0.54,0.6714285714285714,1.4596273291925466,0.04285714285714286,2,747,120,0.5136557104340814,l2,0.1,liblinear,0.696614366237616
0.684238683127572,0.7341062968436776,0.6488888888888888,0.694980694980695,0.6444444444444444,0.28454269990233455,0.6666666666666666,0.6222222222222222,0.7258064516129032,1.7647058823529411,0.037037037037037035,3,642,225,0.5022085191429861,l2,0.1,liblinear,0.7018020792977386
0.6355698529411764,0.6968727763940186,0.6506024096385542,0.7314814814814815,0.6138174019607843,0.23887716657967284,0.7745098039215687,0.453125,0.6929824561403509,1.4162464985994399,0.0196078431372549,4,701,166,0.49340590058754835,l2,0.01,liblinear,0.7084834393787471
0.7267281105990783,0.8058275792116171,0.6706586826347305,0.7317073170731707,0.6555299539170507,0.30661763668935205,0.7142857142857143,0.5967741935483871,0.75,1.7714285714285716,0.09523809523809523,5,700,167,0.5085833146175218,l2,0.01,liblinear,0.6543605019345209
