accuracy,balanced_accuracy,f1_macro,f1_weighted,mae,adjacent_accuracy,kappa_linear,kappa_quadratic,spearman_r,roc_auc_macro_ovr,roc_auc_weighted_ovr,fold,n_train,n_val,best_penalty,best_C,best_solver,inner_auc_score
0.41732283464566927,0.43341946597760544,0.4088467487774761,0.4166644992423141,0.7559055118110236,0.8267716535433071,0.1968379446640316,0.2475029625867614,0.257291107545865,0.5668169219399228,0.5630047682748879,1,740,127,l2,0.0001,lbfgs,0.6555053532766535
0.44041450777202074,0.44547771455666196,0.42749156596374166,0.4418634051300986,0.7098445595854922,0.8497409326424871,0.17759945258312337,0.20117589624944276,0.22925022710717757,0.6013109384150371,0.5937336503043321,2,674,193,l2,0.0001,lbfgs,0.6383895706961157
0.4127906976744186,0.42552182163187857,0.4130201162791214,0.4126735927565638,0.7151162790697675,0.872093023255814,0.19128440366972477,0.258084512862899,0.26734425421888647,0.6032363575176669,0.5974436900308995,3,695,172,l2,0.001,lbfgs,0.6385193809323664
0.5023041474654378,0.530060776063581,0.4880090350581543,0.5128974299802476,0.631336405529954,0.8663594470046083,0.30758122743682315,0.360655737704918,0.3989834996924013,0.6996532582499526,0.6922837256033297,4,650,217,l2,0.0001,lbfgs,0.601075784187226
0.46835443037974683,0.48054873054873054,0.4651650939945871,0.4719073563275862,0.6645569620253164,0.8670886075949367,0.21693571226281516,0.2301624129930394,0.26139302739726106,0.6603996393748847,0.6595961516642928,5,709,158,l2,0.001,lbfgs,0.621721071060174
