roc_auc,pr_auc,accuracy,f1,balanced_accuracy,matthews_corrcoef,sensitivity,specificity,precision,pos_LR,sensitivity_at_spec100,fold,n_train,n_val,threshold,best_penalty,best_C,best_solver,best_inner_score
0.6546380090497738,0.6844509443067113,0.6031746031746031,0.6305418719211823,0.6018099547511313,0.2028184785787092,0.6153846153846154,0.5882352941176471,0.6464646464646465,1.4945054945054947,0.009615384615384616,1,678,189,0.4856778120600335,l2,0.0001,liblinear,0.6711660709453062
0.6405714285714286,0.6618524233757397,0.625,0.697986577181208,0.6014285714285714,0.21087196865717087,0.7428571428571429,0.46,0.6582278481012658,1.3756613756613756,0.0,2,747,120,0.4821895610423004,l2,0.0001,liblinear,0.6726327392721039
0.7227160493827162,0.7343509125330803,0.6933333333333334,0.7315175097276264,0.6925925925925926,0.37875570788294755,0.6962962962962963,0.6888888888888889,0.7704918032786885,2.238095238095238,0.007407407407407408,3,642,225,0.49085126480461033,l2,0.0001,liblinear,0.6495888103290198
0.6740196078431373,0.7420320174936264,0.6807228915662651,0.7557603686635944,0.6441482843137255,0.3041554046399194,0.803921568627451,0.484375,0.7130434782608696,1.5591206179441475,0.06862745098039216,4,701,166,0.48327716845921387,l2,0.0001,liblinear,0.676376864014882
0.670353302611367,0.7314037305836303,0.6227544910179641,0.676923076923077,0.62073732718894,0.23404287809135613,0.6285714285714286,0.6129032258064516,0.7333333333333333,1.6238095238095238,0.0,5,700,167,0.508340738519206,l2,0.0001,liblinear,0.6717071853936141
