roc_auc,pr_auc,accuracy,f1,balanced_accuracy,matthews_corrcoef,sensitivity,specificity,precision,pos_LR,sensitivity_at_spec100,fold,n_train,n_val,threshold,best_penalty,best_C,best_solver,best_inner_score
0.697318492284341,0.7611963052648227,0.6270270270270271,0.6790697674418604,0.6302175562863648,0.2506402057622105,0.6186440677966102,0.6417910447761194,0.7525773195876289,1.72704802259887,0.01694915254237288,1,646,185,0.4886685886141701,l1,0.01,liblinear,0.6696238151929104
0.6820643517043644,0.7294760472336022,0.6293103448275862,0.6766917293233082,0.633800573431029,0.2586508973800681,0.6164383561643836,0.6511627906976745,0.75,1.7671232876712333,0.0,2,715,116,0.5170497712398944,l2,0.0001,liblinear,0.6853358005407358
0.6569659442724457,0.6741806273900584,0.6121495327102804,0.6103286384976526,0.6204776647501106,0.24122219781714588,0.5462184873949579,0.6947368421052632,0.6914893617021277,1.7893364242248624,0.0,3,617,214,0.4884562016825212,l1,0.01,liblinear,0.6886842925580962
0.6812280701754386,0.7398446750757655,0.6903225806451613,0.7575757575757576,0.6614035087719299,0.333012174465405,0.7894736842105263,0.5333333333333333,0.7281553398058253,1.6917293233082706,0.031578947368421054,4,676,155,0.49738624675656157,l1,0.01,liblinear,0.6722173904247453
0.6881720430107526,0.7481677768240579,0.6211180124223602,0.680628272251309,0.6105408927989573,0.21739419674031277,0.6565656565656566,0.5645161290322581,0.7065217391304348,1.5076692854470635,0.010101010101010102,5,670,161,0.521293607429822,l1,0.1,liblinear,0.6478121867070217
