roc_auc,pr_auc,accuracy,f1,balanced_accuracy,matthews_corrcoef,sensitivity,specificity,precision,pos_LR,sensitivity_at_spec100,fold,n_train,n_val,threshold,best_penalty,best_C,best_solver,best_inner_score
0.6194611757015455,0.7016348301478996,0.5704697986577181,0.6121212121212121,0.5704347014054256,0.13840961968317128,0.5706214689265536,0.5702479338842975,0.6601307189542484,1.327792264232942,0.01694915254237288,1,595,298,0.4982545250899075,l2,0.01,lbfgs,0.6921694482335792
0.6995180111618468,0.7551988322139565,0.6629834254143646,0.7288888888888889,0.6399036022323694,0.2871106368080508,0.7592592592592593,0.5205479452054794,0.7008547008547008,1.5835978835978837,0.05555555555555555,2,712,181,0.39245368639175654,l1,1.0,liblinear,0.6482537001139467
0.5840449438202246,0.6833570311744075,0.60431654676259,0.6961325966850829,0.5639325842696629,0.12971476651451083,0.7078651685393258,0.42,0.6847826086956522,1.2204571871367684,0.0,3,754,139,0.5060666568122273,l2,0.01,liblinear,0.6780180769580875
0.663896103896104,0.7425357638601506,0.6555555555555556,0.7459016393442623,0.6064935064935065,0.23804944344426465,0.8272727272727273,0.38571428571428573,0.6791044776119403,1.346723044397463,0.00909090909090909,4,713,180,0.44486742575233906,l2,0.01,liblinear,0.6633379116321446
0.6883468834688348,0.7276621292326836,0.6526315789473685,0.6915887850467289,0.6474706413730804,0.29414521845296665,0.6851851851851852,0.6097560975609756,0.6981132075471698,1.7557870370370372,0.09259259259259259,5,798,95,0.4810154550758562,l2,0.01,lbfgs,0.6611437430676703
