roc_auc,pr_auc,accuracy,f1,balanced_accuracy,matthews_corrcoef,sensitivity,specificity,precision,pos_LR,sensitivity_at_spec100,fold,n_train,n_val,threshold,best_penalty,best_C,best_solver,best_inner_score
0.7114253393665159,0.7474883767864287,0.6507936507936508,0.6666666666666666,0.652601809954751,0.30366174500077125,0.6346153846153846,0.6705882352941176,0.7021276595744681,1.9265109890109886,0.04807692307692308,1,678,189,0.5197430509957652,l2,0.001,liblinear,0.7029730226057773
0.7759999999999999,0.8166796726540311,0.7166666666666667,0.7571428571428571,0.7085714285714286,0.41714285714285715,0.7571428571428571,0.66,0.7571428571428571,2.226890756302521,0.05714285714285714,2,747,120,0.5221715019352483,l2,0.001,liblinear,0.7115772184468234
0.7083950617283952,0.7170722899778323,0.6222222222222222,0.62882096069869,0.6444444444444444,0.2869587044066745,0.5333333333333333,0.7555555555555555,0.7659574468085106,2.1818181818181817,0.0,3,642,225,0.5317605645764989,l2,0.0001,liblinear,0.6805010102663814
0.7274816176470589,0.7765788682355943,0.6807228915662651,0.7389162561576355,0.6645220588235294,0.3281155696834268,0.7352941176470589,0.59375,0.7425742574257426,1.809954751131222,0.0,4,701,166,0.5284206918546137,l2,0.001,liblinear,0.7080887960215158
0.6761904761904762,0.7424949413928357,0.6227544910179641,0.6834170854271356,0.6141321044546851,0.22233250352058712,0.6476190476190476,0.5806451612903226,0.723404255319149,1.5443223443223446,0.01904761904761905,5,700,167,0.5487742591605147,l2,0.001,liblinear,0.6979190752607216
