n_pairs,pairwise_accuracy,both_correct_rate,mean_delta,median_delta,std_delta,n_positive_delta,per_drug_accuracy,per_drug_roc_auc,per_drug_pr_auc,n_train,n_test,best_penalty,best_C,best_solver,inner_cv_score,threshold,seed
13,0.3076923076923077,0.6153846153846154,-0.01741000776108868,-0.016566574201029693,0.045467384643244076,4,0.8461538461538461,0.46590909090909094,0.8210046865134115,867,26,l1,0.01,liblinear,0.6715621233994563,0.470993934491936,4
