roc_auc,pr_auc,accuracy,f1,balanced_accuracy,matthews_corrcoef,sensitivity,specificity,precision,pos_LR,sensitivity_at_spec100,fold,n_train,n_val,threshold,best_penalty,best_C,best_solver,best_inner_score
0.60125,0.6852934708254543,0.6,0.6976744186046512,0.5549999999999999,0.11766220120615348,0.75,0.36,0.6521739130434783,1.171875,0.0375,1,737,130,0.44611987612715864,l2,0.001,liblinear,0.6998053159643145
0.6497652582159624,0.7119036342370179,0.6120689655172413,0.6666666666666666,0.6057902973395931,0.2073096917517599,0.6338028169014085,0.5777777777777777,0.703125,1.5011119347664936,0.014084507042253521,2,751,116,0.5174289797061462,l2,0.0001,liblinear,0.6596775584098953
0.6597549019607842,0.6441771199493388,0.5979020979020979,0.5907473309608541,0.6001960784313726,0.2008603922647241,0.5533333333333333,0.6470588235294118,0.6335877862595419,1.567777777777778,0.02,3,581,286,0.520567645570618,l2,0.0001,lbfgs,0.6877120792715451
0.7095317725752508,0.80248903633214,0.6586826347305389,0.7323943661971831,0.6468227424749164,0.276144460962565,0.6782608695652174,0.6153846153846154,0.7959183673469388,1.7634782608695654,0.0,4,700,167,0.5156722868061462,l2,0.0001,lbfgs,0.6490830067691983
0.655,0.6931641100860276,0.6607142857142857,0.7246376811594203,0.6397058823529411,0.28519528302974095,0.75,0.5294117647058824,0.7009345794392523,1.59375,0.02,5,699,168,0.4758821745484618,l1,0.01,liblinear,0.6821351299966841
