roc_auc,pr_auc,accuracy,f1,balanced_accuracy,matthews_corrcoef,sensitivity,specificity,precision,pos_LR,sensitivity_at_spec100,fold,n_train,n_val,threshold,best_penalty,best_C,best_solver,best_inner_score
0.6492117117117117,0.6908238085024521,0.639344262295082,0.7215189873417721,0.6038851351351351,0.21917370134092226,0.7702702702702703,0.4375,0.6785714285714286,1.3693693693693694,0.0,1,745,122,0.500120445915297,l2,0.0001,liblinear,0.6922561716147417
0.6775000000000001,0.7235304643402568,0.616,0.6666666666666666,0.6222222222222222,0.23473427987697595,0.6,0.6444444444444445,0.75,1.6875000000000002,0.0125,2,742,125,0.5437688953119137,l2,0.001,liblinear,0.6865192747472699
0.7341252054385179,0.7687822866032565,0.6340425531914894,0.635593220338983,0.6531824294038547,0.3059081429025993,0.5434782608695652,0.7628865979381443,0.7653061224489796,2.292060491493383,0.050724637681159424,3,632,235,0.5222168399035122,l2,0.0001,liblinear,0.6653902629684885
0.6221505871517384,0.6684688251462385,0.5869565217391305,0.5991561181434599,0.5920254816179292,0.18302138758093645,0.5503875968992248,0.6336633663366337,0.6574074074074074,1.5024093861303163,0.015503875968992248,4,637,230,0.5280751290533742,l2,0.001,lbfgs,0.7023564746323032
0.7319298245614035,0.7600870337421586,0.7225806451612903,0.7772020725388601,0.7030701754385965,0.4102637088839242,0.7894736842105263,0.6166666666666667,0.7653061224489796,2.059496567505721,0.010526315789473684,5,712,155,0.4806253701595806,l2,0.0001,liblinear,0.6836215692970204
