roc_auc,pr_auc,accuracy,f1,balanced_accuracy,matthews_corrcoef,sensitivity,specificity,precision,pos_LR,sensitivity_at_spec100,fold,n_train,n_val,threshold,best_penalty,best_C,best_solver,best_inner_score
0.6446747910538358,0.7241613653755796,0.6174496644295302,0.6545454545454545,0.6191343325395714,0.23410815022977233,0.6101694915254238,0.628099173553719,0.7058823529411765,1.640677966101695,0.011299435028248588,1,595,298,0.5161068780952787,l2,0.0001,lbfgs,0.6787958603152403
0.7415017757483511,0.7943374443080352,0.6906077348066298,0.7281553398058253,0.6896879756468797,0.3735003569426626,0.6944444444444444,0.684931506849315,0.7653061224489796,2.2041062801932365,0.05555555555555555,2,712,181,0.4974093378423153,l1,0.01,liblinear,0.6584581710617752
0.6206741573033707,0.7072225099218188,0.6115107913669064,0.6931818181818182,0.5826966292134832,0.16403499537818,0.6853932584269663,0.48,0.7011494252873564,1.3180639585133966,0.0,3,754,139,0.5623566588725388,l2,0.001,liblinear,0.7046531638596839
0.6425974025974026,0.6922140010318966,0.6,0.6435643564356436,0.6025974025974026,0.2001135399702403,0.5909090909090909,0.6142857142857143,0.7065217391304348,1.5319865319865322,0.0,4,713,180,0.5584770544857596,l2,0.001,liblinear,0.6992674231951949
0.6933152664859983,0.6629750653540868,0.6736842105263158,0.7256637168141593,0.6601174345076785,0.3269491184432139,0.7592592592592593,0.5609756097560976,0.6949152542372882,1.7294238683127574,0.0,5,798,95,0.4726649235968056,l2,0.001,lbfgs,0.6942626583909612
