roc_auc,pr_auc,accuracy,f1,balanced_accuracy,matthews_corrcoef,sensitivity,specificity,precision,pos_LR,sensitivity_at_spec100,fold,n_train,n_val,threshold,best_penalty,best_C,best_solver,best_inner_score
0.6632821723730815,0.7204522771072961,0.6387434554973822,0.6905829596412556,0.6396103896103896,0.26970832426556407,0.6363636363636364,0.6428571428571429,0.7549019607843137,1.781818181818182,0.0,1,702,191,0.5087056274545677,l1,0.01,liblinear,0.6731968275547711
0.6961642527455038,0.7398925406888324,0.6890243902439024,0.7384615384615385,0.6855801368772879,0.3614804833658643,0.6990291262135923,0.6721311475409836,0.782608695652174,2.132038834951456,0.0,2,729,164,0.5265175270822092,l2,0.001,liblinear,0.6564678833668522
0.643103024342267,0.6645042475137475,0.585635359116022,0.6073298429319371,0.5850749938529629,0.16962942726271057,0.5918367346938775,0.5783132530120482,0.6236559139784946,1.4034985422740525,0.01020408163265306,3,712,181,0.519854392457471,l2,0.0001,lbfgs,0.6509335105689786
0.6756953545944373,0.7561410010048983,0.6569767441860465,0.7255813953488373,0.6355759429153924,0.2686403549033146,0.7155963302752294,0.5555555555555556,0.7358490566037735,1.6100917431192663,0.045871559633027525,4,721,172,0.4941973183218769,l2,0.001,liblinear,0.6921153883737835
0.7250179726815241,0.7162826425264925,0.6918918918918919,0.7164179104477612,0.6954229571052001,0.38606474447267475,0.6728971962616822,0.717948717948718,0.7659574468085106,2.3857264231096007,0.028037383177570093,5,708,185,0.5073277704223306,l2,0.001,liblinear,0.6508919570647175
