accuracy,balanced_accuracy,f1_macro,f1_weighted,mae,adjacent_accuracy,kappa_linear,kappa_quadratic,spearman_r,roc_auc_macro_ovr,roc_auc_weighted_ovr,fold,n_train,n_val,best_penalty,best_C,best_solver,inner_auc_score
0.4198473282442748,0.4383347541915317,0.421341710498337,0.41564009429363974,0.7099236641221374,0.8702290076335878,0.20502446982055456,0.2705949405936253,0.3788405573096118,0.6168180906009498,0.6062705711071712,1,736,131,l2,0.001,lbfgs,0.6678498340838899
0.4708994708994709,0.4755481233742103,0.4466653716653717,0.45191423802534914,0.6984126984126984,0.8306878306878307,0.24841838886545753,0.2913494280139266,0.3013213803661283,0.6381483819071477,0.6397959623766075,2,678,189,l2,0.001,lbfgs,0.6777676074851727
0.4875,0.503109243697479,0.48645841602497947,0.487330068667143,0.6625,0.85,0.2757089169798429,0.3100358422939069,0.34170164576629425,0.6468298447714764,0.6465114180679306,3,707,160,l2,0.0001,lbfgs,0.6573809649410115
0.5170940170940171,0.536531713900135,0.5058621600755168,0.5267020236811073,0.6025641025641025,0.8803418803418803,0.29382303839732893,0.3181374434221814,0.3525770991178706,0.7009900533813735,0.6899008497873608,4,633,234,l2,0.0001,lbfgs,0.6349414061431927
0.42483660130718953,0.44547778022354295,0.4203548085901027,0.4337562475970781,0.7058823529411765,0.869281045751634,0.18391939944685898,0.22621651175505741,0.35746418333976826,0.6793948289490525,0.6766352960357537,5,714,153,l2,0.001,lbfgs,0.6392692326163965
