roc_auc,pr_auc,accuracy,f1,balanced_accuracy,matthews_corrcoef,sensitivity,specificity,precision,pos_LR,sensitivity_at_spec100,fold,n_train,n_val,threshold,best_penalty,best_C,best_solver,best_inner_score
0.713053613053613,0.7234937765792474,0.6968085106382979,0.7219512195121951,0.7017482517482517,0.39763091512585536,0.6727272727272727,0.7307692307692307,0.7789473684210526,2.4987012987012984,0.00909090909090909,1,679,188,0.5126764890071901,l2,0.001,liblinear,0.6838070599428048
0.6470415072122461,0.7293741038056127,0.6475409836065574,0.7152317880794702,0.6324698263173388,0.2573614445845947,0.6835443037974683,0.5813953488372093,0.75,1.6329113924050633,0.0,2,745,122,0.5319878362450382,l2,0.001,liblinear,0.6776760051768893
0.6373873873873874,0.7206168040236085,0.631578947368421,0.7149321266968326,0.5975225225225225,0.19431699082434184,0.7117117117117117,0.48333333333333334,0.7181818181818181,1.3775065387968615,0.0,3,696,171,0.4755649799098805,l1,0.01,liblinear,0.7112408669394726
0.6972064080497815,0.7058386516538436,0.6091954022988506,0.6730769230769231,0.6014828544949027,0.21599915580818202,0.7692307692307693,0.43373493975903615,0.5982905982905983,1.3584288052373161,0.01098901098901099,4,693,174,0.4706771804170665,l1,0.01,liblinear,0.6661514044663537
0.7070344827586207,0.7431408794420766,0.6320754716981132,0.6578947368421053,0.639080459770115,0.2737656055932568,0.6,0.6781609195402298,0.7281553398058253,1.8642857142857139,0.0,5,655,212,0.536861617711732,l2,0.001,liblinear,0.7103593278736811
