accuracy,balanced_accuracy,f1_macro,f1_weighted,mae,adjacent_accuracy,kappa_linear,kappa_quadratic,spearman_r,roc_auc_macro_ovr,roc_auc_weighted_ovr,fold,n_train,n_val,best_penalty,best_C,best_solver,inner_auc_score
0.47706422018348627,0.4705891501804156,0.44335600654177815,0.4654015500576975,0.6513761467889908,0.8715596330275229,0.28993485640884487,0.3638507339503626,0.4089548759878171,0.6215302239243613,0.622035168726966,1,758,109,l2,0.001,lbfgs,0.6301899011605869
0.371900826446281,0.4378830240899207,0.3515782828282828,0.31721606561482596,0.8099173553719008,0.8181818181818182,0.16457658165422007,0.20578718683553654,0.323677927765594,0.6467390481769656,0.6342749656619582,2,746,121,l2,0.0001,liblinear,0.6419781854282902
0.41975308641975306,0.4156624795969058,0.4076343371014218,0.42368712083097315,0.7037037037037037,0.8765432098765432,0.18771991555242784,0.2503605769230769,0.2894974867615331,0.5987016916634315,0.5985589659687752,3,705,162,l2,0.001,liblinear,0.6288509620794305
0.4933920704845815,0.4759920634920635,0.42407407407407405,0.45298580518844833,0.6740088105726872,0.8325991189427313,0.24666507602542143,0.2856828768911548,0.3661994777789962,0.6558657268844622,0.6506210950649663,4,640,227,l2,0.0001,liblinear,0.6342298775213269
0.46774193548387094,0.473178461913988,0.4053371162393719,0.4053685240366662,0.7217741935483871,0.8104838709677419,0.23978490940850083,0.28106018774157926,0.35121916785841073,0.6611416631806802,0.6521052490216517,5,619,248,l2,0.0001,liblinear,0.6141630604117695
