n_pairs,pairwise_accuracy,both_correct_rate,mean_delta,median_delta,std_delta,n_positive_delta,per_drug_accuracy,per_drug_roc_auc,per_drug_pr_auc,n_train,n_test,best_penalty,best_C,best_solver,inner_cv_score,threshold,seed
38,0.6052631578947368,0.21052631578947367,0.06948263485188694,0.03392834894774863,0.16127233249996692,23,0.5806451612903226,0.615546218487395,0.6882005891373861,831,62,l1,0.1,liblinear,0.6774677568097354,0.4802427417847189,4
