roc_auc,pr_auc,accuracy,f1,balanced_accuracy,matthews_corrcoef,sensitivity,specificity,precision,pos_LR,sensitivity_at_spec100,fold,n_train,n_val,threshold,best_penalty,best_C,best_solver,best_inner_score
0.6976911976911977,0.7846046949801792,0.6851851851851852,0.7571428571428571,0.6515151515151515,0.3180734025441038,0.803030303030303,0.5,0.7162162162162162,1.606060606060606,0.12121212121212122,1,723,108,0.4607844425253002,l2,0.01,liblinear,0.6803695499838396
0.5710296260320544,0.6693767154656529,0.5775401069518716,0.6359447004608295,0.5720616804273919,0.14034037655327639,0.5948275862068966,0.5492957746478874,0.6831683168316832,1.3197737068965518,0.008620689655172414,2,644,187,0.5073348892815717,l2,0.01,liblinear,0.7114966432491453
0.6312679655062281,0.6744465584032133,0.6088888888888889,0.6507936507936508,0.6029223890130948,0.20673810521720787,0.6612903225806451,0.5445544554455446,0.640625,1.4519635343618513,0.03225806451612903,3,606,225,0.4435023874867168,l2,0.01,liblinear,0.6904869549380999
0.6592712842712842,0.7392261175598733,0.6580645161290323,0.7464114832535885,0.6082251082251082,0.22906937758134982,0.7878787878787878,0.42857142857142855,0.7090909090909091,1.378787878787879,0.0,4,676,155,0.4441345766236135,l1,0.1,liblinear,0.6706723255497521
0.7919546340598972,0.8544355947257594,0.7115384615384616,0.7428571428571429,0.7317916002126528,0.44661255217687373,0.6565656565656566,0.8070175438596491,0.8552631578947368,3.4022038567493107,0.09090909090909091,5,675,156,0.5270168380759338,l1,0.1,liblinear,0.6224785890872441
