accuracy,balanced_accuracy,f1_macro,f1_weighted,mae,adjacent_accuracy,kappa_linear,kappa_quadratic,spearman_r,roc_auc_macro_ovr,roc_auc_weighted_ovr,fold,n_train,n_val,best_penalty,best_C,best_solver,inner_auc_score
0.4954128440366973,0.5033283563518726,0.48783922171018945,0.501359940247185,0.6238532110091743,0.8807339449541285,0.3015454202789295,0.35802005012531324,0.34578646417262565,0.6588362033096196,0.6583733342029442,1,758,109,l2,0.001,lbfgs,0.6202475291417503
0.5206611570247934,0.5188793809483464,0.5107861447884633,0.5236512681184731,0.6033057851239669,0.8760330578512396,0.26544698544698553,0.26110155925772227,0.17290325622535177,0.6079882160773534,0.6106147715023029,2,746,121,l2,0.01,lbfgs,0.625773445654499
0.47530864197530864,0.4874624464788399,0.4699796013664627,0.47372117134214997,0.6358024691358025,0.8888888888888888,0.23974849644614538,0.27534273025680644,0.3451388393717082,0.6659790933251848,0.6577260997370517,3,705,162,l2,0.001,lbfgs,0.6055486804563903
0.45374449339207046,0.43492063492063493,0.42815267292879233,0.4619263487302148,0.7224669603524229,0.8237885462555066,0.15410134060440817,0.15184368491975997,0.206468695733306,0.611772947253041,0.6100304003913862,4,640,227,l2,0.001,lbfgs,0.6298892135684312
0.4637096774193548,0.459947265913032,0.45379980911476975,0.460107488396795,0.6693548387096774,0.8669354838709677,0.230332037092432,0.2805122048819527,0.27037382500663565,0.6381924462545748,0.6316032607039231,5,619,248,l2,0.001,lbfgs,0.6165475191785916
