accuracy,balanced_accuracy,f1_macro,f1_weighted,mae,adjacent_accuracy,kappa_linear,kappa_quadratic,spearman_r,roc_auc_macro_ovr,roc_auc_weighted_ovr,fold,n_train,n_val,best_penalty,best_C,best_solver,inner_auc_score
0.44954128440366975,0.4629059350503919,0.4337788916736285,0.4346523801859388,0.6697247706422018,0.8807339449541285,0.25321445330830594,0.3397173101633728,0.37527301896700127,0.6169717122876278,0.6105680266512816,1,758,109,l2,0.001,liblinear,0.6404483551417255
0.4214876033057851,0.46089412296308846,0.419359672989321,0.40386231844552994,0.71900826446281,0.859504132231405,0.20352576227585684,0.24975659748911094,0.27972688506097926,0.6402361725313886,0.6303161744232532,2,746,121,l2,0.001,liblinear,0.6435624350164156
0.4012345679012346,0.40374234144725946,0.3910553627737856,0.4026864688799737,0.7777777777777778,0.8209876543209876,0.1186528497409326,0.13268156424581012,0.25900534119899254,0.6031066448551016,0.6006241862065326,3,705,162,l2,0.001,liblinear,0.6375665271440771
0.5066079295154186,0.4988095238095238,0.43612647917627173,0.45890531985547256,0.6519823788546255,0.8414096916299559,0.27604189113476707,0.32128295732536016,0.36538205085310926,0.6580196958417099,0.6573714433044457,4,640,227,l2,0.0001,liblinear,0.6433857369779882
0.4596774193548387,0.48116167548958283,0.4070851206752634,0.40363522406237545,0.75,0.7903225806451613,0.23166100339796125,0.2625707489131326,0.3407236736711187,0.6685402523035918,0.6596144534202569,5,619,248,l2,0.0001,liblinear,0.6330932130624125
