accuracy,balanced_accuracy,f1_macro,f1_weighted,mae,adjacent_accuracy,kappa_linear,kappa_quadratic,spearman_r,roc_auc_macro_ovr,roc_auc_weighted_ovr,fold,n_train,n_val,best_penalty,best_C,best_solver,inner_auc_score
0.4609375,0.45940943027663894,0.4373219817099912,0.46466853353250037,0.6953125,0.84375,0.2342799529490842,0.28490071674498174,0.32358202040999934,0.6622815065642512,0.660287362477886,1,611,256,l2,0.0001,lbfgs,0.6516870869157654
0.4140625,0.42660421016987415,0.41045881471413387,0.4131411240786241,0.734375,0.8515625,0.16883116883116878,0.21164613661814113,0.2428532006433645,0.6236087058578831,0.6161095835917656,2,739,128,l2,0.001,lbfgs,0.6844869989997059
0.558282208588957,0.578348649401281,0.5594597010914226,0.565020621719549,0.5214723926380368,0.9202453987730062,0.39128333553007344,0.4468494909657893,0.45181899377935125,0.7048909069466337,0.6976457464509634,3,704,163,l2,0.0001,lbfgs,0.6434516952253592
0.46153846153846156,0.48624465811965817,0.4621648426958161,0.45495945700166257,0.6686390532544378,0.8698224852071006,0.2484159156204494,0.3003823335530653,0.4106763909640577,0.680450909817508,0.6672783632368857,4,698,169,l2,0.001,lbfgs,0.6709637877302594
0.4966887417218543,0.4904040404040404,0.4889295028002223,0.49868551922245513,0.5960264900662252,0.9072847682119205,0.27504534300650807,0.3292425839482006,0.3799336525751783,0.6958069981693217,0.6855934013809885,5,716,151,l2,0.0001,lbfgs,0.6568207222946678
