accuracy,balanced_accuracy,f1_macro,f1_weighted,mae,adjacent_accuracy,kappa_linear,kappa_quadratic,spearman_r,roc_auc_macro_ovr,roc_auc_weighted_ovr,fold,n_train,n_val,best_penalty,best_C,best_solver,inner_auc_score
0.44881889763779526,0.4571346540338788,0.3657729524003704,0.3714095385221125,0.7716535433070866,0.7795275590551181,0.2121787568046588,0.2504790373265885,0.28657260000634877,0.5748651501735144,0.5691389135954108,1,740,127,l2,0.0001,liblinear,0.6507545727383384
0.41968911917098445,0.4613738738738739,0.3414725617790752,0.32377716205361967,0.7512953367875648,0.8290155440414507,0.2192338810925425,0.27555903438706353,0.2985796499360394,0.6323190801241569,0.62734891852458,2,674,193,l2,0.0001,liblinear,0.6273592437577509
0.37209302325581395,0.4029697900665643,0.3044858080159749,0.285783055198973,0.8546511627906976,0.7732558139534884,0.13812380692664306,0.17554324669791233,0.2405216794903783,0.5838197618320958,0.5788034639778825,3,695,172,l2,0.0001,liblinear,0.6508654695736631
0.5207373271889401,0.4960144927536232,0.3835992023928216,0.45230667444670597,0.6728110599078341,0.8064516129032258,0.29928783120272473,0.35159924130225784,0.44834336508280154,0.6849023817617009,0.690774809015301,4,650,217,l2,0.0001,lbfgs,0.6086494737004088
0.379746835443038,0.4573300573300573,0.3578741231005676,0.31419459236590347,0.7848101265822784,0.8354430379746836,0.19254863171777115,0.24303135888501737,0.2643696120066976,0.6438889963477386,0.6358825754581691,5,709,158,l2,0.001,liblinear,0.6399760657946539
