roc_auc,pr_auc,accuracy,f1,balanced_accuracy,matthews_corrcoef,sensitivity,specificity,precision,pos_LR,sensitivity_at_spec100,fold,n_train,n_val,threshold,best_penalty,best_C,best_solver,best_inner_score
0.6512583461736005,0.7039451453646071,0.6241610738255033,0.6818181818181818,0.6117103235747303,0.22285944452593823,0.6779661016949152,0.5454545454545454,0.6857142857142857,1.4915254237288134,0.0,1,595,298,0.4394552226546441,l1,0.1,liblinear,0.7105544819049375
0.6804921359715881,0.7239187895098844,0.6353591160220995,0.67,0.6389523084728563,0.27269686974897817,0.6203703703703703,0.6575342465753424,0.7282608695652174,1.8114814814814812,0.009259259259259259,2,712,181,0.49311791448072617,l2,0.001,liblinear,0.6332881391851004
0.5617977528089888,0.6669282862080664,0.60431654676259,0.708994708994709,0.5464044943820224,0.09913744972686304,0.7528089887640449,0.34,0.67,1.1406196799455226,0.0,3,754,139,0.46193740977137715,l1,0.1,liblinear,0.6817004868397919
0.7125974025974027,0.8047490945556375,0.6722222222222223,0.7064676616915423,0.67987012987013,0.35076698272142465,0.6454545454545455,0.7142857142857143,0.7802197802197802,2.2590909090909093,0.06363636363636363,4,713,180,0.5377600840435691,l2,0.01,liblinear,0.6460170685510831
0.7511291779584462,0.7877507592508141,0.6210526315789474,0.6326530612244898,0.6285004516711834,0.25527720244849844,0.5740740740740741,0.6829268292682927,0.7045454545454546,1.8105413105413108,0.037037037037037035,5,798,95,0.5119670533644993,l2,0.01,liblinear,0.6519538603508909
