accuracy,balanced_accuracy,f1_macro,f1_weighted,mae,adjacent_accuracy,kappa_linear,kappa_quadratic,spearman_r,roc_auc_macro_ovr,roc_auc_weighted_ovr,fold,n_train,n_val,best_penalty,best_C,best_solver,inner_auc_score
0.4251968503937008,0.408182601205857,0.4050897170462388,0.4283256712476157,0.7244094488188977,0.8503937007874016,0.1800701754385965,0.2328779853173497,0.3199905348101249,0.6016551037989564,0.6057662771676207,1,740,127,l2,0.0001,lbfgs,0.6591509731706662
0.46113989637305697,0.452898293029872,0.44352995663340494,0.4662074201184439,0.6476683937823834,0.8911917098445595,0.22846909079279798,0.28300669588236604,0.32159589557153195,0.6386843016209575,0.6384533868829344,2,674,193,l2,0.0001,lbfgs,0.6525493598884806
0.4476744186046512,0.4451673142375229,0.4400262381819759,0.4495286280098517,0.6976744186046512,0.8546511627906976,0.1972619788425638,0.22612746135930561,0.32883469196503917,0.6305708404498728,0.6280015043096439,3,695,172,l2,0.0001,lbfgs,0.6716447095834381
0.5483870967741935,0.543221131369799,0.5152042844456258,0.556725737534178,0.5668202764976958,0.8847926267281107,0.35846653046508825,0.41756264060197035,0.5053876508115609,0.7402361047378107,0.7471161709361781,4,650,217,l2,0.0001,lbfgs,0.5823146299608859
0.5,0.5015151515151516,0.4933507029256907,0.5014665899876118,0.5949367088607594,0.9050632911392406,0.26635052361193434,0.3041625230856656,0.2858948804226781,0.6355545527657481,0.6280541584060989,5,709,158,l2,0.0001,lbfgs,0.656977606395834
