accuracy,balanced_accuracy,f1_macro,f1_weighted,mae,adjacent_accuracy,kappa_linear,kappa_quadratic,spearman_r,roc_auc_macro_ovr,roc_auc_weighted_ovr,fold,n_train,n_val,best_penalty,best_C,best_solver,inner_auc_score
0.40458015267175573,0.4349246945154874,0.3691836428678534,0.3532595434564096,0.7709923664122137,0.8244274809160306,0.20223093156466687,0.26334111166367014,0.38424004801138434,0.609920446588915,0.5979586286391475,1,736,131,l2,0.0001,liblinear,0.6431521950014621
0.42857142857142855,0.41921218877740624,0.3486824539945941,0.35776677544017454,0.7883597883597884,0.783068783068783,0.17063760859961719,0.21009209169365484,0.2506586241040129,0.5682265637384852,0.5630075683839124,2,678,189,l1,0.01,liblinear,0.6607482446328314
0.525,0.5186834733893558,0.4817103659050434,0.49538334915757004,0.63125,0.84375,0.33954552885401346,0.39290380942808323,0.440735476559593,0.6703488554976266,0.6734901939438601,3,707,160,l2,0.0001,liblinear,0.6254200458749412
0.44017094017094016,0.4752541610436347,0.38308476385899937,0.3872428807366999,0.7435897435897436,0.8162393162393162,0.20492091388400702,0.23669485358693199,0.34714362532036025,0.6941211778064034,0.6824263383605577,4,633,234,l2,0.0001,liblinear,0.6041003765289676
0.40522875816993464,0.4163548316090689,0.38683230487977466,0.40562386254017135,0.7450980392156863,0.8496732026143791,0.17741935483870974,0.22624691826284848,0.2893699050876114,0.631899687154397,0.6377745425715735,5,714,153,l2,0.001,liblinear,0.619293772149858
