accuracy,balanced_accuracy,f1_macro,f1_weighted,mae,adjacent_accuracy,kappa_linear,kappa_quadratic,spearman_r,roc_auc_macro_ovr,roc_auc_weighted_ovr,fold,n_train,n_val,best_penalty,best_C,best_solver,inner_auc_score
0.40336134453781514,0.42407407407407405,0.38670287934993813,0.3910346332491661,0.773109243697479,0.8235294117647058,0.1503957783641161,0.16626581616647496,0.2752010892092721,0.6118115235886131,0.6042752181358984,1,748,119,l2,0.001,lbfgs,0.6524116727839725
0.4198473282442748,0.493105764292205,0.39451068503151543,0.35634363489705606,0.7404580152671756,0.8396946564885496,0.24268430776565952,0.2921671525753159,0.34774649851770495,0.6919146915593911,0.6831984868291823,2,736,131,l2,0.0001,liblinear,0.6404119006134616
0.48823529411764705,0.5187574671445639,0.4421705213765909,0.4299846389662104,0.6882352941176471,0.8235294117647058,0.30371770636420914,0.3468634686346863,0.3057085091081858,0.6640671454146482,0.658301854906033,3,697,170,l2,0.0001,liblinear,0.651365575339051
0.46808510638297873,0.4543188099604028,0.40841851600306317,0.4433431010632169,0.6978723404255319,0.8340425531914893,0.248,0.31066666666666654,0.39262703614047445,0.6279697842950464,0.6289353358441857,4,632,235,l2,0.001,liblinear,0.6678443204428204
0.49528301886792453,0.501392891788985,0.46427420460546226,0.4831149714037017,0.6650943396226415,0.839622641509434,0.24917110418969146,0.2761550022871333,0.3533996657376782,0.6698360721346108,0.6562260536398469,5,655,212,l2,0.001,liblinear,0.6603430332591606
