roc_auc,pr_auc,accuracy,f1,balanced_accuracy,matthews_corrcoef,sensitivity,specificity,precision,pos_LR,sensitivity_at_spec100,fold,n_train,n_val,threshold,best_penalty,best_C,best_solver,best_inner_score
0.7448773083733873,0.7796757769460614,0.6756756756756757,0.7169811320754716,0.6877055400961295,0.3609116230795426,0.6440677966101694,0.7313432835820896,0.8085106382978723,2.3973634651600753,0.0,1,646,185,0.49716732606514175,l2,0.0001,liblinear,0.6894194206198354
0.6734628862695127,0.7534827752875821,0.5862068965517241,0.6417910447761194,0.5852182223638102,0.1648586966004278,0.589041095890411,0.5813953488372093,0.7049180327868853,1.4071537290715375,0.0136986301369863,2,715,116,0.5384623047328397,l2,0.001,liblinear,0.6995422700586084
0.6792569659442724,0.7064337429462346,0.6355140186915887,0.6694915254237288,0.6319327731092437,0.26335354696939467,0.6638655462184874,0.6,0.6752136752136753,1.6596638655462184,0.04201680672268908,3,617,214,0.4647677145220505,l2,0.001,liblinear,0.7054111227128281
0.7001754385964911,0.7549859488823517,0.7032258064516129,0.780952380952381,0.656578947368421,0.3485955804632862,0.8631578947368421,0.45,0.7130434782608696,1.569377990430622,0.031578947368421054,4,676,155,0.49081273547663645,l2,0.0001,liblinear,0.6929234706691424
0.7215705441511893,0.7671510181192202,0.6770186335403726,0.7425742574257426,0.6529814271749755,0.31013411153207543,0.7575757575757576,0.5483870967741935,0.7281553398058253,1.6774891774891774,0.08080808080808081,5,670,161,0.4905017224949064,l2,0.0001,liblinear,0.6509660788368352
