roc_auc,pr_auc,accuracy,f1,balanced_accuracy,matthews_corrcoef,sensitivity,specificity,precision,pos_LR,sensitivity_at_spec100,fold,n_train,n_val,threshold,best_penalty,best_C,best_solver,best_inner_score
0.7164335664335664,0.7600758381317823,0.6382978723404256,0.6421052631578947,0.6554778554778555,0.309874122597072,0.5545454545454546,0.7564102564102564,0.7625,2.2765550239234447,0.00909090909090909,1,679,188,0.5501689680314342,l2,0.0001,liblinear,0.7000633487193506
0.6429202237268177,0.7245556281303751,0.680327868852459,0.7515923566878981,0.6524874889608479,0.30341590479744956,0.7468354430379747,0.5581395348837209,0.7564102564102564,1.6902065289806796,0.0,2,745,122,0.46955426056482463,l2,0.0001,liblinear,0.6965621315937867
0.6687687687687688,0.7338472870582575,0.6783625730994152,0.7488584474885844,0.6527027027027027,0.3021563193091306,0.7387387387387387,0.5666666666666667,0.7592592592592593,1.7047817047817047,0.018018018018018018,3,696,171,0.5249789475397274,l2,0.0001,liblinear,0.7180156430951274
0.6937640672580432,0.6847526102457603,0.6724137931034483,0.6627218934911243,0.67516218721038,0.35184159405524507,0.6153846153846154,0.7349397590361446,0.717948717948718,2.321678321678322,0.0,4,693,174,0.564335583367069,l2,0.0001,liblinear,0.6694443748337552
0.7377471264367815,0.7704226777433992,0.6792452830188679,0.7068965517241379,0.6843218390804597,0.36268941839913504,0.656,0.7126436781609196,0.7663551401869159,2.28288,0.016,5,655,212,0.5516678895555738,l2,0.0001,liblinear,0.7102733673605816
