roc_auc,pr_auc,accuracy,f1,balanced_accuracy,matthews_corrcoef,sensitivity,specificity,precision,pos_LR,sensitivity_at_spec100,fold,n_train,n_val,threshold,best_penalty,best_C,best_solver,best_inner_score
0.6393581081081081,0.7073403345894121,0.6311475409836066,0.7058823529411765,0.6044481981981982,0.21360905233065308,0.7297297297297297,0.4791666666666667,0.6835443037974683,1.4010810810810812,0.013513513513513514,1,745,122,0.49761348489878726,l2,0.0001,liblinear,0.6958738999466381
0.6608333333333334,0.7086732618283513,0.672,0.7248322147651006,0.6708333333333334,0.32978834419499076,0.675,0.6666666666666666,0.782608695652174,2.025,0.0,2,742,125,0.4923298956567305,l2,0.001,lbfgs,0.6641044416639119
0.7231435828477513,0.7572857840163868,0.6723404255319149,0.6932270916334662,0.6811967727476468,0.35709743212950756,0.6304347826086957,0.7319587628865979,0.7699115044247787,2.3520066889632103,0.028985507246376812,3,632,235,0.536339959618619,l2,0.0001,liblinear,0.6636178616481743
0.6041906516233018,0.6500986636868755,0.5739130434782609,0.631578947368421,0.5632051577250748,0.1278310332397093,0.6511627906976745,0.4752475247524752,0.6131386861313869,1.2408951294427382,0.0,4,637,230,0.475843152773819,l2,0.001,lbfgs,0.6995513416001037
0.7,0.7728373567847329,0.6967741935483871,0.7513227513227513,0.6820175438596492,0.36295420218070484,0.7473684210526316,0.6166666666666667,0.7553191489361702,1.9496567505720825,0.05263157894736842,5,712,155,0.5409061189919874,l2,0.0001,liblinear,0.6723639342007157
