accuracy,balanced_accuracy,f1_macro,f1_weighted,mae,adjacent_accuracy,kappa_linear,kappa_quadratic,spearman_r,roc_auc_macro_ovr,roc_auc_weighted_ovr,fold,n_train,n_val,best_penalty,best_C,best_solver,inner_auc_score
0.484375,0.44887815687273686,0.443031591081013,0.4795292575465581,0.671875,0.84375,0.20942257971847167,0.24033819269447254,0.23808225956998844,0.6113905321017673,0.6127084024399233,1,611,256,l2,0.001,lbfgs,0.6281057026274472
0.46875,0.48877382094550104,0.4666914202074992,0.47573443352059924,0.703125,0.828125,0.2429022082018928,0.25761772853185594,0.27509205955230076,0.6577137936191753,0.6553480252082227,2,739,128,l2,0.001,lbfgs,0.5952564152745164
0.4601226993865031,0.4829295460874408,0.4564960192850573,0.45454299469867193,0.656441717791411,0.8834355828220859,0.2557077625570776,0.314271622131314,0.396993546350296,0.6459870293279256,0.6290405248171689,3,704,163,l2,0.001,lbfgs,0.6239138689121069
0.4378698224852071,0.4614413364413365,0.43801828600158776,0.4364846957010663,0.7337278106508875,0.8284023668639053,0.18153413529136075,0.1933385785470758,0.31869466665847007,0.6386976595411061,0.6270234744095834,4,698,169,l2,0.01,lbfgs,0.6177736854098741
0.47019867549668876,0.4891849529780565,0.4741608118657299,0.46481484353593794,0.6291390728476821,0.9006622516556292,0.26567699001791645,0.3415774235183312,0.2746716763892895,0.6315054904184069,0.6157452006593325,5,716,151,l2,0.001,lbfgs,0.6302435347393803
