accuracy,balanced_accuracy,f1_macro,f1_weighted,mae,adjacent_accuracy,kappa_linear,kappa_quadratic,spearman_r,roc_auc_macro_ovr,roc_auc_weighted_ovr,fold,n_train,n_val,best_penalty,best_C,best_solver,inner_auc_score
0.5078125,0.4852782217280862,0.44583008060686513,0.47761250691995405,0.6640625,0.828125,0.26436781609195403,0.3050943753550912,0.3363673179379209,0.6636723028438988,0.6620230839046145,1,611,256,l2,0.001,liblinear,0.6357331308287492
0.359375,0.3932642925673006,0.3342685508718179,0.3193492671738644,0.8515625,0.7890625,0.10253441399716967,0.1351351351351351,0.2080771518117403,0.6037260134490402,0.5951023853299073,2,739,128,l2,0.001,liblinear,0.6709958460677313
0.48466257668711654,0.4984126984126984,0.4739359583788776,0.481825354161569,0.6503067484662577,0.8650306748466258,0.2715851602023609,0.3045283877574241,0.3762785368527879,0.6669004123147194,0.6639006465110203,3,704,163,l2,0.001,liblinear,0.6357232815866286
0.4970414201183432,0.5352928321678322,0.4803524949802931,0.47135636157379646,0.6804733727810651,0.8224852071005917,0.2869721539421066,0.3066788569285229,0.3492333438115396,0.7007160248058307,0.6870335415144975,4,698,169,l2,0.001,liblinear,0.6553636818608646
0.4966887417218543,0.5272901428073842,0.4543227372490879,0.4482469087173895,0.6423841059602649,0.8609271523178808,0.32405740920208603,0.38493772893772904,0.3862221322770348,0.6718486234850934,0.657592622515734,5,716,151,l2,0.0001,liblinear,0.6551035293917564
