accuracy,balanced_accuracy,f1_macro,f1_weighted,mae,adjacent_accuracy,kappa_linear,kappa_quadratic,spearman_r,roc_auc_macro_ovr,roc_auc_weighted_ovr,fold,n_train,n_val,best_penalty,best_C,best_solver,inner_auc_score
0.37404580152671757,0.39840863881784605,0.373615806475847,0.3625192044001947,0.7557251908396947,0.8702290076335878,0.164852855946938,0.25328933270475296,0.34505818002639327,0.5847607099017703,0.5739426855971003,1,736,131,l2,0.0001,lbfgs,0.646534140420083
0.35978835978835977,0.3624303232998885,0.34215589391106943,0.34986961899653174,0.8624338624338624,0.7777777777777778,0.07444794952681377,0.1050209926956922,0.16608797081705243,0.5616225450727556,0.5639448650201339,2,678,189,l2,0.0001,lbfgs,0.663462001198132
0.48125,0.4873389355742297,0.4780069258811251,0.4859075783143926,0.6625,0.85625,0.27085124677558037,0.3129943502824859,0.29098334251941776,0.6276364038257272,0.6275172296844643,3,707,160,l2,0.0001,lbfgs,0.6354789112000251
0.5213675213675214,0.5235222672064777,0.5019623233908947,0.5275815454386883,0.5982905982905983,0.8803418803418803,0.286740692357936,0.30946430184588514,0.32792385431456855,0.6731072804981463,0.662868792369325,4,633,234,l2,0.0001,lbfgs,0.6102081592567965
0.477124183006536,0.5100398659720694,0.47275507367250497,0.4850120198204387,0.6601307189542484,0.8627450980392157,0.25994923614769405,0.28874223854881187,0.3987458416590728,0.6926908921230769,0.6852061820570733,5,714,153,l2,0.0001,lbfgs,0.6136938532414659
