accuracy,balanced_accuracy,f1_macro,f1_weighted,mae,adjacent_accuracy,kappa_linear,kappa_quadratic,spearman_r,roc_auc_macro_ovr,roc_auc_weighted_ovr,fold,n_train,n_val,best_penalty,best_C,best_solver,inner_auc_score
0.42578125,0.394409314463515,0.32661925565909344,0.36827946594492944,0.828125,0.74609375,0.11767192326450981,0.1400789675290235,0.19248818315457875,0.5925769228276423,0.5902128310205662,1,611,256,l2,0.01,lbfgs,0.635269536500959
0.3828125,0.44876497921252145,0.32111592111592113,0.292122113997114,0.828125,0.7890625,0.19314938154138916,0.24080664294187426,0.2897084797590897,0.5885731559879251,0.5788939513925808,2,739,128,l2,0.01,lbfgs,0.6343401100222825
0.3987730061349693,0.44152046783625726,0.32085470085470086,0.29022180273714016,0.7730061349693251,0.8282208588957055,0.20500116126035461,0.2631029857419642,0.3664060287354752,0.621551712622611,0.6101751239270506,3,704,163,l1,0.1,liblinear,0.6247632622342122
0.42011834319526625,0.4764714452214452,0.3549079909848502,0.3312864931389807,0.7692307692307693,0.8106508875739645,0.23858043945380192,0.29462134251290883,0.33541015421841275,0.6496527964297755,0.6352288803860011,4,698,169,l2,0.01,liblinear,0.6162123129737432
0.4370860927152318,0.47575757575757577,0.3547196098920237,0.33614980589175614,0.7417218543046358,0.8211920529801324,0.24120603015075381,0.3001842648947456,0.3610513993527589,0.6611371508611379,0.6488736793267551,5,716,151,l1,0.1,liblinear,0.6061663262971884
