accuracy,balanced_accuracy,f1_macro,f1_weighted,mae,adjacent_accuracy,kappa_linear,kappa_quadratic,spearman_r,roc_auc_macro_ovr,roc_auc_weighted_ovr,fold,n_train,n_val,best_penalty,best_C,best_solver,inner_auc_score
0.4094488188976378,0.415389032443296,0.40712435839952893,0.41569771991254806,0.7322834645669292,0.8582677165354331,0.17237754887534162,0.22703467799009203,0.3293587293433021,0.6133310437379959,0.6143506969833826,1,740,127,l2,0.01,lbfgs,0.6362786242885659
0.46113989637305697,0.45311759127548606,0.4419524655016665,0.4616303836792165,0.689119170984456,0.8497409326424871,0.18165588038384284,0.18945007585918772,0.22921514136687957,0.6472940013927438,0.6464420318906998,2,674,193,l2,0.001,lbfgs,0.6332713439969918
0.3953488372093023,0.3988659980121081,0.3932270097218551,0.3965689016755907,0.7674418604651163,0.8372093023255814,0.10501419110690635,0.12149532710280375,0.22758891693348726,0.6041186464810754,0.5966701902748415,3,695,172,l2,0.01,lbfgs,0.6504105831107049
0.48847926267281105,0.5025829827021973,0.47081375754910454,0.49910666542448057,0.6497695852534562,0.8617511520737328,0.27210657785179015,0.32255960239186143,0.37533554150394594,0.69646440904706,0.6891006036446926,4,650,217,l2,0.001,lbfgs,0.6375429615262713
0.4810126582278481,0.47807125307125314,0.47116654438738076,0.48500484473626376,0.6392405063291139,0.879746835443038,0.21919953028672068,0.2313991740743334,0.2766927379255887,0.6481399118832214,0.642757565712178,5,709,158,l2,0.001,lbfgs,0.6482829073376386
