roc_auc,pr_auc,accuracy,f1,balanced_accuracy,matthews_corrcoef,sensitivity,specificity,precision,pos_LR,sensitivity_at_spec100,fold,n_train,n_val,threshold,best_penalty,best_C,best_solver,best_inner_score
0.6454315733475197,0.6820750084510419,0.5909090909090909,0.6043956043956044,0.6026067296183003,0.20327617067978498,0.5339805825242718,0.6712328767123288,0.6962025316455697,1.624190938511327,0.02912621359223301,1,655,176,0.4865609341655984,l2,0.0001,liblinear,0.7022766931797418
0.6682588965846668,0.7119727137544505,0.6439393939393939,0.7403314917127072,0.5938619536661094,0.2195888844133137,0.8481012658227848,0.33962264150943394,0.6568627450980392,1.2842676311030738,0.0379746835443038,2,699,132,0.4613067129296428,l2,0.0001,liblinear,0.6583192678693643
0.67041015625,0.6907242877984305,0.6294642857142857,0.6795366795366795,0.6197916666666667,0.24061355083389038,0.6875,0.5520833333333334,0.6717557251908397,1.5348837209302326,0.0078125,3,607,224,0.47270890386605324,l1,0.01,liblinear,0.6805966299627826
0.6744281045751634,0.7956528438065871,0.6333333333333333,0.7058823529411765,0.6256127450980392,0.23649298649016312,0.6470588235294118,0.6041666666666666,0.7764705882352941,1.6346749226006192,0.00980392156862745,4,681,150,0.5008167850615712,l1,0.01,liblinear,0.6697014131116197
0.7044241037376049,0.7428973378419661,0.6711409395973155,0.7379679144385026,0.6469298245614035,0.29710681564412506,0.75,0.543859649122807,0.7263157894736842,1.6442307692307694,0.0,5,682,149,0.4806907442740183,l2,0.0001,liblinear,0.655880489091516
