roc_auc,pr_auc,accuracy,f1,balanced_accuracy,matthews_corrcoef,sensitivity,specificity,precision,pos_LR,sensitivity_at_spec100,fold,n_train,n_val,threshold,best_penalty,best_C,best_solver,best_inner_score
0.6907129850119064,0.7478361567850043,0.6308724832214765,0.6666666666666666,0.633048512863613,0.2614505875288012,0.6214689265536724,0.6446280991735537,0.7189542483660131,1.7487846537905662,0.01694915254237288,1,595,298,0.5008316524170507,l2,0.0001,liblinear,0.6924076082522765
0.7845002536783359,0.8481345431538883,0.6629834254143646,0.6995073891625616,0.6643201420598681,0.3228368319946127,0.6574074074074074,0.6712328767123288,0.7473684210526316,1.9996141975308643,0.10185185185185185,2,712,181,0.5589438790124874,l2,0.001,liblinear,0.6539980522003372
0.6289887640449437,0.7046080324064483,0.6474820143884892,0.7351351351351352,0.6020224719101124,0.21185367337314853,0.7640449438202247,0.44,0.7083333333333334,1.364365971107544,0.0,3,754,139,0.5302005267802229,l2,0.0001,liblinear,0.7068422900821997
0.6270129870129869,0.6883061127176008,0.6,0.6538461538461539,0.5948051948051948,0.18560408444097032,0.6181818181818182,0.5714285714285714,0.6938775510204082,1.4424242424242424,0.0,4,713,180,0.5253664971444837,l2,0.001,lbfgs,0.7167345572286783
0.7362240289069557,0.7313135517821306,0.6842105263157895,0.7169811320754716,0.6811201445347788,0.3604538432199505,0.7037037037037037,0.6585365853658537,0.7307692307692307,2.060846560846561,0.05555555555555555,5,798,95,0.5229996932504215,l2,0.001,lbfgs,0.6959445476230448
