model_type,val_auprc_mean_mean,val_auprc_mean_std
Soft_Clip_with_Frozen_Teacher,0.5820719003677368,0.05112907503617083
Soft_Clip_with_Teacher,0.5852598110834758,0.051230200922622336
Soft_Clip_with_Teacher_with_centering,0.5832145909468333,0.04994121033353393
Vanilla_Clip_with_VAE,0.5917730163782835,0.06439234108357972
Vanilla_Clip_without_VAE,0.5926093254238367,0.06437667242280758
