roc_auc,pr_auc,accuracy,f1,balanced_accuracy,matthews_corrcoef,sensitivity,specificity,precision,pos_LR,sensitivity_at_spec100,fold,n_train,n_val,threshold,best_penalty,best_C,best_solver,best_inner_score
0.706891495601173,0.8061203000613167,0.6927374301675978,0.7717842323651453,0.6568181818181817,0.30410938407506843,0.75,0.5636363636363636,0.7948717948717948,1.7187499999999998,0.016129032258064516,1,714,179,0.4800462281163489,l2,0.0001,liblinear,0.6549698999967656
0.6996228889981965,0.7158419534692005,0.6470588235294118,0.680327868852459,0.6444089194949991,0.2932756164697345,0.7280701754385965,0.5607476635514018,0.6384615384615384,1.6575214632325495,0.07894736842105263,2,672,221,0.458337249241864,l2,0.0001,liblinear,0.6390429030139188
0.62152133580705,0.7023287117600171,0.6031746031746031,0.6987951807228916,0.5602968460111317,0.12908391500142577,0.7532467532467533,0.3673469387755102,0.651685393258427,1.1906158357771262,0.0,3,767,126,0.4543411362681731,l2,0.0001,liblinear,0.6604899296176249
0.6218144750254843,0.7071566432283956,0.6627906976744186,0.7583333333333333,0.599970875200233,0.22607859074620232,0.8348623853211009,0.36507936507936506,0.6946564885496184,1.314908256880734,0.027522935779816515,4,721,172,0.4778593949726798,l2,0.0001,lbfgs,0.6722410088860737
0.6614684860298895,0.679513358747612,0.5743589743589743,0.5743589743589743,0.5912930474333983,0.1825860948667966,0.49122807017543857,0.691358024691358,0.691358024691358,1.5915789473684208,0.02631578947368421,5,698,195,0.5198071700686063,l2,0.0001,liblinear,0.6528920369308826
