roc_auc,pr_auc,accuracy,f1,balanced_accuracy,matthews_corrcoef,sensitivity,specificity,precision,pos_LR,sensitivity_at_spec100,fold,n_train,n_val,threshold,best_penalty,best_C,best_solver,best_inner_score
0.6176868842508288,0.6689432684525157,0.587248322147651,0.6434782608695652,0.5780221319512537,0.15452573223041274,0.6271186440677966,0.5289256198347108,0.6607142857142857,1.3312518584597086,0.0,1,595,298,0.47124878134457904,l2,0.001,lbfgs,0.6656682169274586
0.6864535768645358,0.7251169959089405,0.6519337016574586,0.7149321266968326,0.6328640284119736,0.26916404198930816,0.7314814814814815,0.5342465753424658,0.6991150442477876,1.5705337690631809,0.018518518518518517,2,712,181,0.4454885192871398,l2,0.01,liblinear,0.6037645696718135
0.5373033707865168,0.7145707945594095,0.60431654676259,0.7317073170731707,0.5113483146067416,0.029312202729345524,0.8426966292134831,0.18,0.646551724137931,1.0276788161140038,0.06741573033707865,3,754,139,0.42572145824633334,l2,0.01,lbfgs,0.646832509228112
0.6680519480519481,0.7355553656524161,0.6111111111111112,0.6354166666666666,0.6272727272727272,0.24916712705774097,0.5545454545454546,0.7,0.7439024390243902,1.8484848484848482,0.045454545454545456,4,713,180,0.5224399462115862,l2,0.001,lbfgs,0.6158246911833138
0.7064137308039746,0.7135766487020891,0.6421052631578947,0.6792452830188679,0.6382113821138211,0.2750595412102365,0.6666666666666666,0.6097560975609756,0.6923076923076923,1.7083333333333333,0.018518518518518517,5,798,95,0.49144486506817636,l2,0.01,liblinear,0.6334138826700823
