roc_auc,pr_auc,accuracy,f1,balanced_accuracy,matthews_corrcoef,sensitivity,specificity,precision,pos_LR,sensitivity_at_spec100,fold,n_train,n_val,threshold,best_penalty,best_C,best_solver,best_inner_score
0.651048951048951,0.7606082647645356,0.5904255319148937,0.6051282051282051,0.6015151515151516,0.2009909169618744,0.5363636363636364,0.6666666666666666,0.6941176470588235,1.609090909090909,0.11818181818181818,1,679,188,0.4851543026138729,l2,0.01,lbfgs,0.6713611794591029
0.6782455107447748,0.7788479312661302,0.6967213114754098,0.7784431137724551,0.6439505445981749,0.30676816375692595,0.8227848101265823,0.46511627906976744,0.7386363636363636,1.5382498624105667,0.10126582278481013,2,745,122,0.43998834517171087,l2,0.01,liblinear,0.647085798246604
0.6692192192192192,0.7864817172824556,0.6374269005847953,0.7019230769230769,0.6288288288288288,0.24818666423436428,0.6576576576576577,0.6,0.7525773195876289,1.6441441441441442,0.09009009009009009,3,696,171,0.48417877682035226,l2,0.01,liblinear,0.6675376273048942
0.629286376274328,0.6110476832575533,0.6091954022988506,0.6494845360824743,0.6051899907321594,0.21380426687819168,0.6923076923076923,0.5180722891566265,0.6116504854368932,1.4365384615384615,0.01098901098901099,4,693,174,0.49169384858401133,l2,0.001,lbfgs,0.6634204696898242
0.7032643678160919,0.7360253379355939,0.6509433962264151,0.672566371681416,0.6603218390804597,0.31580219064304005,0.608,0.7126436781609196,0.7524752475247525,2.11584,0.032,5,655,212,0.5239007337073643,l2,0.01,lbfgs,0.6679681749784137
