roc_auc,pr_auc,accuracy,f1,balanced_accuracy,matthews_corrcoef,sensitivity,specificity,precision,pos_LR,sensitivity_at_spec100,fold,n_train,n_val,threshold,best_penalty,best_C,best_solver,best_inner_score
0.6204819277108434,0.6640932370976251,0.5191256830601093,0.4567901234567901,0.5343975903614457,0.07236166183144688,0.37,0.6987951807228916,0.5967741935483871,1.2284000000000002,0.01,1,684,183,0.5355476139415574,l2,1.0,liblinear,0.6626940543596233
0.6672126672126673,0.6890717826787689,0.6589595375722543,0.728110599078341,0.6354763854763855,0.2878755001671637,0.797979797979798,0.47297297297297297,0.6694915254237288,1.5141155141155143,0.0,2,694,173,0.4992555468948649,l2,0.01,liblinear,0.6416045355685103
0.6601204128440367,0.7735080651238976,0.6473988439306358,0.7239819004524887,0.6169724770642202,0.23639755999714057,0.7339449541284404,0.5,0.7142857142857143,1.4678899082568808,0.07339449541284404,3,694,173,0.49170285685217097,l2,0.1,lbfgs,0.6617497765483441
0.5761542792792793,0.6727862172541508,0.6342857142857142,0.7288135593220338,0.5826998873873874,0.17633819114887636,0.7747747747747747,0.390625,0.688,1.2714252714252714,0.0,4,692,175,0.4957286716634823,l2,0.01,liblinear,0.6661475898954616
0.6702592939706342,0.6960597323503324,0.6196319018404908,0.696078431372549,0.5932521087160262,0.19277938459236296,0.7319587628865979,0.45454545454545453,0.6635514018691588,1.3419243986254297,0.0,5,704,163,0.49709336725717906,l2,0.01,liblinear,0.6529151205191408
