accuracy,balanced_accuracy,f1_macro,f1_weighted,mae,adjacent_accuracy,kappa_linear,kappa_quadratic,spearman_r,roc_auc_macro_ovr,roc_auc_weighted_ovr,fold,n_train,n_val,best_penalty,best_C,best_solver,inner_auc_score
0.4954128440366973,0.49844469329351754,0.430228376943211,0.44739046167081986,0.6880733944954128,0.8165137614678899,0.28956287477187803,0.32992997273747804,0.4028784062150015,0.6675120776380643,0.6646645431490813,1,758,109,l2,0.0001,liblinear,0.6326366390365772
0.38016528925619836,0.43804682425372077,0.37248501272891515,0.3441199945432963,0.7768595041322314,0.8429752066115702,0.17111208278676582,0.22473546257644883,0.27669477332547016,0.6503757016159907,0.6421349940034813,2,746,121,l2,0.001,liblinear,0.6646581484353665
0.5061728395061729,0.5274572422113405,0.5036631577558147,0.5001863854943267,0.5987654320987654,0.8950617283950617,0.3133193497640272,0.37075253513609674,0.3155641833926284,0.6416686265555782,0.6302527275365333,3,705,162,l1,0.1,liblinear,0.6616930813895413
0.4581497797356828,0.4531746031746032,0.3716444203484497,0.3909078589595126,0.73568281938326,0.8061674008810573,0.1945052376601576,0.23328079261427603,0.2876770024201082,0.6453713917999632,0.6393184967760173,4,640,227,l2,0.0001,liblinear,0.6554257606713155
0.4879032258064516,0.4930929533631329,0.4473526473526474,0.4526408179633986,0.6653225806451613,0.8467741935483871,0.29123220286139884,0.347197343702215,0.3775550838283748,0.6802021515710893,0.6745967741935485,5,619,248,l2,0.001,liblinear,0.6506305678785109
