roc_auc,pr_auc,accuracy,f1,balanced_accuracy,matthews_corrcoef,sensitivity,specificity,precision,pos_LR,sensitivity_at_spec100,fold,n_train,n_val,threshold,best_penalty,best_C,best_solver,best_inner_score
0.6891566265060242,0.6840301464330749,0.6666666666666666,0.6737967914438503,0.6704216867469879,0.33978066222384007,0.63,0.7108433734939759,0.7241379310344828,2.1787499999999995,0.0,1,684,183,0.49238903716251775,l2,0.001,liblinear,0.6913404056844306
0.6567021567021566,0.6866076768733067,0.5838150289017341,0.5764705882352941,0.5988260988260988,0.19879517734407956,0.494949494949495,0.7027027027027027,0.6901408450704225,1.6648301193755741,0.0,2,694,173,0.499875401333545,l1,0.1,liblinear,0.6952799855118952
0.7395355504587157,0.8031030933458189,0.7225433526011561,0.7837837837837838,0.6959575688073394,0.3975396283169508,0.7981651376146789,0.59375,0.7699115044247787,1.964714184897671,0.05504587155963303,3,694,173,0.5001066136969979,l2,0.001,liblinear,0.6822019259656558
0.6638513513513513,0.774089219010597,0.5657142857142857,0.6481481481481481,0.5418778153153153,0.08234207744353866,0.6306306306306306,0.453125,0.6666666666666666,1.1531531531531531,0.018018018018018018,4,692,175,0.5064833271371921,l1,0.1,liblinear,0.6916264626576774
0.7207122774133083,0.7784225621413601,0.6748466257668712,0.7282051282051282,0.6614339268978444,0.32367780891924663,0.7319587628865979,0.5909090909090909,0.7244897959183674,1.7892325315005728,0.1134020618556701,5,704,163,0.5328065994227069,l2,0.001,liblinear,0.6706108761676249
