n_pairs,pairwise_accuracy,both_correct_rate,mean_delta,median_delta,std_delta,n_positive_delta,per_drug_accuracy,per_drug_roc_auc,per_drug_pr_auc,n_train,n_test,best_penalty,best_C,best_solver,inner_cv_score,threshold,seed
13,0.46153846153846156,0.5384615384615384,-0.023238361981303617,-0.0025640264847350824,0.10269828713907694,6,0.7692307692307693,0.5340909090909092,0.8443291650651628,867,26,l2,0.01,liblinear,0.6560769019610417,0.5228922160505278,2
