roc_auc,pr_auc,accuracy,f1,balanced_accuracy,matthews_corrcoef,sensitivity,specificity,precision,pos_LR,sensitivity_at_spec100,fold,n_train,n_val,threshold,best_penalty,best_C,best_solver,best_inner_score
0.6397058823529412,0.6428079490616335,0.6084656084656085,0.6574074074074074,0.6001696832579186,0.20283273875166766,0.6826923076923077,0.5176470588235295,0.6339285714285714,1.4153377110694185,0.0,1,678,189,0.4857090590486284,l1,0.1,liblinear,0.6670830047460444
0.658,0.6924390180754618,0.6583333333333333,0.7092198581560284,0.6471428571428571,0.2951725642548538,0.7142857142857143,0.58,0.704225352112676,1.7006802721088434,0.0,2,747,120,0.4581400780070541,l1,0.1,liblinear,0.6549375691214072
0.6390123456790123,0.7274205703157577,0.6311111111111111,0.6770428015564203,0.6277777777777778,0.25128984465310944,0.6444444444444445,0.6111111111111112,0.7131147540983607,1.6571428571428575,0.05925925925925926,3,642,225,0.45414233936147624,l2,0.01,liblinear,0.6410936754729619
0.6835171568627452,0.7422504612891536,0.6385542168674698,0.7058823529411765,0.6185661764705883,0.23713235294117646,0.7058823529411765,0.53125,0.7058823529411765,1.5058823529411767,0.00980392156862745,4,701,166,0.4804933352878934,l2,0.001,liblinear,0.6575628743040424
0.6337941628264209,0.7123055881767296,0.6646706586826348,0.7407407407407407,0.6309523809523809,0.26802690173321364,0.7619047619047619,0.5,0.7207207207207207,1.5238095238095237,0.0,5,700,167,0.442690055101897,l1,0.1,liblinear,0.6531549001074932
