accuracy,balanced_accuracy,f1_macro,f1_weighted,mae,adjacent_accuracy,kappa_linear,kappa_quadratic,spearman_r,roc_auc_macro_ovr,roc_auc_weighted_ovr,fold,n_train,n_val,best_penalty,best_C,best_solver,inner_auc_score
0.3779527559055118,0.37450473729543504,0.36977558994223303,0.3848061218022087,0.7716535433070866,0.8503937007874016,0.13364889322010298,0.19999999999999996,0.39678148416951575,0.6189187624083825,0.622460574189277,1,740,127,l2,0.0001,lbfgs,0.6715408812233079
0.47150259067357514,0.4654160739687055,0.45694785694785695,0.4760049734142998,0.6424870466321243,0.8860103626943006,0.22374310736295822,0.26158050557959456,0.3054213692941507,0.6377982385667528,0.6416032078029419,2,674,193,l2,0.0001,lbfgs,0.6522730766660232
0.42441860465116277,0.4292566488961176,0.42232050920147185,0.4279767344477827,0.7267441860465116,0.8488372093023255,0.1712920135676841,0.20328692557311834,0.3008032124600349,0.6303396003111373,0.6276549032362985,3,695,172,l2,0.0001,lbfgs,0.6663777496962584
0.5299539170506913,0.5578424497428704,0.5151225813162774,0.5392809343152417,0.6036866359447005,0.8663594470046083,0.33518089758881175,0.3787697481028188,0.44201547620528586,0.7223188491751767,0.7207532202461047,4,650,217,l2,0.0001,lbfgs,0.5888872926861175
0.5316455696202531,0.5087223587223587,0.5115671200473093,0.5301566745764996,0.5569620253164557,0.9113924050632911,0.27401837928153716,0.2904924125116135,0.30369859762906537,0.646622943874282,0.6385973717279683,5,709,158,l2,0.001,lbfgs,0.6552192795038831
