n_pairs,pairwise_accuracy,both_correct_rate,mean_delta,median_delta,std_delta,n_positive_delta,per_drug_accuracy,per_drug_roc_auc,per_drug_pr_auc,n_train,n_test,best_penalty,best_C,best_solver,inner_cv_score,threshold,seed
13,0.38461538461538464,0.38461538461538464,0.003743346407503153,-0.006864333380509069,0.11850360720426,5,0.6923076923076923,0.6477272727272727,0.9179286723696836,867,26,l2,0.01,liblinear,0.6573864900576915,0.4929656177870812,0
