roc_auc,pr_auc,accuracy,f1,balanced_accuracy,matthews_corrcoef,sensitivity,specificity,precision,pos_LR,sensitivity_at_spec100,fold,n_train,n_val,threshold,best_penalty,best_C,best_solver,best_inner_score
0.6324181724798058,0.7108911765372742,0.6140939597315436,0.6742209631728046,0.6006210020077509,0.2009841005338945,0.672316384180791,0.5289256198347108,0.6761363636363636,1.4271979383486968,0.05084745762711865,1,595,298,0.4300268236117892,l1,0.1,liblinear,0.6829484461585343
0.6917808219178081,0.763098883644135,0.6685082872928176,0.7222222222222222,0.6556316590563166,0.3112633181126332,0.7222222222222222,0.589041095890411,0.7222222222222222,1.7574074074074075,0.046296296296296294,2,712,181,0.504543797664297,l1,0.1,liblinear,0.6305301785782558
0.5631460674157304,0.6811238388250713,0.6115107913669064,0.6931818181818182,0.5826966292134832,0.16403499537818,0.6853932584269663,0.48,0.7011494252873564,1.3180639585133966,0.011235955056179775,3,754,139,0.4936208277284997,l1,0.1,liblinear,0.6677302009640907
0.6572727272727273,0.7062486457742102,0.6888888888888889,0.7647058823529411,0.6493506493506493,0.3212741748173908,0.8272727272727273,0.4714285714285714,0.7109375,1.565110565110565,0.0,4,713,180,0.46481082133043505,l2,0.01,liblinear,0.6528903377169055
0.7479674796747967,0.7331744771320927,0.7157894736842105,0.7326732673267327,0.7206413730803976,0.4371557627480792,0.6851851851851852,0.7560975609756098,0.7872340425531915,2.8092592592592593,0.018518518518518517,5,798,95,0.5084119197464912,l1,0.1,liblinear,0.645166006114432
