accuracy,balanced_accuracy,f1_macro,f1_weighted,mae,adjacent_accuracy,kappa_linear,kappa_quadratic,spearman_r,roc_auc_macro_ovr,roc_auc_weighted_ovr,fold,n_train,n_val,best_penalty,best_C,best_solver,inner_auc_score
0.4566929133858268,0.4633074935400517,0.3714905999227079,0.37764210200724846,0.7559055118110236,0.7874015748031497,0.22590476190476183,0.26725132702515586,0.3146960141476558,0.588950168928033,0.5851194440971675,1,740,127,l2,0.0001,liblinear,0.6611761796380391
0.43005181347150256,0.4545222854433381,0.3828774062816616,0.38411106036505666,0.7461139896373057,0.8238341968911918,0.20589747985599172,0.2436129700151587,0.3009654802763039,0.6376811637960916,0.6355807392306085,2,674,193,l2,0.001,liblinear,0.655955903137782
0.3430232558139535,0.37210475588084696,0.3034188034188034,0.2859194049524527,0.8953488372093024,0.7616279069767442,0.07202914798206284,0.09859655356191166,0.1587317157055612,0.5648438939828883,0.5577502439421045,3,695,172,l2,0.001,liblinear,0.6823263280517224
0.5253456221198156,0.5122604020570359,0.3998990345958251,0.46164760402878247,0.663594470046083,0.8110599078341014,0.311566424322538,0.3642468239564428,0.4342980171350725,0.7195712600293999,0.7140023317392356,4,650,217,l2,0.0001,lbfgs,0.6041497402955434
0.3987341772151899,0.4723996723996724,0.38093377728449873,0.34156995743126484,0.7658227848101266,0.8354430379746836,0.2063926940639269,0.24861179833965585,0.3501425065516077,0.7084242921832128,0.704949928457703,5,709,158,l2,0.001,liblinear,0.6419117680636957
