accuracy,balanced_accuracy,f1_macro,f1_weighted,mae,adjacent_accuracy,kappa_linear,kappa_quadratic,spearman_r,roc_auc_macro_ovr,roc_auc_weighted_ovr,fold,n_train,n_val,best_penalty,best_C,best_solver,inner_auc_score
0.46875,0.4029080675422139,0.32956989247311824,0.37797379032258066,0.7421875,0.7890625,0.14675648177384837,0.18130110965637136,0.23523146541247697,0.5926436392630483,0.5955927675346455,1,611,256,l1,0.01,liblinear,0.6303690940730164
0.34375,0.3912937148447053,0.28518841422067226,0.2597173786689916,0.90625,0.75,0.09375,0.11764705882352944,0.2240173232825403,0.6055177801769803,0.59692796707942,2,739,128,l2,0.0001,liblinear,0.6255576640815883
0.43558282208588955,0.5096351991088833,0.37327240109789056,0.33518283534406007,0.7055214723926381,0.8588957055214724,0.2992785316436769,0.37619149492500414,0.4137021266193647,0.6647477622466895,0.6509015479349785,3,704,163,l2,0.0001,liblinear,0.6075917677502847
0.4319526627218935,0.4868881118881119,0.36317046404539965,0.33781075675054056,0.7514792899408284,0.8165680473372781,0.2507243847093733,0.3071216295364325,0.38324942748563146,0.6769692266284872,0.6638985179428679,4,698,169,l2,0.0001,liblinear,0.6304466754862657
0.4370860927152318,0.48049460118425635,0.36358792323906686,0.34616710898250125,0.7483443708609272,0.8145695364238411,0.24073332443376494,0.29413879899316786,0.33646729228302336,0.6503313761708212,0.6345475203896734,5,716,151,l2,0.0001,liblinear,0.62792636621947
