accuracy,balanced_accuracy,f1_macro,f1_weighted,mae,adjacent_accuracy,kappa_linear,kappa_quadratic,spearman_r,roc_auc_macro_ovr,roc_auc_weighted_ovr,fold,n_train,n_val,best_penalty,best_C,best_solver,inner_auc_score
0.3949579831932773,0.41641975308641976,0.38751576397185716,0.38811048612993587,0.7647058823529411,0.8403361344537815,0.13319458896982317,0.1594480643924875,0.21911763695663655,0.5979764240474358,0.5901026303744892,1,748,119,l2,0.001,liblinear,0.6298368435413086
0.366412213740458,0.4404145760077964,0.3330739173435802,0.29119952295181734,0.8320610687022901,0.8015267175572519,0.16433545970620944,0.20088659871935743,0.23671744726171812,0.6295641066209021,0.6187978980728258,2,736,131,l1,0.01,liblinear,0.6213995085875241
0.45294117647058824,0.4721112817887012,0.4207891863978365,0.4142269864155828,0.7470588235294118,0.8,0.2284877072612922,0.25742574257425754,0.2888401467503571,0.6374671055367066,0.6338744650092644,3,697,170,l2,0.0001,liblinear,0.624661499184729
0.4595744680851064,0.4461950888942039,0.3834204407805972,0.4173652107308713,0.7319148936170212,0.8085106382978723,0.22086433555649798,0.27393867924528303,0.3299255225213125,0.6119064599952629,0.6110942394055552,4,632,235,l2,0.0001,liblinear,0.652364337578406
0.49528301886792453,0.4675747475530438,0.42380280099390105,0.4535329410862162,0.6745283018867925,0.8301886792452831,0.221788684669884,0.24715909090909083,0.3758600883025255,0.6711662280367889,0.6710664321927087,5,655,212,l2,0.0001,liblinear,0.6199969422145943
