accuracy,balanced_accuracy,f1_macro,f1_weighted,mae,adjacent_accuracy,kappa_linear,kappa_quadratic,spearman_r,roc_auc_macro_ovr,roc_auc_weighted_ovr,fold,n_train,n_val,best_penalty,best_C,best_solver,inner_auc_score
0.3949579831932773,0.45154320987654323,0.37407407407407406,0.35294117647058826,0.7983193277310925,0.8067226890756303,0.16414048059149722,0.18250913520097445,0.29601968459378586,0.5964547588117927,0.5766954311194737,1,748,119,l2,0.0001,liblinear,0.6346400407648205
0.4122137404580153,0.45050241660411156,0.4119348467111588,0.3963932608191167,0.732824427480916,0.8549618320610687,0.1903167653875869,0.23625130525583005,0.2579035268804802,0.6137376638482018,0.6023712062543791,2,736,131,l2,0.001,liblinear,0.6641017123575191
0.4235294117647059,0.4517494452978324,0.37390640855207785,0.35937616806537603,0.788235294117647,0.788235294117647,0.2000280938334036,0.23760177646188008,0.28924065982514985,0.625933649272972,0.6181093722639627,3,697,170,l1,0.01,liblinear,0.6376322901208684
0.44680851063829785,0.4191647399612002,0.4094659726238674,0.4433816127881077,0.7148936170212766,0.8382978723404255,0.17347066951388013,0.2174150402620444,0.3459395758004143,0.6411628529685257,0.6388481686565446,4,632,235,l2,0.001,liblinear,0.6511251552055717
0.49528301886792453,0.49070191880826713,0.440994046877133,0.4700072198090866,0.6792452830188679,0.8254716981132075,0.2537400997359929,0.2809534181784237,0.42056789604423955,0.6760734346808781,0.6691157303947607,5,655,212,l2,0.0001,liblinear,0.6246808900281184
