accuracy,balanced_accuracy,f1_macro,f1_weighted,mae,adjacent_accuracy,kappa_linear,kappa_quadratic,spearman_r,roc_auc_macro_ovr,roc_auc_weighted_ovr,fold,n_train,n_val,best_penalty,best_C,best_solver,inner_auc_score
0.4453125,0.43212964893181693,0.4260298307357131,0.4517085375816994,0.71875,0.8359375,0.15432675044883304,0.16634669129261948,0.2613407809980174,0.6111710950955374,0.6131988807035973,1,611,256,l2,0.01,lbfgs,0.6546628025602503
0.40625,0.4195120115883139,0.4046603138481961,0.4099617986417295,0.7421875,0.8515625,0.16837641909451506,0.2154838709677419,0.2532501636961181,0.6067478516987362,0.5980135556958474,2,739,128,l2,0.001,lbfgs,0.623306843951655
0.5214723926380368,0.521400724032303,0.5107918263090677,0.5283971511176927,0.6012269938650306,0.8773006134969326,0.30438947918481096,0.32588108367297997,0.4004852245527271,0.672316748505336,0.6667882864260539,3,704,163,l2,0.001,lbfgs,0.61508366033578
0.48520710059171596,0.5207483488733489,0.48119501981394563,0.47662709420907945,0.650887573964497,0.863905325443787,0.3005493265106479,0.3505764114691102,0.39329600731978953,0.682636179686217,0.670258575609871,4,698,169,l2,0.001,lbfgs,0.621695849990797
0.4503311258278146,0.45907349355625215,0.4444746672469444,0.45195487091100495,0.7086092715231788,0.8410596026490066,0.19796475552246207,0.22053485196656342,0.308520361843311,0.6550499729757285,0.6461729835538126,5,716,151,l2,0.001,lbfgs,0.6416373034508537
