roc_auc,pr_auc,accuracy,f1,balanced_accuracy,matthews_corrcoef,sensitivity,specificity,precision,pos_LR,sensitivity_at_spec100,fold,n_train,n_val,threshold,best_penalty,best_C,best_solver,best_inner_score
0.7656891495601172,0.8453219369484174,0.6927374301675978,0.759825327510917,0.6871700879765397,0.35070997474349536,0.7016129032258065,0.6727272727272727,0.8285714285714286,2.1438172043010755,0.016129032258064516,1,714,179,0.5023689099633374,l2,0.001,liblinear,0.7124982346937019
0.7329070339399901,0.747983468577485,0.665158371040724,0.6782608695652174,0.6645351696999509,0.32931340505367585,0.6842105263157895,0.6448598130841121,0.6724137931034483,1.9265927977839334,0.02631578947368421,2,672,221,0.5524393481476237,l2,0.001,lbfgs,0.6967618715643681
0.7020938245428041,0.7474787421625105,0.6666666666666666,0.72,0.6567717996289425,0.309629247408713,0.7012987012987013,0.6122448979591837,0.7397260273972602,1.8086124401913877,0.025974025974025976,3,767,126,0.5132428686935014,l2,0.0001,liblinear,0.685800935016863
0.652978010776176,0.7541668763236031,0.627906976744186,0.6952380952380952,0.6126401630988787,0.22045346472957025,0.6697247706422018,0.5555555555555556,0.7227722772277227,1.5068807339449541,0.027522935779816515,4,721,172,0.5352113100319253,l2,0.001,liblinear,0.7298925815432206
0.6362356508555339,0.6741859110820544,0.6153846153846154,0.6511627906976745,0.6156595191682911,0.2281296318140676,0.6140350877192983,0.6172839506172839,0.693069306930693,1.6044142614601018,0.0,5,698,195,0.5658419132297289,l1,0.1,liblinear,0.7198647649674287
