n_pairs,pairwise_accuracy,both_correct_rate,mean_delta,median_delta,std_delta,n_positive_delta,per_drug_accuracy,per_drug_roc_auc,per_drug_pr_auc,n_train,n_test,best_penalty,best_C,best_solver,inner_cv_score,threshold,seed
38,0.631578947368421,0.2894736842105263,0.07647135583526428,0.07512565895991011,0.15131396089430482,24,0.5806451612903226,0.5955882352941178,0.6568747236501272,831,62,l2,0.01,lbfgs,0.6738941532183667,0.4725410847762483,2
