roc_auc,pr_auc,accuracy,f1,balanced_accuracy,matthews_corrcoef,sensitivity,specificity,precision,pos_LR,sensitivity_at_spec100,fold,n_train,n_val,threshold,best_penalty,best_C,best_solver,best_inner_score
0.6972644376899695,0.7369343542210699,0.6581196581196581,0.6875,0.6653495440729483,0.3242581822587641,0.6285714285714286,0.7021276595744681,0.7586206896551724,2.110204081632653,0.02857142857142857,1,714,117,0.5065034577437701,l2,0.01,liblinear,0.6318230716124866
0.6579520697167756,0.726632770114271,0.6193181818181818,0.6598984771573604,0.6244553376906319,0.24241262123787835,0.6018518518518519,0.6470588235294118,0.7303370786516854,1.705246913580247,0.018518518518518517,2,655,176,0.4382348964910899,l2,0.01,liblinear,0.6684668238507525
0.6893939393939394,0.7898037131664418,0.6993865030674846,0.7782805429864253,0.6526936026936027,0.3131265091313367,0.7962962962962963,0.509090909090909,0.7610619469026548,1.6220850480109736,0.046296296296296294,3,668,163,0.46598037797215025,l1,0.1,liblinear,0.6303668958609554
0.609189723320158,0.6695243507281525,0.5759493670886076,0.6455026455026455,0.558794466403162,0.11911913901207663,0.6630434782608695,0.45454545454545453,0.6288659793814433,1.2155797101449275,0.0,4,673,158,0.4747264803488561,l2,0.001,liblinear,0.6401299010511723
0.6413744985173556,0.6610036057151978,0.6589861751152074,0.6967213114754098,0.655982905982906,0.30906823390117116,0.6746031746031746,0.6373626373626373,0.7203389830508474,1.86026936026936,0.0,5,614,217,0.4784038115502585,l1,0.1,liblinear,0.7071006743600895
