roc_auc,pr_auc,accuracy,f1,balanced_accuracy,matthews_corrcoef,sensitivity,specificity,precision,pos_LR,sensitivity_at_spec100,fold,n_train,n_val,threshold,best_penalty,best_C,best_solver,best_inner_score
0.6815454545454545,0.626911046605185,0.638095238095238,0.6576576576576577,0.6422727272727273,0.28802271743863717,0.73,0.5545454545454546,0.5983606557377049,1.6387755102040817,0.04,1,683,210,0.4634971929949004,l1,0.01,liblinear,0.6650668390257868
0.6628131021194604,0.7752798061899473,0.642023346303502,0.7070063694267515,0.6422378199834847,0.2681447058011246,0.6416184971098265,0.6428571428571429,0.7872340425531915,1.7965317919075146,0.023121387283236993,2,636,257,0.4807935172245003,l2,0.001,lbfgs,0.696496117401284
0.6189629629629629,0.7024636449679,0.5833333333333334,0.6428571428571429,0.5777777777777777,0.15114173098063569,0.6,0.5555555555555556,0.6923076923076923,1.35,0.02666666666666667,3,773,120,0.5483348251163725,l2,0.001,liblinear,0.6939748454607717
0.7038721413721414,0.7387590898924551,0.6685393258426966,0.7203791469194313,0.6559251559251559,0.31387566727260724,0.7307692307692307,0.581081081081081,0.7102803738317757,1.7444168734491312,0.028846153846153848,4,715,178,0.48541675879124424,l1,0.01,liblinear,0.663168322687148
0.6431339977851606,0.7665771271606598,0.671875,0.7717391304347826,0.5913621262458472,0.20253328158896922,0.8255813953488372,0.35714285714285715,0.7244897959183674,1.2842377260981914,0.03488372093023256,5,765,128,0.4792507330640826,l1,0.01,liblinear,0.6950182716922347
