accuracy,balanced_accuracy,f1_macro,f1_weighted,mae,adjacent_accuracy,kappa_linear,kappa_quadratic,spearman_r,roc_auc_macro_ovr,roc_auc_weighted_ovr,fold,n_train,n_val,best_penalty,best_C,best_solver,inner_auc_score
0.4369747899159664,0.45512345679012345,0.4340895656250637,0.4425276990267764,0.7058823529411765,0.8571428571428571,0.18678815489749434,0.20943587433847544,0.25340686223293807,0.6367945955651315,0.6316863077037979,1,748,119,l2,0.0001,lbfgs,0.6314011549672585
0.48091603053435117,0.5104631714801207,0.4805167629531912,0.4762022562195006,0.648854961832061,0.8702290076335878,0.2644824625140366,0.294008423531543,0.28796206593893503,0.6639677802497573,0.6556502980659019,2,736,131,l2,0.0001,lbfgs,0.6456487566458732
0.43529411764705883,0.450810718552654,0.43532686004081883,0.4316126599071814,0.7176470588235294,0.8470588235294118,0.20365535248041766,0.2441355343179843,0.2545728722473119,0.6216137646956861,0.6142316738948954,3,697,170,l2,0.0001,lbfgs,0.6522534502601094
0.4595744680851064,0.4559764410428127,0.4322522794076526,0.45899672927919805,0.7021276595744681,0.8382978723404255,0.22655735742923822,0.2763687472050086,0.30175580082748504,0.6515390817082171,0.6539269177232525,4,632,235,l2,0.0001,lbfgs,0.6527869664875688
0.46226415094339623,0.4711497581817712,0.449323027029178,0.47362263362597845,0.6792452830188679,0.8584905660377359,0.2262381507578446,0.26175275681950105,0.3347513833558291,0.6594457217905125,0.6552304560508005,5,655,212,l2,0.0001,lbfgs,0.6380728346888256
