n_pairs,pairwise_accuracy,both_correct_rate,mean_delta,median_delta,std_delta,n_positive_delta,per_drug_accuracy,per_drug_roc_auc,per_drug_pr_auc,n_train,n_test,best_penalty,best_C,best_solver,inner_cv_score,threshold,seed
38,0.6052631578947368,0.18421052631578946,0.06701532598765296,0.015923322315874122,0.1665676190436237,23,0.5161290322580645,0.5766806722689075,0.6174251120156727,831,62,l2,0.01,lbfgs,0.6823609207128112,0.5106302655227705,0
