roc_auc,pr_auc,accuracy,f1,balanced_accuracy,matthews_corrcoef,sensitivity,specificity,precision,pos_LR,sensitivity_at_spec100,fold,n_train,n_val,threshold,best_penalty,best_C,best_solver,best_inner_score
0.6331168831168831,0.7974646405099172,0.6371681415929203,0.7320261437908496,0.5858585858585859,0.17049148030566963,0.7272727272727273,0.4444444444444444,0.7368421052631579,1.309090909090909,0.12987012987012986,1,718,113,0.5182804415894016,l2,0.001,lbfgs,0.6646954222075697
0.6740350877192982,0.7596989541454635,0.672566371681416,0.7516778523489933,0.6364912280701754,0.271274519940249,0.7466666666666667,0.5263157894736842,0.7567567567567568,1.5762962962962963,0.0,2,718,113,0.5193971141209132,l2,0.001,lbfgs,0.6891768472107659
0.7411818598259277,0.803012314488663,0.6941176470588235,0.7614678899082569,0.6704840433653994,0.33607721085858955,0.7477477477477478,0.5932203389830508,0.7757009345794392,1.8382132132132132,0.02702702702702703,3,661,170,0.5130596055347951,l2,0.01,liblinear,0.6487018061351842
0.6854757085020242,0.6619814353958836,0.6560283687943262,0.6596491228070176,0.6592105263157895,0.31796278270934064,0.618421052631579,0.7,0.706766917293233,2.06140350877193,0.0,4,549,282,0.5033002334482113,l2,0.01,lbfgs,0.7028517630120932
0.6555477528089888,0.7051885556473296,0.6209150326797386,0.6463414634146342,0.625877808988764,0.24841981154041148,0.5955056179775281,0.65625,0.7066666666666667,1.7323799795709909,0.0449438202247191,5,678,153,0.5592900052827456,l2,0.01,lbfgs,0.6922726209717943
