accuracy,balanced_accuracy,f1_macro,f1_weighted,mae,adjacent_accuracy,kappa_linear,kappa_quadratic,spearman_r,roc_auc_macro_ovr,roc_auc_weighted_ovr,fold,n_train,n_val,best_penalty,best_C,best_solver,inner_auc_score
0.4117647058823529,0.4890123456790123,0.3614163614163614,0.317911780096654,0.7394957983193278,0.8487394957983193,0.24596774193548387,0.30813953488372103,0.29343464498238775,0.6421995355759608,0.6356617875557691,1,748,119,l2,0.01,lbfgs,0.621147916754477
0.33587786259541985,0.40891312077752756,0.2959339269919308,0.24943689754250595,0.8778625954198473,0.7862595419847328,0.12131816856226307,0.15579423403052572,0.19673115947016173,0.596826500954567,0.5888199039987717,2,736,131,l2,0.01,liblinear,0.6283926924189457
0.4470588235294118,0.4671616316777607,0.38880384402772467,0.37652686792282936,0.7588235294117647,0.7941176470588235,0.22437575157388412,0.2591213700670142,0.29133165016367807,0.6281193442577625,0.6197446175147109,3,697,170,l2,0.01,liblinear,0.6235629720379029
0.425531914893617,0.40951128119269714,0.38183226724804054,0.4134380968356501,0.7702127659574468,0.8042553191489362,0.15368391730834274,0.19539725340189384,0.19582331754845628,0.5589550619238991,0.5503580723694604,4,632,235,l2,0.1,lbfgs,0.6307281972333412
0.44339622641509435,0.440405136552722,0.3340517775300384,0.35387279751512735,0.75,0.8066037735849056,0.19277743186934237,0.23961185855458977,0.3315954256402967,0.6333018448053578,0.6267947001342096,5,655,212,l2,0.001,lbfgs,0.6005182417917191
