accuracy,balanced_accuracy,f1_macro,f1_weighted,mae,adjacent_accuracy,kappa_linear,kappa_quadratic,spearman_r,roc_auc_macro_ovr,roc_auc_weighted_ovr,fold,n_train,n_val,best_penalty,best_C,best_solver,inner_auc_score
0.44140625,0.4139624302225928,0.4074261603375528,0.4460166139240506,0.71875,0.83984375,0.17413563363489726,0.2159355210132412,0.2624682904639903,0.6319520222475662,0.6319522035788001,1,611,256,l2,0.0001,lbfgs,0.6511944333300508
0.40625,0.42527795022292453,0.4044762459439221,0.39815565458856805,0.7421875,0.8515625,0.15754468615768324,0.2052287581699347,0.21177262409043787,0.5809689203628549,0.5642583778206037,2,739,128,l2,0.001,lbfgs,0.6742164509177583
0.48466257668711654,0.48631300473405736,0.47914620646897843,0.48947452442039974,0.6073619631901841,0.9079754601226994,0.2749696724625962,0.3367086211791427,0.3742582134616923,0.6469608173197526,0.6363704049706206,3,704,163,l2,0.001,lbfgs,0.6386916385316981
0.4970414201183432,0.5337145493395493,0.4983568835019893,0.4884202545920297,0.6272189349112426,0.8757396449704142,0.3047966470040361,0.3521214319017769,0.4322389709787332,0.6970785764521761,0.6810331976673104,4,698,169,l2,0.001,lbfgs,0.6564431878242134
0.5298013245033113,0.5369383490073146,0.5260683760683761,0.5329257938529461,0.5695364238410596,0.9006622516556292,0.3247712146422629,0.3638872748402091,0.4303666619488018,0.7236512248144759,0.7119980529164428,5,716,151,l2,0.0001,lbfgs,0.6402600950433672
