accuracy,balanced_accuracy,f1_macro,f1_weighted,mae,adjacent_accuracy,kappa_linear,kappa_quadratic,spearman_r,roc_auc_macro_ovr,roc_auc_weighted_ovr,fold,n_train,n_val,best_penalty,best_C,best_solver,inner_auc_score
0.484375,0.4507987245114616,0.4473701472186907,0.49586665158089654,0.640625,0.875,0.2628695835381698,0.32081267890805,0.3479109966081327,0.6467117174255117,0.6609198893373138,1,611,256,l2,0.001,lbfgs,0.6093184517566672
0.3671875,0.398621065899129,0.3667815259694082,0.3635453250459006,0.8671875,0.765625,0.0705220463168913,0.05930892212480665,0.2205697388183659,0.6145856535696844,0.607899397852797,2,739,128,l2,0.01,lbfgs,0.6224208335065222
0.4171779141104294,0.447577276524645,0.41750841750841755,0.416899051868377,0.7361963190184049,0.8466257668711656,0.19206939281288726,0.2321972845663618,0.32208834574773704,0.6358445271862879,0.6334818879075579,3,704,163,l2,0.001,lbfgs,0.6095872380045184
0.4378698224852071,0.47558517871017864,0.43772779740459616,0.42966382775184975,0.7041420118343196,0.8579881656804734,0.23266816742340402,0.2859456040480708,0.3506923547698777,0.6288789075313534,0.615243267676197,4,698,169,l2,0.01,lbfgs,0.6363488620320351
0.45695364238410596,0.4913270637408569,0.4550000757502402,0.449966752558671,0.6821192052980133,0.8609271523178808,0.2525830169638138,0.30481028734719806,0.27711532803813926,0.6328403575250354,0.6227870250895173,5,716,151,l2,0.001,lbfgs,0.6320493233033677
