accuracy,balanced_accuracy,f1_macro,f1_weighted,mae,adjacent_accuracy,kappa_linear,kappa_quadratic,spearman_r,roc_auc_macro_ovr,roc_auc_weighted_ovr,fold,n_train,n_val,best_penalty,best_C,best_solver,inner_auc_score
0.4117647058823529,0.45660493827160503,0.41261700373441973,0.4078118370875194,0.7310924369747899,0.8571428571428571,0.18538043905893464,0.2270653282516506,0.28252984935570247,0.6252257641013365,0.6116670215290327,1,748,119,l2,0.0001,lbfgs,0.6568738740771822
0.4580152671755725,0.4714682680784376,0.454969465553911,0.456019545539434,0.6564885496183206,0.8854961832061069,0.22153123272526254,0.26247330615414477,0.28331649894077654,0.6750057742201653,0.6715207739252356,2,736,131,l2,0.001,lbfgs,0.6479144161575308
0.4823529411764706,0.49771292029356545,0.48216012622792287,0.4809310806319779,0.6647058823529411,0.8529411764705882,0.2691371176381069,0.30282292557741664,0.30948087414056796,0.6508843487586529,0.6432846537576609,3,697,170,l2,0.0001,lbfgs,0.6676403873310541
0.44680851063829785,0.4375830476494193,0.4179080484406816,0.4450103407310794,0.7106382978723405,0.8425531914893617,0.20452011756359578,0.25962481207922083,0.3459581402009321,0.6468426709084927,0.6441277360601854,4,632,235,l2,0.001,lbfgs,0.6658618299103036
0.5377358490566038,0.5635010675705195,0.5282372598162072,0.5482704402515723,0.6132075471698113,0.8490566037735849,0.3156195679165631,0.32089429014893833,0.36378045871674347,0.6854634188982479,0.6743027857140612,5,655,212,l2,0.0001,lbfgs,0.6408557351043606
