roc_auc,pr_auc,accuracy,f1,balanced_accuracy,matthews_corrcoef,sensitivity,specificity,precision,pos_LR,sensitivity_at_spec100,fold,n_train,n_val,threshold,best_penalty,best_C,best_solver,best_inner_score
0.64975,0.7333832558666773,0.6,0.6533333333333333,0.59625,0.18786076404259264,0.6125,0.58,0.7,1.4583333333333333,0.0125,1,737,130,0.5014380306141712,l2,0.001,lbfgs,0.7011669981097677
0.6353677621283255,0.6993745412406877,0.6206896551724138,0.6901408450704225,0.6006259780907668,0.20125195618153366,0.6901408450704225,0.5111111111111111,0.6901408450704225,1.411651728553137,0.0,2,751,116,0.5673250736770842,l2,0.001,liblinear,0.6868639496239928
0.6739705882352941,0.6538049315644063,0.6363636363636364,0.6809815950920245,0.631029411764706,0.26900552148280393,0.74,0.5220588235294118,0.6306818181818182,1.5483076923076924,0.0,3,581,286,0.4527094159266251,l2,0.0001,lbfgs,0.6991163116549254
0.6876254180602006,0.809107000818698,0.6287425149700598,0.7075471698113207,0.6145484949832776,0.21499833073098626,0.6521739130434783,0.5769230769230769,0.7731958762886598,1.5415019762845847,0.0,4,700,167,0.5291996857685815,l2,0.0001,liblinear,0.6612222356758645
0.6826470588235294,0.7117862250744541,0.6785714285714286,0.7378640776699029,0.6594117647058824,0.32430679190798406,0.76,0.5588235294117647,0.7169811320754716,1.7226666666666668,0.01,5,699,168,0.4843660574050162,l2,0.001,liblinear,0.682881471105571
