roc_auc,pr_auc,accuracy,f1,balanced_accuracy,matthews_corrcoef,sensitivity,specificity,precision,pos_LR,sensitivity_at_spec100,fold,n_train,n_val,threshold,best_penalty,best_C,best_solver,best_inner_score
0.6511216056670602,0.7218063501628422,0.6335078534031413,0.6875,0.6324675324675324,0.2561068526214244,0.6363636363636364,0.6285714285714286,0.7475728155339806,1.7132867132867131,0.008264462809917356,1,702,191,0.5054631202236465,l2,0.0001,liblinear,0.6783326509402351
0.6886837498010505,0.7399959965655587,0.6707317073170732,0.7352941176470589,0.650962915804552,0.3000218187263137,0.7281553398058253,0.5737704918032787,0.7425742574257426,1.7083644510828977,0.0,2,729,164,0.49359322827128516,l2,0.0001,lbfgs,0.653030533520331
0.7335874108679616,0.7061219217252586,0.6353591160220995,0.5925925925925926,0.6485124170149987,0.30957218183501073,0.4897959183673469,0.8072289156626506,0.75,2.5408163265306127,0.0,3,712,181,0.5770210756873346,l2,0.0001,liblinear,0.6560944909253611
0.6705985146352119,0.7552406176105992,0.6569767441860465,0.7330316742081447,0.6255278869957769,0.25378684178989713,0.7431192660550459,0.5079365079365079,0.7232142857142857,1.5102101213376737,0.027522935779816515,4,721,172,0.480452771043803,l2,0.0001,liblinear,0.6935455973274463
0.6677450275581116,0.6771290156361938,0.6810810810810811,0.7400881057268722,0.6617541337167505,0.33463955390042205,0.7850467289719626,0.5384615384615384,0.7,1.700934579439252,0.0,5,708,185,0.46281813314641146,l2,0.001,liblinear,0.6550769900996788
