roc_auc,pr_auc,accuracy,f1,balanced_accuracy,matthews_corrcoef,sensitivity,specificity,precision,pos_LR,sensitivity_at_spec100,fold,n_train,n_val,threshold,best_penalty,best_C,best_solver,best_inner_score
0.7510822510822511,0.8430276989316755,0.6814159292035398,0.7464788732394366,0.6774891774891775,0.33459634181310466,0.6883116883116883,0.6666666666666666,0.8153846153846154,2.0649350649350646,0.03896103896103896,1,718,113,0.5030137698689499,l2,0.0001,liblinear,0.7274445447703757
0.6957894736842105,0.7929257977428067,0.6371681415929203,0.7132867132867133,0.6163157894736843,0.22450725772662636,0.68,0.5526315789473685,0.75,1.5200000000000002,0.04,2,718,113,0.5478204930959061,l2,0.0001,liblinear,0.7305405309740853
0.7509543441746831,0.8154373089138177,0.7352941176470589,0.7982062780269058,0.7059856466636127,0.41364848876717536,0.8018018018018018,0.6101694915254238,0.7946428571428571,2.056795926361144,0.009009009009009009,3,661,170,0.4674850416914221,l2,0.0001,liblinear,0.6967611219225216
0.6594635627530365,0.6733263858043297,0.599290780141844,0.654434250764526,0.5904352226720648,0.18580190603501356,0.7039473684210527,0.47692307692307695,0.6114285714285714,1.3457817337461302,0.019736842105263157,4,549,282,0.47393024021425084,l2,0.001,lbfgs,0.7577858204399768
0.6832865168539326,0.709934039319526,0.6470588235294118,0.6966292134831461,0.637377106741573,0.27475421348314605,0.6966292134831461,0.578125,0.6966292134831461,1.6512692467748649,0.0,5,678,153,0.5136068205494013,l2,0.001,liblinear,0.721292321596726
