roc_auc,pr_auc,accuracy,f1,balanced_accuracy,matthews_corrcoef,sensitivity,specificity,precision,pos_LR,sensitivity_at_spec100,fold,n_train,n_val,threshold,best_penalty,best_C,best_solver,best_inner_score
0.7100233100233101,0.7339611738539336,0.6436170212765957,0.6854460093896714,0.6395104895104895,0.27621828657102604,0.6636363636363637,0.6153846153846154,0.7087378640776699,1.7254545454545458,0.02727272727272727,1,679,188,0.4944714114640013,l2,0.001,lbfgs,0.6816618105454383
0.6390933176332058,0.7181173563204407,0.639344262295082,0.7066666666666667,0.6261407123932883,0.2443536249348592,0.6708860759493671,0.5813953488372093,0.7464788732394366,1.6026722925457104,0.012658227848101266,2,745,122,0.5060056944019805,l1,0.1,liblinear,0.6969770555818915
0.6573573573573573,0.7394356077681995,0.6140350877192983,0.6796116504854369,0.6069819819819819,0.20549873413169661,0.6306306306306306,0.5833333333333334,0.7368421052631579,1.5135135135135136,0.02702702702702703,3,696,171,0.5478539268300958,l1,0.1,liblinear,0.7041480550913042
0.6544419435985701,0.6716681248762157,0.6091954022988506,0.66,0.6036012180590493,0.21393639446945914,0.7252747252747253,0.4819277108433735,0.6055045871559633,1.3999488883209812,0.03296703296703297,4,693,174,0.505438315246223,l2,0.0001,lbfgs,0.671233366814086
0.7237701149425287,0.7643222001247708,0.6509433962264151,0.6837606837606838,0.6533333333333333,0.3018209238524005,0.64,0.6666666666666666,0.7339449541284404,1.92,0.016,5,655,212,0.5165909945182628,l2,0.01,liblinear,0.6892838295827464
