n_pairs,pairwise_accuracy,both_correct_rate,mean_delta,median_delta,std_delta,n_positive_delta,per_drug_accuracy,per_drug_roc_auc,per_drug_pr_auc,n_train,n_test,best_penalty,best_C,best_solver,inner_cv_score,threshold,seed
13,0.23076923076923078,0.5384615384615384,-0.033486628941838334,-0.043485111109029195,0.04902195607612062,3,0.7307692307692307,0.34090909090909094,0.7830845552310419,867,26,l1,0.01,liblinear,0.6899167980356152,0.4891843209103968,0
