roc_auc,pr_auc,accuracy,f1,balanced_accuracy,matthews_corrcoef,sensitivity,specificity,precision,pos_LR,sensitivity_at_spec100,fold,n_train,n_val,threshold,best_penalty,best_C,best_solver,best_inner_score
0.6393581081081081,0.701690429097541,0.6311475409836066,0.7204968944099379,0.5898085585585585,0.19399500672456144,0.7837837837837838,0.3958333333333333,0.6666666666666666,1.2972972972972971,0.02702702702702703,1,745,122,0.4914710484258914,l1,0.01,liblinear,0.6918244792742476
0.6902777777777778,0.7353253357039017,0.656,0.7225806451612903,0.6388888888888888,0.2721655269759087,0.7,0.5777777777777777,0.7466666666666667,1.6578947368421049,0.0,2,742,125,0.49524899536773154,l1,0.01,liblinear,0.684944616048035
0.7445838936202002,0.7837574075575107,0.6851063829787234,0.7063492063492064,0.6935977887344987,0.3814263461834275,0.644927536231884,0.7422680412371134,0.7807017543859649,2.5023188405797105,0.021739130434782608,3,632,235,0.5181633327913423,l2,0.0001,liblinear,0.6538193089178125
0.6348146442551232,0.6590861732316728,0.6086956521739131,0.6153846153846154,0.6157034308081971,0.23055902048194635,0.5581395348837209,0.6732673267326733,0.6857142857142857,1.7082452431289643,0.0,4,637,230,0.591772796369474,l2,0.001,liblinear,0.7109397169930841
0.7254385964912281,0.7773891813937365,0.6645161290322581,0.7078651685393258,0.6649122807017543,0.3221180987120057,0.6631578947368421,0.6666666666666666,0.7590361445783133,1.989473684210526,0.0,5,712,155,0.5459387482130843,l2,0.001,liblinear,0.6905087659094308
