roc_auc,pr_auc,accuracy,f1,balanced_accuracy,matthews_corrcoef,sensitivity,specificity,precision,pos_LR,sensitivity_at_spec100,fold,n_train,n_val,threshold,best_penalty,best_C,best_solver,best_inner_score
0.6630067567567568,0.688301425418992,0.6147540983606558,0.6713286713286714,0.6055743243243243,0.20809531592610953,0.6486486486486487,0.5625,0.6956521739130435,1.4826254826254828,0.013513513513513514,1,745,122,0.5554505962550006,l2,0.0001,liblinear,0.7084260336275879
0.7219444444444445,0.8028445329008692,0.656,0.7189542483660131,0.64375,0.27997934780076555,0.6875,0.6,0.7534246575342466,1.71875,0.05,2,742,125,0.5058302589994739,l2,0.001,liblinear,0.7141154861177174
0.7488420738084567,0.7820959351707789,0.6936170212765957,0.71875,0.6993127147766323,0.39251519706725063,0.6666666666666666,0.7319587628865979,0.7796610169491526,2.487179487179487,0.043478260869565216,3,632,235,0.5227985134937995,l2,0.0001,liblinear,0.6861659419401236
0.6351216517000537,0.6756258652272833,0.5782608695652174,0.6008230452674898,0.5799754394044055,0.15876718779763901,0.5658914728682171,0.594059405940594,0.6403508771929824,1.3940253356021932,0.015503875968992248,4,637,230,0.5250529305106358,l2,0.0001,lbfgs,0.7279118610583838
0.7594736842105264,0.8213791932296741,0.6967741935483871,0.7486631016042781,0.6850877192982456,0.36709700312451676,0.7368421052631579,0.6333333333333333,0.7608695652173914,2.0095693779904304,0.1368421052631579,5,712,155,0.5065678378050118,l2,0.0001,liblinear,0.7026126170704583
