accuracy,balanced_accuracy,f1_macro,f1_weighted,mae,adjacent_accuracy,kappa_linear,kappa_quadratic,spearman_r,roc_auc_macro_ovr,roc_auc_weighted_ovr,fold,n_train,n_val,best_penalty,best_C,best_solver,inner_auc_score
0.46484375,0.4112987283718991,0.33264653165150676,0.38013177483793154,0.75390625,0.78125,0.1626330418276727,0.1973024097376429,0.3327018448237565,0.6380565308154307,0.6388391359833407,1,611,256,l2,0.0001,liblinear,0.6505618412366212
0.3671875,0.41560848053878136,0.322004010125807,0.30003804355628294,0.859375,0.7734375,0.1334318069916297,0.16469857054070847,0.2269130291725645,0.620745989184472,0.6131408428214897,2,739,128,l2,0.001,liblinear,0.648121426284292
0.4294478527607362,0.500375939849624,0.3693010777845367,0.33445816861505745,0.7177914110429447,0.852760736196319,0.2904342002455631,0.3644998936698093,0.4094814657500433,0.6667103379303777,0.6527987260164819,3,704,163,l2,0.0001,liblinear,0.6237857755516043
0.3727810650887574,0.4031784188034188,0.35940195287154414,0.3537468743389443,0.8875739644970414,0.7396449704142012,0.07978800638884864,0.07057029300305018,0.2091729836483761,0.6022236613792812,0.5894763506155475,4,698,169,l2,0.01,liblinear,0.6573355234874652
0.4966887417218543,0.5274817136886102,0.458955223880597,0.45438371058614213,0.6490066225165563,0.8543046357615894,0.3178130186243776,0.3718654792594328,0.39824609405990724,0.6963021175536023,0.6812624322970875,5,716,151,l2,0.001,liblinear,0.6508093082681871
