accuracy,balanced_accuracy,f1_macro,f1_weighted,mae,adjacent_accuracy,kappa_linear,kappa_quadratic,spearman_r,roc_auc_macro_ovr,roc_auc_weighted_ovr,fold,n_train,n_val,best_penalty,best_C,best_solver,inner_auc_score
0.44537815126050423,0.44697530864197527,0.4373668659382945,0.45224669954561914,0.6722689075630253,0.8823529411764706,0.1932203389830509,0.22995805871779507,0.2619801288193282,0.6434571980738603,0.6388605453575906,1,748,119,l2,0.001,lbfgs,0.6293691530314317
0.48854961832061067,0.5072103038204733,0.4869022045492634,0.4893424591673357,0.648854961832061,0.8625954198473282,0.25162981383157457,0.26305267562415724,0.2796057806101488,0.6741101495483536,0.6724406351765179,2,736,131,l2,0.001,lbfgs,0.6199255122511419
0.4176470588235294,0.42063492063492064,0.41379047916040196,0.41523234537441706,0.7411764705882353,0.8411764705882353,0.1652377240841777,0.20424403183023865,0.2526210211912603,0.6052261379170635,0.6005695314886078,3,697,170,l2,0.001,lbfgs,0.6432941619927632
0.4808510638297872,0.47273379574264524,0.46120018239645627,0.48586205461929144,0.6680851063829787,0.851063829787234,0.23405094562893136,0.2686955925697445,0.27130566831329483,0.6368411768128316,0.6280766371132357,4,632,235,l2,0.01,lbfgs,0.6381676701190291
0.49056603773584906,0.5015667096513542,0.4800986125444329,0.4977213752101303,0.6367924528301887,0.8726415094339622,0.2543768236765319,0.28495966878435286,0.299370789459674,0.6542032854843487,0.6417388527958243,5,655,212,l2,0.001,lbfgs,0.6339835540819784
