roc_auc,pr_auc,accuracy,f1,balanced_accuracy,matthews_corrcoef,sensitivity,specificity,precision,pos_LR,sensitivity_at_spec100,fold,n_train,n_val,threshold,best_penalty,best_C,best_solver,best_inner_score
0.7366522366522367,0.8135281490898361,0.6902654867256637,0.75177304964539,0.6913780663780664,0.3598576536418924,0.6883116883116883,0.6944444444444444,0.828125,2.2526564344746163,0.0,1,718,113,0.5228659960403096,l2,0.001,liblinear,0.721125517388535
0.691578947368421,0.7608696433333565,0.7256637168141593,0.7973856209150327,0.6829824561403509,0.3739216013051761,0.8133333333333334,0.5526315789473685,0.782051282051282,1.8180392156862748,0.013333333333333334,2,718,113,0.5301947993147621,l2,0.0001,liblinear,0.7043485911268093
0.7700412276683464,0.8248954704864643,0.7352941176470589,0.7926267281105991,0.7178958619636586,0.42817721587797847,0.7747747747747747,0.6610169491525424,0.8113207547169812,2.2855855855855856,0.0,3,661,170,0.491018543318338,l2,0.0001,liblinear,0.681728819885371
0.661993927125506,0.6758198333942423,0.6099290780141844,0.6726190476190477,0.5986336032388664,0.2065030237722838,0.743421052631579,0.45384615384615384,0.6141304347826086,1.3611934766493698,0.006578947368421052,4,549,282,0.4588644939292133,l2,0.001,lbfgs,0.7229695561350963
0.6983848314606742,0.7137397607748042,0.6797385620915033,0.7351351351351352,0.6632724719101124,0.3331615773248152,0.7640449438202247,0.5625,0.7083333333333334,1.7463884430176564,0.0,5,678,153,0.48577173519886074,l2,0.001,liblinear,0.6984740765706837
