roc_auc,pr_auc,accuracy,f1,balanced_accuracy,matthews_corrcoef,sensitivity,specificity,precision,pos_LR,sensitivity_at_spec100,fold,n_train,n_val,threshold,best_penalty,best_C,best_solver,best_inner_score
0.7261904761904762,0.8177844424394983,0.6814159292035398,0.7391304347826086,0.6922799422799423,0.3594959502605442,0.6623376623376623,0.7222222222222222,0.8360655737704918,2.384415584415584,0.03896103896103896,1,718,113,0.5246430949667655,l2,0.0001,liblinear,0.7004736991163734
0.6410526315789474,0.7412053552707147,0.6991150442477876,0.7792207792207793,0.65,0.30902291191649883,0.8,0.5,0.759493670886076,1.6,0.0,2,718,113,0.5009656918015205,l2,0.001,liblinear,0.7088087267025992
0.75385555046572,0.8275542267134325,0.7,0.7649769585253456,0.6789586196365858,0.35166341766572584,0.7477477477477478,0.6101694915254238,0.7830188679245284,1.9181355268311793,0.018018018018018018,3,661,170,0.5073983583941583,l2,0.0001,liblinear,0.6744252853822338
0.6694838056680161,0.675826066980573,0.599290780141844,0.6062717770034843,0.6015688259109311,0.20270214591942637,0.5723684210526315,0.6307692307692307,0.6444444444444445,1.5501644736842104,0.019736842105263157,4,549,282,0.5226990332008024,l2,0.0001,lbfgs,0.7236860493569827
0.6743328651685394,0.7040065526713017,0.6143790849673203,0.650887573964497,0.6136762640449438,0.22453205672995633,0.6179775280898876,0.609375,0.6875,1.5820224719101121,0.0,5,678,153,0.5364225921762649,l2,0.0001,liblinear,0.6844581612467342
