accuracy,balanced_accuracy,f1_macro,f1_weighted,mae,adjacent_accuracy,kappa_linear,kappa_quadratic,spearman_r,roc_auc_macro_ovr,roc_auc_weighted_ovr,fold,n_train,n_val,best_penalty,best_C,best_solver,inner_auc_score
0.4409448818897638,0.45076083835773756,0.38990638990638987,0.4000461480776441,0.7716535433070866,0.7874015748031497,0.21177960734642187,0.25033009708737863,0.3282728347675972,0.6092711992950539,0.6066175070864341,1,740,127,l2,0.001,liblinear,0.6478095003076588
0.40414507772020725,0.42378496917970604,0.35013731787925334,0.3519790560990628,0.8082901554404145,0.7875647668393783,0.14572693224378608,0.1615435163551402,0.2946149612823646,0.6372229956300752,0.6317011952644032,2,674,193,l2,0.001,liblinear,0.6559783031317281
0.37790697674418605,0.41204331194843524,0.3311902113459399,0.3140515301239103,0.8430232558139535,0.7790697674418605,0.14260176017601744,0.17772778402699663,0.2658709015225318,0.5879221650687495,0.5807702471946659,3,695,172,l2,0.001,liblinear,0.6730297556352193
0.576036866359447,0.5377512856474989,0.4624959465189953,0.5200886552765719,0.5714285714285714,0.8525345622119815,0.3618857901726428,0.41834668795802554,0.42518321405290166,0.6917438157409418,0.6885425038990359,4,650,217,l2,0.001,liblinear,0.6272080237358464
0.46835443037974683,0.5365069615069614,0.46074415974692196,0.4320522582577696,0.6582278481012658,0.8734177215189873,0.3002895588485778,0.3513513513513513,0.3629907190609175,0.7022258596020862,0.6944168644094681,5,709,158,l2,0.001,liblinear,0.6476542296500748
