accuracy,balanced_accuracy,f1_macro,f1_weighted,mae,adjacent_accuracy,kappa_linear,kappa_quadratic,spearman_r,roc_auc_macro_ovr,roc_auc_weighted_ovr,fold,n_train,n_val,best_penalty,best_C,best_solver,inner_auc_score
0.3700787401574803,0.3766293425208154,0.3636760599136837,0.3689209260114382,0.8188976377952756,0.8110236220472441,0.09385290889132814,0.13263838964773544,0.28242046554491035,0.5781219466233627,0.575322251326408,1,740,127,l2,0.001,lbfgs,0.6250636352859594
0.47668393782383417,0.47617946894262686,0.4561524802981142,0.4753661045217759,0.6683937823834197,0.8549222797927462,0.22964819456047514,0.25063487732700906,0.24275823712191028,0.6160425589862013,0.6150444437390195,2,674,193,l2,0.0001,lbfgs,0.611840493992908
0.4069767441860465,0.42043161350561736,0.395341474445952,0.39570224985011515,0.7790697674418605,0.813953488372093,0.15661592505854804,0.18541905855338692,0.17782233696772942,0.5696314109146178,0.5669549926817369,3,695,172,l2,0.001,lbfgs,0.6422213129497325
0.4423963133640553,0.44834034595605426,0.4174024441635061,0.45427389933992435,0.6866359447004609,0.8709677419354839,0.24070638517718346,0.32448028183985556,0.4058477820988465,0.6622784847386187,0.6656124140338511,4,650,217,l2,0.0001,lbfgs,0.5936203809579779
0.45569620253164556,0.483026208026208,0.4606419508447462,0.4520268899394792,0.6392405063291139,0.9050632911392406,0.2505870198177892,0.31927908965335783,0.3815886297353133,0.6586071022567453,0.6388770480696485,5,709,158,l2,0.001,lbfgs,0.6184804816794863
