roc_auc,pr_auc,accuracy,f1,balanced_accuracy,matthews_corrcoef,sensitivity,specificity,precision,pos_LR,sensitivity_at_spec100,fold,n_train,n_val,threshold,best_penalty,best_C,best_solver,best_inner_score
0.6693009118541033,0.7499737094972073,0.6324786324786325,0.7034482758620689,0.6089665653495441,0.22272344208538955,0.7285714285714285,0.48936170212765956,0.68,1.426785714285714,0.1,1,714,117,0.5110165140634317,l1,0.1,liblinear,0.698541171478332
0.7039760348583879,0.7500831519048979,0.6193181818181818,0.6417112299465241,0.6380718954248366,0.2703349544219104,0.5555555555555556,0.7205882352941176,0.759493670886076,1.9883040935672516,0.046296296296296294,2,655,176,0.5067571926203699,l2,0.001,liblinear,0.6764522113805056
0.6858585858585858,0.7572559562431527,0.7177914110429447,0.7927927927927928,0.671043771043771,0.35276055356187624,0.8148148148148148,0.5272727272727272,0.7719298245614035,1.7236467236467234,0.009259259259259259,3,668,163,0.4985958717741628,l1,0.01,liblinear,0.6640895867533413
0.6928524374176548,0.720335892401772,0.6835443037974683,0.7572815533980582,0.6511857707509882,0.3326810254770264,0.8478260869565217,0.45454545454545453,0.6842105263157895,1.5543478260869565,0.03260869565217391,4,673,158,0.4638375573638259,l2,0.0001,liblinear,0.6710923487132009
0.6860282574568289,0.7053093276950886,0.6682027649769585,0.712,0.660866910866911,0.3208118263409688,0.7063492063492064,0.6153846153846154,0.717741935483871,1.8365079365079369,0.023809523809523808,5,614,217,0.4710379949177778,l2,0.001,liblinear,0.7124153098949713
