accuracy,balanced_accuracy,f1_macro,f1_weighted,mae,adjacent_accuracy,kappa_linear,kappa_quadratic,spearman_r,roc_auc_macro_ovr,roc_auc_weighted_ovr,fold,n_train,n_val,best_penalty,best_C,best_solver,inner_auc_score
0.44954128440366975,0.47321761851437105,0.3829741019214703,0.3875914557034789,0.7522935779816514,0.7981651376146789,0.23645993507602936,0.282370153621068,0.3908001161751788,0.679065732178774,0.6742673753994469,1,758,109,l2,0.01,lbfgs,0.6320996161370824
0.36363636363636365,0.43771922392612045,0.3266501219087426,0.2813636147741306,0.8264462809917356,0.8099173553719008,0.16413373860182368,0.2065217391304348,0.23837063028386743,0.6496310299704058,0.6437721758418848,2,746,121,l2,0.01,liblinear,0.6360016056790123
0.4012345679012346,0.4347219265252052,0.3506642032376837,0.33717535197120246,0.7962962962962963,0.8024691358024691,0.17360012654223334,0.2119272067348893,0.30450283207783585,0.6496715054601144,0.6442970537849207,3,705,162,l2,0.01,liblinear,0.6244551285010018
0.43612334801762115,0.41904761904761906,0.3250967219838815,0.3467540076326651,0.775330396475771,0.788546255506608,0.14409357727409056,0.1788924942816108,0.1707793912908923,0.62344081702981,0.6125581339088133,4,640,227,l2,0.001,liblinear,0.6364186170541108
0.4596774193548387,0.44680760448926254,0.3776713477825581,0.38828311367962937,0.7298387096774194,0.8104838709677419,0.2247055165981553,0.2692126355492692,0.3063924527857513,0.6371491149992362,0.633655439662424,5,619,248,l2,0.01,lbfgs,0.6147781944134764
