accuracy,balanced_accuracy,f1_macro,f1_weighted,mae,adjacent_accuracy,kappa_linear,kappa_quadratic,spearman_r,roc_auc_macro_ovr,roc_auc_weighted_ovr,fold,n_train,n_val,best_penalty,best_C,best_solver,inner_auc_score
0.44954128440366975,0.45794450665671266,0.36441276441276443,0.3759148199515172,0.7614678899082569,0.7889908256880734,0.22403293592932494,0.2654756307788748,0.3537689846604195,0.6638203044230161,0.6614831898271232,1,758,109,l2,0.01,liblinear,0.6377432144658
0.35537190082644626,0.42466604535570057,0.30065359477124187,0.2524712364284557,0.8347107438016529,0.8099173553719008,0.16116411558789212,0.20886892318640748,0.31101011479368346,0.6345489651336728,0.6206988005406978,2,746,121,l2,0.01,liblinear,0.645206180430297
0.38271604938271603,0.42810304449648706,0.31360078277886494,0.29120158971757143,0.8271604938271605,0.7901234567901234,0.1662313719465356,0.20918318028032856,0.2858578086119627,0.6393923252581071,0.638098478072873,3,705,162,l2,0.001,lbfgs,0.6306884803635591
0.4713656387665198,0.42361111111111116,0.3528223410576352,0.3865108718697731,0.7092511013215859,0.8193832599118943,0.17547659334461363,0.2137267479153303,0.3015899423423467,0.6341134585572524,0.6350784709098526,4,640,227,l2,0.01,lbfgs,0.6406072987171669
0.4435483870967742,0.44672751173422426,0.3644080218907361,0.3672469294685511,0.7661290322580645,0.7903225806451613,0.20544988533657083,0.24440391311556953,0.28932402284480174,0.6537290022041665,0.6519383526259966,5,619,248,l2,0.01,liblinear,0.6312720453619882
