roc_auc,pr_auc,accuracy,f1,balanced_accuracy,matthews_corrcoef,sensitivity,specificity,precision,pos_LR,sensitivity_at_spec100,fold,n_train,n_val,threshold,best_penalty,best_C,best_solver,best_inner_score
0.5842499999999999,0.6654286816881176,0.6076923076923076,0.6622516556291391,0.6025,0.2003220133872096,0.625,0.58,0.704225352112676,1.488095238095238,0.0125,1,737,130,0.5185791983221402,l1,0.01,liblinear,0.6983622896208741
0.662284820031299,0.7628112325897151,0.6379310344827587,0.7162162162162162,0.6065727699530516,0.21985381929097483,0.7464788732394366,0.4666666666666667,0.6883116883116883,1.3996478873239437,0.14084507042253522,2,751,116,0.4859367812242216,l2,0.0001,liblinear,0.6462542240532759
0.6762745098039216,0.6297626494683641,0.6188811188811189,0.5947955390334573,0.6232843137254902,0.24981653773310333,0.5333333333333333,0.7132352941176471,0.6722689075630253,1.8598290598290599,0.0,3,581,286,0.4906195712315979,l2,0.0001,liblinear,0.6936343332665855
0.6351170568561874,0.7637978768080615,0.5988023952095808,0.6731707317073171,0.5980769230769231,0.1822136059733142,0.6,0.5961538461538461,0.7666666666666667,1.4857142857142855,0.02608695652173913,4,700,167,0.5364621632900523,l2,0.001,liblinear,0.6523455146296684
0.6805882352941176,0.7072716126153848,0.6726190476190477,0.7263681592039801,0.6591176470588236,0.3190103046529114,0.73,0.5882352941176471,0.7227722772277227,1.772857142857143,0.01,5,699,168,0.5044980637753611,l2,0.0001,liblinear,0.662465719695754
