roc_auc,pr_auc,accuracy,f1,balanced_accuracy,matthews_corrcoef,sensitivity,specificity,precision,pos_LR,sensitivity_at_spec100,fold,n_train,n_val,threshold,best_penalty,best_C,best_solver,best_inner_score
0.6314669503923395,0.6557259386865595,0.5965909090909091,0.5988700564971752,0.6134459369597021,0.22645558638621638,0.5145631067961165,0.7123287671232876,0.7162162162162162,1.7887193712436429,0.0,1,655,176,0.5105650566277913,l2,0.001,liblinear,0.7219435233585262
0.6923811798423691,0.7213841581241591,0.6666666666666666,0.725,0.650107475519465,0.3022429641158332,0.7341772151898734,0.5660377358490566,0.7160493827160493,1.6917996697853606,0.012658227848101266,2,699,132,0.5052185592796432,l2,0.0001,liblinear,0.6734183984314087
0.7262369791666665,0.7405297019314877,0.7008928571428571,0.7432950191570882,0.69140625,0.38572713814458864,0.7578125,0.625,0.7293233082706767,2.0208333333333335,0.03125,3,607,224,0.4892999901559136,l2,0.001,liblinear,0.6891313083364999
0.7030228758169934,0.7976614700978888,0.68,0.75,0.6654411764705883,0.3150630189063022,0.7058823529411765,0.625,0.8,1.8823529411764708,0.0,4,681,150,0.4946303581305018,l2,0.01,liblinear,0.6685196947412353
0.7118611746758201,0.7355214214243964,0.7248322147651006,0.7807486631016043,0.7037566742944317,0.41201639521836164,0.7934782608695652,0.6140350877192983,0.7684210526315789,2.055830039525692,0.0,5,682,149,0.49182672305947733,l2,0.0001,liblinear,0.681625035343268
