accuracy,balanced_accuracy,f1_macro,f1_weighted,mae,adjacent_accuracy,kappa_linear,kappa_quadratic,spearman_r,roc_auc_macro_ovr,roc_auc_weighted_ovr,fold,n_train,n_val,best_penalty,best_C,best_solver,inner_auc_score
0.4296875,0.4156687435820227,0.4096688846258816,0.4468006804880724,0.73046875,0.83984375,0.17666483214089157,0.21269492843096904,0.28251816447198563,0.6361793417736599,0.6478016963364293,1,611,256,l2,0.0001,lbfgs,0.6701029521849152
0.453125,0.4484874992945425,0.44521706532075195,0.4543343988300966,0.6875,0.859375,0.1780502043199066,0.19218241042345274,0.2520918813401084,0.6450151456611343,0.6454951793150806,2,739,128,l2,0.001,lbfgs,0.6618473068733287
0.5705521472392638,0.5841548315232526,0.5667567527323625,0.5737778294826027,0.49693251533742333,0.9325153374233128,0.4224156787261035,0.4926108374384236,0.46928184795069194,0.7095825867198043,0.7100924818819194,3,704,163,l2,0.0001,lbfgs,0.6466869994793164
0.5207100591715976,0.5261023698523698,0.517940000427652,0.5209687380078731,0.6094674556213018,0.8698224852071006,0.2783466688777415,0.2837124816192371,0.3714142771846379,0.6980966864228627,0.6912727733001186,4,698,169,l2,0.001,lbfgs,0.6594750587640241
0.46357615894039733,0.4662138627655869,0.45925373906743255,0.46553718880803957,0.6423841059602649,0.8940397350993378,0.24057655415564883,0.30160266752715936,0.4241211516566728,0.6901666724812969,0.6783698784194838,5,716,151,l2,0.0001,lbfgs,0.6583111160552131
