n_pairs,pairwise_accuracy,both_correct_rate,mean_delta,median_delta,std_delta,n_positive_delta,per_drug_accuracy,per_drug_roc_auc,per_drug_pr_auc,n_train,n_test,best_penalty,best_C,best_solver,inner_cv_score,threshold,seed
38,0.631578947368421,0.2894736842105263,0.05003335672654713,0.06872771879410336,0.1793876312644685,24,0.6451612903225806,0.6071428571428572,0.6297137092720129,831,62,l1,0.1,liblinear,0.65352351518092,0.4696768106016414,3
