roc_auc,pr_auc,accuracy,f1,balanced_accuracy,matthews_corrcoef,sensitivity,specificity,precision,pos_LR,sensitivity_at_spec100,fold,n_train,n_val,threshold,best_penalty,best_C,best_solver,best_inner_score
0.6046016757547547,0.6526699533953059,0.5852272727272727,0.6256410256410256,0.5837877377310812,0.16529394541413178,0.5922330097087378,0.5753424657534246,0.6630434782608695,1.3946132164108986,0.0,1,655,176,0.4721335195449197,l2,0.01,liblinear,0.674738100565737
0.6675423931215667,0.742888499292457,0.6136363636363636,0.7213114754098361,0.5592309529496059,0.14204779962546826,0.8354430379746836,0.2830188679245283,0.6346153846153846,1.1652231845436374,0.02531645569620253,2,699,132,0.4255138775579488,l2,0.01,liblinear,0.6340200714392787
0.6507161458333334,0.6807711001420569,0.6473214285714286,0.6901960784313725,0.640625,0.2808959029969653,0.6875,0.59375,0.6929133858267716,1.6923076923076923,0.0078125,3,607,224,0.4941329129934974,l2,0.01,liblinear,0.6670074341388228
0.5925245098039216,0.7611343537390844,0.5333333333333333,0.6111111111111112,0.5300245098039216,0.05606774329723624,0.5392156862745098,0.5208333333333334,0.7051282051282052,1.1253196930946292,0.049019607843137254,4,681,150,0.5071251542114059,l1,0.1,liblinear,0.6713994074953
0.6880244088482075,0.7651462929771451,0.5906040268456376,0.6257668711656442,0.6017353165522502,0.19799608464456972,0.5543478260869565,0.6491228070175439,0.7183098591549296,1.5798913043478262,0.08695652173913043,5,682,149,0.5314742391140026,l2,0.01,liblinear,0.6278192922985038
