roc_auc,pr_auc,accuracy,f1,balanced_accuracy,matthews_corrcoef,sensitivity,specificity,precision,pos_LR,sensitivity_at_spec100,fold,n_train,n_val,threshold,best_penalty,best_C,best_solver,best_inner_score
0.6398457241654476,0.6720047153341322,0.6136363636363636,0.6530612244897959,0.612049474664184,0.2211766838637072,0.6213592233009708,0.6027397260273972,0.6881720430107527,1.5641111483093402,0.0,1,655,176,0.4775923040903575,l2,0.001,liblinear,0.7116957696300286
0.6871268211129689,0.7357688059223171,0.6666666666666666,0.7471264367816092,0.6283735371387629,0.28021689671206784,0.8227848101265823,0.4339622641509434,0.6842105263157895,1.4535864978902955,0.012658227848101266,2,699,132,0.485443103422812,l2,0.0001,liblinear,0.670461670212178
0.6917317708333334,0.710510370753374,0.65625,0.7158671586715867,0.6393229166666667,0.2870004822534646,0.7578125,0.5208333333333334,0.6783216783216783,1.5815217391304348,0.015625,3,607,224,0.49964315166662876,l2,0.0001,lbfgs,0.6950207860667847
0.6973039215686274,0.7907270786461266,0.66,0.7213114754098361,0.6672794117647058,0.3131310527099808,0.6470588235294118,0.6875,0.8148148148148148,2.070588235294118,0.0196078431372549,4,681,150,0.5022263037844155,l1,0.01,liblinear,0.6629876574667489
0.6952707856598018,0.7612098394527826,0.6845637583892618,0.7707317073170732,0.6311022120518688,0.2977014051577528,0.8586956521739131,0.40350877192982454,0.6991150442477876,1.4395780051150895,0.05434782608695652,5,682,149,0.47380768438139637,l2,0.0001,liblinear,0.6650629081275363
