accuracy,balanced_accuracy,f1_macro,f1_weighted,mae,adjacent_accuracy,kappa_linear,kappa_quadratic,spearman_r,roc_auc_macro_ovr,roc_auc_weighted_ovr,fold,n_train,n_val,best_penalty,best_C,best_solver,inner_auc_score
0.4566929133858268,0.4565891472868217,0.39373612133214664,0.40592139235992847,0.7165354330708661,0.8267716535433071,0.25124716553287985,0.31417256690267614,0.3308149579072533,0.5845723065971815,0.5864846261538308,1,740,127,l2,0.0001,liblinear,0.6522795174114281
0.42487046632124353,0.45454006638217165,0.38553639846743293,0.3866059198380085,0.7564766839378239,0.8186528497409327,0.20012490064721233,0.23491410952870362,0.3432437973354022,0.6400166268791093,0.634754118212782,2,674,193,l2,0.0001,liblinear,0.6383214672126544
0.37790697674418605,0.40341405379356043,0.3411512142375446,0.3282425533071762,0.8197674418604651,0.8023255813953488,0.14315997738835495,0.189849454611016,0.3043417774829038,0.6235051785395713,0.6209693649373882,3,695,172,l2,0.0001,liblinear,0.6688132929604997
0.543778801843318,0.48581112669471715,0.3986870983799438,0.47129082620234203,0.6267281105990783,0.8294930875576036,0.3013257575757575,0.35671936758893275,0.45783131148944517,0.6907020671134937,0.7035652469774661,4,650,217,l1,0.01,liblinear,0.6018781295639057
0.43037974683544306,0.49643734643734644,0.42317514935115463,0.39280717791678926,0.7088607594936709,0.8607594936708861,0.2459519345491733,0.29665563291861663,0.28479876216517885,0.6479475296658616,0.6392413465007724,5,709,158,l2,0.0001,liblinear,0.6470191192003442
