roc_auc,pr_auc,accuracy,f1,balanced_accuracy,matthews_corrcoef,sensitivity,specificity,precision,pos_LR,sensitivity_at_spec100,fold,n_train,n_val,threshold,best_penalty,best_C,best_solver,best_inner_score
0.669208211143695,0.7900490224292951,0.6424581005586593,0.7241379310344828,0.6205278592375366,0.22733618818538778,0.6774193548387096,0.5636363636363636,0.7777777777777778,1.5524193548387095,0.024193548387096774,1,714,179,0.49562729978245373,l2,0.01,lbfgs,0.6393132957206122
0.662895556648631,0.6299060060059377,0.6380090497737556,0.6638655462184874,0.6362108542383997,0.27434011544341,0.6929824561403509,0.5794392523364486,0.6370967741935484,1.6477582846003898,0.0,2,672,221,0.4776866034517904,l2,0.001,lbfgs,0.6544750198454456
0.667373442883647,0.7766265384482548,0.626984126984127,0.6967741935483871,0.6057513914656771,0.21232032422714525,0.7012987012987013,0.5102040816326531,0.6923076923076923,1.4318181818181819,0.06493506493506493,3,767,126,0.4926819324806733,l2,0.01,liblinear,0.6475397147375366
0.6301150429590796,0.6957151577285663,0.6453488372093024,0.7336244541484717,0.5996068152031455,0.20898267257173578,0.7706422018348624,0.42857142857142855,0.7,1.3486238532110093,0.0,4,721,172,0.47463988864750417,l2,0.001,liblinear,0.6659100992941814
0.6994801819363223,0.7128088042895829,0.6820512820512821,0.7280701754385965,0.6726770630279402,0.34535412605588045,0.7280701754385965,0.6172839506172839,0.7280701754385965,1.9023769100169778,0.008771929824561403,5,698,195,0.4708517187921522,l2,0.001,liblinear,0.6521640997956996
