roc_auc,pr_auc,accuracy,f1,balanced_accuracy,matthews_corrcoef,sensitivity,specificity,precision,pos_LR,sensitivity_at_spec100,fold,n_train,n_val,threshold,best_penalty,best_C,best_solver,best_inner_score
0.6706821683709203,0.7163083586717045,0.6375838926174496,0.7157894736842105,0.6073212868282206,0.22619623079292023,0.768361581920904,0.4462809917355372,0.6699507389162561,1.3876380807825281,0.005649717514124294,1,595,298,0.4209115840612728,l1,0.01,liblinear,0.6905939682242985
0.7777777777777778,0.7955137457349761,0.7237569060773481,0.7663551401869159,0.715246067985794,0.4287014632464315,0.7592592592592593,0.6712328767123288,0.7735849056603774,2.309413580246914,0.027777777777777776,2,712,181,0.5030859458531423,l2,0.0001,liblinear,0.6246463229180758
0.5564044943820224,0.6645580629812124,0.5827338129496403,0.6666666666666666,0.5558426966292135,0.10996894040549862,0.651685393258427,0.46,0.6823529411764706,1.2068248023304202,0.02247191011235955,3,754,139,0.5563696672916475,l2,0.001,liblinear,0.7281162534034005
0.685064935064935,0.7106976824341165,0.7,0.7610619469026548,0.6766233766233767,0.35975311233691215,0.7818181818181819,0.5714285714285714,0.7413793103448276,1.8242424242424242,0.00909090909090909,4,713,180,0.49079173903051243,l2,0.0001,liblinear,0.6822535841558798
0.7570009033423668,0.7162772146896041,0.7157894736842105,0.7476635514018691,0.7118337850045167,0.422524065710387,0.7407407407407407,0.6829268292682927,0.7547169811320755,2.3361823361823366,0.0,5,798,95,0.5024034262302498,l2,0.0001,liblinear,0.6722588237370399
