roc_auc,pr_auc,accuracy,f1,balanced_accuracy,matthews_corrcoef,sensitivity,specificity,precision,pos_LR,sensitivity_at_spec100,fold,n_train,n_val,threshold,best_penalty,best_C,best_solver,best_inner_score
0.6736294517807123,0.6413936427354414,0.6473214285714286,0.6996197718631179,0.6389355742296918,0.28939121736578866,0.773109243697479,0.5047619047619047,0.6388888888888888,1.5610859728506787,0.0,1,669,224,0.46487167450650957,l2,0.0001,liblinear,0.6714308984978139
0.5811653116531166,0.691333342898818,0.6612021857923497,0.7479674796747967,0.615650406504065,0.23130081300813007,0.7479674796747967,0.48333333333333334,0.7479674796747967,1.4476789929189615,0.0,2,710,183,0.4917111569531962,l1,0.01,liblinear,0.7120768055930585
0.6983300802428974,0.7834455867892302,0.7,0.7666666666666667,0.6701366297983085,0.34949018146186916,0.7931034482758621,0.5471698113207547,0.7419354838709677,1.7514367816091954,0.16091954022988506,3,753,140,0.4697612801916446,l2,0.0001,liblinear,0.6533648993676519
0.6801900584795322,0.7179997980957654,0.6470588235294118,0.6896551724137931,0.6546052631578947,0.29905383859861556,0.625,0.6842105263157895,0.7692307692307693,1.9791666666666667,0.0,4,740,153,0.5332641903093707,l2,0.0001,liblinear,0.6663989733268751
0.7191371681415928,0.753473090074384,0.6787564766839378,0.7256637168141593,0.6690818584070797,0.3381637168141593,0.7256637168141593,0.6125,0.7256637168141593,1.8726805595204112,0.008849557522123894,5,700,193,0.4821769824486763,l2,0.0001,liblinear,0.6922299109579626
