roc_auc,pr_auc,accuracy,f1,balanced_accuracy,matthews_corrcoef,sensitivity,specificity,precision,pos_LR,sensitivity_at_spec100,fold,n_train,n_val,threshold,best_penalty,best_C,best_solver,best_inner_score
0.6919580419580419,0.6950968643222206,0.6648936170212766,0.7096774193548387,0.6576923076923077,0.3137976956513489,0.7,0.6153846153846154,0.719626168224299,1.82,0.0,1,679,188,0.4867104154481332,l2,0.001,liblinear,0.7135631836912983
0.6552840741831027,0.7562878557724501,0.5819672131147541,0.6382978723404256,0.5871357079776274,0.16653382736668054,0.569620253164557,0.6046511627906976,0.7258064516129032,1.4408041697691734,0.012658227848101266,2,745,122,0.4931184199448608,l2,0.001,liblinear,0.6950115408922501
0.7279279279279278,0.7842875127642726,0.6666666666666666,0.7192118226600985,0.6704954954954956,0.32641684315518454,0.6576576576576577,0.6833333333333333,0.7934782608695652,2.0768136557610246,0.0,3,696,171,0.5973465347570294,l2,0.001,lbfgs,0.7047558054113374
0.686614590229048,0.6679393634115347,0.6206896551724138,0.6597938144329897,0.6167085926122071,0.23721643958857894,0.7032967032967034,0.5301204819277109,0.6213592233009708,1.4967596506058047,0.0,4,693,174,0.48028570254588826,l2,0.0001,liblinear,0.6876024912088673
0.7490574712643678,0.7884649587631974,0.6933962264150944,0.7389558232931727,0.6840919540229885,0.367559165920746,0.736,0.632183908045977,0.7419354838709677,2.001,0.072,5,655,212,0.5052092415197057,l2,0.0001,liblinear,0.6952854165260248
