roc_auc,pr_auc,accuracy,f1,balanced_accuracy,matthews_corrcoef,sensitivity,specificity,precision,pos_LR,sensitivity_at_spec100,fold,n_train,n_val,threshold,best_penalty,best_C,best_solver,best_inner_score
0.6954407294832827,0.7266464333730995,0.6581196581196581,0.7368421052631579,0.623404255319149,0.2642512996208785,0.8,0.44680851063829785,0.6829268292682927,1.4461538461538461,0.0,1,714,117,0.49855356920613475,l2,0.0001,lbfgs,0.7012889259971102
0.7317538126361656,0.7731975191125792,0.6306818181818182,0.6596858638743456,0.6446078431372549,0.2821029696007822,0.5833333333333334,0.7058823529411765,0.7590361445783133,1.9833333333333338,0.046296296296296294,2,655,176,0.5079827815927012,l2,0.0001,liblinear,0.6672553766848355
0.7340067340067341,0.7888476844127252,0.754601226993865,0.8165137614678899,0.7211279461279461,0.4464086208484243,0.8240740740740741,0.6181818181818182,0.8090909090909091,2.1582892416225747,0.0,3,668,163,0.4871788837705739,l2,0.0001,liblinear,0.6641735050185403
0.7071805006587617,0.7150259777466097,0.6962025316455697,0.7333333333333333,0.6920289855072463,0.38130483178318214,0.717391304347826,0.6666666666666666,0.75,2.152173913043478,0.0,4,673,158,0.5109131507236692,l2,0.0001,liblinear,0.6795148816797258
0.6766091051805339,0.6937212889002901,0.6543778801843319,0.740484429065744,0.6169108669108669,0.2668702504186579,0.8492063492063492,0.38461538461538464,0.656441717791411,1.3799603174603174,0.007936507936507936,5,614,217,0.4407861348889998,l2,0.0001,lbfgs,0.7166328350173403
