roc_auc,pr_auc,accuracy,f1,balanced_accuracy,matthews_corrcoef,sensitivity,specificity,precision,pos_LR,sensitivity_at_spec100,fold,n_train,n_val,threshold,best_penalty,best_C,best_solver,best_inner_score
0.628054298642534,0.673113163465125,0.6084656084656085,0.6372549019607843,0.6066176470588236,0.2125153079514072,0.625,0.5882352941176471,0.65,1.517857142857143,0.057692307692307696,1,678,189,0.4826037252465023,l2,0.01,lbfgs,0.6784783790769628
0.6371428571428571,0.7058220515479139,0.6083333333333333,0.6845637583892618,0.5842857142857143,0.1752316359263814,0.7285714285714285,0.44,0.6455696202531646,1.301020408163265,0.02857142857142857,2,747,120,0.47251838520485995,l2,0.01,lbfgs,0.6759581596709416
0.6813168724279836,0.7028414612310693,0.6044444444444445,0.6212765957446809,0.6203703703703703,0.237346441585572,0.5407407407407407,0.7,0.73,1.802469135802469,0.007407407407407408,3,642,225,0.5020136806157071,l2,0.001,liblinear,0.6215231222283121
0.6799938725490196,0.7349233534688014,0.6927710843373494,0.7649769585253456,0.6568627450980392,0.33098313958690484,0.8137254901960784,0.5,0.7217391304347827,1.6274509803921569,0.00980392156862745,4,701,166,0.488954978979641,l2,0.01,lbfgs,0.6302013775010159
0.6416282642089094,0.7135567447670432,0.592814371257485,0.6382978723404256,0.6002304147465438,0.19370522171967544,0.5714285714285714,0.6290322580645161,0.7228915662650602,1.5403726708074532,0.02857142857142857,5,700,167,0.5312953655596394,l2,0.01,lbfgs,0.6455355150880534
