roc_auc,pr_auc,accuracy,f1,balanced_accuracy,matthews_corrcoef,sensitivity,specificity,precision,pos_LR,sensitivity_at_spec100,fold,n_train,n_val,threshold,best_penalty,best_C,best_solver,best_inner_score
0.6524545454545454,0.5922467726336186,0.5714285714285714,0.5544554455445545,0.5709090909090909,0.14171515370300786,0.56,0.5818181818181818,0.5490196078431373,1.3391304347826087,0.0,1,683,210,0.5437511703118252,l2,0.001,liblinear,0.7071001803820864
0.7074043490228462,0.8135856284265045,0.6147859922178989,0.6526315789473685,0.655690889072392,0.294552610790867,0.5375722543352601,0.7738095238095238,0.8303571428571429,2.376635229692729,0.011560693641618497,2,636,257,0.5702189137740967,l2,0.001,lbfgs,0.700452411962589
0.7120000000000001,0.7935218865204603,0.7,0.7804878048780488,0.6488888888888888,0.32934670507612007,0.8533333333333334,0.4444444444444444,0.7191011235955056,1.536,0.12,3,773,120,0.46743965758291645,l1,0.01,liblinear,0.6867290483233582
0.6923076923076923,0.7179453748169462,0.6573033707865169,0.6934673366834171,0.6560550935550935,0.3083469270957943,0.6634615384615384,0.6486486486486487,0.7263157894736842,1.8883136094674557,0.019230769230769232,4,715,178,0.5350580311765534,l2,0.001,liblinear,0.6825146578539476
0.6832779623477298,0.7864752126594754,0.671875,0.7407407407407407,0.6583610188261351,0.3027915043555015,0.6976744186046512,0.6190476190476191,0.7894736842105263,1.8313953488372094,0.046511627906976744,5,765,128,0.5438790500214133,l2,0.001,liblinear,0.6963826231309372
