accuracy,balanced_accuracy,f1_macro,f1_weighted,mae,adjacent_accuracy,kappa_linear,kappa_quadratic,spearman_r,roc_auc_macro_ovr,roc_auc_weighted_ovr,fold,n_train,n_val,best_penalty,best_C,best_solver,inner_auc_score
0.40336134453781514,0.4096296296296296,0.3996597834490099,0.4049389567488735,0.6974789915966386,0.8991596638655462,0.14580991092277085,0.21318667737749497,0.2856334333170838,0.6082950985334502,0.5951514020429279,1,748,119,l2,0.0001,lbfgs,0.6437295773337357
0.4122137404580153,0.4344619598856887,0.4130129694154084,0.40967752302931965,0.732824427480916,0.8549618320610687,0.16305071209902833,0.19631901840490795,0.2949533575077685,0.642198228687596,0.6310806516433325,2,736,131,l2,0.0001,lbfgs,0.6653569317593839
0.47058823529411764,0.48713090971155487,0.47002999024856945,0.46912363753250924,0.6823529411764706,0.8470588235294118,0.25747420739513516,0.29352396972245587,0.32371989416972496,0.6574593767662605,0.6534040030134588,3,697,170,l2,0.0001,lbfgs,0.642323429977335
0.4808510638297872,0.45099026017167615,0.4492763469196324,0.48690848292316374,0.6468085106382979,0.8723404255319149,0.22519630384798928,0.26388888888888884,0.37857077450516924,0.6628279424743636,0.664016484444639,4,632,235,l2,0.0001,lbfgs,0.6611043768892069
0.5,0.5066743710259717,0.4891325067788104,0.5087589622292853,0.5943396226415094,0.9056603773584906,0.28881789137380187,0.34384905097512775,0.4147872084588441,0.6902425816174041,0.6860814351733986,5,655,212,l2,0.0001,lbfgs,0.6337360931264422
