accuracy,balanced_accuracy,f1_macro,f1_weighted,mae,adjacent_accuracy,kappa_linear,kappa_quadratic,spearman_r,roc_auc_macro_ovr,roc_auc_weighted_ovr,fold,n_train,n_val,best_penalty,best_C,best_solver,inner_auc_score
0.4580152671755725,0.46845694799658993,0.4609876543209876,0.45867684478371495,0.6412213740458015,0.9007633587786259,0.25678778873429686,0.3300790330079033,0.42371208883703965,0.6303222125545274,0.6195284905494424,1,736,131,l2,0.0001,lbfgs,0.6723464288399279
0.43915343915343913,0.43678929765886293,0.43606735017087606,0.43890205355571693,0.6825396825396826,0.8783068783068783,0.20242729562628803,0.26625551833529304,0.2862038997497993,0.6019314609777443,0.5983893349484748,2,678,189,l2,0.001,lbfgs,0.6888254349137521
0.475,0.4811671335200747,0.4741210032357071,0.4804072245625136,0.64375,0.88125,0.276558384547849,0.33686067019400356,0.3916775007198101,0.6672179067603013,0.6686633491324445,3,707,160,l2,0.0001,lbfgs,0.6600263106939437
0.5170940170940171,0.5356545209176788,0.505346326530378,0.5216527835258279,0.594017094017094,0.8888888888888888,0.29876681614349776,0.3357212924704973,0.3390132188743846,0.7038393556324783,0.6899185882534221,4,633,234,l2,0.0001,lbfgs,0.6266371597319808
0.5098039215686274,0.5346931787609753,0.5070340258958145,0.5123756723406014,0.5816993464052288,0.9084967320261438,0.3047230022976768,0.3578116591928252,0.4201832645236848,0.710775228792837,0.6946364692775293,5,714,153,l2,0.001,lbfgs,0.651988455672485
