roc_auc,pr_auc,accuracy,f1,balanced_accuracy,matthews_corrcoef,sensitivity,specificity,precision,pos_LR,sensitivity_at_spec100,fold,n_train,n_val,threshold,best_penalty,best_C,best_solver,best_inner_score
0.7275058275058274,0.7594111555200624,0.6382978723404256,0.6633663366336634,0.6442890442890443,0.2844313523794654,0.6090909090909091,0.6794871794871795,0.7282608695652174,1.9003636363636367,0.01818181818181818,1,679,188,0.5043584386992735,l2,0.0001,liblinear,0.6779909814443792
0.6585222254930823,0.7402512244116866,0.6475409836065574,0.7225806451612903,0.6218722402119516,0.24026850790287077,0.7088607594936709,0.5348837209302325,0.7368421052631579,1.5240506329113923,0.0,2,745,122,0.47148560920466476,l2,0.0001,lbfgs,0.6736531575487671
0.6626126126126126,0.7449424691623354,0.6783625730994152,0.7465437788018433,0.6565315315315315,0.3077934217807578,0.7297297297297297,0.5833333333333334,0.7641509433962265,1.7513513513513514,0.009009009009009009,3,696,171,0.5294515795943975,l2,0.0001,liblinear,0.7124045967135622
0.7332185886402754,0.7538892327695293,0.6666666666666666,0.6741573033707865,0.667019727260691,0.3336862071474647,0.6593406593406593,0.6746987951807228,0.6896551724137931,2.0268620268620263,0.0989010989010989,4,693,174,0.5497633231340328,l2,0.0001,lbfgs,0.6431867705700579
0.7324137931034482,0.7608931771160673,0.6745283018867925,0.7088607594936709,0.675080459770115,0.34504305911534894,0.672,0.6781609195402298,0.75,2.0879999999999996,0.0,5,655,212,0.5024447632603222,l2,0.0001,liblinear,0.7085386304624002
