roc_auc,pr_auc,accuracy,f1,balanced_accuracy,matthews_corrcoef,sensitivity,specificity,precision,pos_LR,sensitivity_at_spec100,fold,n_train,n_val,threshold,best_penalty,best_C,best_solver,best_inner_score
0.713927738927739,0.7704083769735769,0.6595744680851063,0.7064220183486238,0.6512820512820512,0.30151170249700104,0.7,0.6025641025641025,0.7129629629629629,1.7612903225806449,0.045454545454545456,1,679,188,0.5132551074526543,l2,0.1,liblinear,0.693993970970222
0.7344715925816897,0.8187549351461779,0.7459016393442623,0.8074534161490683,0.71371798645864,0.4349926522633886,0.8227848101265823,0.6046511627906976,0.7926829268292683,2.0811615785554727,0.13924050632911392,2,745,122,0.49650280634909455,l2,0.01,liblinear,0.6577646049124072
0.6957957957957958,0.7320856011368486,0.6783625730994152,0.7368421052631579,0.6718468468468468,0.33161503309411294,0.6936936936936937,0.65,0.7857142857142857,1.9819819819819822,0.0,3,696,171,0.530219974197692,l2,0.1,liblinear,0.7030817720344855
0.6520587845889051,0.6467783480305196,0.6206896551724138,0.6413043478260869,0.6193565470673905,0.23902977388948105,0.6483516483516484,0.5903614457831325,0.6344086021505376,1.5827407886231417,0.02197802197802198,4,693,174,0.5317318803376285,l2,0.01,liblinear,0.690858541165181
0.7572873563218391,0.7918189239028134,0.6933962264150944,0.7389558232931727,0.6840919540229885,0.367559165920746,0.736,0.632183908045977,0.7419354838709677,2.001,0.024,5,655,212,0.4812880827861416,l2,0.1,lbfgs,0.6968022321415415
