roc_auc,pr_auc,accuracy,f1,balanced_accuracy,matthews_corrcoef,sensitivity,specificity,precision,pos_LR,sensitivity_at_spec100,fold,n_train,n_val,threshold,best_penalty,best_C,best_solver,best_inner_score
0.6601250000000001,0.7889347697083674,0.6,0.6578947368421053,0.5925,0.18105956768370024,0.625,0.56,0.6944444444444444,1.4204545454545456,0.2125,1,737,130,0.5029405882627127,l1,0.1,liblinear,0.6561097930845928
0.6084507042253522,0.7183612380949198,0.5775862068965517,0.6474820143884892,0.5613458528951487,0.12138794542063298,0.6338028169014085,0.4888888888888889,0.6617647058823529,1.2400489895897124,0.07042253521126761,2,751,116,0.5108355972933514,l1,0.1,liblinear,0.6450672784910295
0.6445588235294117,0.6144664511834621,0.6153846153846154,0.6405228758169934,0.6134313725490196,0.22753294669138657,0.6533333333333333,0.5735294117647058,0.6282051282051282,1.5319540229885056,0.0,3,581,286,0.4857899080180781,l2,0.001,lbfgs,0.6639361939637943
0.6951505016722409,0.8417279881115658,0.6467065868263473,0.7203791469194313,0.6381270903010033,0.258758520973562,0.6608695652173913,0.6153846153846154,0.7916666666666666,1.7182608695652175,0.1565217391304348,4,700,167,0.49478824323405224,l2,0.001,liblinear,0.622087599530477
0.6385294117647059,0.6754694098286517,0.6428571428571429,0.7,0.6294117647058823,0.25882352941176473,0.7,0.5588235294117647,0.7,1.5866666666666667,0.0,5,699,168,0.49220662175570806,l2,0.01,liblinear,0.6354661502484675
