n_pairs,pairwise_accuracy,both_correct_rate,mean_delta,median_delta,std_delta,n_positive_delta,per_drug_accuracy,per_drug_roc_auc,per_drug_pr_auc,n_train,n_test,best_penalty,best_C,best_solver,inner_cv_score,threshold,seed
38,0.6842105263157895,0.2631578947368421,0.02526795952246957,0.011998342962720232,0.06095491644654072,26,0.5806451612903226,0.5966386554621849,0.6695768170299918,831,62,l2,0.001,lbfgs,0.6568795759018972,0.4820164523234532,1
