accuracy,balanced_accuracy,f1_macro,f1_weighted,mae,adjacent_accuracy,kappa_linear,kappa_quadratic,spearman_r,roc_auc_macro_ovr,roc_auc_weighted_ovr,fold,n_train,n_val,best_penalty,best_C,best_solver,inner_auc_score
0.4015748031496063,0.3831467126040769,0.38081043642931034,0.4022611269433933,0.7401574803149606,0.8582677165354331,0.14850213980028526,0.2130600571973309,0.34758669378172546,0.600561186895454,0.6059474656827337,1,740,127,l2,0.0001,lbfgs,0.6731242154168825
0.47150259067357514,0.46145092460881937,0.45191285009830146,0.47731375865012104,0.6528497409326425,0.8756476683937824,0.22726406101048624,0.2611871342456109,0.29086078707047786,0.6384812345396881,0.6403393212164821,2,674,193,l2,0.0001,lbfgs,0.6630980149266963
0.45348837209302323,0.4668534080298787,0.4531701950682873,0.4510508453000717,0.6744186046511628,0.872093023255814,0.23285143032912958,0.2842280482729921,0.33531996238061745,0.6361823252122113,0.6286906407545942,3,695,172,l2,0.0001,lbfgs,0.6727424771591124
0.5483870967741935,0.5699158485273492,0.5266009925695789,0.5630601748535495,0.5529953917050692,0.8986175115207373,0.39716640429669425,0.4687248081688712,0.5118282600683443,0.7424651818822539,0.7413008978613932,4,650,217,l2,0.0001,lbfgs,0.6010927372697396
0.43037974683544306,0.4251638001638001,0.42136405817874434,0.43345158007160395,0.6772151898734177,0.8924050632911392,0.16132552832622282,0.20361764495603074,0.30576612607883935,0.6540647688450988,0.645797508413815,5,709,158,l2,0.0001,lbfgs,0.6578081927239721
