roc_auc,pr_auc,accuracy,f1,balanced_accuracy,matthews_corrcoef,sensitivity,specificity,precision,pos_LR,sensitivity_at_spec100,fold,n_train,n_val,threshold,best_penalty,best_C,best_solver,best_inner_score
0.6545608108108107,0.7517510937817584,0.5983606557377049,0.6423357664233577,0.5993806306306306,0.19429961584738764,0.5945945945945946,0.6041666666666666,0.6984126984126984,1.5021337126600285,0.08108108108108109,1,745,122,0.5343668705625791,l1,0.1,liblinear,0.687328362636136
0.6802777777777779,0.7937424681550858,0.632,0.6973684210526315,0.6201388888888888,0.23337840859417597,0.6625,0.5777777777777777,0.7361111111111112,1.5690789473684208,0.1,2,742,125,0.4780431913526062,l1,0.1,liblinear,0.6538826023155371
0.6609890930823248,0.6948595085377934,0.625531914893617,0.6615384615384615,0.6260271925892724,0.24837079695010483,0.6231884057971014,0.6288659793814433,0.7049180327868853,1.67914653784219,0.0,3,632,235,0.4943519003924571,l2,0.001,liblinear,0.6345943768610762
0.5808580858085809,0.6312881340455687,0.5869565217391305,0.6494464944649446,0.5737585386445622,0.15063029721684953,0.6821705426356589,0.46534653465346537,0.6197183098591549,1.2759115704852138,0.023255813953488372,4,637,230,0.484044777261806,l2,0.001,lbfgs,0.6732161625576982
0.6582456140350877,0.7087784874790133,0.6258064516129033,0.6547619047619048,0.6394736842105263,0.2722020177883534,0.5789473684210527,0.7,0.7534246575342466,1.9298245614035086,0.010526315789473684,5,712,155,0.5033832355091143,l1,0.1,liblinear,0.6696219012121052
