accuracy,balanced_accuracy,f1_macro,f1_weighted,mae,adjacent_accuracy,kappa_linear,kappa_quadratic,spearman_r,roc_auc_macro_ovr,roc_auc_weighted_ovr,fold,n_train,n_val,best_penalty,best_C,best_solver,inner_auc_score
0.43119266055045874,0.4437601094935921,0.35215805309263254,0.3575277504798211,0.7981651376146789,0.7706422018348624,0.18016771850955304,0.2123529722031754,0.32589485919150846,0.6140155368360425,0.607599106818198,1,758,109,l2,0.0001,liblinear,0.6122724984934876
0.39669421487603307,0.48167415063966795,0.3512843103106795,0.2947132803569194,0.743801652892562,0.859504132231405,0.24521763238148042,0.3231685312161675,0.33500461439295237,0.6517213148533852,0.6337488119737492,2,746,121,l1,0.01,liblinear,0.6245992555377251
0.4074074074074074,0.4657843067679133,0.34437740804968836,0.32096768941622217,0.7839506172839507,0.808641975308642,0.22256650544135426,0.274558119698621,0.30250585392505586,0.6321637890641086,0.626709061526596,3,705,162,l2,0.0001,liblinear,0.6116549561740425
0.44493392070484583,0.42063492063492064,0.327991452991453,0.3555150796340224,0.7533039647577092,0.801762114537445,0.16810612717258522,0.21103935015646846,0.2843811592978417,0.6111044048397679,0.6060581274624544,4,640,227,l2,0.0001,liblinear,0.6259319235678403
0.43548387096774194,0.4415011416395877,0.3485374686600427,0.3507558284083046,0.7782258064516129,0.7862903225806451,0.2015480599205952,0.24331605371647824,0.3383383340830979,0.6504656368369576,0.6454270882860312,5,619,248,l2,0.0001,liblinear,0.6102309081998937
