accuracy,balanced_accuracy,f1_macro,f1_weighted,mae,adjacent_accuracy,kappa_linear,kappa_quadratic,spearman_r,roc_auc_macro_ovr,roc_auc_weighted_ovr,fold,n_train,n_val,best_penalty,best_C,best_solver,inner_auc_score
0.40458015267175573,0.41474850809889174,0.40694498831809983,0.4042603514865518,0.7175572519083969,0.8778625954198473,0.1726686374630475,0.24019517584238625,0.34441524804609797,0.6061845050286662,0.6000428781727533,1,736,131,l2,0.0001,lbfgs,0.6763661932208589
0.47619047619047616,0.4684132292827945,0.4644061412509884,0.47797852125863727,0.6613756613756614,0.8624338624338624,0.24777915751265644,0.2898507652790455,0.3046645596978008,0.6181699284784838,0.6176738891792655,2,678,189,l2,0.0001,lbfgs,0.6751720027705566
0.50625,0.4965732959850606,0.4980495123780945,0.5144317329332333,0.575,0.91875,0.3395549174443647,0.4274623968947113,0.4188128893995164,0.6696703099184784,0.6736362798954914,3,707,160,l2,0.0001,lbfgs,0.6573418731243617
0.5470085470085471,0.5557040035987405,0.5341477737380903,0.5531325186756596,0.5427350427350427,0.9102564102564102,0.3355839742443212,0.3731811697574894,0.3615047535883407,0.699791971037594,0.6883604223806917,4,633,234,l2,0.0001,lbfgs,0.6185090843404581
0.5032679738562091,0.5102783280749382,0.49122015614686704,0.5176853952082275,0.6405228758169934,0.8562091503267973,0.2577962577962578,0.2573831009023789,0.35124532112036605,0.6776001713961598,0.6769119509220498,5,714,153,l2,0.0001,lbfgs,0.6559274338108362
