accuracy,balanced_accuracy,f1_macro,f1_weighted,mae,adjacent_accuracy,kappa_linear,kappa_quadratic,spearman_r,roc_auc_macro_ovr,roc_auc_weighted_ovr,fold,n_train,n_val,best_penalty,best_C,best_solver,inner_auc_score
0.44954128440366975,0.47665484633569744,0.35835735472281405,0.36206509978602086,0.7522935779816514,0.7981651376146789,0.24915994623655913,0.3016373436387674,0.3619157340609921,0.6496688623705043,0.6468998171610656,1,758,109,l2,0.0001,liblinear,0.62322672484215
0.38016528925619836,0.44984043604733265,0.35270461103947937,0.3148358448430453,0.8016528925619835,0.8181818181818182,0.18214758553410926,0.22382967107956875,0.32587912426589144,0.6633584922122472,0.6491694315984651,2,746,121,l2,0.001,liblinear,0.6360669155499442
0.41975308641975306,0.49336455893832937,0.35176651305683565,0.31970757239574443,0.7469135802469136,0.8333333333333334,0.26363636363636367,0.33322357589726714,0.31475418846333547,0.6424097535652916,0.6342061551500003,3,705,162,l2,0.0001,liblinear,0.6320520361773933
0.4581497797356828,0.4599206349206349,0.38152563350921764,0.40304935005453874,0.7577092511013216,0.7841409691629956,0.1901937196664868,0.21287853491896325,0.27567584057351535,0.6406412350791743,0.6333931828964275,4,640,227,l2,0.001,lbfgs,0.6335661531529111
0.45161290322580644,0.4751369204717082,0.42169361850113024,0.42033385498174225,0.7741935483870968,0.7741935483870968,0.20523434370409943,0.21922120961060487,0.25766084846159093,0.6197983632214205,0.6113717182661595,5,619,248,l1,0.1,liblinear,0.6241546622344227
