accuracy,balanced_accuracy,f1_macro,f1_weighted,mae,adjacent_accuracy,kappa_linear,kappa_quadratic,spearman_r,roc_auc_macro_ovr,roc_auc_weighted_ovr,fold,n_train,n_val,best_penalty,best_C,best_solver,inner_auc_score
0.40625,0.389713092287618,0.3851525380937146,0.41668612229273994,0.79296875,0.80078125,0.08872834397138252,0.08597115564712488,0.17159762566868417,0.590838048573414,0.5891191328505087,1,611,256,l2,0.01,lbfgs,0.6482309774177427
0.4375,0.4590411422766521,0.4406385112257123,0.44182532182762935,0.671875,0.890625,0.23851687880464856,0.31169811320754715,0.3253118731307208,0.601321825137164,0.5936998133749778,2,739,128,l2,0.01,lbfgs,0.6442180558687669
0.5030674846625767,0.5015316067947647,0.493131679774148,0.5082293209223608,0.5950920245398773,0.901840490797546,0.30018147213738766,0.35323428993263817,0.4012082563407039,0.6701436719508843,0.6631522873340148,3,704,163,l2,0.01,lbfgs,0.6298379928650271
0.47337278106508873,0.49921085858585856,0.474390463685281,0.47234318521162527,0.6568047337278107,0.8698224852071006,0.26380440328087607,0.30651523575040374,0.37638105093454916,0.6677398329307401,0.6525116206250233,4,698,169,l2,0.01,lbfgs,0.6207076309981875
0.48344370860927155,0.4925461511668408,0.48049771365068955,0.48703456977530785,0.6357615894039735,0.8807947019867549,0.2596527068437181,0.2992054004641024,0.3368540169705706,0.6692394769457796,0.6579294932772206,5,716,151,l2,0.01,lbfgs,0.612426603051109
