n_pairs,pairwise_accuracy,both_correct_rate,mean_delta,median_delta,std_delta,n_positive_delta,per_drug_accuracy,per_drug_roc_auc,per_drug_pr_auc,n_train,n_test,best_penalty,best_C,best_solver,inner_cv_score,threshold,seed
13,0.23076923076923078,0.5384615384615384,-0.04350832114088631,-0.021836799515012495,0.09871112560296202,3,0.8076923076923077,0.14772727272727273,0.7228813161912564,867,26,l2,0.0001,liblinear,0.6932076358550525,0.49530935865904935,0
