roc_auc,pr_auc,accuracy,f1,balanced_accuracy,matthews_corrcoef,sensitivity,specificity,precision,pos_LR,sensitivity_at_spec100,fold,n_train,n_val,threshold,best_penalty,best_C,best_solver,best_inner_score
0.6537162162162162,0.6994203798009563,0.6475409836065574,0.6906474820143885,0.6472409909909911,0.28833748087153876,0.6486486486486487,0.6458333333333334,0.7384615384615385,1.8314785373608906,0.013513513513513514,1,745,122,0.5452578100073563,l2,0.0001,liblinear,0.7015066657248663
0.7019444444444445,0.7690599687893614,0.664,0.7236842105263158,0.6548611111111111,0.30082881570231934,0.6875,0.6222222222222222,0.7638888888888888,1.8198529411764706,0.0125,2,742,125,0.5430164055143877,l2,0.0001,lbfgs,0.6980637669864723
0.7279246974450918,0.7748646053152173,0.6468085106382979,0.6639676113360324,0.6579261915434036,0.31182508311381163,0.5942028985507246,0.7216494845360825,0.7522935779816514,2.134728931830381,0.07246376811594203,3,632,235,0.5486694274978009,l2,0.0001,liblinear,0.6790701252432426
0.6497812571954871,0.7009533422262845,0.6217391304347826,0.6614785992217899,0.6165860772123724,0.23293092792303535,0.6589147286821705,0.5742574257425742,0.6640625,1.5476834324860282,0.0,4,637,230,0.5097940047650518,l2,0.001,lbfgs,0.7031116730692866
0.7049122807017544,0.7772701184648916,0.6580645161290323,0.7165775401069518,0.6442982456140351,0.28619647873925597,0.7052631578947368,0.5833333333333334,0.7282608695652174,1.6926315789473685,0.021052631578947368,5,712,155,0.5117468304845603,l2,0.001,liblinear,0.6918703867985687
