accuracy,balanced_accuracy,f1_macro,f1_weighted,mae,adjacent_accuracy,kappa_linear,kappa_quadratic,spearman_r,roc_auc_macro_ovr,roc_auc_weighted_ovr,fold,n_train,n_val,best_penalty,best_C,best_solver,inner_auc_score
0.45703125,0.46587952346759937,0.4308706788998929,0.453759113850154,0.71484375,0.828125,0.23250327653997382,0.2807497719167289,0.2443225684147085,0.6290428393445501,0.6278905213401149,1,611,256,l2,0.0001,lbfgs,0.64879626383617
0.421875,0.4499407415768384,0.4222399834992008,0.4247447129763317,0.796875,0.78125,0.1401475237091675,0.12038970076548361,0.1811332979588483,0.612977306569282,0.6062296253839564,2,739,128,l2,0.001,lbfgs,0.653890900429652
0.5030674846625767,0.5130047340573657,0.5042386185243328,0.5156648785044929,0.588957055214724,0.9079754601226994,0.3139850942569048,0.37441364605543703,0.45831140267385895,0.6834146184204791,0.678334019321895,3,704,163,l2,0.001,lbfgs,0.6339260703836025
0.47928994082840237,0.5115700271950272,0.47864739790533406,0.4756902592414487,0.6804733727810651,0.8402366863905325,0.260267194458189,0.2824049646993795,0.37804994010620613,0.6816126202235239,0.6663775635712214,4,698,169,l2,0.001,lbfgs,0.6428684788680005
0.5165562913907285,0.5290316962730756,0.5118707046792279,0.5266478385195666,0.6357615894039735,0.847682119205298,0.2984222243732456,0.3104579367121173,0.3607207217213778,0.6771856410192791,0.669582762636543,5,716,151,l2,0.0001,lbfgs,0.6444941357235722
