roc_auc,pr_auc,accuracy,f1,balanced_accuracy,matthews_corrcoef,sensitivity,specificity,precision,pos_LR,sensitivity_at_spec100,fold,n_train,n_val,threshold,best_penalty,best_C,best_solver,best_inner_score
0.6429864253393666,0.6786880133406246,0.6137566137566137,0.6403940886699507,0.6125,0.22411441882947364,0.625,0.6,0.6565656565656566,1.5625,0.028846153846153848,1,678,189,0.49369202582957306,l1,0.01,liblinear,0.68897316821306
0.7154285714285714,0.7398394787164313,0.675,0.7310344827586207,0.6585714285714286,0.3229624775492687,0.7571428571428571,0.56,0.7066666666666667,1.720779220779221,0.02857142857142857,2,747,120,0.4720653069247241,l1,0.01,liblinear,0.7017315051548904
0.7101234567901236,0.7288483855854336,0.6711111111111111,0.7218045112781954,0.6611111111111112,0.32006932414590616,0.7111111111111111,0.6111111111111112,0.732824427480916,1.828571428571429,0.007407407407407408,3,642,225,0.4824359118451203,l1,0.01,liblinear,0.6678279217870703
0.7098651960784315,0.7901791142116527,0.6746987951807228,0.7522935779816514,0.6363357843137255,0.2892783506676162,0.803921568627451,0.46875,0.7068965517241379,1.5132641291810842,0.06862745098039216,4,701,166,0.5051530360008728,l2,0.0001,liblinear,0.6863347184463279
0.6737327188940092,0.7462114559557225,0.6407185628742516,0.7142857142857143,0.6152073732718895,0.2304147465437788,0.7142857142857143,0.5161290322580645,0.7142857142857143,1.4761904761904763,0.0,5,700,167,0.4790337403509861,l2,0.0001,liblinear,0.6709315333568566
