accuracy,balanced_accuracy,f1_macro,f1_weighted,mae,adjacent_accuracy,kappa_linear,kappa_quadratic,spearman_r,roc_auc_macro_ovr,roc_auc_weighted_ovr,fold,n_train,n_val,best_penalty,best_C,best_solver,inner_auc_score
0.4198473282442748,0.45481670929241264,0.3440821256038647,0.32048346055979643,0.7709923664122137,0.8091603053435115,0.22521520173332543,0.27998398427547033,0.2880221478452356,0.5889039946622606,0.5804049354454932,1,736,131,l2,0.001,lbfgs,0.6144490307254111
0.42328042328042326,0.4013377926421405,0.3187853491818649,0.3313923538948491,0.8095238095238095,0.7671957671957672,0.13878547815468922,0.1698591189925095,0.1881626475354775,0.5930001640730954,0.5923813679190023,2,678,189,l2,0.001,lbfgs,0.6245492002555876
0.4625,0.4628851540616246,0.3644179894179895,0.3795138888888889,0.7625,0.775,0.24364538127712343,0.2883345561261923,0.3281527475857667,0.6467537300889852,0.6421675278019696,3,707,160,l2,0.001,lbfgs,0.5985980547915285
0.3974358974358974,0.43008996851102116,0.3152607012750455,0.3100520030591752,0.8034188034188035,0.7991452991452992,0.14255642614898856,0.1786203291095123,0.23464380424355222,0.6063477136779726,0.5928251058077851,4,633,234,l2,0.01,liblinear,0.6084907989765175
0.3790849673202614,0.42776432606941084,0.3060266360065153,0.28787101695138145,0.8104575163398693,0.8104575163398693,0.17534556202729723,0.22464776967199418,0.28783646220556375,0.6136853816149985,0.6055404696483631,5,714,153,l2,0.001,lbfgs,0.6003913115713445
