roc_auc,pr_auc,accuracy,f1,balanced_accuracy,matthews_corrcoef,sensitivity,specificity,precision,pos_LR,sensitivity_at_spec100,fold,n_train,n_val,threshold,best_penalty,best_C,best_solver,best_inner_score
0.6498795180722892,0.6529026188504133,0.6229508196721312,0.676056338028169,0.613012048192771,0.23152908002015243,0.72,0.5060240963855421,0.6371681415929203,1.4575609756097558,0.0,1,684,183,0.4727127610079508,l2,0.0001,liblinear,0.668993040348074
0.696014196014196,0.7105128420452593,0.6184971098265896,0.611764705882353,0.6342478842478843,0.2700484211573235,0.5252525252525253,0.7432432432432432,0.7323943661971831,2.045720361509835,0.0,2,694,173,0.4996259600222135,l2,0.0001,liblinear,0.6677647343134842
0.6817660550458715,0.7433378350733569,0.6994219653179191,0.7570093457943925,0.6840596330275229,0.36386700621435114,0.7431192660550459,0.625,0.7714285714285715,1.9816513761467889,0.027522935779816515,3,694,173,0.508092694415453,l2,0.0001,liblinear,0.6644029274683618
0.6786317567567568,0.7693324175247782,0.6171428571428571,0.6731707317073171,0.6154983108108107,0.22312625100538375,0.6216216216216216,0.609375,0.7340425531914894,1.5913513513513513,0.06306306306306306,4,692,175,0.559170290654636,l2,0.001,liblinear,0.6729632630002473
0.6407372696032491,0.7387507404724125,0.6012269938650306,0.6829268292682927,0.5729459543892533,0.1514592558912757,0.7216494845360825,0.42424242424242425,0.6481481481481481,1.2533912099837223,0.20618556701030927,5,704,163,0.4702189180743514,l1,0.01,liblinear,0.6614716111296559
