n_pairs,pairwise_accuracy,both_correct_rate,mean_delta,median_delta,std_delta,n_positive_delta,per_drug_accuracy,per_drug_roc_auc,per_drug_pr_auc,n_train,n_test,best_penalty,best_C,best_solver,inner_cv_score,threshold,seed
38,0.631578947368421,0.2631578947368421,0.11833012033858292,0.08297706518852907,0.19707762030116993,24,0.6129032258064516,0.6071428571428572,0.6295579425724284,831,62,l2,0.0001,liblinear,0.6934470122578997,0.5002486604353849,4
