roc_auc,pr_auc,accuracy,f1,balanced_accuracy,matthews_corrcoef,sensitivity,specificity,precision,pos_LR,sensitivity_at_spec100,fold,n_train,n_val,threshold,best_penalty,best_C,best_solver,best_inner_score
0.6518759018759019,0.711861816754002,0.6111111111111112,0.6911764705882353,0.5822510822510822,0.16792966104150248,0.7121212121212122,0.4523809523809524,0.6714285714285714,1.300395256916996,0.0,1,723,108,0.4975320287770609,l2,0.0001,liblinear,0.7097520194365317
0.7003399708596405,0.769818729887187,0.6684491978609626,0.7256637168141593,0.6562651772705197,0.30818299286996664,0.7068965517241379,0.6056338028169014,0.7454545454545455,1.7924876847290638,0.07758620689655173,2,644,187,0.5250721541869022,l2,0.001,liblinear,0.6927865687718744
0.6782976684765252,0.6751111861601105,0.64,0.7011070110701108,0.6256387735547748,0.262614828448162,0.7661290322580645,0.48514851485148514,0.6462585034013606,1.4880583126550868,0.0,3,606,225,0.4688563616639142,l1,0.01,liblinear,0.7288050471431795
0.647005772005772,0.7265234879237303,0.6129032258064516,0.6875,0.5922619047619048,0.18093671611393647,0.6666666666666666,0.5178571428571429,0.7096774193548387,1.3827160493827162,0.020202020202020204,4,676,155,0.5207724575820093,l2,0.0001,liblinear,0.7103611275904547
0.6872231082757397,0.7609718034454409,0.6730769230769231,0.7411167512690355,0.6493886230728336,0.29769772139182576,0.7373737373737373,0.5614035087719298,0.7448979591836735,1.681212121212121,0.010101010101010102,5,675,156,0.4968733881254366,l1,0.1,liblinear,0.6698919557043569
