accuracy,balanced_accuracy,f1_macro,f1_weighted,mae,adjacent_accuracy,kappa_linear,kappa_quadratic,spearman_r,roc_auc_macro_ovr,roc_auc_weighted_ovr,fold,n_train,n_val,best_penalty,best_C,best_solver,inner_auc_score
0.4954128440366973,0.491725768321513,0.3830532212885154,0.3962107778891373,0.6605504587155964,0.8440366972477065,0.3114581505527285,0.3806154176048032,0.444129723124804,0.679066276704467,0.6797491107535136,1,758,109,l2,0.001,liblinear,0.6056293540337281
0.3140495867768595,0.3771357564461013,0.267667292057536,0.22296993472159768,0.9090909090909091,0.7768595041322314,0.0804200635622494,0.10941567184274303,0.12644489035483528,0.5973329033707935,0.6006800721137768,2,746,121,l2,0.01,liblinear,0.6150645146482013
0.345679012345679,0.39531615925058544,0.28619854721549637,0.2634532030012256,0.9012345679012346,0.7530864197530864,0.10232275694549875,0.128368726787925,0.22854650383915195,0.617317018533315,0.6090444546787721,3,705,162,l2,0.001,lbfgs,0.6276734175126049
0.4185022026431718,0.41111111111111115,0.31615925058548006,0.3340795840254207,0.8105726872246696,0.7709251101321586,0.1171049293988331,0.14491995396044777,0.12630524972251844,0.5970465907526797,0.5917245215762688,4,640,227,l2,0.001,lbfgs,0.6351856962192418
0.4112903225806452,0.41181406276220844,0.3213515217896379,0.3273255645883989,0.8225806451612904,0.7661290322580645,0.1578667021772422,0.19290537791880236,0.27013529104783357,0.6543409291968582,0.65252383771609,5,619,248,l2,0.001,lbfgs,0.5879798552625013
