accuracy,balanced_accuracy,f1_macro,f1_weighted,mae,adjacent_accuracy,kappa_linear,kappa_quadratic,spearman_r,roc_auc_macro_ovr,roc_auc_weighted_ovr,fold,n_train,n_val,best_penalty,best_C,best_solver,inner_auc_score
0.45871559633027525,0.49031043921861395,0.45344526610349395,0.4591297066967721,0.7064220183486238,0.8348623853211009,0.2552134173396041,0.29637246500999725,0.31775806305837695,0.6717256321651496,0.6704814055721618,1,758,109,l2,0.0001,lbfgs,0.6297036181090643
0.4793388429752066,0.5048772910841877,0.47870370370370363,0.4804637281910009,0.6611570247933884,0.859504132231405,0.24634070383058237,0.26029601029601024,0.28694272789308023,0.6546640477266074,0.6460303979168515,2,746,121,l2,0.001,lbfgs,0.6449100456158031
0.43209876543209874,0.4293284129349703,0.42015103766015693,0.43689730989250414,0.7345679012345679,0.8333333333333334,0.13209076175040524,0.11651219973519944,0.248075708685786,0.6474595677090084,0.6478341378629697,3,705,162,l2,0.001,lbfgs,0.6419200207327816
0.5022026431718062,0.5154761904761905,0.48612752959144706,0.5101808841858798,0.6651982378854625,0.8325991189427313,0.2668178220786721,0.280893701941192,0.2798469421864935,0.6451874340047642,0.642605515775568,4,640,227,l2,0.001,lbfgs,0.6599001895186266
0.4879032258064516,0.4939339272910342,0.48401031662883415,0.4882509746207833,0.6370967741935484,0.875,0.2761932909708881,0.3250197941409343,0.37948985927199175,0.6729603467380061,0.671528234949894,5,619,248,l2,0.001,lbfgs,0.6440665856356549
