roc_auc,pr_auc,accuracy,f1,balanced_accuracy,matthews_corrcoef,sensitivity,specificity,precision,pos_LR,sensitivity_at_spec100,fold,n_train,n_val,threshold,best_penalty,best_C,best_solver,best_inner_score
0.6664265706282513,0.667046293739792,0.6294642857142857,0.6693227091633466,0.6243697478991597,0.2523085691038768,0.7058823529411765,0.5428571428571428,0.6363636363636364,1.5441176470588236,0.03361344537815126,1,669,224,0.4612360340279326,l2,0.01,lbfgs,0.636880639402789
0.6069105691056912,0.749291503056934,0.6174863387978142,0.6929824561403509,0.6044715447154472,0.19834179620028636,0.6422764227642277,0.5666666666666667,0.7523809523809524,1.4821763602251408,0.04065040650406504,2,710,183,0.5102460334987423,l2,0.01,lbfgs,0.6665939628616401
0.6586423769247451,0.7174769358753144,0.65,0.7100591715976331,0.6372804163955759,0.2703430577308135,0.6896551724137931,0.5849056603773585,0.7317073170731707,1.6614420062695925,0.034482758620689655,3,753,140,0.48249838899314357,l2,0.01,liblinear,0.6338088103475455
0.6171418128654971,0.7096097912729231,0.6535947712418301,0.736318407960199,0.6134868421052632,0.23650116437742902,0.7708333333333334,0.45614035087719296,0.7047619047619048,1.4173387096774193,0.010416666666666666,4,740,153,0.48128473664578647,l2,0.001,lbfgs,0.6449605972424687
0.6902654867256637,0.7384502433693855,0.5699481865284974,0.5561497326203209,0.5925884955752212,0.18762119504616737,0.46017699115044247,0.725,0.7027027027027027,1.6733708769106999,0.02654867256637168,5,700,193,0.5330062447818593,l2,0.01,lbfgs,0.6405307664959473
