roc_auc,pr_auc,accuracy,f1,balanced_accuracy,matthews_corrcoef,sensitivity,specificity,precision,pos_LR,sensitivity_at_spec100,fold,n_train,n_val,threshold,best_penalty,best_C,best_solver,best_inner_score
0.639,0.6136788865370241,0.6,0.6440677966101694,0.6072727272727273,0.22430055404753832,0.76,0.45454545454545453,0.5588235294117647,1.3933333333333335,0.0,1,683,210,0.4278985643548697,l1,0.1,liblinear,0.680916338506352
0.7085741811175338,0.8086148786414362,0.6342412451361867,0.7006369426751592,0.6333952656206991,0.2514748486673827,0.6358381502890174,0.6309523809523809,0.7801418439716312,1.7229162782024985,0.011560693641618497,2,636,257,0.4898976189839755,l2,0.0001,liblinear,0.6807137636396391
0.6548148148148148,0.7224916549837629,0.6083333333333333,0.6666666666666666,0.6022222222222222,0.19894973017461143,0.6266666666666667,0.5777777777777777,0.7121212121212122,1.4842105263157894,0.04,3,773,120,0.5280169840170074,l2,0.0001,liblinear,0.6970982540301288
0.7117983367983368,0.7378719193652223,0.6629213483146067,0.6875,0.6686590436590436,0.33251371861228984,0.6346153846153846,0.7027027027027027,0.75,2.1346153846153846,0.009615384615384616,4,715,178,0.5379704550799733,l2,0.0001,liblinear,0.6577043561305234
0.7403100775193798,0.8489501060282764,0.7265625,0.8148148148148148,0.6381506090808416,0.32724125818483246,0.8953488372093024,0.38095238095238093,0.7475728155339806,1.4463327370304115,0.12790697674418605,5,765,128,0.46053318024220385,l2,0.0001,liblinear,0.6753504104645083
