roc_auc,pr_auc,accuracy,f1,balanced_accuracy,matthews_corrcoef,sensitivity,specificity,precision,pos_LR,sensitivity_at_spec100,fold,n_train,n_val,threshold,best_penalty,best_C,best_solver,best_inner_score
0.6060606060606062,0.7029207543496606,0.6296296296296297,0.696969696969697,0.6103896103896105,0.22077922077922077,0.696969696969697,0.5238095238095238,0.696969696969697,1.4636363636363638,0.07575757575757576,1,723,108,0.5020582960087655,l2,0.0001,liblinear,0.7079590709725747
0.6539582321515298,0.709254822918242,0.5775401069518716,0.6108374384236454,0.5911850412821757,0.17744024864844007,0.5344827586206896,0.647887323943662,0.7126436781609196,1.5179310344827586,0.008620689655172414,2,644,187,0.5047608902747214,l2,0.0001,liblinear,0.6647093083959554
0.6671989779623123,0.6742887759408914,0.64,0.6720647773279352,0.6366576173746407,0.2730754940562632,0.6693548387096774,0.6039603960396039,0.6747967479674797,1.6901209677419353,0.0,3,606,225,0.4718494095752349,l2,0.0001,liblinear,0.6918676617096287
0.6311327561327562,0.7042600304886235,0.6387096774193548,0.711340206185567,0.6163419913419914,0.22947779683230057,0.696969696969697,0.5357142857142857,0.7263157894736842,1.5011655011655012,0.04040404040404041,4,676,155,0.5009174537374468,l2,0.0001,liblinear,0.6797950746947425
0.8001063264221159,0.8573889244871904,0.7435897435897436,0.8076923076923077,0.7049441786283892,0.43018813672134365,0.8484848484848485,0.5614035087719298,0.7706422018348624,1.9345454545454546,0.09090909090909091,5,675,156,0.46894638227557145,l2,0.0001,liblinear,0.6318407487389044
