roc_auc,pr_auc,accuracy,f1,balanced_accuracy,matthews_corrcoef,sensitivity,specificity,precision,pos_LR,sensitivity_at_spec100,fold,n_train,n_val,threshold,best_penalty,best_C,best_solver,best_inner_score
0.5978188588908101,0.6596157829104816,0.5852272727272727,0.6217616580310881,0.5857826838675355,0.16909827898546215,0.5825242718446602,0.589041095890411,0.6666666666666666,1.4174757281553398,0.038834951456310676,1,655,176,0.48523807349620496,l2,0.001,lbfgs,0.65036042931819
0.6310007165034631,0.6933187040420887,0.5984848484848485,0.6900584795321637,0.5620969668020062,0.13247317763181843,0.7468354430379747,0.37735849056603776,0.6413043478260869,1.1994629842731108,0.0,2,699,132,0.48742721232013286,l2,0.0001,liblinear,0.6190498698053548
0.6095377604166667,0.6782633036900911,0.5803571428571429,0.6384615384615384,0.5690104166666666,0.13883672713950987,0.6484375,0.4895833333333333,0.6287878787878788,1.270408163265306,0.015625,3,607,224,0.4920610004371667,l2,0.001,liblinear,0.657331114149755
0.6207107843137255,0.7785068488901861,0.5866666666666667,0.6436781609195402,0.607843137254902,0.20138618000639957,0.5490196078431373,0.6666666666666666,0.7777777777777778,1.6470588235294117,0.058823529411764705,4,681,150,0.5171472179300405,l2,0.001,lbfgs,0.62471297217022
0.698512585812357,0.7457685140356372,0.6711409395973155,0.73224043715847,0.653604118993135,0.3062171470560901,0.7282608695652174,0.5789473684210527,0.7362637362637363,1.7296195652173914,0.0,5,682,149,0.48629482212041625,l2,0.001,liblinear,0.6098952895164795
