roc_auc,pr_auc,accuracy,f1,balanced_accuracy,matthews_corrcoef,sensitivity,specificity,precision,pos_LR,sensitivity_at_spec100,fold,n_train,n_val,threshold,best_penalty,best_C,best_solver,best_inner_score
0.6681096681096682,0.7277866143496395,0.6296296296296297,0.6923076923076923,0.6147186147186148,0.2276376939714664,0.6818181818181818,0.5476190476190477,0.703125,1.507177033492823,0.0,1,723,108,0.4901899421286192,l2,0.001,liblinear,0.6978109489474404
0.6589363768819816,0.7256359294392355,0.6096256684491979,0.6368159203980099,0.6279747450218552,0.24946113204823017,0.5517241379310345,0.704225352112676,0.7529411764705882,1.8653530377668306,0.034482758620689655,2,644,187,0.5393715059958997,l1,0.1,liblinear,0.6816093126688282
0.6339029064196742,0.6368870589888095,0.5866666666666667,0.5974025974025974,0.5901069945704247,0.17948457751718186,0.5564516129032258,0.6237623762376238,0.6448598130841121,1.4789898132427843,0.0,3,606,225,0.5477719824659784,l2,0.01,liblinear,0.7098417589379569
0.6282467532467533,0.7013367691543437,0.6387096774193548,0.6923076923076923,0.6396103896103896,0.26893916437644977,0.6363636363636364,0.6428571428571429,0.7590361445783133,1.781818181818182,0.0,4,676,155,0.5137559247263952,l2,0.01,liblinear,0.7200712617352671
0.7898281056175793,0.8537766395726514,0.7371794871794872,0.8110599078341014,0.6812865497076023,0.4067408597444047,0.8888888888888888,0.47368421052631576,0.7457627118644068,1.6888888888888884,0.15151515151515152,5,675,156,0.4259306567788053,l2,0.01,liblinear,0.6293872112933856
