{
  "val/ECE_mean": 0.09081409126520157,
  "val/tnr_at_recall_80_mean": 0.4285714328289032,
  "val/recall_at_precision_75_mean": 0.3333333432674408,
  "val/pos_lr_mean": 1.4404761791229248,
  "val/recall_at_precision_85_mean": 0.12244898080825806,
  "val/kendall_tau_top50_mean": 0.01804916001856327,
  "val/sensitivity_mean": 0.8231292366981506,
  "val/f1_mean": 0.7756410241127014,
  "val/optimal_threshold_mean": 0.5531913638114929,
  "val/spearman_rho_mean": 0.18685941398143768,
  "val/recall_at_precision_95_mean": 0.013605441898107529,
  "val/specificity_mean": 0.4285714328289032,
  "val/precision_mean": 0.7333333492279053,
  "val/recall_at_precision_90_mean": 0.013605441898107529,
  "val/ppv_mean": 0.7333333492279053,
  "val/recall_at_precision_80_mean": 0.13605442643165588,
  "val/recall_mean": 0.8231292366981506,
  "val/auroc_mean": 0.6135700941085815,
  "val/loss": 0.6332047581672668,
  "val/kendall_tau_top10_mean": -0.1395726352930069,
  "val/kendall_tau_top20_mean": 0.02901015430688858,
  "val/average_precision_mean": 0.7291480898857117,
  "val/tnr_at_recall_85_mean": 0.3246753215789795,
  "val/spearman_rho_top10_mean": -0.16718345880508423,
  "val/cohen_kappa_mean": 0.2665356993675232,
  "val/mcc_mean": 0.2714066207408905,
  "val/tnr_at_recall_90_mean": 0.27272728085517883,
  "val/spearman_rho_top20_mean": 0.03513304144144058,
  "val/spearman_rho_top50_mean": 0.022007586434483528,
  "val/tnr_at_recall_75_mean": 0.44155845046043396,
  "val/tnr_at_recall_95_mean": 0.20779220759868622,
  "val/auprc_mean": 0.7291480898857117,
  "val/balanced_accuracy_mean": 0.6258503198623657,
  "val/kendall_tau_mean": 0.1529102474451065,
  "val/supervised_loss": 0.6332047581672668,
  "val/enrichment_factor_mean": 1.1174603700637817,
  "training_epochs": 21,
  "best_lr": 0.0005,
  "best_weight_decay": 1.0
}