{
  "val/recall_at_precision_75_mean": 0.3333333432674408,
  "val/optimal_threshold_mean": 0.638650119304657,
  "val/mcc_mean": 0.17177782952785492,
  "val/balanced_accuracy_mean": 0.5844155550003052,
  "val/tnr_at_recall_90_mean": 0.15584415197372437,
  "val/ECE_mean": 0.08210530132055283,
  "val/sensitivity_mean": 0.7142857313156128,
  "val/enrichment_factor_mean": 1.0984848737716675,
  "val/recall_at_precision_80_mean": 0.2539682686328888,
  "val/spearman_rho_top10_mean": -0.15018784999847412,
  "val/recall_at_precision_95_mean": 0.0317460335791111,
  "val/kendall_tau_mean": 0.12719883024692535,
  "val/average_precision_mean": 0.7047572731971741,
  "val/kendall_tau_top50_mean": 0.1715933382511139,
  "val/tnr_at_recall_85_mean": 0.1818181872367859,
  "val/auroc_mean": 0.5924551486968994,
  "val/tnr_at_recall_80_mean": 0.23376622796058655,
  "val/f1_mean": 0.6976743936538696,
  "val/ppv_mean": 0.6818181872367859,
  "val/kendall_tau_top10_mean": -0.12565617263317108,
  "val/kendall_tau_top20_mean": -0.18350443243980408,
  "val/precision_mean": 0.6818181872367859,
  "val/auprc_mean": 0.7047572731971741,
  "val/specificity_mean": 0.4545454680919647,
  "val/spearman_rho_mean": 0.15540380775928497,
  "val/loss": 0.7012430429458618,
  "val/pos_lr_mean": 1.3095238208770752,
  "val/cohen_kappa_mean": 0.17142857611179352,
  "val/recall_at_precision_85_mean": 0.0317460335791111,
  "val/supervised_loss": 0.7012430429458618,
  "val/spearman_rho_top50_mean": 0.2091253399848938,
  "val/spearman_rho_top20_mean": -0.22198839485645294,
  "val/tnr_at_recall_75_mean": 0.33766233921051025,
  "val/recall_mean": 0.7142857313156128,
  "val/recall_at_precision_90_mean": 0.0317460335791111,
  "val/tnr_at_recall_95_mean": 0.03896103799343109,
  "training_epochs": 35,
  "best_lr": 1e-05,
  "best_weight_decay": 0.1
}