{
  "val/pos_lr_mean": 1.0,
  "val/loss": 0.6655391454696655,
  "val/ppv_mean": 0.6847290396690369,
  "val/ECE_mean": 0.04750945419073105,
  "val/spearman_rho_top50_mean": 0.037968914955854416,
  "val/recall_at_precision_75_mean": 0.0,
  "val/precision_mean": 0.6847290396690369,
  "val/kendall_tau_top10_mean": 0.641167163848877,
  "val/kendall_tau_top20_mean": 0.6751869916915894,
  "val/tnr_at_recall_95_mean": 0.0,
  "val/auroc_mean": 0.4921875,
  "val/f1_mean": 0.8128654956817627,
  "val/spearman_rho_mean": -0.060162730515003204,
  "val/average_precision_mean": 0.6818617582321167,
  "val/sensitivity_mean": 1.0,
  "val/recall_mean": 1.0,
  "val/tnr_at_recall_90_mean": 0.0,
  "val/supervised_loss": 0.6655391454696655,
  "val/recall_at_precision_90_mean": 0.0,
  "val/spearman_rho_top20_mean": 0.6793910264968872,
  "val/recall_at_precision_85_mean": 0.0,
  "val/mcc_mean": 0.0,
  "val/balanced_accuracy_mean": 0.5,
  "val/tnr_at_recall_85_mean": 0.0,
  "val/spearman_rho_top10_mean": 0.6491103172302246,
  "val/specificity_mean": 0.0,
  "val/kendall_tau_mean": -0.06001485511660576,
  "val/tnr_at_recall_75_mean": 0.0,
  "val/optimal_threshold_mean": 0.5,
  "val/recall_at_precision_95_mean": 0.0,
  "val/auprc_mean": 0.6818617582321167,
  "val/cohen_kappa_mean": 0.0,
  "val/kendall_tau_top50_mean": 0.03787529096007347,
  "val/tnr_at_recall_80_mean": 0.0,
  "val/enrichment_factor_mean": 1.0,
  "val/recall_at_precision_80_mean": 0.0,
  "training_epochs": 23,
  "best_lr": 0.001,
  "best_weight_decay": 0.01
}