{
  "val/tnr_at_recall_85_mean": 0.28318583965301514,
  "val/kendall_tau_top50_mean": 0.09962786734104156,
  "val/sensitivity_mean": 0.7886598110198975,
  "val/kendall_tau_mean": 0.17401649057865143,
  "val/enrichment_factor_mean": 1.0955591201782227,
  "val/supervised_loss": 0.7198508977890015,
  "val/auprc_mean": 0.737900972366333,
  "val/spearman_rho_top20_mean": 0.04547334089875221,
  "val/recall_at_precision_80_mean": 0.2680412232875824,
  "val/cohen_kappa_mean": 0.19670163094997406,
  "val/spearman_rho_top50_mean": 0.12162191420793533,
  "val/recall_at_precision_90_mean": 0.05154639109969139,
  "val/spearman_rho_mean": 0.21277955174446106,
  "val/recall_at_precision_75_mean": 0.3711340129375458,
  "val/loss": 0.7198508977890015,
  "val/kendall_tau_top20_mean": 0.037431925535202026,
  "val/tnr_at_recall_75_mean": 0.40707963705062866,
  "val/precision_mean": 0.692307710647583,
  "val/spearman_rho_top10_mean": 0.15934406220912933,
  "val/optimal_threshold_mean": 0.5275859236717224,
  "val/balanced_accuracy_mean": 0.5934449434280396,
  "val/tnr_at_recall_80_mean": 0.3539822995662689,
  "val/pos_lr_mean": 1.310567021369934,
  "val/auroc_mean": 0.6273606419563293,
  "val/average_precision_mean": 0.737900972366333,
  "val/recall_at_precision_85_mean": 0.07216494530439377,
  "val/tnr_at_recall_90_mean": 0.23893804848194122,
  "val/ECE_mean": 0.13093401491641998,
  "val/specificity_mean": 0.39823007583618164,
  "val/recall_at_precision_95_mean": 0.04123711213469505,
  "val/kendall_tau_top10_mean": 0.13225451111793518,
  "val/ppv_mean": 0.692307710647583,
  "val/f1_mean": 0.7373493909835815,
  "val/recall_mean": 0.7886598110198975,
  "val/tnr_at_recall_95_mean": 0.1504424810409546,
  "val/mcc_mean": 0.2007153183221817,
  "training_epochs": 190,
  "best_lr": 5e-05,
  "best_weight_decay": 1.0
}