{
  "val/ppv_mean": 0.0,
  "val/recall_at_precision_80_mean": 0.0,
  "val/precision_mean": 0.0,
  "val/mcc_mean": 0.0,
  "val/supervised_loss": 0.7103676795959473,
  "val/recall_mean": 0.0,
  "val/average_precision_mean": 0.6766085028648376,
  "val/kendall_tau_top50_mean": 0.0,
  "val/enrichment_factor_mean": 0.0,
  "val/tnr_at_recall_85_mean": 0.04444444552063942,
  "val/tnr_at_recall_75_mean": 0.04444444552063942,
  "val/ECE_mean": 0.009920433163642883,
  "val/f1_mean": 0.0,
  "val/auroc_mean": 0.5164835453033447,
  "val/loss": 0.7103676795959473,
  "val/spearman_rho_top10_mean": 0.0,
  "val/recall_at_precision_85_mean": 0.0,
  "val/kendall_tau_top10_mean": 0.0,
  "val/sensitivity_mean": 0.0,
  "val/recall_at_precision_75_mean": 0.0,
  "val/recall_at_precision_95_mean": 0.0,
  "val/cohen_kappa_mean": 0.0,
  "val/tnr_at_recall_95_mean": 0.04444444552063942,
  "val/pos_lr_mean": 1.0,
  "val/recall_at_precision_90_mean": 0.0,
  "val/spearman_rho_top50_mean": 0.0,
  "val/auprc_mean": 0.6766085028648376,
  "val/kendall_tau_top20_mean": 0.0,
  "val/kendall_tau_mean": 0.10521890968084335,
  "val/optimal_threshold_mean": 0.6720747947692871,
  "val/spearman_rho_top20_mean": 0.0,
  "val/tnr_at_recall_80_mean": 0.04444444552063942,
  "val/tnr_at_recall_90_mean": 0.04444444552063942,
  "val/spearman_rho_mean": 0.10560594499111176,
  "val/balanced_accuracy_mean": 0.5,
  "val/specificity_mean": 1.0,
  "training_epochs": 211,
  "best_lr": 0.001,
  "best_weight_decay": 0.1
}