{
  "val/tnr_at_recall_95_mean": 0.12121212482452393,
  "val/average_precision_mean": 0.7749015688896179,
  "val/spearman_rho_top50_mean": 0.14739111065864563,
  "val/precision_mean": 0.8333333134651184,
  "val/recall_at_precision_90_mean": 0.011627906933426857,
  "val/auroc_mean": 0.5799859166145325,
  "val/spearman_rho_top10_mean": -0.2981424033641815,
  "val/recall_mean": 0.40697672963142395,
  "val/recall_at_precision_80_mean": 0.43023255467414856,
  "val/cohen_kappa_mean": 0.1381118893623352,
  "val/recall_at_precision_85_mean": 0.011627906933426857,
  "val/f1_mean": 0.546875,
  "val/spearman_rho_top20_mean": 0.031782086938619614,
  "val/ppv_mean": 0.8333333134651184,
  "val/spearman_rho_mean": 0.12404482811689377,
  "val/tnr_at_recall_75_mean": 0.3636363744735718,
  "val/supervised_loss": 0.6329765319824219,
  "val/tnr_at_recall_80_mean": 0.27272728085517883,
  "val/pos_lr_mean": 1.9186046123504639,
  "val/auprc_mean": 0.7749015688896179,
  "val/tnr_at_recall_90_mean": 0.1515151560306549,
  "val/mcc_mean": 0.18253616988658905,
  "val/kendall_tau_top10_mean": -0.2542566955089569,
  "val/optimal_threshold_mean": 0.7185582518577576,
  "val/tnr_at_recall_85_mean": 0.21212121844291687,
  "val/recall_at_precision_75_mean": 0.7906976938247681,
  "val/enrichment_factor_mean": 1.1531007289886475,
  "val/loss": 0.6329765319824219,
  "val/recall_at_precision_95_mean": 0.011627906933426857,
  "val/sensitivity_mean": 0.40697672963142395,
  "val/ECE_mean": 0.06939954310655594,
  "val/specificity_mean": 0.7878788113594055,
  "val/kendall_tau_mean": 0.1017068400979042,
  "val/kendall_tau_top50_mean": 0.1213599145412445,
  "val/balanced_accuracy_mean": 0.5974277853965759,
  "val/kendall_tau_top20_mean": 0.026508092880249023,
  "training_epochs": 4,
  "best_lr": 0.0001,
  "best_weight_decay": 0.0
}