{
  "val/precision_mean": 0.7535211443901062,
  "val/pos_lr_mean": 1.5050549507141113,
  "val/ppv_mean": 0.7535211443901062,
  "val/average_precision_mean": 0.7780443429946899,
  "val/supervised_loss": 1.0656377077102661,
  "val/tnr_at_recall_90_mean": 0.25,
  "val/mcc_mean": 0.2931855320930481,
  "val/tnr_at_recall_95_mean": 0.109375,
  "val/spearman_rho_top20_mean": -0.08829642087221146,
  "val/tnr_at_recall_80_mean": 0.46875,
  "val/recall_mean": 0.8230769038200378,
  "val/spearman_rho_top50_mean": 0.08264714479446411,
  "val/recall_at_precision_85_mean": 0.0615384615957737,
  "val/ECE_mean": 0.17519211769104004,
  "val/optimal_threshold_mean": 0.7341533899307251,
  "val/recall_at_precision_75_mean": 0.8307692408561707,
  "val/recall_at_precision_95_mean": 0.03076923079788685,
  "val/kendall_tau_top50_mean": 0.06782805919647217,
  "val/f1_mean": 0.7867646813392639,
  "val/auroc_mean": 0.6627404093742371,
  "val/specificity_mean": 0.453125,
  "val/kendall_tau_mean": 0.21698138117790222,
  "val/enrichment_factor_mean": 1.1244853734970093,
  "val/cohen_kappa_mean": 0.29000505805015564,
  "val/auprc_mean": 0.7780443429946899,
  "val/spearman_rho_top10_mean": 0.30550503730773926,
  "val/kendall_tau_top10_mean": 0.25592395663261414,
  "val/tnr_at_recall_85_mean": 0.40625,
  "val/spearman_rho_mean": 0.2650645673274994,
  "val/balanced_accuracy_mean": 0.6381009817123413,
  "val/recall_at_precision_80_mean": 0.48461538553237915,
  "val/loss": 1.0656377077102661,
  "val/kendall_tau_top20_mean": -0.07303616404533386,
  "val/tnr_at_recall_75_mean": 0.5,
  "val/recall_at_precision_90_mean": 0.03076923079788685,
  "val/sensitivity_mean": 0.8230769038200378,
  "training_epochs": 138,
  "best_lr": 0.0005,
  "best_weight_decay": 0.1
}