{
  "val/recall_mean": 0.3239436745643616,
  "val/spearman_rho_mean": 0.1440584510564804,
  "val/recall_at_precision_95_mean": 0.056338027119636536,
  "val/tnr_at_recall_95_mean": 0.04838709533214569,
  "val/auroc_mean": 0.5904134511947632,
  "val/tnr_at_recall_75_mean": 0.29032257199287415,
  "val/supervised_loss": 0.7052674889564514,
  "val/kendall_tau_top50_mean": 0.1732541173696518,
  "val/recall_at_precision_80_mean": 0.47887325286865234,
  "val/tnr_at_recall_80_mean": 0.19354838132858276,
  "val/cohen_kappa_mean": 0.15027499198913574,
  "val/spearman_rho_top20_mean": -0.06876012682914734,
  "val/f1_mean": 0.47179487347602844,
  "val/optimal_threshold_mean": 0.858231246471405,
  "val/average_precision_mean": 0.7875979542732239,
  "val/spearman_rho_top50_mean": 0.21115952730178833,
  "val/auprc_mean": 0.7875979542732239,
  "val/specificity_mean": 0.8870967626571655,
  "val/ppv_mean": 0.8679245114326477,
  "val/balanced_accuracy_mean": 0.6055201888084412,
  "val/mcc_mean": 0.22134988009929657,
  "val/recall_at_precision_85_mean": 0.34507042169570923,
  "val/loss": 0.7052674889564514,
  "val/kendall_tau_top10_mean": 0.030476098880171776,
  "val/tnr_at_recall_85_mean": 0.12903225421905518,
  "val/sensitivity_mean": 0.3239436745643616,
  "val/kendall_tau_top20_mean": -0.05683985725045204,
  "val/ECE_mean": 0.11513980478048325,
  "val/spearman_rho_top10_mean": 0.03642590343952179,
  "val/recall_at_precision_75_mean": 0.5492957830429077,
  "val/recall_at_precision_90_mean": 0.06338027864694595,
  "val/tnr_at_recall_90_mean": 0.08064515888690948,
  "val/precision_mean": 0.8679245114326477,
  "val/pos_lr_mean": 2.869215250015259,
  "val/kendall_tau_mean": 0.11791116744279861,
  "val/enrichment_factor_mean": 1.2468775510787964,
  "training_epochs": 8,
  "best_lr": 0.0005,
  "best_weight_decay": 0.01
}