{
  "val/average_precision_mean": 0.65372234582901,
  "val/supervised_loss": 0.7021742463111877,
  "val/recall_at_precision_90_mean": 0.0,
  "val/f1_mean": 0.6086956262588501,
  "val/enrichment_factor_mean": 1.1523076295852661,
  "val/recall_at_precision_85_mean": 0.0,
  "val/tnr_at_recall_90_mean": 0.0476190485060215,
  "val/tnr_at_recall_95_mean": 0.02380952425301075,
  "val/cohen_kappa_mean": 0.1705426424741745,
  "val/spearman_rho_mean": 0.12640388309955597,
  "val/balanced_accuracy_mean": 0.5906593203544617,
  "val/kendall_tau_top20_mean": -0.23695261776447296,
  "val/kendall_tau_top50_mean": 0.0497310645878315,
  "val/tnr_at_recall_80_mean": 0.2142857164144516,
  "val/kendall_tau_top10_mean": -0.16239959001541138,
  "val/auprc_mean": 0.65372234582901,
  "val/spearman_rho_top10_mean": -0.19432508945465088,
  "val/sensitivity_mean": 0.5384615659713745,
  "val/tnr_at_recall_85_mean": 0.1785714328289032,
  "val/mcc_mean": 0.17746040225028992,
  "val/spearman_rho_top50_mean": 0.06062522903084755,
  "val/auroc_mean": 0.5747252702713013,
  "val/kendall_tau_mean": 0.10344920307397842,
  "val/spearman_rho_top20_mean": -0.2868121564388275,
  "val/recall_at_precision_95_mean": 0.0,
  "val/recall_at_precision_75_mean": 0.0,
  "val/loss": 0.7021742463111877,
  "val/ppv_mean": 0.699999988079071,
  "val/ECE_mean": 0.1126658096909523,
  "val/tnr_at_recall_75_mean": 0.380952388048172,
  "val/recall_mean": 0.5384615659713745,
  "val/specificity_mean": 0.6428571343421936,
  "val/pos_lr_mean": 1.5076923370361328,
  "val/recall_at_precision_80_mean": 0.0,
  "val/optimal_threshold_mean": 0.6810032725334167,
  "val/precision_mean": 0.699999988079071,
  "training_epochs": 7,
  "best_lr": 0.001,
  "best_weight_decay": 0.01
}