{
  "val/spearman_rho_top10_mean": 0.10017608106136322,
  "val/sensitivity_mean": 0.6971830725669861,
  "val/cohen_kappa_mean": 0.1724361777305603,
  "val/recall_mean": 0.6971830725669861,
  "val/precision_mean": 0.7557252049446106,
  "val/balanced_accuracy_mean": 0.5905270576477051,
  "val/f1_mean": 0.7252747416496277,
  "val/tnr_at_recall_85_mean": 0.20967741310596466,
  "val/spearman_rho_top50_mean": 0.009554428979754448,
  "val/supervised_loss": 0.6667539477348328,
  "val/recall_at_precision_95_mean": 0.0,
  "val/optimal_threshold_mean": 0.634182870388031,
  "val/spearman_rho_mean": 0.12400162220001221,
  "val/auprc_mean": 0.7340025901794434,
  "val/tnr_at_recall_90_mean": 0.14516128599643707,
  "val/kendall_tau_top20_mean": -0.10791262239217758,
  "val/enrichment_factor_mean": 1.0856897830963135,
  "val/recall_at_precision_85_mean": 0.0,
  "val/tnr_at_recall_75_mean": 0.32258063554763794,
  "val/tnr_at_recall_95_mean": 0.08064515888690948,
  "val/spearman_rho_top20_mean": -0.130083367228508,
  "val/recall_at_precision_80_mean": 0.0,
  "val/kendall_tau_mean": 0.1019425243139267,
  "val/ECE_mean": 0.07171995937824249,
  "val/mcc_mean": 0.1737205535173416,
  "val/kendall_tau_top50_mean": 0.007877514697611332,
  "val/loss": 0.6667539477348328,
  "val/recall_at_precision_75_mean": 0.7042253613471985,
  "val/auroc_mean": 0.5778055191040039,
  "val/recall_at_precision_90_mean": 0.0,
  "val/kendall_tau_top10_mean": 0.08455037325620651,
  "val/average_precision_mean": 0.7340025901794434,
  "val/ppv_mean": 0.7557252049446106,
  "val/tnr_at_recall_80_mean": 0.29032257199287415,
  "val/pos_lr_mean": 1.3507922887802124,
  "val/specificity_mean": 0.4838709533214569,
  "training_epochs": 18,
  "best_lr": 0.0005,
  "best_weight_decay": 0.01
}