{
  "val/kendall_tau_top50_mean": 0.12392261624336243,
  "val/auroc_mean": 0.6518243551254272,
  "val/mcc_mean": 0.24738022685050964,
  "val/f1_mean": 0.6166666746139526,
  "val/kendall_tau_top10_mean": 0.06203228235244751,
  "val/spearman_rho_mean": 0.24979999661445618,
  "val/specificity_mean": 0.7532467246055603,
  "val/pos_lr_mean": 2.040100336074829,
  "val/recall_at_precision_90_mean": 0.06122449040412903,
  "val/spearman_rho_top20_mean": -0.13559886813163757,
  "val/optimal_threshold_mean": 0.8069939613342285,
  "val/tnr_at_recall_85_mean": 0.25974026322364807,
  "val/recall_at_precision_75_mean": 0.7006802558898926,
  "val/tnr_at_recall_90_mean": 0.16883116960525513,
  "val/recall_mean": 0.5034013390541077,
  "val/loss": 0.660769522190094,
  "val/recall_at_precision_85_mean": 0.3265306055545807,
  "val/ECE_mean": 0.11645454168319702,
  "val/cohen_kappa_mean": 0.21992580592632294,
  "val/recall_at_precision_95_mean": 0.020408162847161293,
  "val/tnr_at_recall_80_mean": 0.3636363744735718,
  "val/balanced_accuracy_mean": 0.628324031829834,
  "val/ppv_mean": 0.7956989407539368,
  "val/supervised_loss": 0.660769522190094,
  "val/auprc_mean": 0.7778711915016174,
  "val/precision_mean": 0.7956989407539368,
  "val/kendall_tau_top20_mean": -0.11196707934141159,
  "val/tnr_at_recall_95_mean": 0.11688311398029327,
  "val/spearman_rho_top50_mean": 0.1511005312204361,
  "val/kendall_tau_mean": 0.20441560447216034,
  "val/recall_at_precision_80_mean": 0.3945578336715698,
  "val/spearman_rho_top10_mean": 0.0743037611246109,
  "val/sensitivity_mean": 0.5034013390541077,
  "val/tnr_at_recall_75_mean": 0.41558441519737244,
  "val/enrichment_factor_mean": 1.212493658065796,
  "val/average_precision_mean": 0.7778711915016174,
  "training_epochs": 22,
  "best_lr": 0.0005,
  "best_weight_decay": 0.01
}