{
  "val/recall_mean": 0.6302521228790283,
  "val/balanced_accuracy_mean": 0.6563959121704102,
  "val/kendall_tau_top20_mean": 0.02661985717713833,
  "val/recall_at_precision_95_mean": 0.0,
  "val/enrichment_factor_mean": 1.207430362701416,
  "val/precision_mean": 0.7894737124443054,
  "val/tnr_at_recall_80_mean": 0.3968254029750824,
  "val/spearman_rho_top20_mean": 0.03215894103050232,
  "val/tnr_at_recall_95_mean": 0.1746031790971756,
  "val/kendall_tau_top50_mean": 0.04478706791996956,
  "val/tnr_at_recall_90_mean": 0.2539682686328888,
  "val/pos_lr_mean": 1.9852941036224365,
  "val/recall_at_precision_90_mean": 0.0,
  "val/supervised_loss": 0.6193941831588745,
  "val/sensitivity_mean": 0.6302521228790283,
  "val/optimal_threshold_mean": 0.6267452836036682,
  "val/ECE_mean": 0.04406818002462387,
  "val/ppv_mean": 0.7894737124443054,
  "val/kendall_tau_mean": 0.23604486882686615,
  "val/recall_at_precision_75_mean": 0.7142857313156128,
  "val/kendall_tau_top10_mean": 0.06482037156820297,
  "val/f1_mean": 0.7009345889091492,
  "val/recall_at_precision_85_mean": 0.10924369841814041,
  "val/recall_at_precision_80_mean": 0.5798319578170776,
  "val/spearman_rho_mean": 0.28830376267433167,
  "val/auprc_mean": 0.7648575901985168,
  "val/loss": 0.6193941831588745,
  "val/spearman_rho_top50_mean": 0.0545538030564785,
  "val/specificity_mean": 0.682539701461792,
  "val/auroc_mean": 0.6749366521835327,
  "val/tnr_at_recall_85_mean": 0.3174603283405304,
  "val/mcc_mean": 0.297904908657074,
  "val/average_precision_mean": 0.7648575901985168,
  "val/cohen_kappa_mean": 0.28706082701683044,
  "val/tnr_at_recall_75_mean": 0.4920634925365448,
  "val/spearman_rho_top10_mean": 0.07727101445198059,
  "training_epochs": 171,
  "best_lr": 0.001,
  "best_weight_decay": 1.0
}