{
  "val/tnr_at_recall_75_mean": 0.0,
  "val/pos_lr_mean": 1.859452724456787,
  "val/kendall_tau_top50_mean": 0.6127383708953857,
  "val/spearman_rho_top20_mean": 0.45549577474594116,
  "val/optimal_threshold_mean": 0.6238088011741638,
  "val/recall_mean": 0.17164179682731628,
  "val/ppv_mean": 0.7931034564971924,
  "val/spearman_rho_top10_mean": 0.20545251667499542,
  "val/tnr_at_recall_90_mean": 0.0,
  "val/recall_at_precision_80_mean": 0.17910447716712952,
  "val/recall_at_precision_75_mean": 0.19402985274791718,
  "val/mcc_mean": 0.10544973611831665,
  "val/specificity_mean": 0.9076923131942749,
  "val/tnr_at_recall_85_mean": 0.0,
  "val/average_precision_mean": 0.7081728577613831,
  "val/sensitivity_mean": 0.17164179682731628,
  "val/auprc_mean": 0.7081728577613831,
  "val/supervised_loss": 0.6746841073036194,
  "val/precision_mean": 0.7931034564971924,
  "val/f1_mean": 0.2822085916996002,
  "val/recall_at_precision_90_mean": 0.02985074557363987,
  "val/tnr_at_recall_80_mean": 0.0,
  "val/kendall_tau_mean": 0.10865474492311478,
  "val/recall_at_precision_95_mean": 0.02985074557363987,
  "val/cohen_kappa_mean": 0.05603081360459328,
  "val/kendall_tau_top10_mean": 0.1884336620569229,
  "val/auroc_mean": 0.5448909401893616,
  "val/balanced_accuracy_mean": 0.5396670699119568,
  "val/spearman_rho_top50_mean": 0.6581469178199768,
  "val/spearman_rho_mean": 0.11261710524559021,
  "val/recall_at_precision_85_mean": 0.10447761416435242,
  "val/tnr_at_recall_95_mean": 0.0,
  "val/enrichment_factor_mean": 1.1778178215026855,
  "val/kendall_tau_top20_mean": 0.39173436164855957,
  "val/loss": 0.6746841073036194,
  "val/ECE_mean": 0.04334469139575958,
  "training_epochs": 147,
  "best_lr": 0.0005,
  "best_weight_decay": 0.0
}