{
  "val/spearman_rho_top10_mean": 0.4237397015094757,
  "val/tnr_at_recall_95_mean": 0.07207207381725311,
  "val/recall_at_precision_75_mean": 0.24705882370471954,
  "val/average_precision_mean": 0.7196100950241089,
  "val/recall_at_precision_85_mean": 0.10000000149011612,
  "val/loss": 0.7062751054763794,
  "val/kendall_tau_mean": 0.17580546438694,
  "val/kendall_tau_top10_mean": 0.35210609436035156,
  "val/spearman_rho_top20_mean": 0.06888853758573532,
  "val/mcc_mean": 0.21385985612869263,
  "val/kendall_tau_top50_mean": 0.06952781230211258,
  "val/tnr_at_recall_75_mean": 0.4234234094619751,
  "val/tnr_at_recall_90_mean": 0.18918919563293457,
  "val/precision_mean": 0.7019867300987244,
  "val/sensitivity_mean": 0.6235294342041016,
  "val/optimal_threshold_mean": 0.514045774936676,
  "val/tnr_at_recall_85_mean": 0.315315306186676,
  "val/auroc_mean": 0.6269210577011108,
  "val/specificity_mean": 0.5945945978164673,
  "val/enrichment_factor_mean": 1.160342812538147,
  "val/recall_at_precision_80_mean": 0.12352941185235977,
  "val/ppv_mean": 0.7019867300987244,
  "val/ECE_mean": 0.11812993884086609,
  "val/recall_at_precision_95_mean": 0.0470588244497776,
  "val/recall_at_precision_90_mean": 0.0882352963089943,
  "val/tnr_at_recall_80_mean": 0.37837839126586914,
  "val/auprc_mean": 0.7196100950241089,
  "val/supervised_loss": 0.7062751054763794,
  "val/f1_mean": 0.6604361534118652,
  "val/balanced_accuracy_mean": 0.6090620160102844,
  "val/pos_lr_mean": 1.538039207458496,
  "val/cohen_kappa_mean": 0.21183191239833832,
  "val/recall_mean": 0.6235294342041016,
  "val/kendall_tau_top20_mean": 0.05674723908305168,
  "val/spearman_rho_mean": 0.21493473649024963,
  "val/spearman_rho_top50_mean": 0.08485133200883865,
  "training_epochs": 49,
  "best_lr": 0.0005,
  "best_weight_decay": 0.0
}