{
  "val/recall_at_precision_85_mean": 0.057553958147764206,
  "val/loss": 0.7149003148078918,
  "val/cohen_kappa_mean": 0.18768300116062164,
  "val/sensitivity_mean": 0.5755395889282227,
  "val/mcc_mean": 0.20089229941368103,
  "val/recall_at_precision_80_mean": 0.46043166518211365,
  "val/spearman_rho_top10_mean": 0.08671099692583084,
  "val/kendall_tau_top20_mean": 0.10749676823616028,
  "val/average_precision_mean": 0.7656301259994507,
  "val/spearman_rho_top50_mean": 0.02024507150053978,
  "val/recall_at_precision_90_mean": 0.04316546767950058,
  "val/auprc_mean": 0.7656301259994507,
  "val/kendall_tau_mean": 0.1426100730895996,
  "val/kendall_tau_top50_mean": 0.01661166176199913,
  "val/recall_mean": 0.5755395889282227,
  "val/auroc_mean": 0.6082509160041809,
  "val/tnr_at_recall_85_mean": 0.171875,
  "val/enrichment_factor_mean": 1.134315848350525,
  "val/kendall_tau_top10_mean": 0.07254762202501297,
  "val/tnr_at_recall_95_mean": 0.078125,
  "val/specificity_mean": 0.640625,
  "val/supervised_loss": 0.7149003148078918,
  "val/pos_lr_mean": 1.60150146484375,
  "val/spearman_rho_top20_mean": 0.13004064559936523,
  "val/optimal_threshold_mean": 0.6055809259414673,
  "val/recall_at_precision_95_mean": 0.04316546767950058,
  "val/spearman_rho_mean": 0.1742323338985443,
  "val/ppv_mean": 0.7766990065574646,
  "val/balanced_accuracy_mean": 0.6080822944641113,
  "val/f1_mean": 0.6611570119857788,
  "val/recall_at_precision_75_mean": 0.6978417038917542,
  "val/tnr_at_recall_80_mean": 0.265625,
  "val/precision_mean": 0.7766990065574646,
  "val/tnr_at_recall_75_mean": 0.421875,
  "val/ECE_mean": 0.15408049523830414,
  "val/tnr_at_recall_90_mean": 0.15625,
  "training_epochs": 134,
  "best_lr": 5e-05,
  "best_weight_decay": 0.01
}