{
  "val/tnr_at_recall_80_mean": 0.3214285671710968,
  "val/recall_at_precision_95_mean": 0.0,
  "val/recall_at_precision_80_mean": 0.27358490228652954,
  "val/ppv_mean": 0.7555555701255798,
  "val/recall_at_precision_90_mean": 0.0,
  "val/f1_mean": 0.5878962278366089,
  "val/loss": 0.7111781239509583,
  "val/mcc_mean": 0.17990070581436157,
  "val/cohen_kappa_mean": 0.1604696661233902,
  "val/spearman_rho_mean": 0.17264282703399658,
  "val/recall_at_precision_85_mean": 0.0,
  "val/spearman_rho_top10_mean": -0.08656961470842361,
  "val/supervised_loss": 0.7111781239509583,
  "val/kendall_tau_mean": 0.1414426565170288,
  "val/kendall_tau_top20_mean": -0.1377001255750656,
  "val/spearman_rho_top20_mean": -0.16714903712272644,
  "val/auprc_mean": 0.7209481596946716,
  "val/tnr_at_recall_85_mean": 0.25,
  "val/kendall_tau_top10_mean": -0.07177972793579102,
  "val/precision_mean": 0.7555555701255798,
  "val/kendall_tau_top50_mean": 0.10636157542467117,
  "val/enrichment_factor_mean": 1.154716968536377,
  "val/specificity_mean": 0.7053571343421936,
  "val/ECE_mean": 0.11906272172927856,
  "val/balanced_accuracy_mean": 0.5932446122169495,
  "val/sensitivity_mean": 0.4811320900917053,
  "val/tnr_at_recall_95_mean": 0.0892857164144516,
  "val/recall_at_precision_75_mean": 0.4858490526676178,
  "val/average_precision_mean": 0.7209481596946716,
  "val/auroc_mean": 0.604784369468689,
  "val/optimal_threshold_mean": 0.6622892618179321,
  "val/spearman_rho_top50_mean": 0.12914958596229553,
  "val/tnr_at_recall_75_mean": 0.3928571343421936,
  "val/recall_mean": 0.4811320900917053,
  "val/pos_lr_mean": 1.6329331398010254,
  "val/tnr_at_recall_90_mean": 0.1607142835855484,
  "training_epochs": 56,
  "best_lr": 0.0005,
  "best_weight_decay": 0.1
}