{
  "val/auprc_mean": 0.7985463738441467,
  "val/recall_at_precision_85_mean": 0.3720930218696594,
  "val/balanced_accuracy_mean": 0.6138125658035278,
  "val/tnr_at_recall_90_mean": 0.03030303120613098,
  "val/average_precision_mean": 0.7985463738441467,
  "val/cohen_kappa_mean": 0.15322580933570862,
  "val/spearman_rho_top50_mean": 0.2596890926361084,
  "val/spearman_rho_mean": 0.10109416395425797,
  "val/tnr_at_recall_80_mean": 0.1818181872367859,
  "val/spearman_rho_top20_mean": 0.13623730838298798,
  "val/kendall_tau_top20_mean": 0.1136297732591629,
  "val/ppv_mean": 0.8823529481887817,
  "val/enrichment_factor_mean": 1.2209302186965942,
  "val/kendall_tau_mean": 0.08290064334869385,
  "val/spearman_rho_top10_mean": -0.20000000298023224,
  "val/kendall_tau_top10_mean": -0.1705605685710907,
  "val/specificity_mean": 0.8787878751754761,
  "val/tnr_at_recall_75_mean": 0.27272728085517883,
  "val/optimal_threshold_mean": 0.7203772664070129,
  "val/recall_at_precision_75_mean": 0.5465116500854492,
  "val/tnr_at_recall_95_mean": 0.03030303120613098,
  "val/auroc_mean": 0.5651867389678955,
  "val/ECE_mean": 0.08218928426504135,
  "val/pos_lr_mean": 2.8779070377349854,
  "val/sensitivity_mean": 0.3488371968269348,
  "val/recall_at_precision_95_mean": 0.03488372266292572,
  "val/kendall_tau_top50_mean": 0.21382461488246918,
  "val/recall_at_precision_90_mean": 0.22093023359775543,
  "val/loss": 0.6296696662902832,
  "val/recall_at_precision_80_mean": 0.4651162922382355,
  "val/mcc_mean": 0.22556795179843903,
  "val/precision_mean": 0.8823529481887817,
  "val/recall_mean": 0.3488371968269348,
  "val/f1_mean": 0.5,
  "val/tnr_at_recall_85_mean": 0.1515151560306549,
  "val/supervised_loss": 0.6296696662902832,
  "training_epochs": 2,
  "best_lr": 0.0005,
  "best_weight_decay": 0.01
}