{
  "val/tnr_at_recall_75_mean": 0.4838709533214569,
  "val/auroc_mean": 0.6558382511138916,
  "val/enrichment_factor_mean": 1.2194563150405884,
  "val/average_precision_mean": 0.8038269877433777,
  "val/f1_mean": 0.640350878238678,
  "val/loss": 0.6430876851081848,
  "val/balanced_accuracy_mean": 0.6522035598754883,
  "val/supervised_loss": 0.6430876851081848,
  "val/spearman_rho_top50_mean": 0.1829630732536316,
  "val/auprc_mean": 0.8038269877433777,
  "val/spearman_rho_top10_mean": 0.10927771031856537,
  "val/recall_at_precision_85_mean": 0.5211267471313477,
  "val/sensitivity_mean": 0.51408451795578,
  "val/tnr_at_recall_85_mean": 0.27419355511665344,
  "val/ppv_mean": 0.8488371968269348,
  "val/spearman_rho_top20_mean": 0.031348954886198044,
  "val/kendall_tau_top10_mean": 0.09142829477787018,
  "val/cohen_kappa_mean": 0.24266570806503296,
  "val/tnr_at_recall_80_mean": 0.4193548262119293,
  "val/ECE_mean": 0.0429411306977272,
  "val/precision_mean": 0.8488371968269348,
  "val/recall_at_precision_75_mean": 0.8239436745643616,
  "val/tnr_at_recall_95_mean": 0.032258063554763794,
  "val/spearman_rho_mean": 0.24830174446105957,
  "val/kendall_tau_mean": 0.20323382318019867,
  "val/recall_mean": 0.51408451795578,
  "val/kendall_tau_top20_mean": 0.02591429464519024,
  "val/kendall_tau_top50_mean": 0.15011923015117645,
  "val/recall_at_precision_90_mean": 0.07042253762483597,
  "val/recall_at_precision_95_mean": 0.035211268812417984,
  "val/specificity_mean": 0.7903226017951965,
  "val/recall_at_precision_80_mean": 0.5633803009986877,
  "val/pos_lr_mean": 2.4517877101898193,
  "val/optimal_threshold_mean": 0.7357010841369629,
  "val/tnr_at_recall_90_mean": 0.19354838132858276,
  "val/mcc_mean": 0.28353360295295715,
  "training_epochs": 3,
  "best_lr": 0.001,
  "best_weight_decay": 1.0
}