{
  "val/recall_mean": 0.43023255467414856,
  "val/tnr_at_recall_95_mean": 0.0736842080950737,
  "val/tnr_at_recall_80_mean": 0.38947367668151855,
  "val/mcc_mean": 0.2202325165271759,
  "val/precision_mean": 0.7872340679168701,
  "val/sensitivity_mean": 0.43023255467414856,
  "val/kendall_tau_mean": 0.1699575036764145,
  "val/enrichment_factor_mean": 1.222043514251709,
  "val/recall_at_precision_80_mean": 0.27906978130340576,
  "val/loss": 0.6565676927566528,
  "val/f1_mean": 0.5563910007476807,
  "val/specificity_mean": 0.7894737124443054,
  "val/spearman_rho_top10_mean": -0.09737289696931839,
  "val/supervised_loss": 0.6565676927566528,
  "val/auprc_mean": 0.7317171096801758,
  "val/recall_at_precision_85_mean": 0.03488372266292572,
  "val/average_precision_mean": 0.7317171096801758,
  "val/spearman_rho_top50_mean": 0.09784235060214996,
  "val/optimal_threshold_mean": 0.6084532737731934,
  "val/tnr_at_recall_90_mean": 0.15789473056793213,
  "val/spearman_rho_mean": 0.2077658772468567,
  "val/kendall_tau_top10_mean": -0.08101914823055267,
  "val/kendall_tau_top50_mean": 0.08018771559000015,
  "val/auroc_mean": 0.6252753734588623,
  "val/ppv_mean": 0.7872340679168701,
  "val/recall_at_precision_75_mean": 0.5406976938247681,
  "val/balanced_accuracy_mean": 0.6098531484603882,
  "val/tnr_at_recall_75_mean": 0.42105263471603394,
  "val/tnr_at_recall_85_mean": 0.2526315748691559,
  "val/ECE_mean": 0.10819535702466965,
  "val/kendall_tau_top20_mean": -0.043721530586481094,
  "val/recall_at_precision_90_mean": 0.0,
  "val/cohen_kappa_mean": 0.18559685349464417,
  "val/recall_at_precision_95_mean": 0.0,
  "val/spearman_rho_top20_mean": -0.053049590438604355,
  "val/pos_lr_mean": 2.043604612350464,
  "training_epochs": 115,
  "best_lr": 0.001,
  "best_weight_decay": 1.0
}