{
  "val/tnr_at_recall_85_mean": 0.421875,
  "val/specificity_mean": 0.375,
  "val/average_precision_mean": 0.7718456983566284,
  "val/recall_mean": 0.9076923131942749,
  "val/precision_mean": 0.746835470199585,
  "val/auroc_mean": 0.6643028855323792,
  "val/ECE_mean": 0.12400823086500168,
  "val/kendall_tau_top20_mean": -0.06816709041595459,
  "val/pos_lr_mean": 1.4523077011108398,
  "val/recall_at_precision_85_mean": 0.04615384712815285,
  "val/tnr_at_recall_80_mean": 0.46875,
  "val/tnr_at_recall_95_mean": 0.171875,
  "val/spearman_rho_top50_mean": 0.07704637199640274,
  "val/cohen_kappa_mean": 0.31800973415374756,
  "val/tnr_at_recall_90_mean": 0.375,
  "val/sensitivity_mean": 0.9076923131942749,
  "val/optimal_threshold_mean": 0.4467886984348297,
  "val/recall_at_precision_95_mean": 0.03846153989434242,
  "val/recall_at_precision_90_mean": 0.03846153989434242,
  "val/kendall_tau_top50_mean": 0.06323153525590897,
  "val/mcc_mean": 0.34189745783805847,
  "val/supervised_loss": 0.720885157585144,
  "val/recall_at_precision_75_mean": 0.8615384697914124,
  "val/tnr_at_recall_75_mean": 0.5,
  "val/spearman_rho_mean": 0.26760950684547424,
  "val/kendall_tau_mean": 0.21906466782093048,
  "val/ppv_mean": 0.746835470199585,
  "val/spearman_rho_top10_mean": 0.04364357888698578,
  "val/balanced_accuracy_mean": 0.6413461565971375,
  "val/recall_at_precision_80_mean": 0.42307692766189575,
  "val/kendall_tau_top10_mean": 0.03656056523323059,
  "val/enrichment_factor_mean": 1.1145082712173462,
  "val/spearman_rho_top20_mean": -0.08240999281406403,
  "val/loss": 0.720885157585144,
  "val/auprc_mean": 0.7718456983566284,
  "val/f1_mean": 0.8194444179534912,
  "training_epochs": 140,
  "best_lr": 0.001,
  "best_weight_decay": 1.0
}