{
  "val/tnr_at_recall_80_mean": 0.3539822995662689,
  "val/specificity_mean": 0.6725663542747498,
  "val/ECE_mean": 0.15804216265678406,
  "val/enrichment_factor_mean": 1.1997843980789185,
  "val/kendall_tau_top50_mean": -0.05265754088759422,
  "val/recall_at_precision_95_mean": 0.05154639109969139,
  "val/tnr_at_recall_85_mean": 0.3185840845108032,
  "val/loss": 0.7465252876281738,
  "val/kendall_tau_mean": 0.1839887946844101,
  "val/auroc_mean": 0.6346592307090759,
  "val/ppv_mean": 0.758169949054718,
  "val/recall_at_precision_80_mean": 0.0824742242693901,
  "val/recall_mean": 0.5979381203651428,
  "val/cohen_kappa_mean": 0.25145766139030457,
  "val/f1_mean": 0.6685879230499268,
  "val/spearman_rho_top20_mean": 0.12063378840684891,
  "val/recall_at_precision_75_mean": 0.6340206265449524,
  "val/auprc_mean": 0.7331366539001465,
  "val/supervised_loss": 0.7465252876281738,
  "val/spearman_rho_mean": 0.22497321665287018,
  "val/tnr_at_recall_90_mean": 0.21238937973976135,
  "val/average_precision_mean": 0.7331366539001465,
  "val/recall_at_precision_85_mean": 0.07216494530439377,
  "val/tnr_at_recall_95_mean": 0.10619468986988068,
  "val/optimal_threshold_mean": 0.6311455965042114,
  "val/sensitivity_mean": 0.5979381203651428,
  "val/precision_mean": 0.758169949054718,
  "val/spearman_rho_top50_mean": -0.06428232043981552,
  "val/kendall_tau_top10_mean": 0.30341964960098267,
  "val/recall_at_precision_90_mean": 0.07216494530439377,
  "val/balanced_accuracy_mean": 0.6352522373199463,
  "val/pos_lr_mean": 1.8261353969573975,
  "val/spearman_rho_top10_mean": 0.3655688166618347,
  "val/tnr_at_recall_75_mean": 0.40707963705062866,
  "val/kendall_tau_top20_mean": 0.09930114448070526,
  "val/mcc_mean": 0.2609207034111023,
  "training_epochs": 46,
  "best_lr": 0.0005,
  "best_weight_decay": 0.01
}