{
  "val/auroc_mean": 0.6025707721710205,
  "val/recall_at_precision_90_mean": 0.018987340852618217,
  "val/recall_at_precision_75_mean": 0.2278480976819992,
  "val/spearman_rho_mean": 0.1725011169910431,
  "val/recall_at_precision_85_mean": 0.018987340852618217,
  "val/precision_mean": 0.7232142686843872,
  "val/enrichment_factor_mean": 1.1672128438949585,
  "val/recall_at_precision_95_mean": 0.018987340852618217,
  "val/spearman_rho_top10_mean": -0.1168929785490036,
  "val/loss": 0.682293713092804,
  "val/kendall_tau_mean": 0.1411224752664566,
  "val/balanced_accuracy_mean": 0.596535325050354,
  "val/ECE_mean": 0.09834720939397812,
  "val/supervised_loss": 0.682293713092804,
  "val/spearman_rho_top20_mean": -0.042792584747076035,
  "val/sensitivity_mean": 0.5126582384109497,
  "val/mcc_mean": 0.18886588513851166,
  "val/tnr_at_recall_75_mean": 0.36082473397254944,
  "val/tnr_at_recall_90_mean": 0.22680412232875824,
  "val/recall_at_precision_80_mean": 0.025316456332802773,
  "val/tnr_at_recall_95_mean": 0.12371134012937546,
  "val/optimal_threshold_mean": 0.7053234577178955,
  "val/kendall_tau_top10_mean": -0.09733285009860992,
  "val/f1_mean": 0.6000000238418579,
  "val/tnr_at_recall_80_mean": 0.27835050225257874,
  "val/auprc_mean": 0.6965216398239136,
  "val/spearman_rho_top50_mean": 0.05168323591351509,
  "val/pos_lr_mean": 1.6041241884231567,
  "val/kendall_tau_top20_mean": -0.03528088331222534,
  "val/specificity_mean": 0.6804123520851135,
  "val/cohen_kappa_mean": 0.17687846720218658,
  "val/average_precision_mean": 0.6965216398239136,
  "val/tnr_at_recall_85_mean": 0.24742268025875092,
  "val/ppv_mean": 0.7232142686843872,
  "val/kendall_tau_top50_mean": 0.042364999651908875,
  "val/recall_mean": 0.5126582384109497,
  "training_epochs": 93,
  "best_lr": 0.001,
  "best_weight_decay": 1.0
}