{
  "val/enrichment_factor_mean": 1.225961446762085,
  "val/recall_at_precision_80_mean": 0.3670886158943176,
  "val/kendall_tau_top20_mean": -0.157673180103302,
  "val/mcc_mean": 0.23933455348014832,
  "val/kendall_tau_mean": 0.18259739875793457,
  "val/kendall_tau_top10_mean": -0.13372957706451416,
  "val/recall_at_precision_90_mean": 0.006329114083200693,
  "val/recall_at_precision_95_mean": 0.006329114083200693,
  "val/average_precision_mean": 0.7196186780929565,
  "val/spearman_rho_top20_mean": -0.19124358892440796,
  "val/recall_at_precision_75_mean": 0.5316455960273743,
  "val/tnr_at_recall_90_mean": 0.1340206116437912,
  "val/ppv_mean": 0.7596153616905212,
  "val/balanced_accuracy_mean": 0.6211340427398682,
  "val/loss": 0.6969226598739624,
  "val/tnr_at_recall_95_mean": 0.10309278219938278,
  "val/ECE_mean": 0.11533643305301666,
  "val/recall_mean": 0.5,
  "val/tnr_at_recall_75_mean": 0.3814432919025421,
  "val/recall_at_precision_85_mean": 0.006329114083200693,
  "val/supervised_loss": 0.6969226598739624,
  "val/kendall_tau_top50_mean": 0.10219039022922516,
  "val/precision_mean": 0.7596153616905212,
  "val/auroc_mean": 0.63271564245224,
  "val/specificity_mean": 0.7422680258750916,
  "val/tnr_at_recall_85_mean": 0.17525772750377655,
  "val/auprc_mean": 0.7196186780929565,
  "val/optimal_threshold_mean": 0.6898828148841858,
  "val/spearman_rho_top50_mean": 0.12466730177402496,
  "val/spearman_rho_top10_mean": -0.16060401499271393,
  "val/pos_lr_mean": 1.940000057220459,
  "val/spearman_rho_mean": 0.22319801151752472,
  "val/tnr_at_recall_80_mean": 0.2989690601825714,
  "val/sensitivity_mean": 0.5,
  "val/cohen_kappa_mean": 0.2187592089176178,
  "val/f1_mean": 0.6030534505844116,
  "training_epochs": 123,
  "best_lr": 5e-05,
  "best_weight_decay": 0.0
}