{
  "val/tnr_at_recall_90_mean": 0.34375,
  "val/spearman_rho_top10_mean": -0.28987544775009155,
  "val/tnr_at_recall_85_mean": 0.375,
  "val/auroc_mean": 0.670192301273346,
  "val/kendall_tau_top10_mean": -0.24283093214035034,
  "val/sensitivity_mean": 0.699999988079071,
  "val/recall_mean": 0.699999988079071,
  "val/auprc_mean": 0.7828981876373291,
  "val/tnr_at_recall_95_mean": 0.078125,
  "val/kendall_tau_top50_mean": 0.11400886625051498,
  "val/spearman_rho_mean": 0.27720192074775696,
  "val/spearman_rho_top50_mean": 0.13891753554344177,
  "val/specificity_mean": 0.578125,
  "val/enrichment_factor_mean": 1.1508474349975586,
  "val/f1_mean": 0.7338709831237793,
  "val/recall_at_precision_95_mean": 0.007692307699471712,
  "val/recall_at_precision_85_mean": 0.2769230902194977,
  "val/kendall_tau_mean": 0.22691701352596283,
  "val/recall_at_precision_80_mean": 0.4692307710647583,
  "val/recall_at_precision_75_mean": 0.7461538314819336,
  "val/recall_at_precision_90_mean": 0.007692307699471712,
  "val/tnr_at_recall_80_mean": 0.40625,
  "val/mcc_mean": 0.2678883969783783,
  "val/loss": 0.7149523496627808,
  "val/kendall_tau_top20_mean": -0.054437942802906036,
  "val/balanced_accuracy_mean": 0.6390625238418579,
  "val/ECE_mean": 0.030566245317459106,
  "val/average_precision_mean": 0.7828981876373291,
  "val/pos_lr_mean": 1.6592592000961304,
  "val/cohen_kappa_mean": 0.26548874378204346,
  "val/ppv_mean": 0.7711864113807678,
  "val/supervised_loss": 0.7149523496627808,
  "val/optimal_threshold_mean": 0.6055812239646912,
  "val/precision_mean": 0.7711864113807678,
  "val/spearman_rho_top20_mean": -0.06581226736307144,
  "val/tnr_at_recall_75_mean": 0.453125,
  "training_epochs": 14,
  "best_lr": 0.0005,
  "best_weight_decay": 0.0
}