{
  "val/average_precision_mean": 0.7124581933021545,
  "val/recall_at_precision_80_mean": 0.15189872682094574,
  "val/mcc_mean": 0.20389463007450104,
  "val/tnr_at_recall_80_mean": 0.30927833914756775,
  "val/recall_at_precision_85_mean": 0.012658228166401386,
  "val/spearman_rho_top50_mean": 0.10068339854478836,
  "val/kendall_tau_top10_mean": -0.1154700517654419,
  "val/balanced_accuracy_mean": 0.6021466851234436,
  "val/f1_mean": 0.5703125,
  "val/specificity_mean": 0.7422680258750916,
  "val/enrichment_factor_mean": 1.2022086381912231,
  "val/recall_at_precision_75_mean": 0.4177215099334717,
  "val/recall_at_precision_90_mean": 0.012658228166401386,
  "val/precision_mean": 0.7448979616165161,
  "val/optimal_threshold_mean": 0.5713275671005249,
  "val/tnr_at_recall_75_mean": 0.36082473397254944,
  "val/spearman_rho_top10_mean": -0.1386750489473343,
  "val/tnr_at_recall_95_mean": 0.1340206116437912,
  "val/ppv_mean": 0.7448979616165161,
  "val/sensitivity_mean": 0.46202531456947327,
  "val/spearman_rho_mean": 0.19708143174648285,
  "val/spearman_rho_top20_mean": 0.0703020989894867,
  "val/kendall_tau_top50_mean": 0.0825306624174118,
  "val/recall_at_precision_95_mean": 0.012658228166401386,
  "val/supervised_loss": 0.6564135551452637,
  "val/pos_lr_mean": 1.7926582098007202,
  "val/tnr_at_recall_90_mean": 0.19587628543376923,
  "val/loss": 0.6564135551452637,
  "val/kendall_tau_mean": 0.16123153269290924,
  "val/cohen_kappa_mean": 0.18250174820423126,
  "val/auroc_mean": 0.6171864867210388,
  "val/recall_mean": 0.46202531456947327,
  "val/tnr_at_recall_85_mean": 0.25773194432258606,
  "val/ECE_mean": 0.04168915003538132,
  "val/auprc_mean": 0.7124581933021545,
  "val/kendall_tau_top20_mean": 0.05796145275235176,
  "training_epochs": 207,
  "best_lr": 0.001,
  "best_weight_decay": 1.0
}