{
  "val/tnr_at_recall_75_mean": 0.4761904776096344,
  "val/auroc_mean": 0.6897425651550293,
  "val/spearman_rho_top10_mean": -0.129299134016037,
  "val/sensitivity_mean": 0.6722689270973206,
  "val/tnr_at_recall_90_mean": 0.2539682686328888,
  "val/recall_at_precision_85_mean": 0.43697479367256165,
  "val/optimal_threshold_mean": 0.6239349246025085,
  "val/tnr_at_recall_85_mean": 0.3174603283405304,
  "val/tnr_at_recall_80_mean": 0.380952388048172,
  "val/kendall_tau_top10_mean": -0.10846523195505142,
  "val/mcc_mean": 0.3096601366996765,
  "val/average_precision_mean": 0.785713791847229,
  "val/recall_mean": 0.6722689270973206,
  "val/specificity_mean": 0.6507936716079712,
  "val/auprc_mean": 0.785713791847229,
  "val/kendall_tau_mean": 0.25602272152900696,
  "val/pos_lr_mean": 1.9251337051391602,
  "val/recall_at_precision_95_mean": 0.008403361774981022,
  "val/supervised_loss": 0.6098018884658813,
  "val/kendall_tau_top50_mean": 0.08621947467327118,
  "val/f1_mean": 0.7239819169044495,
  "val/enrichment_factor_mean": 1.1995387077331543,
  "val/spearman_rho_top50_mean": 0.1050213947892189,
  "val/recall_at_precision_75_mean": 0.7226890921592712,
  "val/tnr_at_recall_95_mean": 0.1111111119389534,
  "val/recall_at_precision_90_mean": 0.008403361774981022,
  "val/kendall_tau_top20_mean": -0.09502621740102768,
  "val/balanced_accuracy_mean": 0.6615312695503235,
  "val/ppv_mean": 0.7843137383460999,
  "val/ECE_mean": 0.04180890694260597,
  "val/recall_at_precision_80_mean": 0.6134454011917114,
  "val/loss": 0.6098018884658813,
  "val/cohen_kappa_mean": 0.30377525091171265,
  "val/spearman_rho_top20_mean": -0.11479935795068741,
  "val/spearman_rho_mean": 0.3127046227455139,
  "val/precision_mean": 0.7843137383460999,
  "training_epochs": 8,
  "best_lr": 0.0005,
  "best_weight_decay": 0.01
}