{
  "val/loss": 0.6964231133460999,
  "val/tnr_at_recall_85_mean": 0.234375,
  "val/tnr_at_recall_75_mean": 0.4375,
  "val/pos_lr_mean": 1.3948370218276978,
  "val/spearman_rho_mean": 0.1749560385942459,
  "val/optimal_threshold_mean": 0.7043017745018005,
  "val/enrichment_factor_mean": 1.0979888439178467,
  "val/recall_at_precision_90_mean": 0.014388489536941051,
  "val/ppv_mean": 0.7518247961997986,
  "val/specificity_mean": 0.46875,
  "val/kendall_tau_mean": 0.14320242404937744,
  "val/balanced_accuracy_mean": 0.6048786044120789,
  "val/tnr_at_recall_95_mean": 0.109375,
  "val/kendall_tau_top50_mean": 0.036802928894758224,
  "val/f1_mean": 0.7463768124580383,
  "val/kendall_tau_top20_mean": 0.007067535072565079,
  "val/recall_mean": 0.7410072088241577,
  "val/recall_at_precision_80_mean": 0.2949640154838562,
  "val/sensitivity_mean": 0.7410072088241577,
  "val/tnr_at_recall_90_mean": 0.171875,
  "val/auprc_mean": 0.7605506181716919,
  "val/kendall_tau_top10_mean": -0.2336500883102417,
  "val/cohen_kappa_mean": 0.20800356566905975,
  "val/precision_mean": 0.7518247961997986,
  "val/spearman_rho_top50_mean": 0.04485270008444786,
  "val/ECE_mean": 0.0889512300491333,
  "val/recall_at_precision_95_mean": 0.014388489536941051,
  "val/mcc_mean": 0.20805683732032776,
  "val/spearman_rho_top20_mean": 0.008549715392291546,
  "val/supervised_loss": 0.6964231133460999,
  "val/auroc_mean": 0.6087005138397217,
  "val/recall_at_precision_85_mean": 0.2158273309469223,
  "val/tnr_at_recall_80_mean": 0.328125,
  "val/average_precision_mean": 0.7605506181716919,
  "val/recall_at_precision_75_mean": 0.7482014298439026,
  "val/spearman_rho_top10_mean": -0.27926525473594666,
  "training_epochs": 4,
  "best_lr": 0.0005,
  "best_weight_decay": 0.0
}