{
  "val/average_precision_mean": 0.7227898240089417,
  "val/recall_mean": 0.6033519506454468,
  "val/recall_at_precision_75_mean": 0.4804469347000122,
  "val/auprc_mean": 0.7227898240089417,
  "val/tnr_at_recall_75_mean": 0.4836065471172333,
  "val/spearman_rho_top10_mean": -0.004552687518298626,
  "val/recall_at_precision_90_mean": 0.02793296054005623,
  "val/loss": 0.6555455327033997,
  "val/spearman_rho_mean": 0.25886964797973633,
  "val/supervised_loss": 0.6555455327033997,
  "val/spearman_rho_top20_mean": -0.034130923449993134,
  "val/mcc_mean": 0.2705358564853668,
  "val/recall_at_precision_80_mean": 0.07821229100227356,
  "val/enrichment_factor_mean": 1.2270874977111816,
  "val/pos_lr_mean": 1.8402234315872192,
  "val/cohen_kappa_mean": 0.2647712528705597,
  "val/tnr_at_recall_80_mean": 0.3606557250022888,
  "val/precision_mean": 0.7297297120094299,
  "val/balanced_accuracy_mean": 0.6377415657043457,
  "val/specificity_mean": 0.6721311211585999,
  "val/tnr_at_recall_90_mean": 0.17213115096092224,
  "val/recall_at_precision_95_mean": 0.02793296054005623,
  "val/kendall_tau_top20_mean": -0.028099052608013153,
  "val/recall_at_precision_85_mean": 0.044692736119031906,
  "val/auroc_mean": 0.6522117257118225,
  "val/tnr_at_recall_85_mean": 0.2540983557701111,
  "val/ppv_mean": 0.7297297120094299,
  "val/kendall_tau_mean": 0.21171697974205017,
  "val/f1_mean": 0.6605504751205444,
  "val/kendall_tau_top50_mean": 0.06438466906547546,
  "val/tnr_at_recall_95_mean": 0.09836065769195557,
  "val/optimal_threshold_mean": 0.6041492223739624,
  "val/spearman_rho_top50_mean": 0.07859324663877487,
  "val/ECE_mean": 0.042212970554828644,
  "val/kendall_tau_top10_mean": -0.00377870025113225,
  "val/sensitivity_mean": 0.6033519506454468,
  "training_epochs": 120,
  "best_lr": 0.001,
  "best_weight_decay": 1.0
}