{
  "val/auprc_mean": 0.7473761439323425,
  "val/kendall_tau_top10_mean": 0.28088828921318054,
  "val/recall_at_precision_95_mean": 0.05042016878724098,
  "val/recall_at_precision_80_mean": 0.23529411852359772,
  "val/tnr_at_recall_75_mean": 0.460317462682724,
  "val/sensitivity_mean": 0.756302535533905,
  "val/loss": 0.6485644578933716,
  "val/recall_at_precision_75_mean": 0.27731093764305115,
  "val/ppv_mean": 0.725806474685669,
  "val/pos_lr_mean": 1.4013841152191162,
  "val/tnr_at_recall_95_mean": 0.095238097012043,
  "val/ECE_mean": 0.08589012920856476,
  "val/tnr_at_recall_90_mean": 0.2063492089509964,
  "val/auroc_mean": 0.6126450300216675,
  "val/tnr_at_recall_80_mean": 0.380952388048172,
  "val/spearman_rho_top10_mean": 0.3348410427570343,
  "val/recall_at_precision_90_mean": 0.08403361588716507,
  "val/kendall_tau_mean": 0.15199381113052368,
  "val/optimal_threshold_mean": 0.5676133632659912,
  "val/balanced_accuracy_mean": 0.6083099842071533,
  "val/recall_mean": 0.756302535533905,
  "val/f1_mean": 0.7407407164573669,
  "val/spearman_rho_mean": 0.18564432859420776,
  "val/mcc_mean": 0.2211655229330063,
  "val/specificity_mean": 0.460317462682724,
  "val/spearman_rho_top20_mean": 0.2122490108013153,
  "val/recall_at_precision_85_mean": 0.08403361588716507,
  "val/kendall_tau_top20_mean": 0.17569105327129364,
  "val/kendall_tau_top50_mean": 0.08345534652471542,
  "val/average_precision_mean": 0.7473761439323425,
  "val/supervised_loss": 0.6485644578933716,
  "val/cohen_kappa_mean": 0.2207421511411667,
  "val/enrichment_factor_mean": 1.11005699634552,
  "val/spearman_rho_top50_mean": 0.10165449231863022,
  "val/precision_mean": 0.725806474685669,
  "val/tnr_at_recall_85_mean": 0.30158731341362,
  "training_epochs": 16,
  "best_lr": 0.001,
  "best_weight_decay": 1.0
}