{
  "val/auprc_mean": 0.7752617597579956,
  "val/ppv_mean": 0.8048780560493469,
  "val/recall_mean": 0.38372093439102173,
  "val/kendall_tau_top50_mean": 0.1035131961107254,
  "val/sensitivity_mean": 0.38372093439102173,
  "val/average_precision_mean": 0.7752617597579956,
  "val/spearman_rho_top50_mean": 0.12571634352207184,
  "val/recall_at_precision_80_mean": 0.39534884691238403,
  "val/pos_lr_mean": 1.5828487873077393,
  "val/tnr_at_recall_80_mean": 0.12121212482452393,
  "val/tnr_at_recall_95_mean": 0.06060606241226196,
  "val/mcc_mean": 0.13310639560222626,
  "val/recall_at_precision_75_mean": 0.6744186282157898,
  "val/auroc_mean": 0.5426356792449951,
  "val/recall_at_precision_90_mean": 0.10465116053819656,
  "val/spearman_rho_mean": 0.06612081080675125,
  "val/specificity_mean": 0.7575757503509521,
  "val/tnr_at_recall_90_mean": 0.09090909361839294,
  "val/precision_mean": 0.8048780560493469,
  "val/optimal_threshold_mean": 0.690383791923523,
  "val/kendall_tau_top20_mean": 0.2614501714706421,
  "val/supervised_loss": 0.676235020160675,
  "val/kendall_tau_mean": 0.05421378090977669,
  "val/cohen_kappa_mean": 0.09949138015508652,
  "val/spearman_rho_top10_mean": 0.3726779818534851,
  "val/f1_mean": 0.5196850299835205,
  "val/recall_at_precision_95_mean": 0.058139536529779434,
  "val/recall_at_precision_85_mean": 0.151162788271904,
  "val/enrichment_factor_mean": 1.1137266159057617,
  "val/spearman_rho_top20_mean": 0.31346774101257324,
  "val/balanced_accuracy_mean": 0.5706483721733093,
  "val/tnr_at_recall_75_mean": 0.1818181872367859,
  "val/loss": 0.676235020160675,
  "val/kendall_tau_top10_mean": 0.31782087683677673,
  "val/tnr_at_recall_85_mean": 0.09090909361839294,
  "val/ECE_mean": 0.13283060491085052,
  "training_epochs": 13,
  "best_lr": 0.0005,
  "best_weight_decay": 0.1
}