{
  "val/tnr_at_recall_80_mean": 0.4375,
  "val/sensitivity_mean": 0.6000000238418579,
  "val/tnr_at_recall_90_mean": 0.25,
  "val/specificity_mean": 0.703125,
  "val/cohen_kappa_mean": 0.2680412232875824,
  "val/pos_lr_mean": 2.021052598953247,
  "val/recall_at_precision_90_mean": 0.19230769574642181,
  "val/spearman_rho_top20_mean": 0.3472992479801178,
  "val/auprc_mean": 0.8040787577629089,
  "val/auroc_mean": 0.6777043342590332,
  "val/loss": 0.7046955227851868,
  "val/tnr_at_recall_95_mean": 0.109375,
  "val/kendall_tau_top10_mean": 0.10491859912872314,
  "val/recall_at_precision_80_mean": 0.607692301273346,
  "val/precision_mean": 0.8041236996650696,
  "val/recall_at_precision_85_mean": 0.19230769574642181,
  "val/spearman_rho_top10_mean": 0.1252448558807373,
  "val/kendall_tau_top20_mean": 0.2872755825519562,
  "val/tnr_at_recall_85_mean": 0.359375,
  "val/f1_mean": 0.6872246861457825,
  "val/tnr_at_recall_75_mean": 0.546875,
  "val/kendall_tau_mean": 0.23693910241127014,
  "val/spearman_rho_top50_mean": 0.03432571515440941,
  "val/recall_at_precision_95_mean": 0.07692307978868484,
  "val/spearman_rho_mean": 0.28943729400634766,
  "val/enrichment_factor_mean": 1.2000000476837158,
  "val/recall_mean": 0.6000000238418579,
  "val/supervised_loss": 0.7046955227851868,
  "val/ECE_mean": 0.09771296381950378,
  "val/balanced_accuracy_mean": 0.651562511920929,
  "val/mcc_mean": 0.285043865442276,
  "val/optimal_threshold_mean": 0.6003599166870117,
  "val/ppv_mean": 0.8041236996650696,
  "val/kendall_tau_top50_mean": 0.028170926496386528,
  "val/average_precision_mean": 0.8040787577629089,
  "val/recall_at_precision_75_mean": 0.7846153974533081,
  "training_epochs": 57,
  "best_lr": 0.0005,
  "best_weight_decay": 0.0
}