{
  "val/mcc_mean": 0.1440505087375641,
  "val/recall_at_precision_80_mean": 0.04117647185921669,
  "val/balanced_accuracy_mean": 0.5730259418487549,
  "val/tnr_at_recall_85_mean": 0.20720720291137695,
  "val/f1_mean": 0.6443768739700317,
  "val/specificity_mean": 0.522522509098053,
  "val/spearman_rho_top50_mean": 0.11065948754549026,
  "val/cohen_kappa_mean": 0.1435827910900116,
  "val/spearman_rho_mean": 0.1271659880876541,
  "val/tnr_at_recall_90_mean": 0.14414414763450623,
  "val/supervised_loss": 0.7212603092193604,
  "val/tnr_at_recall_80_mean": 0.2522522509098053,
  "val/kendall_tau_mean": 0.10401517897844315,
  "val/ECE_mean": 0.11591232568025589,
  "val/tnr_at_recall_75_mean": 0.342342346906662,
  "val/kendall_tau_top10_mean": 0.13825251162052155,
  "val/optimal_threshold_mean": 0.662874698638916,
  "val/kendall_tau_top20_mean": -0.06725598871707916,
  "val/recall_at_precision_90_mean": 0.029411764815449715,
  "val/average_precision_mean": 0.6787353754043579,
  "val/sensitivity_mean": 0.6235294342041016,
  "val/auprc_mean": 0.6787353754043579,
  "val/kendall_tau_top50_mean": 0.09067521244287491,
  "val/recall_at_precision_75_mean": 0.25294119119644165,
  "val/pos_lr_mean": 1.3058823347091675,
  "val/enrichment_factor_mean": 1.1019607782363892,
  "val/spearman_rho_top10_mean": 0.16637906432151794,
  "val/recall_mean": 0.6235294342041016,
  "val/spearman_rho_top20_mean": -0.0816456750035286,
  "val/tnr_at_recall_95_mean": 0.12612612545490265,
  "val/precision_mean": 0.6666666865348816,
  "val/loss": 0.7212603092193604,
  "val/recall_at_precision_85_mean": 0.04117647185921669,
  "val/recall_at_precision_95_mean": 0.029411764815449715,
  "val/auroc_mean": 0.5750927329063416,
  "val/ppv_mean": 0.6666666865348816,
  "training_epochs": 12,
  "best_lr": 0.0001,
  "best_weight_decay": 1.0
}