{
  "val/average_precision_mean": 0.7562294006347656,
  "val/supervised_loss": 0.6464839577674866,
  "val/spearman_rho_top50_mean": 0.09865182638168335,
  "val/spearman_rho_mean": 0.2865391969680786,
  "val/kendall_tau_top50_mean": 0.08152930438518524,
  "val/auprc_mean": 0.7562294006347656,
  "val/sensitivity_mean": 0.48969072103500366,
  "val/optimal_threshold_mean": 0.553678572177887,
  "val/loss": 0.6464839577674866,
  "val/kendall_tau_top10_mean": 0.11897778511047363,
  "val/recall_mean": 0.48969072103500366,
  "val/balanced_accuracy_mean": 0.647500216960907,
  "val/recall_at_precision_80_mean": 0.5103092789649963,
  "val/ppv_mean": 0.811965823173523,
  "val/tnr_at_recall_95_mean": 0.18584071099758148,
  "val/auroc_mean": 0.6714715957641602,
  "val/f1_mean": 0.610932469367981,
  "val/precision_mean": 0.811965823173523,
  "val/ECE_mean": 0.12336820363998413,
  "val/tnr_at_recall_75_mean": 0.45132744312286377,
  "val/tnr_at_recall_80_mean": 0.39823007583618164,
  "val/mcc_mean": 0.2929496765136719,
  "val/spearman_rho_top20_mean": -0.04689498618245125,
  "val/recall_at_precision_85_mean": 0.036082472652196884,
  "val/kendall_tau_mean": 0.23534107208251953,
  "val/tnr_at_recall_90_mean": 0.24778760969638824,
  "val/tnr_at_recall_85_mean": 0.3362831771373749,
  "val/recall_at_precision_75_mean": 0.6030927896499634,
  "val/specificity_mean": 0.8053097128868103,
  "val/kendall_tau_top20_mean": -0.03939278796315193,
  "val/enrichment_factor_mean": 1.2849149703979492,
  "val/spearman_rho_top10_mean": 0.1344621479511261,
  "val/cohen_kappa_mean": 0.25826162099838257,
  "val/pos_lr_mean": 2.5152297019958496,
  "val/recall_at_precision_90_mean": 0.036082472652196884,
  "val/recall_at_precision_95_mean": 0.036082472652196884,
  "training_epochs": 177,
  "best_lr": 0.0005,
  "best_weight_decay": 0.0
}