{
  "val/sensitivity_mean": 0.8435373902320862,
  "val/cohen_kappa_mean": 0.12947657704353333,
  "val/recall_at_precision_95_mean": 0.006802720949053764,
  "val/tnr_at_recall_80_mean": 0.29870128631591797,
  "val/kendall_tau_top50_mean": -0.08754229545593262,
  "val/recall_at_precision_90_mean": 0.006802720949053764,
  "val/recall_mean": 0.8435373902320862,
  "val/spearman_rho_top10_mean": 0.21129640936851501,
  "val/recall_at_precision_80_mean": 0.006802720949053764,
  "val/tnr_at_recall_75_mean": 0.350649356842041,
  "val/kendall_tau_top20_mean": 0.06829054653644562,
  "val/enrichment_factor_mean": 1.049735426902771,
  "val/ECE_mean": 0.11447998136281967,
  "val/supervised_loss": 0.6755484938621521,
  "val/ppv_mean": 0.6888889074325562,
  "val/precision_mean": 0.6888889074325562,
  "val/kendall_tau_mean": 0.014452427625656128,
  "val/tnr_at_recall_90_mean": 0.16883116960525513,
  "val/recall_at_precision_75_mean": 0.006802720949053764,
  "val/mcc_mean": 0.1389918327331543,
  "val/auprc_mean": 0.6558318138122559,
  "val/f1_mean": 0.7584097981452942,
  "val/tnr_at_recall_85_mean": 0.27272728085517883,
  "val/spearman_rho_top20_mean": 0.08270396292209625,
  "val/pos_lr_mean": 1.1598639488220215,
  "val/tnr_at_recall_95_mean": 0.07792207598686218,
  "val/specificity_mean": 0.27272728085517883,
  "val/kendall_tau_top10_mean": 0.17640019953250885,
  "val/spearman_rho_mean": 0.017661157995462418,
  "val/spearman_rho_top50_mean": -0.1067415103316307,
  "val/recall_at_precision_85_mean": 0.006802720949053764,
  "val/optimal_threshold_mean": 0.47639408707618713,
  "val/loss": 0.6755484938621521,
  "val/balanced_accuracy_mean": 0.5581323504447937,
  "val/average_precision_mean": 0.6558318138122559,
  "val/auroc_mean": 0.5107341408729553,
  "training_epochs": 14,
  "best_lr": 0.001,
  "best_weight_decay": 0.01
}