{
  "val/balanced_accuracy_mean": 0.5880952477455139,
  "val/spearman_rho_top50_mean": 0.16639690101146698,
  "val/f1_mean": 0.6867924332618713,
  "val/kendall_tau_top10_mean": -0.2510482370853424,
  "val/ECE_mean": 0.10412649065256119,
  "val/precision_mean": 0.6740740537643433,
  "val/kendall_tau_top20_mean": 0.06921309232711792,
  "val/recall_at_precision_90_mean": 0.0,
  "val/optimal_threshold_mean": 0.6893048286437988,
  "val/loss": 0.6944100260734558,
  "val/recall_at_precision_85_mean": 0.23846153914928436,
  "val/auroc_mean": 0.6242673993110657,
  "val/tnr_at_recall_95_mean": 0.1547619104385376,
  "val/tnr_at_recall_85_mean": 0.2857142984867096,
  "val/tnr_at_recall_90_mean": 0.2380952388048172,
  "val/auprc_mean": 0.7022796273231506,
  "val/recall_at_precision_75_mean": 0.3076923191547394,
  "val/kendall_tau_top50_mean": 0.136495903134346,
  "val/sensitivity_mean": 0.699999988079071,
  "val/specificity_mean": 0.4761904776096344,
  "val/spearman_rho_top10_mean": -0.3004007935523987,
  "val/tnr_at_recall_75_mean": 0.4166666567325592,
  "val/mcc_mean": 0.1782843917608261,
  "val/pos_lr_mean": 1.336363673210144,
  "val/cohen_kappa_mean": 0.1780657172203064,
  "val/spearman_rho_mean": 0.21020843088626862,
  "val/supervised_loss": 0.6944100260734558,
  "val/spearman_rho_top20_mean": 0.08377689868211746,
  "val/enrichment_factor_mean": 1.1096296310424805,
  "val/recall_at_precision_95_mean": 0.0,
  "val/average_precision_mean": 0.7022796273231506,
  "val/ppv_mean": 0.6740740537643433,
  "val/tnr_at_recall_80_mean": 0.380952388048172,
  "val/recall_at_precision_80_mean": 0.2461538463830948,
  "val/recall_mean": 0.699999988079071,
  "val/kendall_tau_mean": 0.17203500866889954,
  "training_epochs": 197,
  "best_lr": 0.001,
  "best_weight_decay": 1.0
}