{
  "val/spearman_rho_top10_mean": 0.37826719880104065,
  "val/loss": 0.6777369976043701,
  "val/auroc_mean": 0.6038219332695007,
  "val/mcc_mean": 0.1663975715637207,
  "val/tnr_at_recall_85_mean": 0.25531914830207825,
  "val/specificity_mean": 0.6170212626457214,
  "val/kendall_tau_top50_mean": 0.10456200689077377,
  "val/kendall_tau_top20_mean": 0.18157559633255005,
  "val/recall_at_precision_95_mean": 0.11728394776582718,
  "val/enrichment_factor_mean": 1.128747820854187,
  "val/ppv_mean": 0.7142857313156128,
  "val/precision_mean": 0.7142857313156128,
  "val/auprc_mean": 0.741351842880249,
  "val/ECE_mean": 0.10782580077648163,
  "val/kendall_tau_mean": 0.14182910323143005,
  "val/supervised_loss": 0.6777369976043701,
  "val/kendall_tau_top10_mean": 0.3149704039096832,
  "val/recall_at_precision_90_mean": 0.12345679104328156,
  "val/recall_at_precision_85_mean": 0.17901234328746796,
  "val/recall_mean": 0.5555555820465088,
  "val/sensitivity_mean": 0.5555555820465088,
  "val/spearman_rho_top20_mean": 0.22023509442806244,
  "val/tnr_at_recall_90_mean": 0.1595744639635086,
  "val/spearman_rho_mean": 0.17336618900299072,
  "val/cohen_kappa_mean": 0.15973742306232452,
  "val/recall_at_precision_75_mean": 0.32098764181137085,
  "val/tnr_at_recall_80_mean": 0.3191489279270172,
  "val/optimal_threshold_mean": 0.6225293874740601,
  "val/recall_at_precision_80_mean": 0.20370370149612427,
  "val/tnr_at_recall_95_mean": 0.09574468433856964,
  "val/balanced_accuracy_mean": 0.5862883925437927,
  "val/f1_mean": 0.625,
  "val/average_precision_mean": 0.741351842880249,
  "val/tnr_at_recall_75_mean": 0.3297872245311737,
  "val/pos_lr_mean": 1.4506173133850098,
  "val/spearman_rho_top50_mean": 0.1275644600391388,
  "training_epochs": 22,
  "best_lr": 0.0001,
  "best_weight_decay": 0.01
}