{
  "val/cohen_kappa_mean": 0.0060323551297187805,
  "val/ppv_mean": 1.0,
  "val/spearman_rho_top20_mean": 0.8606589436531067,
  "val/recall_at_precision_85_mean": 0.01587301678955555,
  "val/tnr_at_recall_90_mean": 0.0,
  "val/spearman_rho_top10_mean": 0.8510485291481018,
  "val/kendall_tau_top20_mean": 0.8447328209877014,
  "val/tnr_at_recall_80_mean": 0.0,
  "val/recall_at_precision_80_mean": 0.01587301678955555,
  "val/specificity_mean": 1.0,
  "val/spearman_rho_top50_mean": 0.24557587504386902,
  "val/mcc_mean": 0.05500274896621704,
  "val/supervised_loss": 0.7427824139595032,
  "val/kendall_tau_mean": 0.03800038993358612,
  "val/spearman_rho_mean": 0.038140978664159775,
  "val/loss": 0.7427824139595032,
  "val/enrichment_factor_mean": 1.6111111640930176,
  "val/pos_lr_mean": 1.0,
  "val/optimal_threshold_mean": 0.7239646911621094,
  "val/auprc_mean": 0.6277367472648621,
  "val/balanced_accuracy_mean": 0.5039682388305664,
  "val/recall_mean": 0.007936508394777775,
  "val/ECE_mean": 0.10076779127120972,
  "val/recall_at_precision_90_mean": 0.01587301678955555,
  "val/precision_mean": 1.0,
  "val/tnr_at_recall_95_mean": 0.0,
  "val/kendall_tau_top10_mean": 0.8200908899307251,
  "val/sensitivity_mean": 0.007936508394777775,
  "val/recall_at_precision_75_mean": 0.02380952425301075,
  "val/tnr_at_recall_75_mean": 0.0,
  "val/f1_mean": 0.015748031437397003,
  "val/tnr_at_recall_85_mean": 0.0,
  "val/kendall_tau_top50_mean": 0.24376100301742554,
  "val/recall_at_precision_95_mean": 0.01587301678955555,
  "val/average_precision_mean": 0.6277367472648621,
  "val/auroc_mean": 0.5054627656936646,
  "training_epochs": 147,
  "best_lr": 0.001,
  "best_weight_decay": 0.01
}