{
  "val/spearman_rho_mean": 0.1341186761856079,
  "val/tnr_at_recall_90_mean": 0.0,
  "val/supervised_loss": 0.6910310387611389,
  "val/tnr_at_recall_85_mean": 0.0,
  "val/auprc_mean": 0.6539379358291626,
  "val/sensitivity_mean": 0.3730158805847168,
  "val/pos_lr_mean": 1.5116958618164062,
  "val/tnr_at_recall_80_mean": 0.0,
  "val/kendall_tau_top50_mean": 0.6438895463943481,
  "val/cohen_kappa_mean": 0.10964912176132202,
  "val/ECE_mean": 0.003061354160308838,
  "val/recall_at_precision_80_mean": 0.0,
  "val/average_precision_mean": 0.6539379358291626,
  "val/spearman_rho_top20_mean": 0.0,
  "val/ppv_mean": 0.7121211886405945,
  "val/kendall_tau_top20_mean": 0.0,
  "val/loss": 0.6910310387611389,
  "val/mcc_mean": 0.1307895928621292,
  "val/recall_at_precision_75_mean": 0.0,
  "val/spearman_rho_top10_mean": 0.0,
  "val/spearman_rho_top50_mean": 0.6499536633491516,
  "val/recall_at_precision_90_mean": 0.0,
  "val/tnr_at_recall_75_mean": 0.0,
  "val/balanced_accuracy_mean": 0.5631313323974609,
  "val/auroc_mean": 0.5651412010192871,
  "val/enrichment_factor_mean": 1.1473064422607422,
  "val/optimal_threshold_mean": 0.6188620328903198,
  "val/specificity_mean": 0.7532467246055603,
  "val/recall_mean": 0.3730158805847168,
  "val/kendall_tau_top10_mean": 0.0,
  "val/recall_at_precision_95_mean": 0.0,
  "val/recall_at_precision_85_mean": 0.0,
  "val/precision_mean": 0.7121211886405945,
  "val/tnr_at_recall_95_mean": 0.0,
  "val/kendall_tau_mean": 0.1334780901670456,
  "val/f1_mean": 0.4895833432674408,
  "training_epochs": 72,
  "best_lr": 0.001,
  "best_weight_decay": 0.0
}