{
  "val/supervised_loss": 0.675417959690094,
  "val/sensitivity_mean": 0.5581395626068115,
  "val/spearman_rho_mean": 0.19934159517288208,
  "val/auroc_mean": 0.6201958656311035,
  "val/cohen_kappa_mean": 0.20960022509098053,
  "val/f1_mean": 0.6421404480934143,
  "val/recall_at_precision_75_mean": 0.5930232405662537,
  "val/kendall_tau_top20_mean": -0.15829913318157196,
  "val/spearman_rho_top20_mean": -0.19207251071929932,
  "val/ppv_mean": 0.7559055089950562,
  "val/spearman_rho_top50_mean": 0.02783469296991825,
  "val/recall_at_precision_90_mean": 0.0058139534667134285,
  "val/auprc_mean": 0.7157996892929077,
  "val/ECE_mean": 0.05104716494679451,
  "val/kendall_tau_top10_mean": -0.05829830840229988,
  "val/tnr_at_recall_80_mean": 0.31578946113586426,
  "val/kendall_tau_top50_mean": 0.022813482210040092,
  "val/spearman_rho_top10_mean": -0.07006584852933884,
  "val/tnr_at_recall_75_mean": 0.43157893419265747,
  "val/optimal_threshold_mean": 0.6415966749191284,
  "val/mcc_mean": 0.22223787009716034,
  "val/tnr_at_recall_90_mean": 0.1894736886024475,
  "val/tnr_at_recall_95_mean": 0.09473684430122375,
  "val/recall_at_precision_95_mean": 0.0058139534667134285,
  "val/average_precision_mean": 0.7157996892929077,
  "val/tnr_at_recall_85_mean": 0.23157894611358643,
  "val/loss": 0.675417959690094,
  "val/balanced_accuracy_mean": 0.6159119009971619,
  "val/recall_at_precision_80_mean": 0.0058139534667134285,
  "val/recall_mean": 0.5581395626068115,
  "val/enrichment_factor_mean": 1.1734113693237305,
  "val/recall_at_precision_85_mean": 0.0058139534667134285,
  "val/kendall_tau_mean": 0.1630685180425644,
  "val/pos_lr_mean": 1.7104276418685913,
  "val/precision_mean": 0.7559055089950562,
  "val/specificity_mean": 0.6736842393875122,
  "training_epochs": 13,
  "best_lr": 0.0005,
  "best_weight_decay": 1.0
}