{
  "val/spearman_rho_top50_mean": -0.08137450367212296,
  "val/pos_lr_mean": 1.37454354763031,
  "val/ECE_mean": 0.14207963645458221,
  "val/specificity_mean": 0.5645161271095276,
  "val/kendall_tau_mean": 0.05516285449266434,
  "val/tnr_at_recall_75_mean": 0.25806450843811035,
  "val/cohen_kappa_mean": 0.1435425877571106,
  "val/spearman_rho_top20_mean": -0.16249358654022217,
  "val/tnr_at_recall_80_mean": 0.19354838132858276,
  "val/average_precision_mean": 0.7159309387207031,
  "val/kendall_tau_top50_mean": -0.06684159487485886,
  "val/tnr_at_recall_95_mean": 0.08064515888690948,
  "val/spearman_rho_mean": 0.06732629239559174,
  "val/optimal_threshold_mean": 0.547590970993042,
  "val/f1_mean": 0.6692913174629211,
  "val/kendall_tau_top10_mean": -0.3166238069534302,
  "val/mcc_mean": 0.15076880156993866,
  "val/recall_at_precision_90_mean": 0.014084506779909134,
  "val/tnr_at_recall_85_mean": 0.12903225421905518,
  "val/spearman_rho_top10_mean": -0.3784378170967102,
  "val/auprc_mean": 0.7159309387207031,
  "val/recall_at_precision_80_mean": 0.014084506779909134,
  "val/recall_at_precision_95_mean": 0.014084506779909134,
  "val/balanced_accuracy_mean": 0.5815538167953491,
  "val/enrichment_factor_mean": 1.0902917385101318,
  "val/ppv_mean": 0.7589285969734192,
  "val/kendall_tau_top20_mean": -0.1344035416841507,
  "val/sensitivity_mean": 0.5985915660858154,
  "val/recall_at_precision_75_mean": 0.6338028311729431,
  "val/precision_mean": 0.7589285969734192,
  "val/loss": 0.6684045195579529,
  "val/recall_at_precision_85_mean": 0.014084506779909134,
  "val/tnr_at_recall_90_mean": 0.11290322244167328,
  "val/supervised_loss": 0.6684045195579529,
  "val/recall_mean": 0.5985915660858154,
  "val/auroc_mean": 0.5422534942626953,
  "training_epochs": 5,
  "best_lr": 0.001,
  "best_weight_decay": 0.1
}