{
  "val/tnr_at_recall_85_mean": 0.2631579041481018,
  "val/pos_lr_mean": 1.800172209739685,
  "val/tnr_at_recall_90_mean": 0.13684210181236267,
  "val/tnr_at_recall_95_mean": 0.05263157933950424,
  "val/auprc_mean": 0.7055851221084595,
  "val/ECE_mean": 0.16869376599788666,
  "val/auroc_mean": 0.6032435894012451,
  "val/spearman_rho_mean": 0.17122669517993927,
  "val/average_precision_mean": 0.7055851221084595,
  "val/specificity_mean": 0.7157894968986511,
  "val/kendall_tau_top20_mean": -0.08992359787225723,
  "val/kendall_tau_top50_mean": 0.02998286858201027,
  "val/tnr_at_recall_75_mean": 0.4421052634716034,
  "val/ppv_mean": 0.7652173638343811,
  "val/tnr_at_recall_80_mean": 0.2947368323802948,
  "val/mcc_mean": 0.21987657248973846,
  "val/spearman_rho_top10_mean": -0.20232565701007843,
  "val/recall_at_precision_95_mean": 0.0,
  "val/spearman_rho_top20_mean": -0.10910894721746445,
  "val/balanced_accuracy_mean": 0.6137086749076843,
  "val/f1_mean": 0.6132404208183289,
  "val/cohen_kappa_mean": 0.20049098134040833,
  "val/precision_mean": 0.7652173638343811,
  "val/optimal_threshold_mean": 0.703647792339325,
  "val/spearman_rho_top50_mean": 0.03658408671617508,
  "val/recall_at_precision_80_mean": 0.0,
  "val/recall_at_precision_75_mean": 0.5465116500854492,
  "val/recall_at_precision_90_mean": 0.0,
  "val/recall_at_precision_85_mean": 0.0,
  "val/enrichment_factor_mean": 1.187866449356079,
  "val/supervised_loss": 0.7830224633216858,
  "val/loss": 0.7830224633216858,
  "val/kendall_tau_top10_mean": -0.1683451235294342,
  "val/sensitivity_mean": 0.5116279125213623,
  "val/recall_mean": 0.5116279125213623,
  "val/kendall_tau_mean": 0.14006757736206055,
  "training_epochs": 61,
  "best_lr": 0.0005,
  "best_weight_decay": 0.1
}