{
  "val/sensitivity_mean": 0.6855670213699341,
  "val/spearman_rho_top50_mean": -0.0009567852248437703,
  "val/tnr_at_recall_95_mean": 0.08849557489156723,
  "val/spearman_rho_mean": 0.15844149887561798,
  "val/tnr_at_recall_90_mean": 0.2300885021686554,
  "val/precision_mean": 0.7150537371635437,
  "val/tnr_at_recall_75_mean": 0.4159291982650757,
  "val/recall_at_precision_90_mean": 0.010309278033673763,
  "val/kendall_tau_top20_mean": -0.04965057224035263,
  "val/supervised_loss": 0.8673163652420044,
  "val/f1_mean": 0.699999988079071,
  "val/auroc_mean": 0.5948362350463867,
  "val/tnr_at_recall_85_mean": 0.2743362784385681,
  "val/recall_at_precision_80_mean": 0.0670103058218956,
  "val/balanced_accuracy_mean": 0.6082702279090881,
  "val/loss": 0.8673163652420044,
  "val/cohen_kappa_mean": 0.213386669754982,
  "val/optimal_threshold_mean": 0.6117523908615112,
  "val/spearman_rho_top20_mean": -0.060316894203424454,
  "val/kendall_tau_mean": 0.12957747280597687,
  "val/tnr_at_recall_80_mean": 0.3451327383518219,
  "val/recall_mean": 0.6855670213699341,
  "val/specificity_mean": 0.5309734344482422,
  "val/recall_at_precision_85_mean": 0.010309278033673763,
  "val/mcc_mean": 0.21371252834796906,
  "val/ECE_mean": 0.20222552120685577,
  "val/spearman_rho_top10_mean": 0.18780428171157837,
  "val/average_precision_mean": 0.689681887626648,
  "val/enrichment_factor_mean": 1.131554126739502,
  "val/recall_at_precision_95_mean": 0.010309278033673763,
  "val/pos_lr_mean": 1.4616806507110596,
  "val/kendall_tau_top10_mean": 0.1558762937784195,
  "val/auprc_mean": 0.689681887626648,
  "val/ppv_mean": 0.7150537371635437,
  "val/kendall_tau_top50_mean": -0.0007837606826797128,
  "val/recall_at_precision_75_mean": 0.0670103058218956,
  "training_epochs": 117,
  "best_lr": 0.0001,
  "best_weight_decay": 0.01
}