{
  "val/auprc_mean": 0.6782184839248657,
  "val/pos_lr_mean": 1.6814954280853271,
  "val/loss": 0.7728307247161865,
  "val/specificity_mean": 0.5421686768531799,
  "val/ECE_mean": 0.14677615463733673,
  "val/spearman_rho_top20_mean": -0.1268540620803833,
  "val/spearman_rho_top50_mean": -0.0633699968457222,
  "val/spearman_rho_top10_mean": -0.32167214155197144,
  "val/tnr_at_recall_90_mean": 0.1927710771560669,
  "val/supervised_loss": 0.7728307247161865,
  "val/average_precision_mean": 0.6782184839248657,
  "val/recall_mean": 0.7698412537574768,
  "val/recall_at_precision_80_mean": 0.0,
  "val/optimal_threshold_mean": 0.6731391549110413,
  "val/tnr_at_recall_80_mean": 0.4819277226924896,
  "val/recall_at_precision_85_mean": 0.0,
  "val/kendall_tau_mean": 0.18956060707569122,
  "val/precision_mean": 0.7185184955596924,
  "val/kendall_tau_top10_mean": -0.26913022994995117,
  "val/sensitivity_mean": 0.7698412537574768,
  "val/recall_at_precision_90_mean": 0.0,
  "val/mcc_mean": 0.3192346394062042,
  "val/kendall_tau_top50_mean": -0.05198954418301582,
  "val/tnr_at_recall_75_mean": 0.5542168617248535,
  "val/recall_at_precision_95_mean": 0.0,
  "val/recall_at_precision_75_mean": 0.0,
  "val/auroc_mean": 0.636641800403595,
  "val/ppv_mean": 0.7185184955596924,
  "val/balanced_accuracy_mean": 0.6560049653053284,
  "val/cohen_kappa_mean": 0.31789177656173706,
  "val/tnr_at_recall_95_mean": 0.15662650763988495,
  "val/spearman_rho_mean": 0.23160995543003082,
  "val/f1_mean": 0.7432950139045715,
  "val/tnr_at_recall_85_mean": 0.3253012001514435,
  "val/enrichment_factor_mean": 1.1918283700942993,
  "val/kendall_tau_top20_mean": -0.10483141988515854,
  "training_epochs": 6,
  "best_lr": 0.0005,
  "best_weight_decay": 1.0
}