{
  "val/optimal_threshold_mean": 0.5713661313056946,
  "val/enrichment_factor_mean": 1.106796145439148,
  "val/tnr_at_recall_85_mean": 0.3414634168148041,
  "val/kendall_tau_top10_mean": 0.23722785711288452,
  "val/f1_mean": 0.7638190984725952,
  "val/average_precision_mean": 0.798539936542511,
  "val/sensitivity_mean": 0.737864077091217,
  "val/pos_lr_mean": 1.5126214027404785,
  "val/loss": 0.6578547358512878,
  "val/recall_at_precision_85_mean": 0.1650485396385193,
  "val/kendall_tau_top50_mean": -0.03054177202284336,
  "val/tnr_at_recall_90_mean": 0.2195121943950653,
  "val/ppv_mean": 0.7916666865348816,
  "val/spearman_rho_top50_mean": -0.037148792296648026,
  "val/recall_at_precision_75_mean": 0.8834951519966125,
  "val/spearman_rho_top10_mean": 0.2806917726993561,
  "val/recall_at_precision_90_mean": 0.04854368790984154,
  "val/ECE_mean": 0.11969392001628876,
  "val/auprc_mean": 0.798539936542511,
  "val/cohen_kappa_mean": 0.23783783614635468,
  "val/precision_mean": 0.7916666865348816,
  "val/tnr_at_recall_95_mean": 0.17073170840740204,
  "val/spearman_rho_mean": 0.2126758098602295,
  "val/kendall_tau_mean": 0.17425097525119781,
  "val/mcc_mean": 0.23938511312007904,
  "val/recall_at_precision_95_mean": 0.04854368790984154,
  "val/recall_at_precision_80_mean": 0.6310679316520691,
  "val/tnr_at_recall_75_mean": 0.4878048896789551,
  "val/recall_mean": 0.737864077091217,
  "val/kendall_tau_top20_mean": 0.10744306445121765,
  "val/specificity_mean": 0.5121951103210449,
  "val/balanced_accuracy_mean": 0.6250296235084534,
  "val/tnr_at_recall_80_mean": 0.39024388790130615,
  "val/auroc_mean": 0.6360407471656799,
  "val/supervised_loss": 0.6578547358512878,
  "val/spearman_rho_top20_mean": 0.12930163741111755,
  "training_epochs": 197,
  "best_lr": 0.0005,
  "best_weight_decay": 1.0
}