{
  "val/tnr_at_recall_80_mean": 0.3896103799343109,
  "val/kendall_tau_top50_mean": 0.0404629185795784,
  "val/recall_at_precision_75_mean": 0.5,
  "val/kendall_tau_mean": 0.18051739037036896,
  "val/sensitivity_mean": 0.6666666865348816,
  "val/kendall_tau_top10_mean": 0.10890201479196548,
  "val/precision_mean": 0.7118644118309021,
  "val/recall_at_precision_90_mean": 0.0396825410425663,
  "val/optimal_threshold_mean": 0.6901273131370544,
  "val/ppv_mean": 0.7118644118309021,
  "val/mcc_mean": 0.22139689326286316,
  "val/auprc_mean": 0.7241937518119812,
  "val/recall_at_precision_95_mean": 0.0396825410425663,
  "val/spearman_rho_mean": 0.2205452024936676,
  "val/balanced_accuracy_mean": 0.612554132938385,
  "val/tnr_at_recall_75_mean": 0.41558441519737244,
  "val/spearman_rho_top20_mean": 0.16068512201309204,
  "val/tnr_at_recall_85_mean": 0.27272728085517883,
  "val/cohen_kappa_mean": 0.22065064311027527,
  "val/specificity_mean": 0.5584415793418884,
  "val/tnr_at_recall_90_mean": 0.19480518996715546,
  "val/average_precision_mean": 0.7241937518119812,
  "val/spearman_rho_top10_mean": 0.1301628053188324,
  "val/supervised_loss": 0.7273479104042053,
  "val/auroc_mean": 0.6312100887298584,
  "val/recall_at_precision_85_mean": 0.0396825410425663,
  "val/spearman_rho_top50_mean": 0.04931322857737541,
  "val/pos_lr_mean": 1.5098038911819458,
  "val/tnr_at_recall_95_mean": 0.09090909361839294,
  "val/recall_at_precision_80_mean": 0.0714285746216774,
  "val/f1_mean": 0.688524603843689,
  "val/recall_mean": 0.6666666865348816,
  "val/ECE_mean": 0.09732405841350555,
  "val/loss": 0.7273479104042053,
  "val/kendall_tau_top20_mean": 0.1328287124633789,
  "val/enrichment_factor_mean": 1.1468926668167114,
  "training_epochs": 12,
  "best_lr": 0.0005,
  "best_weight_decay": 0.0
}