{
  "val/specificity_mean": 0.7288135886192322,
  "val/loss": 0.6378822922706604,
  "val/kendall_tau_mean": 0.2073182314634323,
  "val/auroc_mean": 0.6568469405174255,
  "val/recall_at_precision_95_mean": 0.007936508394777775,
  "val/precision_mean": 0.8117647171020508,
  "val/supervised_loss": 0.6378822922706604,
  "val/spearman_rho_top20_mean": -0.2779114246368408,
  "val/kendall_tau_top20_mean": -0.22995968163013458,
  "val/tnr_at_recall_80_mean": 0.4237288236618042,
  "val/kendall_tau_top10_mean": -0.2306351214647293,
  "val/auprc_mean": 0.7620527744293213,
  "val/spearman_rho_top10_mean": -0.2749353051185608,
  "val/recall_at_precision_80_mean": 0.5555555820465088,
  "val/recall_at_precision_75_mean": 0.7698412537574768,
  "val/kendall_tau_top50_mean": 0.04235966131091118,
  "val/ppv_mean": 0.8117647171020508,
  "val/recall_mean": 0.5476190447807312,
  "val/tnr_at_recall_95_mean": 0.18644067645072937,
  "val/recall_at_precision_90_mean": 0.007936508394777775,
  "val/spearman_rho_top50_mean": 0.051600102335214615,
  "val/balanced_accuracy_mean": 0.6382163166999817,
  "val/tnr_at_recall_75_mean": 0.47457626461982727,
  "val/f1_mean": 0.6540284156799316,
  "val/spearman_rho_mean": 0.25322845578193665,
  "val/sensitivity_mean": 0.5476190447807312,
  "val/optimal_threshold_mean": 0.69989013671875,
  "val/enrichment_factor_mean": 1.191876769065857,
  "val/recall_at_precision_85_mean": 0.007936508394777775,
  "val/cohen_kappa_mean": 0.233323872089386,
  "val/tnr_at_recall_90_mean": 0.3050847351551056,
  "val/pos_lr_mean": 2.019345283508301,
  "val/tnr_at_recall_85_mean": 0.35593220591545105,
  "val/ECE_mean": 0.08743184804916382,
  "val/average_precision_mean": 0.7620527744293213,
  "val/mcc_mean": 0.25851818919181824,
  "training_epochs": 73,
  "best_lr": 0.0005,
  "best_weight_decay": 1.0
}