{
  "val/auroc_mean": 0.5858812928199768,
  "val/optimal_threshold_mean": 0.5559988021850586,
  "val/loss": 0.7211444973945618,
  "val/spearman_rho_top10_mean": 0.04335549846291542,
  "val/spearman_rho_top20_mean": -0.02165740355849266,
  "val/specificity_mean": 0.578125,
  "val/tnr_at_recall_80_mean": 0.21875,
  "val/f1_mean": 0.6929134130477905,
  "val/balanced_accuracy_mean": 0.6056092381477356,
  "val/recall_at_precision_80_mean": 0.2949640154838562,
  "val/mcc_mean": 0.19803372025489807,
  "val/recall_at_precision_85_mean": 0.050359711050987244,
  "val/kendall_tau_mean": 0.1131402850151062,
  "val/ppv_mean": 0.7652173638343811,
  "val/sensitivity_mean": 0.633093535900116,
  "val/ECE_mean": 0.16055254638195038,
  "val/auprc_mean": 0.7468867897987366,
  "val/kendall_tau_top20_mean": -0.01790287159383297,
  "val/pos_lr_mean": 1.5006661415100098,
  "val/tnr_at_recall_90_mean": 0.109375,
  "val/enrichment_factor_mean": 1.1175477504730225,
  "val/cohen_kappa_mean": 0.19181299209594727,
  "val/recall_at_precision_90_mean": 0.0,
  "val/supervised_loss": 0.7211444973945618,
  "val/kendall_tau_top10_mean": 0.036273811012506485,
  "val/tnr_at_recall_75_mean": 0.375,
  "val/recall_at_precision_95_mean": 0.0,
  "val/precision_mean": 0.7652173638343811,
  "val/recall_mean": 0.633093535900116,
  "val/spearman_rho_mean": 0.1382279396057129,
  "val/average_precision_mean": 0.7468867897987366,
  "val/kendall_tau_top50_mean": 0.03887736797332764,
  "val/recall_at_precision_75_mean": 0.6978417038917542,
  "val/tnr_at_recall_95_mean": 0.078125,
  "val/tnr_at_recall_85_mean": 0.171875,
  "val/spearman_rho_top50_mean": 0.04738087207078934,
  "training_epochs": 25,
  "best_lr": 0.0005,
  "best_weight_decay": 1.0
}