{
  "val/spearman_rho_mean": 0.042556796222925186,
  "val/enrichment_factor_mean": 1.0135236978530884,
  "val/recall_at_precision_90_mean": 0.0,
  "val/spearman_rho_top10_mean": 0.5550624132156372,
  "val/kendall_tau_top20_mean": 0.661570131778717,
  "val/recall_mean": 0.9136690497398376,
  "val/recall_at_precision_85_mean": 0.0,
  "val/spearman_rho_top20_mean": 0.686837375164032,
  "val/sensitivity_mean": 0.9136690497398376,
  "val/spearman_rho_top50_mean": 0.14121879637241364,
  "val/auprc_mean": 0.6883206367492676,
  "val/recall_at_precision_75_mean": 0.0,
  "val/precision_mean": 0.693989098072052,
  "val/loss": 0.6769155859947205,
  "val/balanced_accuracy_mean": 0.5193345546722412,
  "val/kendall_tau_top10_mean": 0.5154913067817688,
  "val/supervised_loss": 0.6769155859947205,
  "val/tnr_at_recall_85_mean": 0.125,
  "val/cohen_kappa_mean": 0.04747446998953819,
  "val/kendall_tau_top50_mean": 0.13913494348526,
  "val/pos_lr_mean": 1.0441932678222656,
  "val/ECE_mean": 0.008079723455011845,
  "val/recall_at_precision_95_mean": 0.0,
  "val/mcc_mean": 0.06028656288981438,
  "val/auroc_mean": 0.5158498287200928,
  "val/ppv_mean": 0.693989098072052,
  "val/recall_at_precision_80_mean": 0.0,
  "val/tnr_at_recall_90_mean": 0.125,
  "val/f1_mean": 0.7888198494911194,
  "val/tnr_at_recall_80_mean": 0.125,
  "val/tnr_at_recall_95_mean": 0.03125,
  "val/kendall_tau_mean": 0.041181787848472595,
  "val/specificity_mean": 0.125,
  "val/optimal_threshold_mean": 0.6840773820877075,
  "val/tnr_at_recall_75_mean": 0.125,
  "val/average_precision_mean": 0.6883206367492676,
  "training_epochs": 33,
  "best_lr": 0.001,
  "best_weight_decay": 0.01
}