{
  "val/kendall_tau_top10_mean": -0.036273811012506485,
  "val/enrichment_factor_mean": 1.2418237924575806,
  "val/pos_lr_mean": 2.7834506034851074,
  "val/spearman_rho_mean": 0.14387746155261993,
  "val/specificity_mean": 0.8709677457809448,
  "val/auroc_mean": 0.5902998447418213,
  "val/tnr_at_recall_75_mean": 0.30645161867141724,
  "val/ECE_mean": 0.10361602902412415,
  "val/kendall_tau_top20_mean": -0.1434529721736908,
  "val/balanced_accuracy_mean": 0.615061342716217,
  "val/recall_at_precision_95_mean": 0.007042253389954567,
  "val/precision_mean": 0.8644067645072937,
  "val/auprc_mean": 0.7703036069869995,
  "val/loss": 0.6572644114494324,
  "val/ppv_mean": 0.8644067645072937,
  "val/recall_at_precision_80_mean": 0.40140846371650696,
  "val/f1_mean": 0.5074626803398132,
  "val/mcc_mean": 0.2334475964307785,
  "val/tnr_at_recall_95_mean": 0.04838709533214569,
  "val/sensitivity_mean": 0.35915493965148926,
  "val/recall_at_precision_85_mean": 0.3732394278049469,
  "val/average_precision_mean": 0.7703036069869995,
  "val/tnr_at_recall_80_mean": 0.27419355511665344,
  "val/optimal_threshold_mean": 0.7166159749031067,
  "val/supervised_loss": 0.6572644114494324,
  "val/spearman_rho_top50_mean": 0.28265106678009033,
  "val/spearman_rho_top10_mean": -0.04335549846291542,
  "val/kendall_tau_top50_mean": 0.23191216588020325,
  "val/kendall_tau_mean": 0.11776303499937057,
  "val/spearman_rho_top20_mean": -0.1735374629497528,
  "val/recall_at_precision_75_mean": 0.5211267471313477,
  "val/recall_at_precision_90_mean": 0.007042253389954567,
  "val/recall_mean": 0.35915493965148926,
  "val/tnr_at_recall_90_mean": 0.12903225421905518,
  "val/tnr_at_recall_85_mean": 0.16129031777381897,
  "val/cohen_kappa_mean": 0.16710656881332397,
  "training_epochs": 15,
  "best_lr": 0.001,
  "best_weight_decay": 1.0
}