{
  "val/recall_at_precision_80_mean": 0.08670520037412643,
  "val/balanced_accuracy_mean": 0.601212739944458,
  "val/tnr_at_recall_75_mean": 0.45098039507865906,
  "val/tnr_at_recall_80_mean": 0.3921568691730499,
  "val/enrichment_factor_mean": 1.111007571220398,
  "val/kendall_tau_top50_mean": 0.06786245107650757,
  "val/recall_at_precision_90_mean": 0.028901733458042145,
  "val/kendall_tau_top10_mean": 0.18044398725032806,
  "val/tnr_at_recall_90_mean": 0.1764705926179886,
  "val/recall_mean": 0.7514451146125793,
  "val/optimal_threshold_mean": 0.4880216419696808,
  "val/recall_at_precision_75_mean": 0.2947976887226105,
  "val/mcc_mean": 0.20899544656276703,
  "val/spearman_rho_top50_mean": 0.08281250298023224,
  "val/auprc_mean": 0.7285336852073669,
  "val/auroc_mean": 0.6253825426101685,
  "val/spearman_rho_mean": 0.20980750024318695,
  "val/loss": 0.6747846007347107,
  "val/average_precision_mean": 0.7285336852073669,
  "val/spearman_rho_top10_mean": 0.2170155793428421,
  "val/kendall_tau_mean": 0.17162054777145386,
  "val/spearman_rho_top20_mean": 0.06739744544029236,
  "val/tnr_at_recall_85_mean": 0.30392158031463623,
  "val/pos_lr_mean": 1.3687036037445068,
  "val/recall_at_precision_85_mean": 0.080924853682518,
  "val/tnr_at_recall_95_mean": 0.11764705926179886,
  "val/ECE_mean": 0.0935821458697319,
  "val/supervised_loss": 0.6747846007347107,
  "val/ppv_mean": 0.698924720287323,
  "val/cohen_kappa_mean": 0.2078617364168167,
  "val/specificity_mean": 0.45098039507865906,
  "val/precision_mean": 0.698924720287323,
  "val/kendall_tau_top20_mean": 0.05552779883146286,
  "val/f1_mean": 0.7242339849472046,
  "val/recall_at_precision_95_mean": 0.028901733458042145,
  "val/sensitivity_mean": 0.7514451146125793,
  "training_epochs": 18,
  "best_lr": 0.0005,
  "best_weight_decay": 1.0
}