{
  "val/tnr_at_recall_90_mean": 0.1846153885126114,
  "val/kendall_tau_top10_mean": 0.14624226093292236,
  "val/balanced_accuracy_mean": 0.5898966789245605,
  "val/auprc_mean": 0.7122316360473633,
  "val/sensitivity_mean": 0.6567164063453674,
  "val/loss": 0.7023977637290955,
  "val/spearman_rho_top50_mean": -0.18223834037780762,
  "val/kendall_tau_top20_mean": 0.05994511395692825,
  "val/recall_at_precision_95_mean": 0.007462686393409967,
  "val/kendall_tau_mean": 0.09298097342252731,
  "val/tnr_at_recall_75_mean": 0.4000000059604645,
  "val/f1_mean": 0.695652186870575,
  "val/enrichment_factor_mean": 1.0982064008712769,
  "val/spearman_rho_top20_mean": 0.07249394804239273,
  "val/auroc_mean": 0.5699196457862854,
  "val/recall_at_precision_85_mean": 0.08955223858356476,
  "val/cohen_kappa_mean": 0.16971009969711304,
  "val/mcc_mean": 0.1719745546579361,
  "val/supervised_loss": 0.7023977637290955,
  "val/ppv_mean": 0.7394958138465881,
  "val/spearman_rho_mean": 0.11359291523694992,
  "val/recall_at_precision_90_mean": 0.007462686393409967,
  "val/tnr_at_recall_80_mean": 0.26153847575187683,
  "val/spearman_rho_top10_mean": 0.17457431554794312,
  "val/recall_mean": 0.6567164063453674,
  "val/average_precision_mean": 0.7122316360473633,
  "val/optimal_threshold_mean": 0.5745388269424438,
  "val/ECE_mean": 0.11014781147241592,
  "val/tnr_at_recall_85_mean": 0.2153846174478531,
  "val/precision_mean": 0.7394958138465881,
  "val/recall_at_precision_75_mean": 0.5671641826629639,
  "val/tnr_at_recall_95_mean": 0.0923076942563057,
  "val/kendall_tau_top50_mean": -0.14954659342765808,
  "val/pos_lr_mean": 1.376986026763916,
  "val/recall_at_precision_80_mean": 0.10447761416435242,
  "val/specificity_mean": 0.5230769515037537,
  "training_epochs": 13,
  "best_lr": 0.0005,
  "best_weight_decay": 0.0
}