{
  "val/supervised_loss": 0.6886407732963562,
  "val/ppv_mean": 0.75,
  "val/loss": 0.6886407732963562,
  "val/cohen_kappa_mean": 0.10317965596914291,
  "val/recall_at_precision_85_mean": 0.005154639016836882,
  "val/optimal_threshold_mean": 0.7232220768928528,
  "val/spearman_rho_mean": 0.09383236616849899,
  "val/spearman_rho_top10_mean": 0.11197850108146667,
  "val/tnr_at_recall_85_mean": 0.17699114978313446,
  "val/recall_at_precision_90_mean": 0.005154639016836882,
  "val/pos_lr_mean": 1.747422695159912,
  "val/enrichment_factor_mean": 1.186855673789978,
  "val/tnr_at_recall_95_mean": 0.0796460211277008,
  "val/recall_at_precision_75_mean": 0.29381442070007324,
  "val/tnr_at_recall_75_mean": 0.2654867172241211,
  "val/kendall_tau_top10_mean": 0.11197850108146667,
  "val/auroc_mean": 0.556039571762085,
  "val/spearman_rho_top20_mean": -0.15825560688972473,
  "val/recall_mean": 0.29381442070007324,
  "val/balanced_accuracy_mean": 0.5628364086151123,
  "val/kendall_tau_top20_mean": -0.14828506112098694,
  "val/auprc_mean": 0.6754167675971985,
  "val/ECE_mean": 0.09755036234855652,
  "val/f1_mean": 0.42222222685813904,
  "val/sensitivity_mean": 0.29381442070007324,
  "val/average_precision_mean": 0.6754167675971985,
  "val/recall_at_precision_95_mean": 0.005154639016836882,
  "val/recall_at_precision_80_mean": 0.005154639016836882,
  "val/precision_mean": 0.75,
  "val/kendall_tau_mean": 0.078068807721138,
  "val/spearman_rho_top50_mean": 0.11371786147356033,
  "val/kendall_tau_top50_mean": 0.09915941953659058,
  "val/tnr_at_recall_80_mean": 0.20353981852531433,
  "val/mcc_mean": 0.14043284952640533,
  "val/tnr_at_recall_90_mean": 0.13274335861206055,
  "val/specificity_mean": 0.8318583965301514,
  "training_epochs": 44,
  "best_lr": 0.0005,
  "best_weight_decay": 0.1
}