{
  "val/auprc_mean": 0.745915412902832,
  "val/average_precision_mean": 0.745915412902832,
  "val/loss": 0.7521164417266846,
  "val/spearman_rho_top20_mean": 0.19376735389232635,
  "val/recall_at_precision_95_mean": 0.007194244768470526,
  "val/recall_at_precision_85_mean": 0.06474819779396057,
  "val/precision_mean": 0.740963876247406,
  "val/specificity_mean": 0.328125,
  "val/cohen_kappa_mean": 0.24037547409534454,
  "val/sensitivity_mean": 0.8848921060562134,
  "val/f1_mean": 0.8065573573112488,
  "val/recall_at_precision_75_mean": 0.5251798629760742,
  "val/auroc_mean": 0.5981339812278748,
  "val/optimal_threshold_mean": 0.385919988155365,
  "val/spearman_rho_top50_mean": 0.056783806532621384,
  "val/tnr_at_recall_95_mean": 0.109375,
  "val/spearman_rho_top10_mean": 0.1083887442946434,
  "val/supervised_loss": 0.7521164417266846,
  "val/tnr_at_recall_85_mean": 0.34375,
  "val/mcc_mean": 0.2563639283180237,
  "val/recall_mean": 0.8848921060562134,
  "val/kendall_tau_mean": 0.12928202748298645,
  "val/tnr_at_recall_80_mean": 0.359375,
  "val/tnr_at_recall_75_mean": 0.40625,
  "val/ppv_mean": 0.740963876247406,
  "val/kendall_tau_top10_mean": 0.09068453311920166,
  "val/pos_lr_mean": 1.3170486688613892,
  "val/tnr_at_recall_90_mean": 0.234375,
  "val/enrichment_factor_mean": 1.0821270942687988,
  "val/balanced_accuracy_mean": 0.6065085530281067,
  "val/ECE_mean": 0.15726590156555176,
  "val/recall_at_precision_90_mean": 0.06474819779396057,
  "val/kendall_tau_top50_mean": 0.04659274220466614,
  "val/recall_at_precision_80_mean": 0.12230215966701508,
  "val/kendall_tau_top20_mean": 0.16017580032348633,
  "val/spearman_rho_mean": 0.15794894099235535,
  "training_epochs": 104,
  "best_lr": 0.0005,
  "best_weight_decay": 1.0
}