{
  "val/recall_at_precision_80_mean": 0.3741007149219513,
  "val/tnr_at_recall_95_mean": 0.15625,
  "val/optimal_threshold_mean": 0.5978601574897766,
  "val/recall_mean": 0.6618704795837402,
  "val/kendall_tau_mean": 0.14705274999141693,
  "val/specificity_mean": 0.53125,
  "val/tnr_at_recall_80_mean": 0.3125,
  "val/spearman_rho_top50_mean": 0.18109430372714996,
  "val/cohen_kappa_mean": 0.18020664155483246,
  "val/supervised_loss": 0.6940997242927551,
  "val/tnr_at_recall_85_mean": 0.25,
  "val/ECE_mean": 0.14182251691818237,
  "val/tnr_at_recall_90_mean": 0.203125,
  "val/sensitivity_mean": 0.6618704795837402,
  "val/loss": 0.6940997242927551,
  "val/pos_lr_mean": 1.4119904041290283,
  "val/enrichment_factor_mean": 1.1013091802597046,
  "val/average_precision_mean": 0.7725759744644165,
  "val/recall_at_precision_85_mean": 0.16546761989593506,
  "val/spearman_rho_mean": 0.1796601265668869,
  "val/spearman_rho_top20_mean": 0.06554781645536423,
  "val/kendall_tau_top20_mean": 0.054184433072805405,
  "val/auroc_mean": 0.611623227596283,
  "val/kendall_tau_top50_mean": 0.14859306812286377,
  "val/recall_at_precision_90_mean": 0.12949639558792114,
  "val/ppv_mean": 0.7540983557701111,
  "val/auprc_mean": 0.7725759744644165,
  "val/mcc_mean": 0.1832328587770462,
  "val/f1_mean": 0.7049808502197266,
  "val/spearman_rho_top10_mean": -0.14451833069324493,
  "val/precision_mean": 0.7540983557701111,
  "val/balanced_accuracy_mean": 0.5965602397918701,
  "val/recall_at_precision_75_mean": 0.6690647602081299,
  "val/tnr_at_recall_75_mean": 0.34375,
  "val/recall_at_precision_95_mean": 0.014388489536941051,
  "val/kendall_tau_top10_mean": -0.12091270834207535,
  "training_epochs": 104,
  "best_lr": 5e-05,
  "best_weight_decay": 0.01
}