{
  "val/average_precision_mean": 0.6534579396247864,
  "val/tnr_at_recall_90_mean": 0.32692307233810425,
  "val/tnr_at_recall_75_mean": 0.4615384638309479,
  "val/precision_mean": 0.6794871687889099,
  "val/ppv_mean": 0.6794871687889099,
  "val/spearman_rho_top20_mean": -0.29649972915649414,
  "val/recall_at_precision_85_mean": 0.0,
  "val/recall_at_precision_95_mean": 0.0,
  "val/loss": 0.718924880027771,
  "val/recall_mean": 0.7260273694992065,
  "val/enrichment_factor_mean": 1.1635054349899292,
  "val/tnr_at_recall_95_mean": 0.17307692766189575,
  "val/recall_at_precision_75_mean": 0.0,
  "val/kendall_tau_top10_mean": -0.2704813778400421,
  "val/cohen_kappa_mean": 0.24869774281978607,
  "val/tnr_at_recall_85_mean": 0.36538460850715637,
  "val/kendall_tau_top20_mean": -0.24688535928726196,
  "val/recall_at_precision_90_mean": 0.0,
  "val/optimal_threshold_mean": 0.6499472856521606,
  "val/tnr_at_recall_80_mean": 0.4423076808452606,
  "val/auroc_mean": 0.6309272646903992,
  "val/spearman_rho_top10_mean": -0.3182745575904846,
  "val/spearman_rho_mean": 0.2235567569732666,
  "val/recall_at_precision_80_mean": 0.0,
  "val/auprc_mean": 0.6534579396247864,
  "val/kendall_tau_mean": 0.18326200544834137,
  "val/ECE_mean": 0.11372211575508118,
  "val/mcc_mean": 0.24956883490085602,
  "val/pos_lr_mean": 1.5101369619369507,
  "val/spearman_rho_top50_mean": 0.016187239438295364,
  "val/specificity_mean": 0.5192307829856873,
  "val/balanced_accuracy_mean": 0.6226291060447693,
  "val/kendall_tau_top50_mean": 0.013322986662387848,
  "val/f1_mean": 0.7019867300987244,
  "val/sensitivity_mean": 0.7260273694992065,
  "val/supervised_loss": 0.718924880027771,
  "training_epochs": 122,
  "best_lr": 0.0005,
  "best_weight_decay": 1.0
}