{
  "val/kendall_tau_top20_mean": -0.0675630122423172,
  "val/balanced_accuracy_mean": 0.5904911756515503,
  "val/ppv_mean": 0.6894736886024475,
  "val/enrichment_factor_mean": 1.0895386934280396,
  "val/tnr_at_recall_90_mean": 0.24468085169792175,
  "val/tnr_at_recall_85_mean": 0.3085106313228607,
  "val/specificity_mean": 0.3723404109477997,
  "val/f1_mean": 0.7443181872367859,
  "val/recall_at_precision_75_mean": 0.0,
  "val/auroc_mean": 0.5954163670539856,
  "val/spearman_rho_top20_mean": -0.0819479376077652,
  "val/recall_at_precision_95_mean": 0.0,
  "val/loss": 0.6644306182861328,
  "val/spearman_rho_top50_mean": -0.05340449884533882,
  "val/cohen_kappa_mean": 0.193051278591156,
  "val/supervised_loss": 0.6644306182861328,
  "val/optimal_threshold_mean": 0.7209392189979553,
  "val/ECE_mean": 0.10770917683839798,
  "val/pos_lr_mean": 1.2883448600769043,
  "val/recall_mean": 0.8086419701576233,
  "val/tnr_at_recall_80_mean": 0.3723404109477997,
  "val/kendall_tau_top10_mean": -0.27905264496803284,
  "val/kendall_tau_top50_mean": -0.04377458989620209,
  "val/average_precision_mean": 0.672935962677002,
  "val/precision_mean": 0.6894736886024475,
  "val/spearman_rho_mean": 0.15933021903038025,
  "val/recall_at_precision_80_mean": 0.0,
  "val/recall_at_precision_90_mean": 0.0,
  "val/spearman_rho_top10_mean": -0.33513137698173523,
  "val/sensitivity_mean": 0.8086419701576233,
  "val/auprc_mean": 0.672935962677002,
  "val/tnr_at_recall_75_mean": 0.40425533056259155,
  "val/tnr_at_recall_95_mean": 0.11702127754688263,
  "val/kendall_tau_mean": 0.130346417427063,
  "val/recall_at_precision_85_mean": 0.0,
  "val/mcc_mean": 0.19943851232528687,
  "training_epochs": 110,
  "best_lr": 0.001,
  "best_weight_decay": 1.0
}