{
  "val/pos_lr_mean": 1.339729905128479,
  "val/specificity_mean": 0.35384616255760193,
  "val/spearman_rho_mean": 0.20256470143795013,
  "val/tnr_at_recall_80_mean": 0.4000000059604645,
  "val/optimal_threshold_mean": 0.4397885203361511,
  "val/recall_at_precision_90_mean": 0.05970149114727974,
  "val/recall_at_precision_75_mean": 0.7164179086685181,
  "val/auroc_mean": 0.6246842741966248,
  "val/kendall_tau_top20_mean": -0.0981808677315712,
  "val/precision_mean": 0.7341772317886353,
  "val/auprc_mean": 0.7604143619537354,
  "val/recall_mean": 0.8656716346740723,
  "val/recall_at_precision_95_mean": 0.05970149114727974,
  "val/ECE_mean": 0.1258394718170166,
  "val/spearman_rho_top50_mean": 0.042570166289806366,
  "val/average_precision_mean": 0.7604143619537354,
  "val/kendall_tau_top10_mean": 0.21936339139938354,
  "val/enrichment_factor_mean": 1.0903079509735107,
  "val/balanced_accuracy_mean": 0.6097589135169983,
  "val/recall_at_precision_85_mean": 0.05970149114727974,
  "val/supervised_loss": 0.6902949810028076,
  "val/spearman_rho_top10_mean": 0.2618614733219147,
  "val/tnr_at_recall_75_mean": 0.4615384638309479,
  "val/tnr_at_recall_95_mean": 0.20000000298023224,
  "val/sensitivity_mean": 0.8656716346740723,
  "val/cohen_kappa_mean": 0.24257802963256836,
  "val/tnr_at_recall_90_mean": 0.29230770468711853,
  "val/kendall_tau_mean": 0.16580842435359955,
  "val/tnr_at_recall_85_mean": 0.35384616255760193,
  "val/f1_mean": 0.7945205569267273,
  "val/kendall_tau_top50_mean": 0.03493350371718407,
  "val/ppv_mean": 0.7341772317886353,
  "val/loss": 0.6902949810028076,
  "val/mcc_mean": 0.2545413374900818,
  "val/recall_at_precision_80_mean": 0.2761194109916687,
  "val/spearman_rho_top20_mean": -0.11873392015695572,
  "training_epochs": 111,
  "best_lr": 0.0005,
  "best_weight_decay": 1.0
}