{
  "val/optimal_threshold_mean": 0.6037298440933228,
  "val/f1_mean": 0.7361111044883728,
  "val/spearman_rho_top10_mean": 0.05126826465129852,
  "val/tnr_at_recall_90_mean": 0.1696428507566452,
  "val/auroc_mean": 0.6230205297470093,
  "val/average_precision_mean": 0.7559066414833069,
  "val/supervised_loss": 0.7058846354484558,
  "val/spearman_rho_top20_mean": 0.0437183752655983,
  "val/cohen_kappa_mean": 0.20887593924999237,
  "val/enrichment_factor_mean": 1.1045453548431396,
  "val/kendall_tau_top20_mean": 0.035973697900772095,
  "val/ppv_mean": 0.7227272987365723,
  "val/tnr_at_recall_95_mean": 0.0982142835855484,
  "val/tnr_at_recall_80_mean": 0.3482142984867096,
  "val/kendall_tau_top10_mean": 0.042509399354457855,
  "val/ECE_mean": 0.12668004631996155,
  "val/precision_mean": 0.7227272987365723,
  "val/mcc_mean": 0.20919857919216156,
  "val/tnr_at_recall_85_mean": 0.2321428507566452,
  "val/specificity_mean": 0.4553571343421936,
  "val/auprc_mean": 0.7559066414833069,
  "val/recall_at_precision_95_mean": 0.02358490601181984,
  "val/recall_at_precision_75_mean": 0.37264150381088257,
  "val/tnr_at_recall_75_mean": 0.4553571343421936,
  "val/spearman_rho_top50_mean": 0.15339295566082,
  "val/kendall_tau_top50_mean": 0.12563079595565796,
  "val/recall_mean": 0.75,
  "val/kendall_tau_mean": 0.16573943197727203,
  "val/pos_lr_mean": 1.377049207687378,
  "val/spearman_rho_mean": 0.2026759833097458,
  "val/recall_at_precision_80_mean": 0.3066037595272064,
  "val/recall_at_precision_90_mean": 0.02358490601181984,
  "val/loss": 0.7058846354484558,
  "val/recall_at_precision_85_mean": 0.12264151126146317,
  "val/balanced_accuracy_mean": 0.6026785969734192,
  "val/sensitivity_mean": 0.75,
  "training_epochs": 157,
  "best_lr": 5e-05,
  "best_weight_decay": 0.1
}