{
  "val/tnr_at_recall_85_mean": 0.25,
  "val/recall_at_precision_80_mean": 0.3525179922580719,
  "val/kendall_tau_mean": 0.12187755852937698,
  "val/ppv_mean": 0.7749999761581421,
  "val/ECE_mean": 0.17635677754878998,
  "val/auprc_mean": 0.7483344674110413,
  "val/f1_mean": 0.5662100315093994,
  "val/tnr_at_recall_75_mean": 0.359375,
  "val/average_precision_mean": 0.7483344674110413,
  "val/recall_at_precision_95_mean": 0.007194244768470526,
  "val/tnr_at_recall_80_mean": 0.34375,
  "val/tnr_at_recall_90_mean": 0.125,
  "val/sensitivity_mean": 0.4460431635379791,
  "val/kendall_tau_top50_mean": 0.11144480854272842,
  "val/spearman_rho_top20_mean": -0.002593189710751176,
  "val/precision_mean": 0.7749999761581421,
  "val/spearman_rho_top10_mean": -0.13006649911403656,
  "val/recall_at_precision_90_mean": 0.007194244768470526,
  "val/loss": 0.8187606334686279,
  "val/enrichment_factor_mean": 1.131834626197815,
  "val/specificity_mean": 0.71875,
  "val/kendall_tau_top20_mean": -0.002143633784726262,
  "val/recall_at_precision_85_mean": 0.007194244768470526,
  "val/supervised_loss": 0.8187606334686279,
  "val/auroc_mean": 0.5925135016441345,
  "val/balanced_accuracy_mean": 0.5823965668678284,
  "val/spearman_rho_top50_mean": 0.13582073152065277,
  "val/tnr_at_recall_95_mean": 0.109375,
  "val/recall_mean": 0.4460431635379791,
  "val/recall_at_precision_75_mean": 0.48201438784599304,
  "val/optimal_threshold_mean": 0.7751432657241821,
  "val/pos_lr_mean": 1.5859313011169434,
  "val/spearman_rho_mean": 0.14890260994434357,
  "val/cohen_kappa_mean": 0.13197101652622223,
  "val/kendall_tau_top10_mean": -0.10882143676280975,
  "val/mcc_mean": 0.15668919682502747,
  "training_epochs": 100,
  "best_lr": 0.0001,
  "best_weight_decay": 1.0
}