{
  "val/spearman_rho_top50_mean": 0.06606940925121307,
  "val/recall_at_precision_90_mean": 0.021739130839705467,
  "val/tnr_at_recall_75_mean": 0.4202898442745209,
  "val/cohen_kappa_mean": 0.19718310236930847,
  "val/kendall_tau_mean": 0.13859282433986664,
  "val/balanced_accuracy_mean": 0.6014492511749268,
  "val/sensitivity_mean": 0.695652186870575,
  "val/f1_mean": 0.7164179086685181,
  "val/recall_mean": 0.695652186870575,
  "val/optimal_threshold_mean": 0.5869055390357971,
  "val/spearman_rho_mean": 0.16910846531391144,
  "val/specificity_mean": 0.5072463750839233,
  "val/kendall_tau_top20_mean": 0.10765250027179718,
  "val/auroc_mean": 0.6035496592521667,
  "val/loss": 0.6841843128204346,
  "val/ppv_mean": 0.7384615540504456,
  "val/average_precision_mean": 0.7403660416603088,
  "val/recall_at_precision_75_mean": 0.4057970941066742,
  "val/kendall_tau_top10_mean": 0.09068453311920166,
  "val/pos_lr_mean": 1.4117647409439087,
  "val/tnr_at_recall_95_mean": 0.08695652335882187,
  "val/recall_at_precision_95_mean": 0.021739130839705467,
  "val/supervised_loss": 0.6841843128204346,
  "val/recall_at_precision_85_mean": 0.05797101557254791,
  "val/precision_mean": 0.7384615540504456,
  "val/auprc_mean": 0.7403660416603088,
  "val/spearman_rho_top20_mean": 0.13026778399944305,
  "val/tnr_at_recall_85_mean": 0.2753623127937317,
  "val/mcc_mean": 0.1978909820318222,
  "val/enrichment_factor_mean": 1.1076922416687012,
  "val/kendall_tau_top50_mean": 0.05420668423175812,
  "val/recall_at_precision_80_mean": 0.12318840622901917,
  "val/tnr_at_recall_80_mean": 0.36231884360313416,
  "val/ECE_mean": 0.09253700822591782,
  "val/spearman_rho_top10_mean": 0.1083887442946434,
  "val/tnr_at_recall_90_mean": 0.2028985470533371,
  "training_epochs": 59,
  "best_lr": 0.0005,
  "best_weight_decay": 0.0
}