{
  "val/loss": 0.6628610491752625,
  "val/cohen_kappa_mean": 0.2776176631450653,
  "val/supervised_loss": 0.6628610491752625,
  "val/auprc_mean": 0.7562426328659058,
  "val/average_precision_mean": 0.7562426328659058,
  "val/kendall_tau_top10_mean": 0.21939310431480408,
  "val/recall_at_precision_75_mean": 0.6728395223617554,
  "val/spearman_rho_top50_mean": 0.06738357245922089,
  "val/tnr_at_recall_90_mean": 0.13829787075519562,
  "val/auroc_mean": 0.6504465341567993,
  "val/spearman_rho_top10_mean": 0.26348260045051575,
  "val/recall_at_precision_85_mean": 0.1111111119389534,
  "val/ECE_mean": 0.08847128599882126,
  "val/ppv_mean": 0.7833333611488342,
  "val/specificity_mean": 0.7234042286872864,
  "val/precision_mean": 0.7833333611488342,
  "val/recall_mean": 0.5802469253540039,
  "val/balanced_accuracy_mean": 0.6518256068229675,
  "val/sensitivity_mean": 0.5802469253540039,
  "val/f1_mean": 0.6666666865348816,
  "val/kendall_tau_mean": 0.20552211999893188,
  "val/enrichment_factor_mean": 1.237860083580017,
  "val/recall_at_precision_90_mean": 0.08641975373029709,
  "val/tnr_at_recall_95_mean": 0.08510638028383255,
  "val/recall_at_precision_80_mean": 0.32098764181137085,
  "val/mcc_mean": 0.2933163642883301,
  "val/tnr_at_recall_80_mean": 0.3617021143436432,
  "val/kendall_tau_top50_mean": 0.055232953280210495,
  "val/spearman_rho_mean": 0.25122198462486267,
  "val/recall_at_precision_95_mean": 0.012345679104328156,
  "val/tnr_at_recall_85_mean": 0.24468085169792175,
  "val/tnr_at_recall_75_mean": 0.40425533056259155,
  "val/spearman_rho_top20_mean": 0.07125253230333328,
  "val/pos_lr_mean": 2.097815752029419,
  "val/kendall_tau_top20_mean": 0.058745045214891434,
  "val/optimal_threshold_mean": 0.6757665872573853,
  "training_epochs": 120,
  "best_lr": 5e-05,
  "best_weight_decay": 1.0
}