{
  "val/enrichment_factor_mean": 1.1543490886688232,
  "val/spearman_rho_top50_mean": -0.0008245219360105693,
  "val/recall_at_precision_90_mean": 0.0,
  "val/tnr_at_recall_80_mean": 0.36274510622024536,
  "val/kendall_tau_top50_mean": -0.0006756719085387886,
  "val/tnr_at_recall_75_mean": 0.45098039507865906,
  "val/spearman_rho_mean": 0.20994971692562103,
  "val/tnr_at_recall_85_mean": 0.28431373834609985,
  "val/pos_lr_mean": 1.5637094974517822,
  "val/spearman_rho_top20_mean": -0.02629321999847889,
  "val/auprc_mean": 0.7095186710357666,
  "val/supervised_loss": 0.7351142764091492,
  "val/mcc_mean": 0.25187763571739197,
  "val/kendall_tau_top20_mean": -0.02166261151432991,
  "val/kendall_tau_mean": 0.17173461616039276,
  "val/recall_at_precision_80_mean": 0.034682080149650574,
  "val/kendall_tau_top10_mean": -0.10826639086008072,
  "val/cohen_kappa_mean": 0.25169017910957336,
  "val/ppv_mean": 0.726190447807312,
  "val/recall_mean": 0.7052023410797119,
  "val/ECE_mean": 0.1146930679678917,
  "val/recall_at_precision_75_mean": 0.2658959627151489,
  "val/auroc_mean": 0.6254675388336182,
  "val/optimal_threshold_mean": 0.5653397440910339,
  "val/recall_at_precision_95_mean": 0.0,
  "val/tnr_at_recall_95_mean": 0.1666666716337204,
  "val/loss": 0.7351142764091492,
  "val/precision_mean": 0.726190447807312,
  "val/sensitivity_mean": 0.7052023410797119,
  "val/average_precision_mean": 0.7095186710357666,
  "val/recall_at_precision_85_mean": 0.034682080149650574,
  "val/tnr_at_recall_90_mean": 0.23529411852359772,
  "val/balanced_accuracy_mean": 0.6271109580993652,
  "val/spearman_rho_top10_mean": -0.13020934164524078,
  "val/f1_mean": 0.7155424952507019,
  "val/specificity_mean": 0.5490196347236633,
  "training_epochs": 75,
  "best_lr": 0.0001,
  "best_weight_decay": 0.1
}