{
  "val/recall_at_precision_95_mean": 0.005586592014878988,
  "val/ECE_mean": 0.08172787725925446,
  "val/mcc_mean": 0.2829854190349579,
  "val/pos_lr_mean": 1.4091801643371582,
  "val/tnr_at_recall_80_mean": 0.4344262182712555,
  "val/recall_at_precision_90_mean": 0.005586592014878988,
  "val/cohen_kappa_mean": 0.2647777199745178,
  "val/tnr_at_recall_85_mean": 0.39344263076782227,
  "val/supervised_loss": 0.7063390016555786,
  "val/balanced_accuracy_mean": 0.624095618724823,
  "val/tnr_at_recall_95_mean": 0.13114753365516663,
  "val/specificity_mean": 0.39344263076782227,
  "val/recall_at_precision_85_mean": 0.005586592014878988,
  "val/recall_at_precision_75_mean": 0.08379888534545898,
  "val/kendall_tau_top10_mean": 0.06301382184028625,
  "val/sensitivity_mean": 0.8547486066818237,
  "val/recall_at_precision_80_mean": 0.005586592014878988,
  "val/average_precision_mean": 0.665981650352478,
  "val/tnr_at_recall_90_mean": 0.26229506731033325,
  "val/kendall_tau_top20_mean": 0.03945948928594589,
  "val/ppv_mean": 0.6740087866783142,
  "val/spearman_rho_top50_mean": -0.03729638457298279,
  "val/auprc_mean": 0.665981650352478,
  "val/kendall_tau_top50_mean": -0.03055371157824993,
  "val/precision_mean": 0.6740087866783142,
  "val/optimal_threshold_mean": 0.5659327507019043,
  "val/enrichment_factor_mean": 1.1333891153335571,
  "val/auroc_mean": 0.6213480830192566,
  "val/kendall_tau_mean": 0.1687876135110855,
  "val/f1_mean": 0.7536945939064026,
  "val/spearman_rho_top10_mean": 0.07592087984085083,
  "val/spearman_rho_top20_mean": 0.0479300394654274,
  "val/tnr_at_recall_75_mean": 0.46721312403678894,
  "val/loss": 0.7063390016555786,
  "val/recall_mean": 0.8547486066818237,
  "val/spearman_rho_mean": 0.2063792198896408,
  "training_epochs": 141,
  "best_lr": 0.001,
  "best_weight_decay": 1.0
}