{
  "val/supervised_loss": 0.7476184964179993,
  "val/recall_at_precision_85_mean": 0.0,
  "val/tnr_at_recall_95_mean": 0.10389610379934311,
  "val/tnr_at_recall_75_mean": 0.44155845046043396,
  "val/spearman_rho_top10_mean": -0.32174474000930786,
  "val/ECE_mean": 0.1408059298992157,
  "val/loss": 0.7476184964179993,
  "val/spearman_rho_top20_mean": -0.0608036033809185,
  "val/recall_at_precision_75_mean": 0.0,
  "val/auprc_mean": 0.7050632238388062,
  "val/kendall_tau_mean": 0.1367330551147461,
  "val/recall_at_precision_95_mean": 0.0,
  "val/pos_lr_mean": 1.4060150384902954,
  "val/spearman_rho_mean": 0.1670905500650406,
  "val/auroc_mean": 0.6015549302101135,
  "val/optimal_threshold_mean": 0.5323697328567505,
  "val/tnr_at_recall_90_mean": 0.22077922523021698,
  "val/average_precision_mean": 0.7050632238388062,
  "val/f1_mean": 0.7108014225959778,
  "val/sensitivity_mean": 0.6938775777816772,
  "val/balanced_accuracy_mean": 0.6001855134963989,
  "val/kendall_tau_top20_mean": -0.05020692199468613,
  "val/cohen_kappa_mean": 0.19612590968608856,
  "val/enrichment_factor_mean": 1.1102041006088257,
  "val/tnr_at_recall_80_mean": 0.33766233921051025,
  "val/ppv_mean": 0.7285714149475098,
  "val/mcc_mean": 0.19657820463180542,
  "val/recall_at_precision_80_mean": 0.0,
  "val/recall_mean": 0.6938775777816772,
  "val/specificity_mean": 0.5064935088157654,
  "val/tnr_at_recall_85_mean": 0.27272728085517883,
  "val/recall_at_precision_90_mean": 0.0,
  "val/spearman_rho_top50_mean": 0.02934344857931137,
  "val/kendall_tau_top50_mean": 0.024065546691417694,
  "val/precision_mean": 0.7285714149475098,
  "val/kendall_tau_top10_mean": -0.26860764622688293,
  "training_epochs": 39,
  "best_lr": 0.0005,
  "best_weight_decay": 0.1
}