{
  "val/recall_at_precision_80_mean": 0.3174603283405304,
  "val/optimal_threshold_mean": 0.6009537577629089,
  "val/enrichment_factor_mean": 1.1383092403411865,
  "val/tnr_at_recall_80_mean": 0.2711864411830902,
  "val/spearman_rho_top50_mean": 0.10651221871376038,
  "val/mcc_mean": 0.19461213052272797,
  "val/cohen_kappa_mean": 0.17882055044174194,
  "val/supervised_loss": 0.6291636824607849,
  "val/balanced_accuracy_mean": 0.6043180227279663,
  "val/f1_mean": 0.6418604850769043,
  "val/average_precision_mean": 0.7753129005432129,
  "val/tnr_at_recall_75_mean": 0.2711864411830902,
  "val/ECE_mean": 0.058824289590120316,
  "val/spearman_rho_top10_mean": 0.11687050014734268,
  "val/tnr_at_recall_95_mean": 0.10169491171836853,
  "val/precision_mean": 0.7752808928489685,
  "val/kendall_tau_top10_mean": 0.09803921729326248,
  "val/recall_at_precision_95_mean": 0.0873015895485878,
  "val/recall_at_precision_75_mean": 0.5555555820465088,
  "val/recall_mean": 0.5476190447807312,
  "val/auroc_mean": 0.6004842519760132,
  "val/sensitivity_mean": 0.5476190447807312,
  "val/tnr_at_recall_85_mean": 0.22033898532390594,
  "val/auprc_mean": 0.7753129005432129,
  "val/kendall_tau_top20_mean": 0.10161008685827255,
  "val/loss": 0.6291636824607849,
  "val/kendall_tau_mean": 0.1338770091533661,
  "val/recall_at_precision_90_mean": 0.1428571492433548,
  "val/recall_at_precision_85_mean": 0.15079365670681,
  "val/kendall_tau_top50_mean": 0.08747835457324982,
  "val/spearman_rho_mean": 0.16233691573143005,
  "val/tnr_at_recall_90_mean": 0.20338982343673706,
  "val/ppv_mean": 0.7752808928489685,
  "val/pos_lr_mean": 1.615476131439209,
  "val/specificity_mean": 0.6610169410705566,
  "val/spearman_rho_top20_mean": 0.12279806286096573,
  "training_epochs": 13,
  "best_lr": 0.001,
  "best_weight_decay": 0.01
}