{
  "val/loss": 0.6867886781692505,
  "val/specificity_mean": 0.7477477192878723,
  "val/pos_lr_mean": 1.8422268629074097,
  "val/spearman_rho_mean": 0.16218610107898712,
  "val/kendall_tau_top50_mean": 0.18147441744804382,
  "val/recall_mean": 0.4647058844566345,
  "val/f1_mean": 0.570397138595581,
  "val/kendall_tau_top10_mean": 0.06768736988306046,
  "val/cohen_kappa_mean": 0.19340521097183228,
  "val/mcc_mean": 0.21388660371303558,
  "val/average_precision_mean": 0.7100234627723694,
  "val/tnr_at_recall_95_mean": 0.018018018454313278,
  "val/auprc_mean": 0.7100234627723694,
  "val/ppv_mean": 0.7383177280426025,
  "val/spearman_rho_top10_mean": 0.08091963827610016,
  "val/kendall_tau_mean": 0.1395660638809204,
  "val/spearman_rho_top20_mean": 0.04172193259000778,
  "val/tnr_at_recall_80_mean": 0.018018018454313278,
  "val/supervised_loss": 0.6867886781692505,
  "val/optimal_threshold_mean": 0.7160218358039856,
  "val/auroc_mean": 0.5937201976776123,
  "val/tnr_at_recall_75_mean": 0.018018018454313278,
  "val/recall_at_precision_75_mean": 0.3117647171020508,
  "val/enrichment_factor_mean": 1.220395803451538,
  "val/recall_at_precision_95_mean": 0.0235294122248888,
  "val/precision_mean": 0.7383177280426025,
  "val/recall_at_precision_80_mean": 0.2823529541492462,
  "val/balanced_accuracy_mean": 0.6062268018722534,
  "val/kendall_tau_top20_mean": 0.03446125239133835,
  "val/spearman_rho_top50_mean": 0.2181960940361023,
  "val/tnr_at_recall_90_mean": 0.018018018454313278,
  "val/recall_at_precision_90_mean": 0.05882352963089943,
  "val/sensitivity_mean": 0.4647058844566345,
  "val/tnr_at_recall_85_mean": 0.018018018454313278,
  "val/recall_at_precision_85_mean": 0.08235294371843338,
  "val/ECE_mean": 0.08856675773859024,
  "training_epochs": 24,
  "best_lr": 0.001,
  "best_weight_decay": 0.1
}