{
  "val/tnr_at_recall_75_mean": 0.4639175236225128,
  "val/auroc_mean": 0.6494845151901245,
  "val/tnr_at_recall_80_mean": 0.42268040776252747,
  "val/recall_at_precision_80_mean": 0.1265822798013687,
  "val/recall_at_precision_85_mean": 0.12025316804647446,
  "val/ppv_mean": 0.7162162065505981,
  "val/spearman_rho_top10_mean": 0.11094003915786743,
  "val/tnr_at_recall_90_mean": 0.2164948433637619,
  "val/tnr_at_recall_95_mean": 0.15463916957378387,
  "val/tnr_at_recall_85_mean": 0.2989690601825714,
  "val/supervised_loss": 0.6399999260902405,
  "val/spearman_rho_top20_mean": -0.04210376739501953,
  "val/recall_at_precision_90_mean": 0.0,
  "val/recall_at_precision_75_mean": 0.43670886754989624,
  "val/ECE_mean": 0.05289684981107712,
  "val/kendall_tau_mean": 0.20567211508750916,
  "val/kendall_tau_top20_mean": -0.034712981432676315,
  "val/loss": 0.6399999260902405,
  "val/balanced_accuracy_mean": 0.618948221206665,
  "val/recall_mean": 0.6708860993385315,
  "val/pos_lr_mean": 1.5494273900985718,
  "val/average_precision_mean": 0.7303608059883118,
  "val/recall_at_precision_95_mean": 0.0,
  "val/sensitivity_mean": 0.6708860993385315,
  "val/precision_mean": 0.7162162065505981,
  "val/spearman_rho_top50_mean": 0.15126165747642517,
  "val/spearman_rho_mean": 0.25139957666397095,
  "val/mcc_mean": 0.23403429985046387,
  "val/enrichment_factor_mean": 1.1559184789657593,
  "val/optimal_threshold_mean": 0.5890780687332153,
  "val/kendall_tau_top10_mean": 0.09237604588270187,
  "val/specificity_mean": 0.5670102834701538,
  "val/kendall_tau_top50_mean": 0.12399747967720032,
  "val/cohen_kappa_mean": 0.23325443267822266,
  "val/auprc_mean": 0.7303608059883118,
  "val/f1_mean": 0.6928104758262634,
  "training_epochs": 51,
  "best_lr": 0.0005,
  "best_weight_decay": 0.0
}