{
  "val/sensitivity_mean": 0.6230769157409668,
  "val/balanced_accuracy_mean": 0.591300368309021,
  "val/spearman_rho_top20_mean": -0.2823551893234253,
  "val/precision_mean": 0.6864407062530518,
  "val/recall_at_precision_80_mean": 0.015384615398943424,
  "val/tnr_at_recall_95_mean": 0.0476190485060215,
  "val/recall_at_precision_75_mean": 0.023076923564076424,
  "val/kendall_tau_top20_mean": -0.2380090057849884,
  "val/kendall_tau_top50_mean": -0.04182753711938858,
  "val/kendall_tau_mean": 0.12006698548793793,
  "val/recall_at_precision_90_mean": 0.015384615398943424,
  "val/tnr_at_recall_85_mean": 0.261904776096344,
  "val/ECE_mean": 0.09619990736246109,
  "val/f1_mean": 0.6532257795333862,
  "val/mcc_mean": 0.17928221821784973,
  "val/specificity_mean": 0.5595238208770752,
  "val/supervised_loss": 0.7012606859207153,
  "val/auroc_mean": 0.586492657661438,
  "val/spearman_rho_top10_mean": 0.031782086938619614,
  "val/tnr_at_recall_75_mean": 0.369047611951828,
  "val/auprc_mean": 0.6662091612815857,
  "val/ppv_mean": 0.6864407062530518,
  "val/average_precision_mean": 0.6662091612815857,
  "val/spearman_rho_mean": 0.14633041620254517,
  "val/kendall_tau_top10_mean": 0.02656063623726368,
  "val/loss": 0.7012606859207153,
  "val/optimal_threshold_mean": 0.68034827709198,
  "val/tnr_at_recall_90_mean": 0.1666666716337204,
  "val/tnr_at_recall_80_mean": 0.3095238208770752,
  "val/recall_at_precision_95_mean": 0.015384615398943424,
  "val/recall_mean": 0.6230769157409668,
  "val/pos_lr_mean": 1.4145530462265015,
  "val/spearman_rho_top50_mean": -0.05050552263855934,
  "val/cohen_kappa_mean": 0.17809931933879852,
  "val/enrichment_factor_mean": 1.1299868822097778,
  "val/recall_at_precision_85_mean": 0.015384615398943424,
  "training_epochs": 26,
  "best_lr": 0.0005,
  "best_weight_decay": 0.01
}