{
  "val/optimal_threshold_mean": 0.6214823126792908,
  "val/cohen_kappa_mean": 0.2142270803451538,
  "val/kendall_tau_top10_mean": 0.11565089970827103,
  "val/precision_mean": 0.6964285969734192,
  "val/kendall_tau_mean": 0.15189047157764435,
  "val/mcc_mean": 0.21972951292991638,
  "val/recall_at_precision_80_mean": 0.2164948433637619,
  "val/recall_at_precision_95_mean": 0.005154639016836882,
  "val/recall_at_precision_75_mean": 0.30927833914756775,
  "val/tnr_at_recall_80_mean": 0.39823007583618164,
  "val/f1_mean": 0.7464115023612976,
  "val/tnr_at_recall_85_mean": 0.3451327383518219,
  "val/enrichment_factor_mean": 1.102080225944519,
  "val/loss": 0.6734822988510132,
  "val/spearman_rho_top50_mean": 0.13618242740631104,
  "val/recall_at_precision_90_mean": 0.06185567006468773,
  "val/auroc_mean": 0.6111668348312378,
  "val/auprc_mean": 0.7190197706222534,
  "val/kendall_tau_top20_mean": 0.0907716155052185,
  "val/spearman_rho_top20_mean": 0.1102718785405159,
  "val/ECE_mean": 0.08408135920763016,
  "val/kendall_tau_top50_mean": 0.11155527085065842,
  "val/spearman_rho_top10_mean": 0.13933955132961273,
  "val/supervised_loss": 0.6734822988510132,
  "val/average_precision_mean": 0.7190197706222534,
  "val/specificity_mean": 0.39823007583618164,
  "val/tnr_at_recall_75_mean": 0.4247787594795227,
  "val/recall_mean": 0.8041236996650696,
  "val/tnr_at_recall_90_mean": 0.2300885021686554,
  "val/sensitivity_mean": 0.8041236996650696,
  "val/recall_at_precision_85_mean": 0.0670103058218956,
  "val/pos_lr_mean": 1.3362643718719482,
  "val/balanced_accuracy_mean": 0.601176917552948,
  "val/ppv_mean": 0.6964285969734192,
  "val/spearman_rho_mean": 0.18572483956813812,
  "val/tnr_at_recall_95_mean": 0.10619468986988068,
  "training_epochs": 12,
  "best_lr": 0.0001,
  "best_weight_decay": 0.01
}