{
  "val/recall_at_precision_75_mean": 0.8252426981925964,
  "val/precision_mean": 0.9318181872367859,
  "val/sensitivity_mean": 0.3980582654476166,
  "val/mcc_mean": 0.3182857632637024,
  "val/tnr_at_recall_80_mean": 0.3414634168148041,
  "val/recall_mean": 0.3980582654476166,
  "val/kendall_tau_top50_mean": 0.30264121294021606,
  "val/tnr_at_recall_85_mean": 0.2195121943950653,
  "val/ECE_mean": 0.1299683153629303,
  "val/spearman_rho_mean": 0.2519162595272064,
  "val/pos_lr_mean": 5.440129280090332,
  "val/balanced_accuracy_mean": 0.6624437570571899,
  "val/supervised_loss": 0.6972081661224365,
  "val/loss": 0.6972081661224365,
  "val/cohen_kappa_mean": 0.22670191526412964,
  "val/ppv_mean": 0.9318181872367859,
  "val/auprc_mean": 0.851831316947937,
  "val/spearman_rho_top20_mean": 0.18884293735027313,
  "val/optimal_threshold_mean": 0.8758736252784729,
  "val/spearman_rho_top10_mean": 0.0,
  "val/specificity_mean": 0.9268292784690857,
  "val/average_precision_mean": 0.851831316947937,
  "val/recall_at_precision_90_mean": 0.4563106894493103,
  "val/recall_at_precision_95_mean": 0.223300963640213,
  "val/f1_mean": 0.557823121547699,
  "val/tnr_at_recall_75_mean": 0.3658536672592163,
  "val/auroc_mean": 0.6611413955688477,
  "val/kendall_tau_top20_mean": 0.15691885352134705,
  "val/kendall_tau_mean": 0.20640172064304352,
  "val/enrichment_factor_mean": 1.3027360439300537,
  "val/kendall_tau_top10_mean": 0.0,
  "val/spearman_rho_top50_mean": 0.3681107461452484,
  "val/recall_at_precision_80_mean": 0.5631067752838135,
  "val/recall_at_precision_85_mean": 0.49514561891555786,
  "val/tnr_at_recall_95_mean": 0.09756097197532654,
  "val/tnr_at_recall_90_mean": 0.17073170840740204,
  "training_epochs": 103,
  "best_lr": 5e-05,
  "best_weight_decay": 0.01
}