{
  "val/precision_mean": 0.6785714030265808,
  "val/spearman_rho_mean": 0.18529538810253143,
  "val/kendall_tau_top20_mean": -0.1815192848443985,
  "val/supervised_loss": 0.6804192662239075,
  "val/kendall_tau_top10_mean": -0.1335570365190506,
  "val/enrichment_factor_mean": 1.1216386556625366,
  "val/optimal_threshold_mean": 0.6868590116500854,
  "val/loss": 0.6804192662239075,
  "val/pos_lr_mean": 1.3784313201904297,
  "val/recall_at_precision_85_mean": 0.0117647061124444,
  "val/recall_mean": 0.6705882549285889,
  "val/ppv_mean": 0.6785714030265808,
  "val/tnr_at_recall_80_mean": 0.36936935782432556,
  "val/tnr_at_recall_85_mean": 0.22522522509098053,
  "val/spearman_rho_top20_mean": -0.1955704391002655,
  "val/tnr_at_recall_95_mean": 0.06306306272745132,
  "val/kendall_tau_mean": 0.1535702496767044,
  "val/tnr_at_recall_75_mean": 0.4144144058227539,
  "val/f1_mean": 0.6745561957359314,
  "val/mcc_mean": 0.18354815244674683,
  "val/sensitivity_mean": 0.6705882549285889,
  "val/balanced_accuracy_mean": 0.5920508503913879,
  "val/kendall_tau_top50_mean": 0.053668081760406494,
  "val/tnr_at_recall_90_mean": 0.13513512909412384,
  "val/spearman_rho_top10_mean": -0.14512084424495697,
  "val/auroc_mean": 0.6092475056648254,
  "val/specificity_mean": 0.5135135054588318,
  "val/recall_at_precision_90_mean": 0.0117647061124444,
  "val/auprc_mean": 0.6874417662620544,
  "val/cohen_kappa_mean": 0.18352791666984558,
  "val/recall_at_precision_75_mean": 0.01764705963432789,
  "val/recall_at_precision_95_mean": 0.0117647061124444,
  "val/average_precision_mean": 0.6874417662620544,
  "val/spearman_rho_top50_mean": 0.06299140304327011,
  "val/ECE_mean": 0.08862881362438202,
  "val/recall_at_precision_80_mean": 0.0117647061124444,
  "training_epochs": 105,
  "best_lr": 0.0005,
  "best_weight_decay": 0.01
}