{
  "val/tnr_at_recall_80_mean": 0.390625,
  "val/kendall_tau_mean": 0.17535731196403503,
  "val/spearman_rho_top20_mean": -0.14940357208251953,
  "val/cohen_kappa_mean": 0.19969969987869263,
  "val/recall_mean": 0.5902777910232544,
  "val/spearman_rho_top50_mean": -0.05097678676247597,
  "val/average_precision_mean": 0.7604308128356934,
  "val/sensitivity_mean": 0.5902777910232544,
  "val/ppv_mean": 0.7870370149612427,
  "val/auprc_mean": 0.7604308128356934,
  "val/spearman_rho_top10_mean": 0.1892189085483551,
  "val/tnr_at_recall_85_mean": 0.3125,
  "val/tnr_at_recall_75_mean": 0.453125,
  "val/recall_at_precision_75_mean": 0.8125,
  "val/balanced_accuracy_mean": 0.6154513955116272,
  "val/recall_at_precision_80_mean": 0.3611111044883728,
  "val/recall_at_precision_90_mean": 0.0,
  "val/kendall_tau_top20_mean": -0.12346620112657547,
  "val/auroc_mean": 0.6340060830116272,
  "val/optimal_threshold_mean": 0.6551989912986755,
  "val/pos_lr_mean": 1.6425120830535889,
  "val/loss": 0.6224612593650818,
  "val/kendall_tau_top50_mean": -0.041822001338005066,
  "val/recall_at_precision_85_mean": 0.0416666679084301,
  "val/tnr_at_recall_95_mean": 0.1875,
  "val/f1_mean": 0.6746031641960144,
  "val/supervised_loss": 0.6224612593650818,
  "val/precision_mean": 0.7870370149612427,
  "val/recall_at_precision_95_mean": 0.0,
  "val/specificity_mean": 0.640625,
  "val/tnr_at_recall_90_mean": 0.265625,
  "val/ECE_mean": 0.071025051176548,
  "val/mcc_mean": 0.21329884231090546,
  "val/kendall_tau_top10_mean": 0.1583119034767151,
  "val/enrichment_factor_mean": 1.136831283569336,
  "val/spearman_rho_mean": 0.21425355970859528,
  "training_epochs": 112,
  "best_lr": 0.001,
  "best_weight_decay": 1.0
}