{
  "val/tnr_at_recall_90_mean": 0.16883116960525513,
  "val/spearman_rho_top50_mean": -0.0693449154496193,
  "val/recall_at_precision_75_mean": 0.0,
  "val/recall_at_precision_80_mean": 0.0,
  "val/tnr_at_recall_75_mean": 0.4025973975658417,
  "val/tnr_at_recall_95_mean": 0.11688311398029327,
  "val/cohen_kappa_mean": 0.17142857611179352,
  "val/pos_lr_mean": 1.2753623723983765,
  "val/recall_mean": 0.761904776096344,
  "val/kendall_tau_mean": 0.10323382914066315,
  "val/f1_mean": 0.7164179086685181,
  "val/spearman_rho_mean": 0.12612482905387878,
  "val/mcc_mean": 0.17409774661064148,
  "val/ECE_mean": 0.1622508019208908,
  "val/auroc_mean": 0.5750360488891602,
  "val/average_precision_mean": 0.6502148509025574,
  "val/precision_mean": 0.6760563254356384,
  "val/spearman_rho_top10_mean": -0.6433442831039429,
  "val/kendall_tau_top10_mean": -0.5382604598999023,
  "val/supervised_loss": 0.823289692401886,
  "val/specificity_mean": 0.4025973975658417,
  "val/auprc_mean": 0.6502148509025574,
  "val/enrichment_factor_mean": 1.0892019271850586,
  "val/balanced_accuracy_mean": 0.5822510719299316,
  "val/recall_at_precision_95_mean": 0.0,
  "val/ppv_mean": 0.6760563254356384,
  "val/kendall_tau_top50_mean": -0.05689949169754982,
  "val/recall_at_precision_85_mean": 0.0,
  "val/sensitivity_mean": 0.761904776096344,
  "val/optimal_threshold_mean": 0.7229058146476746,
  "val/kendall_tau_top20_mean": -0.07131577283143997,
  "val/tnr_at_recall_85_mean": 0.2467532455921173,
  "val/loss": 0.823289692401886,
  "val/spearman_rho_top20_mean": -0.08627188950777054,
  "val/recall_at_precision_90_mean": 0.0,
  "val/tnr_at_recall_80_mean": 0.29870128631591797,
  "training_epochs": 7,
  "best_lr": 0.001,
  "best_weight_decay": 1.0
}