{
  "val/cohen_kappa_mean": 0.357311874628067,
  "val/spearman_rho_mean": 0.34748122096061707,
  "val/mcc_mean": 0.3576889634132385,
  "val/ppv_mean": 0.7936508059501648,
  "val/recall_mean": 0.7692307829856873,
  "val/supervised_loss": 0.733978807926178,
  "val/loss": 0.733978807926178,
  "val/enrichment_factor_mean": 1.1843712329864502,
  "val/kendall_tau_top20_mean": -0.14387205243110657,
  "val/tnr_at_recall_85_mean": 0.46875,
  "val/average_precision_mean": 0.8043120503425598,
  "val/kendall_tau_mean": 0.2844475209712982,
  "val/auprc_mean": 0.8043120503425598,
  "val/recall_at_precision_80_mean": 0.7076923251152039,
  "val/recall_at_precision_85_mean": 0.26153847575187683,
  "val/tnr_at_recall_75_mean": 0.59375,
  "val/specificity_mean": 0.59375,
  "val/balanced_accuracy_mean": 0.6814903616905212,
  "val/recall_at_precision_75_mean": 0.9076923131942749,
  "val/kendall_tau_top50_mean": 0.06928525120019913,
  "val/recall_at_precision_95_mean": 0.023076923564076424,
  "val/f1_mean": 0.78125,
  "val/spearman_rho_top50_mean": 0.08442270755767822,
  "val/spearman_rho_top10_mean": -0.23717083036899567,
  "val/sensitivity_mean": 0.7692307829856873,
  "val/tnr_at_recall_90_mean": 0.421875,
  "val/ECE_mean": 0.04491166025400162,
  "val/recall_at_precision_90_mean": 0.023076923564076424,
  "val/tnr_at_recall_80_mean": 0.53125,
  "val/precision_mean": 0.7936508059501648,
  "val/auroc_mean": 0.7133413553237915,
  "val/spearman_rho_top20_mean": -0.17393283545970917,
  "val/kendall_tau_top10_mean": -0.1986798495054245,
  "val/optimal_threshold_mean": 0.5826565623283386,
  "val/pos_lr_mean": 1.8934911489486694,
  "val/tnr_at_recall_95_mean": 0.046875,
  "training_epochs": 80,
  "best_lr": 0.001,
  "best_weight_decay": 1.0
}