{
  "val/sensitivity_mean": 0.3604651093482971,
  "val/spearman_rho_mean": 0.07322470098733902,
  "val/kendall_tau_mean": 0.06003839895129204,
  "val/kendall_tau_top10_mean": 0.42640143632888794,
  "val/recall_at_precision_95_mean": 0.11627907305955887,
  "val/recall_at_precision_75_mean": 0.6744186282157898,
  "val/recall_at_precision_90_mean": 0.12790697813034058,
  "val/loss": 0.6665971279144287,
  "val/recall_at_precision_80_mean": 0.4651162922382355,
  "val/mcc_mean": 0.17278020083904266,
  "val/ECE_mean": 0.1123400628566742,
  "val/ppv_mean": 0.837837815284729,
  "val/tnr_at_recall_75_mean": 0.1515151560306549,
  "val/recall_mean": 0.3604651093482971,
  "val/auroc_mean": 0.5472163558006287,
  "val/precision_mean": 0.837837815284729,
  "val/pos_lr_mean": 1.9825581312179565,
  "val/average_precision_mean": 0.7941635847091675,
  "val/kendall_tau_top20_mean": 0.14423243701457977,
  "val/spearman_rho_top20_mean": 0.1729286164045334,
  "val/balanced_accuracy_mean": 0.5893234610557556,
  "val/f1_mean": 0.5040650367736816,
  "val/enrichment_factor_mean": 1.1593337059020996,
  "val/recall_at_precision_85_mean": 0.27906978130340576,
  "val/kendall_tau_top50_mean": 0.15410782396793365,
  "val/spearman_rho_top10_mean": 0.5,
  "val/tnr_at_recall_80_mean": 0.09090909361839294,
  "val/tnr_at_recall_90_mean": 0.0,
  "val/optimal_threshold_mean": 0.7993192672729492,
  "val/cohen_kappa_mean": 0.12256738543510437,
  "val/tnr_at_recall_95_mean": 0.0,
  "val/spearman_rho_top50_mean": 0.187163308262825,
  "val/auprc_mean": 0.7941635847091675,
  "val/tnr_at_recall_85_mean": 0.0,
  "val/supervised_loss": 0.6665971279144287,
  "val/specificity_mean": 0.8181818127632141,
  "training_epochs": 24,
  "best_lr": 0.0005,
  "best_weight_decay": 0.01
}