{
  "val/tnr_at_recall_80_mean": 0.5,
  "val/spearman_rho_mean": 0.2601403295993805,
  "val/tnr_at_recall_75_mean": 0.546875,
  "val/kendall_tau_top50_mean": -0.12993361055850983,
  "val/precision_mean": 0.7902097702026367,
  "val/tnr_at_recall_85_mean": 0.421875,
  "val/f1_mean": 0.7874564528465271,
  "val/recall_at_precision_95_mean": 0.02083333395421505,
  "val/kendall_tau_top10_mean": 0.14248070120811462,
  "val/recall_at_precision_85_mean": 0.0416666679084301,
  "val/loss": 0.6221280694007874,
  "val/spearman_rho_top20_mean": 0.12403473258018494,
  "val/spearman_rho_top10_mean": 0.17029701173305511,
  "val/recall_mean": 0.7847222089767456,
  "val/auprc_mean": 0.7696765065193176,
  "val/spearman_rho_top50_mean": -0.15837593376636505,
  "val/recall_at_precision_90_mean": 0.02083333395421505,
  "val/kendall_tau_mean": 0.21291853487491608,
  "val/ECE_mean": 0.10776607692241669,
  "val/ppv_mean": 0.7902097702026367,
  "val/recall_at_precision_75_mean": 0.9444444179534912,
  "val/tnr_at_recall_95_mean": 0.28125,
  "val/supervised_loss": 0.6221280694007874,
  "val/average_precision_mean": 0.7696765065193176,
  "val/auroc_mean": 0.6627061367034912,
  "val/specificity_mean": 0.53125,
  "val/kendall_tau_top20_mean": 0.10250154137611389,
  "val/balanced_accuracy_mean": 0.6579861044883728,
  "val/optimal_threshold_mean": 0.6392073035240173,
  "val/tnr_at_recall_90_mean": 0.3125,
  "val/pos_lr_mean": 1.6740740537643433,
  "val/sensitivity_mean": 0.7847222089767456,
  "val/mcc_mean": 0.3146266043186188,
  "val/cohen_kappa_mean": 0.31460675597190857,
  "val/enrichment_factor_mean": 1.1414141654968262,
  "val/recall_at_precision_80_mean": 0.7222222089767456,
  "training_epochs": 73,
  "best_lr": 0.0005,
  "best_weight_decay": 0.1
}