{
  "val/specificity_mean": 0.6631578803062439,
  "val/auroc_mean": 0.6335985064506531,
  "val/tnr_at_recall_95_mean": 0.08421052992343903,
  "val/kendall_tau_top10_mean": -0.03139139711856842,
  "val/f1_mean": 0.6753246784210205,
  "val/balanced_accuracy_mean": 0.6339045166969299,
  "val/ECE_mean": 0.12537658214569092,
  "val/tnr_at_recall_90_mean": 0.16842105984687805,
  "val/supervised_loss": 0.7106485962867737,
  "val/sensitivity_mean": 0.604651153087616,
  "val/spearman_rho_top50_mean": 0.024282392114400864,
  "val/ppv_mean": 0.7647058963775635,
  "val/tnr_at_recall_85_mean": 0.28421053290367126,
  "val/auprc_mean": 0.7263239622116089,
  "val/optimal_threshold_mean": 0.7200121283531189,
  "val/enrichment_factor_mean": 1.187072515487671,
  "val/spearman_rho_top20_mean": -0.25800785422325134,
  "val/recall_at_precision_90_mean": 0.011627906933426857,
  "val/spearman_rho_mean": 0.22156956791877747,
  "val/precision_mean": 0.7647058963775635,
  "val/cohen_kappa_mean": 0.2468690127134323,
  "val/mcc_mean": 0.25647568702697754,
  "val/recall_at_precision_75_mean": 0.645348846912384,
  "val/recall_at_precision_85_mean": 0.011627906933426857,
  "val/kendall_tau_top20_mean": -0.21264061331748962,
  "val/recall_mean": 0.604651153087616,
  "val/kendall_tau_mean": 0.18124926090240479,
  "val/kendall_tau_top50_mean": 0.019900886341929436,
  "val/recall_at_precision_80_mean": 0.43023255467414856,
  "val/recall_at_precision_95_mean": 0.011627906933426857,
  "val/loss": 0.7106485962867737,
  "val/tnr_at_recall_75_mean": 0.42105263471603394,
  "val/tnr_at_recall_80_mean": 0.3368421196937561,
  "val/pos_lr_mean": 1.7950581312179565,
  "val/average_precision_mean": 0.7263239622116089,
  "val/spearman_rho_top10_mean": -0.03772776573896408,
  "training_epochs": 46,
  "best_lr": 0.0001,
  "best_weight_decay": 0.01
}