{
  "val/kendall_tau_mean": 0.2824521064758301,
  "val/auprc_mean": 0.7638630867004395,
  "val/recall_at_precision_95_mean": 0.10958904027938843,
  "val/specificity_mean": 0.6346153616905212,
  "val/average_precision_mean": 0.7638630867004395,
  "val/tnr_at_recall_75_mean": 0.6346153616905212,
  "val/mcc_mean": 0.3743413984775543,
  "val/tnr_at_recall_80_mean": 0.4423076808452606,
  "val/recall_at_precision_80_mean": 0.21917808055877686,
  "val/recall_mean": 0.7397260069847107,
  "val/kendall_tau_top50_mean": 0.037241581827402115,
  "val/tnr_at_recall_95_mean": 0.19230769574642181,
  "val/precision_mean": 0.7397260069847107,
  "val/supervised_loss": 0.6452472805976868,
  "val/sensitivity_mean": 0.7397260069847107,
  "val/spearman_rho_top10_mean": 0.5182002186775208,
  "val/recall_at_precision_75_mean": 0.698630154132843,
  "val/tnr_at_recall_85_mean": 0.3076923191547394,
  "val/recall_at_precision_90_mean": 0.13698630034923553,
  "val/auroc_mean": 0.7017913460731506,
  "val/balanced_accuracy_mean": 0.687170684337616,
  "val/ppv_mean": 0.7397260069847107,
  "val/ECE_mean": 0.17870622873306274,
  "val/pos_lr_mean": 2.0245132446289062,
  "val/optimal_threshold_mean": 0.6348293423652649,
  "val/f1_mean": 0.7397260069847107,
  "val/kendall_tau_top10_mean": 0.44038552045822144,
  "val/spearman_rho_top50_mean": 0.04524799436330795,
  "val/cohen_kappa_mean": 0.3743413984775543,
  "val/loss": 0.6452472805976868,
  "val/kendall_tau_top20_mean": 0.3291804790496826,
  "val/enrichment_factor_mean": 1.266654133796692,
  "val/tnr_at_recall_90_mean": 0.21153846383094788,
  "val/recall_at_precision_85_mean": 0.13698630034923553,
  "val/spearman_rho_mean": 0.3445562720298767,
  "val/spearman_rho_top20_mean": 0.3953329622745514,
  "training_epochs": 12,
  "best_lr": 0.0005,
  "best_weight_decay": 0.01
}