{
  "val/recall_at_precision_75_mean": 0.4316546618938446,
  "val/loss": 0.6947707533836365,
  "val/spearman_rho_top10_mean": -0.06503324955701828,
  "val/tnr_at_recall_75_mean": 0.421875,
  "val/kendall_tau_top10_mean": -0.05441071838140488,
  "val/kendall_tau_mean": 0.11876767873764038,
  "val/recall_at_precision_95_mean": 0.007194244768470526,
  "val/tnr_at_recall_80_mean": 0.28125,
  "val/ppv_mean": 0.7394366264343262,
  "val/balanced_accuracy_mean": 0.5886353254318237,
  "val/kendall_tau_top50_mean": 0.1718396097421646,
  "val/f1_mean": 0.7473309636116028,
  "val/specificity_mean": 0.421875,
  "val/spearman_rho_top50_mean": 0.20942546427249908,
  "val/recall_at_precision_80_mean": 0.34532374143600464,
  "val/supervised_loss": 0.6947707533836365,
  "val/tnr_at_recall_90_mean": 0.125,
  "val/pos_lr_mean": 1.3066303730010986,
  "val/cohen_kappa_mean": 0.1795411854982376,
  "val/sensitivity_mean": 0.7553957104682922,
  "val/recall_mean": 0.7553957104682922,
  "val/recall_at_precision_90_mean": 0.007194244768470526,
  "val/ECE_mean": 0.09791557490825653,
  "val/mcc_mean": 0.17964917421340942,
  "val/tnr_at_recall_95_mean": 0.078125,
  "val/tnr_at_recall_85_mean": 0.203125,
  "val/precision_mean": 0.7394366264343262,
  "val/spearman_rho_top20_mean": -0.01082870177924633,
  "val/optimal_threshold_mean": 0.5884437561035156,
  "val/spearman_rho_mean": 0.14510314166545868,
  "val/kendall_tau_top20_mean": -0.008951435796916485,
  "val/average_precision_mean": 0.7523097991943359,
  "val/auroc_mean": 0.5901528596878052,
  "val/auprc_mean": 0.7523097991943359,
  "val/enrichment_factor_mean": 1.0798966884613037,
  "val/recall_at_precision_85_mean": 0.007194244768470526,
  "training_epochs": 16,
  "best_lr": 0.0005,
  "best_weight_decay": 1.0
}