{
  "val/spearman_rho_top50_mean": 0.11236664652824402,
  "val/sensitivity_mean": 0.6134454011917114,
  "val/cohen_kappa_mean": 0.2148403823375702,
  "val/ECE_mean": 0.04664219543337822,
  "val/kendall_tau_top50_mean": 0.09224970638751984,
  "val/spearman_rho_mean": 0.24477793276309967,
  "val/kendall_tau_top20_mean": 0.23209179937839508,
  "val/pos_lr_mean": 1.6102941036224365,
  "val/auroc_mean": 0.6485260725021362,
  "val/optimal_threshold_mean": 0.6625000834465027,
  "val/recall_at_precision_75_mean": 0.6218487620353699,
  "val/tnr_at_recall_75_mean": 0.4444444477558136,
  "val/loss": 0.6356830596923828,
  "val/tnr_at_recall_90_mean": 0.2063492089509964,
  "val/recall_at_precision_95_mean": 0.042016807943582535,
  "val/tnr_at_recall_80_mean": 0.3650793731212616,
  "val/supervised_loss": 0.6356830596923828,
  "val/tnr_at_recall_85_mean": 0.3174603283405304,
  "val/spearman_rho_top20_mean": 0.28038567304611206,
  "val/kendall_tau_top10_mean": -0.057166196405887604,
  "val/kendall_tau_mean": 0.20040865242481232,
  "val/recall_mean": 0.6134454011917114,
  "val/average_precision_mean": 0.7772617936134338,
  "val/mcc_mean": 0.22169622778892517,
  "val/ppv_mean": 0.7525773048400879,
  "val/recall_at_precision_80_mean": 0.4117647111415863,
  "val/balanced_accuracy_mean": 0.6162465214729309,
  "val/enrichment_factor_mean": 1.1510006189346313,
  "val/auprc_mean": 0.7772617936134338,
  "val/tnr_at_recall_95_mean": 0.0634920671582222,
  "val/recall_at_precision_85_mean": 0.21848739683628082,
  "val/recall_at_precision_90_mean": 0.19327731430530548,
  "val/spearman_rho_top10_mean": -0.06814663112163544,
  "val/precision_mean": 0.7525773048400879,
  "val/f1_mean": 0.6759259104728699,
  "val/specificity_mean": 0.6190476417541504,
  "training_epochs": 4,
  "best_lr": 0.0001,
  "best_weight_decay": 0.1
}