{
  "val/enrichment_factor_mean": 1.2397059202194214,
  "val/kendall_tau_top20_mean": -0.15932166576385498,
  "val/tnr_at_recall_90_mean": 0.15315315127372742,
  "val/recall_at_precision_80_mean": 0.0235294122248888,
  "val/kendall_tau_mean": 0.14808443188667297,
  "val/spearman_rho_top50_mean": 0.12926878035068512,
  "val/mcc_mean": 0.20031079649925232,
  "val/sensitivity_mean": 0.38823530077934265,
  "val/tnr_at_recall_75_mean": 0.3963963985443115,
  "val/spearman_rho_mean": 0.17860126495361328,
  "val/spearman_rho_top20_mean": -0.1933496594429016,
  "val/average_precision_mean": 0.6816956400871277,
  "val/tnr_at_recall_80_mean": 0.342342346906662,
  "val/tnr_at_recall_95_mean": 0.11711711436510086,
  "val/recall_mean": 0.38823530077934265,
  "val/supervised_loss": 0.6897698640823364,
  "val/ppv_mean": 0.75,
  "val/precision_mean": 0.75,
  "val/recall_at_precision_85_mean": 0.0117647061124444,
  "val/f1_mean": 0.5116279125213623,
  "val/kendall_tau_top50_mean": 0.10611148178577423,
  "val/auroc_mean": 0.6051669120788574,
  "val/kendall_tau_top10_mean": 0.04600436985492706,
  "val/tnr_at_recall_85_mean": 0.18018017709255219,
  "val/optimal_threshold_mean": 0.6806624531745911,
  "val/specificity_mean": 0.8018018007278442,
  "val/auprc_mean": 0.6816956400871277,
  "val/spearman_rho_top10_mean": 0.05536365509033203,
  "val/cohen_kappa_mean": 0.16844379901885986,
  "val/recall_at_precision_90_mean": 0.0117647061124444,
  "val/recall_at_precision_75_mean": 0.39411765336990356,
  "val/loss": 0.6897698640823364,
  "val/pos_lr_mean": 1.958823561668396,
  "val/balanced_accuracy_mean": 0.5950185656547546,
  "val/recall_at_precision_95_mean": 0.0117647061124444,
  "val/ECE_mean": 0.07354234904050827,
  "training_epochs": 7,
  "best_lr": 0.001,
  "best_weight_decay": 1.0
}