{
  "val/recall_mean": 0.6813187003135681,
  "val/ECE_mean": 0.07304444909095764,
  "val/tnr_at_recall_95_mean": 0.06666667014360428,
  "val/recall_at_precision_95_mean": 0.04395604506134987,
  "val/specificity_mean": 0.6000000238418579,
  "val/recall_at_precision_75_mean": 0.7142857313156128,
  "val/recall_at_precision_80_mean": 0.07692307978868484,
  "val/kendall_tau_top50_mean": 0.044828493148088455,
  "val/balanced_accuracy_mean": 0.6406593322753906,
  "val/pos_lr_mean": 1.7032966613769531,
  "val/ppv_mean": 0.7749999761581421,
  "val/recall_at_precision_90_mean": 0.04395604506134987,
  "val/f1_mean": 0.7251461744308472,
  "val/loss": 0.6777759194374084,
  "val/average_precision_mean": 0.7564047574996948,
  "val/spearman_rho_top20_mean": 0.03124096244573593,
  "val/auroc_mean": 0.6355311274528503,
  "val/cohen_kappa_mean": 0.26494941115379333,
  "val/enrichment_factor_mean": 1.1582417488098145,
  "val/auprc_mean": 0.7564047574996948,
  "val/mcc_mean": 0.26895928382873535,
  "val/optimal_threshold_mean": 0.6451767683029175,
  "val/spearman_rho_mean": 0.22091743350028992,
  "val/sensitivity_mean": 0.6813187003135681,
  "val/recall_at_precision_85_mean": 0.07692307978868484,
  "val/kendall_tau_top20_mean": 0.025976216420531273,
  "val/precision_mean": 0.7749999761581421,
  "val/tnr_at_recall_80_mean": 0.4000000059604645,
  "val/supervised_loss": 0.6777759194374084,
  "val/kendall_tau_top10_mean": 0.26419797539711,
  "val/kendall_tau_mean": 0.18104992806911469,
  "val/spearman_rho_top50_mean": 0.054504163563251495,
  "val/tnr_at_recall_90_mean": 0.24444444477558136,
  "val/tnr_at_recall_75_mean": 0.46666666865348816,
  "val/tnr_at_recall_85_mean": 0.2888889014720917,
  "val/spearman_rho_top10_mean": 0.31180477142333984,
  "training_epochs": 22,
  "best_lr": 0.0005,
  "best_weight_decay": 0.1
}