{
  "val/recall_mean": 0.702531635761261,
  "val/recall_at_precision_85_mean": 0.2594936788082123,
  "val/kendall_tau_mean": 0.2942744791507721,
  "val/f1_mean": 0.7278688549995422,
  "val/specificity_mean": 0.6288659572601318,
  "val/cohen_kappa_mean": 0.3242984414100647,
  "val/optimal_threshold_mean": 0.5858826637268066,
  "val/tnr_at_recall_85_mean": 0.41237112879753113,
  "val/spearman_rho_top10_mean": 0.33287513256073,
  "val/supervised_loss": 0.6127567887306213,
  "val/average_precision_mean": 0.7902019023895264,
  "val/precision_mean": 0.7551020383834839,
  "val/recall_at_precision_80_mean": 0.40506330132484436,
  "val/auprc_mean": 0.7902019023895264,
  "val/spearman_rho_top50_mean": 0.17050544917583466,
  "val/ppv_mean": 0.7551020383834839,
  "val/kendall_tau_top10_mean": 0.2771739363670349,
  "val/tnr_at_recall_90_mean": 0.4020618498325348,
  "val/recall_at_precision_95_mean": 0.050632912665605545,
  "val/kendall_tau_top20_mean": 0.13540256023406982,
  "val/enrichment_factor_mean": 1.218677282333374,
  "val/recall_at_precision_90_mean": 0.1139240488409996,
  "val/pos_lr_mean": 1.8929325342178345,
  "val/mcc_mean": 0.32560664415359497,
  "val/tnr_at_recall_75_mean": 0.5670102834701538,
  "val/tnr_at_recall_95_mean": 0.22680412232875824,
  "val/balanced_accuracy_mean": 0.6656988263130188,
  "val/sensitivity_mean": 0.702531635761261,
  "val/ECE_mean": 0.08272210508584976,
  "val/kendall_tau_top50_mean": 0.13976414501667023,
  "val/tnr_at_recall_80_mean": 0.4639175236225128,
  "val/auroc_mean": 0.7138848900794983,
  "val/loss": 0.6127567887306213,
  "val/spearman_rho_mean": 0.3597065210342407,
  "val/spearman_rho_top20_mean": 0.1642312854528427,
  "val/recall_at_precision_75_mean": 0.7151898741722107,
  "training_epochs": 91,
  "best_lr": 0.0001,
  "best_weight_decay": 0.01
}