{
  "val/tnr_at_recall_95_mean": 0.09473684430122375,
  "val/optimal_threshold_mean": 0.5062483549118042,
  "val/recall_at_precision_95_mean": 0.0,
  "val/recall_at_precision_75_mean": 0.058139536529779434,
  "val/kendall_tau_top10_mean": 0.17489492893218994,
  "val/tnr_at_recall_80_mean": 0.3263157904148102,
  "val/mcc_mean": 0.1363174170255661,
  "val/spearman_rho_top20_mean": -0.042280133813619614,
  "val/spearman_rho_top50_mean": -0.029491981491446495,
  "val/recall_at_precision_85_mean": 0.04651162773370743,
  "val/recall_mean": 0.7965116500854492,
  "val/auprc_mean": 0.6791854500770569,
  "val/cohen_kappa_mean": 0.13183565437793732,
  "val/precision_mean": 0.6815920472145081,
  "val/pos_lr_mean": 1.1823219060897827,
  "val/average_precision_mean": 0.6791854500770569,
  "val/recall_at_precision_80_mean": 0.058139536529779434,
  "val/tnr_at_recall_75_mean": 0.34736841917037964,
  "val/enrichment_factor_mean": 1.058052659034729,
  "val/f1_mean": 0.7345844507217407,
  "val/kendall_tau_top20_mean": -0.034845735877752304,
  "val/kendall_tau_top50_mean": -0.024170460179448128,
  "val/spearman_rho_top10_mean": 0.2101975381374359,
  "val/ppv_mean": 0.6815920472145081,
  "val/ECE_mean": 0.1749635636806488,
  "val/kendall_tau_mean": 0.07547209411859512,
  "val/supervised_loss": 0.8200147747993469,
  "val/sensitivity_mean": 0.7965116500854492,
  "val/specificity_mean": 0.3263157904148102,
  "val/balanced_accuracy_mean": 0.5614137053489685,
  "val/spearman_rho_mean": 0.09226144850254059,
  "val/tnr_at_recall_85_mean": 0.23157894611358643,
  "val/tnr_at_recall_90_mean": 0.21052631735801697,
  "val/loss": 0.8200147747993469,
  "val/auroc_mean": 0.5556303262710571,
  "val/recall_at_precision_90_mean": 0.0,
  "training_epochs": 83,
  "best_lr": 0.0005,
  "best_weight_decay": 0.01
}