{
  "val/spearman_rho_mean": 0.14647646248340607,
  "val/tnr_at_recall_95_mean": 0.08849557489156723,
  "val/loss": 0.6892404556274414,
  "val/recall_at_precision_80_mean": 0.11340206116437912,
  "val/tnr_at_recall_85_mean": 0.2300885021686554,
  "val/kendall_tau_mean": 0.1197921559214592,
  "val/precision_mean": 0.7525773048400879,
  "val/recall_mean": 0.37628865242004395,
  "val/spearman_rho_top10_mean": 0.2873878479003906,
  "val/spearman_rho_top20_mean": 0.11024081707000732,
  "val/tnr_at_recall_90_mean": 0.12389380484819412,
  "val/kendall_tau_top50_mean": 0.057103198021650314,
  "val/spearman_rho_top50_mean": 0.069709412753582,
  "val/recall_at_precision_75_mean": 0.3865979313850403,
  "val/tnr_at_recall_75_mean": 0.32743361592292786,
  "val/auprc_mean": 0.7088751196861267,
  "val/optimal_threshold_mean": 0.7304849624633789,
  "val/f1_mean": 0.5017182230949402,
  "val/ppv_mean": 0.7525773048400879,
  "val/tnr_at_recall_80_mean": 0.2654867172241211,
  "val/balanced_accuracy_mean": 0.5819496512413025,
  "val/recall_at_precision_95_mean": 0.020618556067347527,
  "val/kendall_tau_top10_mean": 0.2385299801826477,
  "val/auroc_mean": 0.5876744985580444,
  "val/sensitivity_mean": 0.37628865242004395,
  "val/mcc_mean": 0.1700284630060196,
  "val/pos_lr_mean": 1.7716923952102661,
  "val/cohen_kappa_mean": 0.13899150490760803,
  "val/supervised_loss": 0.6892404556274414,
  "val/enrichment_factor_mean": 1.190934181213379,
  "val/recall_at_precision_90_mean": 0.020618556067347527,
  "val/kendall_tau_top20_mean": 0.09074605256319046,
  "val/average_precision_mean": 0.7088751196861267,
  "val/ECE_mean": 0.07906809449195862,
  "val/specificity_mean": 0.7876105904579163,
  "val/recall_at_precision_85_mean": 0.04123711213469505,
  "training_epochs": 9,
  "best_lr": 0.0005,
  "best_weight_decay": 1.0
}