{
  "val/spearman_rho_mean": 0.2004483938217163,
  "val/recall_at_precision_80_mean": 0.0317460335791111,
  "val/kendall_tau_top20_mean": -0.16639314591884613,
  "val/tnr_at_recall_80_mean": 0.37662336230278015,
  "val/balanced_accuracy_mean": 0.6262626051902771,
  "val/optimal_threshold_mean": 0.5811525583267212,
  "val/pos_lr_mean": 1.5116958618164062,
  "val/enrichment_factor_mean": 1.1473064422607422,
  "val/recall_mean": 0.7460317611694336,
  "val/mcc_mean": 0.25693264603614807,
  "val/spearman_rho_top20_mean": -0.20128858089447021,
  "val/kendall_tau_top10_mean": 0.09886574745178223,
  "val/spearman_rho_top10_mean": 0.11816716939210892,
  "val/recall_at_precision_90_mean": 0.02380952425301075,
  "val/tnr_at_recall_85_mean": 0.27272728085517883,
  "val/ECE_mean": 0.12332683801651001,
  "val/specificity_mean": 0.5064935088157654,
  "val/kendall_tau_mean": 0.1640680432319641,
  "val/ppv_mean": 0.7121211886405945,
  "val/recall_at_precision_95_mean": 0.02380952425301075,
  "val/tnr_at_recall_90_mean": 0.25974026322364807,
  "val/average_precision_mean": 0.6962642669677734,
  "val/loss": 0.72828608751297,
  "val/spearman_rho_top50_mean": 0.01104464940726757,
  "val/auroc_mean": 0.6192537546157837,
  "val/cohen_kappa_mean": 0.25641027092933655,
  "val/tnr_at_recall_75_mean": 0.5064935088157654,
  "val/recall_at_precision_75_mean": 0.0317460335791111,
  "val/kendall_tau_top50_mean": 0.009062451310455799,
  "val/recall_at_precision_85_mean": 0.02380952425301075,
  "val/precision_mean": 0.7121211886405945,
  "val/f1_mean": 0.7286821603775024,
  "val/tnr_at_recall_95_mean": 0.1818181872367859,
  "val/supervised_loss": 0.72828608751297,
  "val/auprc_mean": 0.6962642669677734,
  "val/sensitivity_mean": 0.7460317611694336,
  "training_epochs": 27,
  "best_lr": 0.0001,
  "best_weight_decay": 0.1
}