{
  "val/recall_at_precision_90_mean": 0.02380952425301075,
  "val/cohen_kappa_mean": 0.19115646183490753,
  "val/balanced_accuracy_mean": 0.6013708710670471,
  "val/auroc_mean": 0.6046175956726074,
  "val/ppv_mean": 0.7156862616539001,
  "val/mcc_mean": 0.19674919545650482,
  "val/spearman_rho_top20_mean": 0.13167814910411835,
  "val/recall_at_precision_85_mean": 0.02380952425301075,
  "val/spearman_rho_top50_mean": -0.10174370557069778,
  "val/recall_at_precision_95_mean": 0.02380952425301075,
  "val/kendall_tau_top20_mean": 0.1088503897190094,
  "val/sensitivity_mean": 0.579365074634552,
  "val/supervised_loss": 0.7470574378967285,
  "val/recall_at_precision_75_mean": 0.15079365670681,
  "val/spearman_rho_mean": 0.17585518956184387,
  "val/loss": 0.7470574378967285,
  "val/f1_mean": 0.640350878238678,
  "val/optimal_threshold_mean": 0.721349835395813,
  "val/kendall_tau_top10_mean": -0.03166237846016884,
  "val/pos_lr_mean": 1.5383142232894897,
  "val/recall_mean": 0.579365074634552,
  "val/ECE_mean": 0.10199936479330063,
  "val/tnr_at_recall_75_mean": 0.41558441519737244,
  "val/tnr_at_recall_80_mean": 0.3636363744735718,
  "val/enrichment_factor_mean": 1.153050184249878,
  "val/precision_mean": 0.7156862616539001,
  "val/tnr_at_recall_95_mean": 0.1428571492433548,
  "val/specificity_mean": 0.6233766078948975,
  "val/kendall_tau_top50_mean": -0.08387239277362823,
  "val/recall_at_precision_80_mean": 0.02380952425301075,
  "val/kendall_tau_mean": 0.14414989948272705,
  "val/auprc_mean": 0.6894972324371338,
  "val/spearman_rho_top10_mean": -0.03784378245472908,
  "val/tnr_at_recall_85_mean": 0.2857142984867096,
  "val/tnr_at_recall_90_mean": 0.2467532455921173,
  "val/average_precision_mean": 0.6894972324371338,
  "training_epochs": 60,
  "best_lr": 0.0005,
  "best_weight_decay": 0.0
}