{
  "val/enrichment_factor_mean": 1.088435411453247,
  "val/kendall_tau_top10_mean": 0.14213381707668304,
  "val/loss": 0.6255831718444824,
  "val/spearman_rho_top50_mean": 0.2142702341079712,
  "val/tnr_at_recall_85_mean": 0.3297872245311737,
  "val/recall_at_precision_85_mean": 0.22839505970478058,
  "val/sensitivity_mean": 0.8333333134651184,
  "val/tnr_at_recall_90_mean": 0.27659574151039124,
  "val/tnr_at_recall_95_mean": 0.13829787075519562,
  "val/auprc_mean": 0.7573402523994446,
  "val/spearman_rho_top10_mean": 0.1706971824169159,
  "val/supervised_loss": 0.6255831718444824,
  "val/f1_mean": 0.7541899681091309,
  "val/average_precision_mean": 0.7573402523994446,
  "val/tnr_at_recall_80_mean": 0.3617021143436432,
  "val/kendall_tau_top20_mean": 0.23512667417526245,
  "val/recall_at_precision_80_mean": 0.2530864179134369,
  "val/ppv_mean": 0.6887755393981934,
  "val/tnr_at_recall_75_mean": 0.3723404109477997,
  "val/kendall_tau_top50_mean": 0.17563298344612122,
  "val/balanced_accuracy_mean": 0.5921986103057861,
  "val/precision_mean": 0.6887755393981934,
  "val/pos_lr_mean": 1.2841529846191406,
  "val/recall_at_precision_90_mean": 0.12345679104328156,
  "val/recall_at_precision_95_mean": 0.03703703731298447,
  "val/mcc_mean": 0.20983214676380157,
  "val/recall_mean": 0.8333333134651184,
  "val/specificity_mean": 0.3510638177394867,
  "val/kendall_tau_mean": 0.18470975756645203,
  "val/spearman_rho_mean": 0.22578176856040955,
  "val/auroc_mean": 0.6352114677429199,
  "val/recall_at_precision_75_mean": 0.42592594027519226,
  "val/cohen_kappa_mean": 0.19954518973827362,
  "val/spearman_rho_top20_mean": 0.28518781065940857,
  "val/optimal_threshold_mean": 0.5113797187805176,
  "val/ECE_mean": 0.05017237737774849,
  "training_epochs": 4,
  "best_lr": 0.001,
  "best_weight_decay": 1.0
}