{
  "val/spearman_rho_top50_mean": 0.18647153675556183,
  "val/specificity_mean": 0.4146341383457184,
  "val/recall_at_precision_90_mean": 0.12621359527111053,
  "val/kendall_tau_top50_mean": 0.15330705046653748,
  "val/ECE_mean": 0.15875138342380524,
  "val/recall_at_precision_75_mean": 0.9223300814628601,
  "val/tnr_at_recall_95_mean": 0.17073170840740204,
  "val/sensitivity_mean": 0.7961165308952332,
  "val/ppv_mean": 0.7735849022865295,
  "val/supervised_loss": 0.6914262175559998,
  "val/recall_mean": 0.7961165308952332,
  "val/cohen_kappa_mean": 0.21549636125564575,
  "val/auprc_mean": 0.813482940196991,
  "val/optimal_threshold_mean": 0.47401440143585205,
  "val/tnr_at_recall_80_mean": 0.4146341383457184,
  "val/enrichment_factor_mean": 1.0815167427062988,
  "val/kendall_tau_top20_mean": 0.24461065232753754,
  "val/average_precision_mean": 0.813482940196991,
  "val/kendall_tau_mean": 0.17061126232147217,
  "val/kendall_tau_top10_mean": 0.2616676986217499,
  "val/tnr_at_recall_75_mean": 0.4146341383457184,
  "val/auroc_mean": 0.633199155330658,
  "val/spearman_rho_top10_mean": 0.30960941314697266,
  "val/mcc_mean": 0.2157917022705078,
  "val/spearman_rho_mean": 0.20823349058628082,
  "val/loss": 0.6914262175559998,
  "val/tnr_at_recall_85_mean": 0.31707316637039185,
  "val/f1_mean": 0.7846890091896057,
  "val/pos_lr_mean": 1.360032320022583,
  "val/recall_at_precision_95_mean": 0.10679611563682556,
  "val/recall_at_precision_80_mean": 0.43689319491386414,
  "val/precision_mean": 0.7735849022865295,
  "val/spearman_rho_top20_mean": 0.29437506198883057,
  "val/tnr_at_recall_90_mean": 0.2926829159259796,
  "val/balanced_accuracy_mean": 0.605375349521637,
  "val/recall_at_precision_85_mean": 0.28155338764190674,
  "training_epochs": 58,
  "best_lr": 0.0005,
  "best_weight_decay": 0.1
}