{
  "val/recall_at_precision_75_mean": 0.9223300814628601,
  "val/recall_at_precision_80_mean": 0.5145630836486816,
  "val/precision_mean": 0.8524590134620667,
  "val/recall_at_precision_90_mean": 0.029126213863492012,
  "val/kendall_tau_mean": 0.19081507623195648,
  "val/recall_at_precision_85_mean": 0.5145630836486816,
  "val/mcc_mean": 0.2605988681316376,
  "val/spearman_rho_top10_mean": -0.11779920011758804,
  "val/tnr_at_recall_75_mean": 0.3658536672592163,
  "val/specificity_mean": 0.7804877758026123,
  "val/kendall_tau_top10_mean": -0.10000000149011612,
  "val/pos_lr_mean": 2.2998921871185303,
  "val/recall_at_precision_95_mean": 0.029126213863492012,
  "val/ppv_mean": 0.8524590134620667,
  "val/tnr_at_recall_95_mean": 0.17073170840740204,
  "val/tnr_at_recall_85_mean": 0.3414634168148041,
  "val/spearman_rho_top20_mean": -0.31763720512390137,
  "val/loss": 0.6275730133056641,
  "val/tnr_at_recall_90_mean": 0.31707316637039185,
  "val/kendall_tau_top20_mean": -0.26484888792037964,
  "val/ECE_mean": 0.07664172351360321,
  "val/f1_mean": 0.6341463327407837,
  "val/auroc_mean": 0.648827850818634,
  "val/enrichment_factor_mean": 1.1917873620986938,
  "val/cohen_kappa_mean": 0.21809954941272736,
  "val/average_precision_mean": 0.7970100045204163,
  "val/optimal_threshold_mean": 0.6978504657745361,
  "val/kendall_tau_top50_mean": 0.16671568155288696,
  "val/spearman_rho_top50_mean": 0.20255571603775024,
  "val/sensitivity_mean": 0.5048543810844421,
  "val/tnr_at_recall_80_mean": 0.3658536672592163,
  "val/spearman_rho_mean": 0.23267394304275513,
  "val/balanced_accuracy_mean": 0.6426711082458496,
  "val/auprc_mean": 0.7970100045204163,
  "val/supervised_loss": 0.6275730133056641,
  "val/recall_mean": 0.5048543810844421,
  "training_epochs": 69,
  "best_lr": 0.0005,
  "best_weight_decay": 0.01
}