{
  "val/cohen_kappa_mean": 0.28814947605133057,
  "val/tnr_at_recall_85_mean": 0.3606557250022888,
  "val/optimal_threshold_mean": 0.5419954657554626,
  "val/tnr_at_recall_90_mean": 0.2049180269241333,
  "val/tnr_at_recall_75_mean": 0.5245901346206665,
  "val/supervised_loss": 0.6868407130241394,
  "val/f1_mean": 0.7306666374206543,
  "val/spearman_rho_top50_mean": 0.03694133833050728,
  "val/spearman_rho_top10_mean": -0.13866403698921204,
  "val/recall_at_precision_95_mean": 0.005586592014878988,
  "val/mcc_mean": 0.2902403473854065,
  "val/average_precision_mean": 0.7007185816764832,
  "val/recall_at_precision_75_mean": 0.2402234673500061,
  "val/kendall_tau_top10_mean": -0.11509021371603012,
  "val/kendall_tau_top50_mean": 0.03026285208761692,
  "val/sensitivity_mean": 0.7653631567955017,
  "val/balanced_accuracy_mean": 0.6408782601356506,
  "val/spearman_rho_top20_mean": -0.028291549533605576,
  "val/specificity_mean": 0.5163934230804443,
  "val/ppv_mean": 0.6989796161651611,
  "val/auroc_mean": 0.6539518237113953,
  "val/recall_mean": 0.7653631567955017,
  "val/loss": 0.6868407130241394,
  "val/recall_at_precision_85_mean": 0.005586592014878988,
  "val/kendall_tau_top20_mean": -0.023291656747460365,
  "val/spearman_rho_mean": 0.2618290185928345,
  "val/auprc_mean": 0.7007185816764832,
  "val/recall_at_precision_80_mean": 0.02793296054005623,
  "val/tnr_at_recall_80_mean": 0.4590163826942444,
  "val/ECE_mean": 0.08767076581716537,
  "val/pos_lr_mean": 1.5826152563095093,
  "val/tnr_at_recall_95_mean": 0.1147540956735611,
  "val/enrichment_factor_mean": 1.1753791570663452,
  "val/precision_mean": 0.6989796161651611,
  "val/kendall_tau_mean": 0.21413733065128326,
  "val/recall_at_precision_90_mean": 0.005586592014878988,
  "training_epochs": 267,
  "best_lr": 0.001,
  "best_weight_decay": 1.0
}