{
  "val/sensitivity_mean": 0.4078212380409241,
  "val/tnr_at_recall_95_mean": 0.032786883413791656,
  "val/tnr_at_recall_80_mean": 0.032786883413791656,
  "val/ppv_mean": 0.640350878238678,
  "val/average_precision_mean": 0.604159414768219,
  "val/f1_mean": 0.49829351902008057,
  "val/recall_at_precision_80_mean": 0.0,
  "val/supervised_loss": 0.6966024041175842,
  "val/tnr_at_recall_90_mean": 0.032786883413791656,
  "val/kendall_tau_mean": 0.01560671441257,
  "val/recall_at_precision_75_mean": 0.0,
  "val/specificity_mean": 0.6639344096183777,
  "val/cohen_kappa_mean": 0.066144660115242,
  "val/balanced_accuracy_mean": 0.5358778238296509,
  "val/ECE_mean": 0.03533698245882988,
  "val/tnr_at_recall_85_mean": 0.032786883413791656,
  "val/recall_at_precision_95_mean": 0.0,
  "val/spearman_rho_top10_mean": -0.363661527633667,
  "val/pos_lr_mean": 1.2135168313980103,
  "val/spearman_rho_top50_mean": 0.06322333961725235,
  "val/auroc_mean": 0.5108068585395813,
  "val/optimal_threshold_mean": 0.631804347038269,
  "val/loss": 0.6966024041175842,
  "val/recall_at_precision_90_mean": 0.0,
  "val/spearman_rho_mean": 0.01852920651435852,
  "val/precision_mean": 0.640350878238678,
  "val/recall_mean": 0.4078212380409241,
  "val/kendall_tau_top50_mean": 0.05275383219122887,
  "val/kendall_tau_top20_mean": -0.1820189654827118,
  "val/recall_at_precision_85_mean": 0.0,
  "val/enrichment_factor_mean": 1.0767911672592163,
  "val/spearman_rho_top20_mean": -0.21342279016971588,
  "val/mcc_mean": 0.072625532746315,
  "val/auprc_mean": 0.604159414768219,
  "val/kendall_tau_top10_mean": -0.30215054750442505,
  "val/tnr_at_recall_75_mean": 0.032786883413791656,
  "training_epochs": 3,
  "best_lr": 0.001,
  "best_weight_decay": 1.0
}