{
  "val/recall_at_precision_95_mean": 0.0634920671582222,
  "val/supervised_loss": 0.7096101641654968,
  "val/balanced_accuracy_mean": 0.6356421113014221,
  "val/tnr_at_recall_80_mean": 0.3636363744735718,
  "val/cohen_kappa_mean": 0.2790352404117584,
  "val/mcc_mean": 0.28101080656051636,
  "val/spearman_rho_top10_mean": -0.05789445713162422,
  "val/sensitivity_mean": 0.7777777910232544,
  "val/auprc_mean": 0.7235746383666992,
  "val/ECE_mean": 0.14387193322181702,
  "val/precision_mean": 0.7153284549713135,
  "val/recall_at_precision_75_mean": 0.2142857164144516,
  "val/recall_at_precision_90_mean": 0.0634920671582222,
  "val/pos_lr_mean": 1.5356125831604004,
  "val/ppv_mean": 0.7153284549713135,
  "val/auroc_mean": 0.6331169009208679,
  "val/tnr_at_recall_90_mean": 0.33766233921051025,
  "val/optimal_threshold_mean": 0.6275762319564819,
  "val/kendall_tau_top10_mean": -0.04875149577856064,
  "val/spearman_rho_mean": 0.2238599956035614,
  "val/tnr_at_recall_75_mean": 0.4935064911842346,
  "val/spearman_rho_top50_mean": 0.017741844058036804,
  "val/recall_at_precision_85_mean": 0.1190476194024086,
  "val/f1_mean": 0.7452471256256104,
  "val/average_precision_mean": 0.7235746383666992,
  "val/spearman_rho_top20_mean": 0.416382759809494,
  "val/recall_at_precision_80_mean": 0.1190476194024086,
  "val/enrichment_factor_mean": 1.1524736881256104,
  "val/kendall_tau_top20_mean": 0.3663131296634674,
  "val/kendall_tau_mean": 0.18432681262493134,
  "val/recall_mean": 0.7777777910232544,
  "val/tnr_at_recall_95_mean": 0.31168830394744873,
  "val/tnr_at_recall_85_mean": 0.350649356842041,
  "val/loss": 0.7096101641654968,
  "val/specificity_mean": 0.4935064911842346,
  "val/kendall_tau_top50_mean": 0.014885141514241695,
  "training_epochs": 179,
  "best_lr": 0.0005,
  "best_weight_decay": 0.1
}