{
  "val/specificity_mean": 0.7835051417350769,
  "val/recall_at_precision_85_mean": 0.03164556995034218,
  "val/precision_mean": 0.7941176295280457,
  "val/tnr_at_recall_75_mean": 0.36082473397254944,
  "val/kendall_tau_top10_mean": 0.1189623773097992,
  "val/recall_at_precision_80_mean": 0.5063291192054749,
  "val/auroc_mean": 0.6473965644836426,
  "val/tnr_at_recall_95_mean": 0.09278350323438644,
  "val/kendall_tau_top50_mean": 0.15189388394355774,
  "val/ECE_mean": 0.1703343391418457,
  "val/tnr_at_recall_90_mean": 0.1855670064687729,
  "val/ppv_mean": 0.7941176295280457,
  "val/kendall_tau_mean": 0.20279622077941895,
  "val/f1_mean": 0.6230769157409668,
  "val/spearman_rho_top20_mean": -0.025122972205281258,
  "val/sensitivity_mean": 0.5126582384109497,
  "val/spearman_rho_top50_mean": 0.18530315160751343,
  "val/loss": 0.7294614911079407,
  "val/recall_at_precision_75_mean": 0.5632911324501038,
  "val/spearman_rho_mean": 0.24788805842399597,
  "val/pos_lr_mean": 2.367992877960205,
  "val/tnr_at_recall_85_mean": 0.24742268025875092,
  "val/spearman_rho_top10_mean": 0.14286918938159943,
  "val/tnr_at_recall_80_mean": 0.27835050225257874,
  "val/average_precision_mean": 0.7409355044364929,
  "val/kendall_tau_top20_mean": -0.020712951198220253,
  "val/recall_mean": 0.5126582384109497,
  "val/cohen_kappa_mean": 0.26646706461906433,
  "val/auprc_mean": 0.7409355044364929,
  "val/recall_at_precision_90_mean": 0.03164556995034218,
  "val/recall_at_precision_95_mean": 0.03164556995034218,
  "val/optimal_threshold_mean": 0.8034124970436096,
  "val/mcc_mean": 0.29349449276924133,
  "val/supervised_loss": 0.7294614911079407,
  "val/balanced_accuracy_mean": 0.6480817198753357,
  "val/enrichment_factor_mean": 1.2816455364227295,
  "training_epochs": 122,
  "best_lr": 0.0001,
  "best_weight_decay": 0.1
}