{
  "val/auroc_mean": 0.6337742209434509,
  "val/spearman_rho_top20_mean": 0.14759746193885803,
  "val/kendall_tau_top20_mean": 0.12168858200311661,
  "val/recall_at_precision_90_mean": 0.0602409653365612,
  "val/recall_at_precision_80_mean": 0.1927710771560669,
  "val/sensitivity_mean": 0.5783132314682007,
  "val/recall_at_precision_85_mean": 0.07831325381994247,
  "val/loss": 0.692453920841217,
  "val/tnr_at_recall_95_mean": 0.08695652335882187,
  "val/balanced_accuracy_mean": 0.6152435541152954,
  "val/specificity_mean": 0.6521739363670349,
  "val/kendall_tau_top10_mean": 0.17320507764816284,
  "val/tnr_at_recall_90_mean": 0.25,
  "val/tnr_at_recall_75_mean": 0.44565218687057495,
  "val/cohen_kappa_mean": 0.21105648577213287,
  "val/optimal_threshold_mean": 0.595824658870697,
  "val/recall_at_precision_75_mean": 0.5843373537063599,
  "val/spearman_rho_mean": 0.22197015583515167,
  "val/recall_at_precision_95_mean": 0.0602409653365612,
  "val/kendall_tau_mean": 0.1815887689590454,
  "val/auprc_mean": 0.7494961619377136,
  "val/ECE_mean": 0.124043770134449,
  "val/pos_lr_mean": 1.6626505851745605,
  "val/supervised_loss": 0.692453920841217,
  "val/mcc_mean": 0.22080965340137482,
  "val/recall_mean": 0.5783132314682007,
  "val/average_precision_mean": 0.7494961619377136,
  "val/kendall_tau_top50_mean": -0.007111427839845419,
  "val/tnr_at_recall_85_mean": 0.32608696818351746,
  "val/precision_mean": 0.75,
  "val/f1_mean": 0.6530612111091614,
  "val/spearman_rho_top10_mean": 0.20801258087158203,
  "val/enrichment_factor_mean": 1.1656626462936401,
  "val/ppv_mean": 0.75,
  "val/spearman_rho_top50_mean": -0.008676121011376381,
  "val/tnr_at_recall_80_mean": 0.3695652186870575,
  "training_epochs": 128,
  "best_lr": 1e-05,
  "best_weight_decay": 0.01
}