{
  "val/loss": 0.6607892513275146,
  "val/tnr_at_recall_95_mean": 0.05797101557254791,
  "val/optimal_threshold_mean": 0.6150092482566833,
  "val/specificity_mean": 0.6231883764266968,
  "val/cohen_kappa_mean": 0.1538461595773697,
  "val/kendall_tau_top50_mean": 0.02836952731013298,
  "val/ECE_mean": 0.09165201336145401,
  "val/recall_at_precision_85_mean": 0.0,
  "val/f1_mean": 0.6333333253860474,
  "val/spearman_rho_mean": 0.16583940386772156,
  "val/kendall_tau_mean": 0.1357339769601822,
  "val/spearman_rho_top20_mean": 0.09120292216539383,
  "val/supervised_loss": 0.6607892513275146,
  "val/average_precision_mean": 0.7342115640640259,
  "val/kendall_tau_top20_mean": 0.07536952942609787,
  "val/recall_at_precision_90_mean": 0.0,
  "val/kendall_tau_top10_mean": -0.14509524405002594,
  "val/precision_mean": 0.7450980544090271,
  "val/recall_at_precision_80_mean": 0.18115942180156708,
  "val/auroc_mean": 0.601554274559021,
  "val/tnr_at_recall_75_mean": 0.36231884360313416,
  "val/recall_mean": 0.5507246255874634,
  "val/recall_at_precision_95_mean": 0.0,
  "val/spearman_rho_top50_mean": 0.03457798436284065,
  "val/pos_lr_mean": 1.4615384340286255,
  "val/sensitivity_mean": 0.5507246255874634,
  "val/tnr_at_recall_90_mean": 0.1304347813129425,
  "val/tnr_at_recall_80_mean": 0.3478260934352875,
  "val/recall_at_precision_75_mean": 0.45652174949645996,
  "val/auprc_mean": 0.7342115640640259,
  "val/enrichment_factor_mean": 1.1176470518112183,
  "val/mcc_mean": 0.163984015583992,
  "val/balanced_accuracy_mean": 0.5869565010070801,
  "val/tnr_at_recall_85_mean": 0.24637681245803833,
  "val/spearman_rho_top10_mean": -0.17342199385166168,
  "val/ppv_mean": 0.7450980544090271,
  "training_epochs": 240,
  "best_lr": 0.001,
  "best_weight_decay": 1.0
}