{
  "val/enrichment_factor_mean": 1.0016486644744873,
  "val/ppv_mean": 0.6038647294044495,
  "val/kendall_tau_top50_mean": 0.0,
  "val/auprc_mean": 0.6038798689842224,
  "val/spearman_rho_top50_mean": 0.0,
  "val/tnr_at_recall_80_mean": 0.012048192322254181,
  "val/cohen_kappa_mean": 0.004933172836899757,
  "val/recall_at_precision_75_mean": 0.0,
  "val/supervised_loss": 0.7023354768753052,
  "val/balanced_accuracy_mean": 0.502055823802948,
  "val/ECE_mean": 0.05031277984380722,
  "val/specificity_mean": 0.012048192322254181,
  "val/kendall_tau_mean": 0.021120505407452583,
  "val/tnr_at_recall_75_mean": 0.012048192322254181,
  "val/mcc_mean": 0.020665407180786133,
  "val/tnr_at_recall_90_mean": 0.012048192322254181,
  "val/average_precision_mean": 0.6038798689842224,
  "val/pos_lr_mean": 1.0041618347167969,
  "val/recall_at_precision_80_mean": 0.0,
  "val/precision_mean": 0.6038647294044495,
  "val/optimal_threshold_mean": 0.6382693648338318,
  "val/auroc_mean": 0.5021036267280579,
  "val/recall_mean": 0.9920634627342224,
  "val/recall_at_precision_85_mean": 0.0,
  "val/loss": 0.7023354768753052,
  "val/recall_at_precision_90_mean": 0.0,
  "val/f1_mean": 0.7507507801055908,
  "val/sensitivity_mean": 0.9920634627342224,
  "val/kendall_tau_top20_mean": 0.0,
  "val/recall_at_precision_95_mean": 0.0,
  "val/spearman_rho_top20_mean": 0.0,
  "val/tnr_at_recall_85_mean": 0.012048192322254181,
  "val/kendall_tau_top10_mean": 0.0,
  "val/tnr_at_recall_95_mean": 0.012048192322254181,
  "val/spearman_rho_mean": 0.02114575356245041,
  "val/spearman_rho_top10_mean": 0.0,
  "training_epochs": 49,
  "best_lr": 0.001,
  "best_weight_decay": 0.0
}