{
  "val/supervised_loss": 0.6952783465385437,
  "val/tnr_at_recall_85_mean": 0.265625,
  "val/kendall_tau_top50_mean": -0.020598461851477623,
  "val/average_precision_mean": 0.757954478263855,
  "val/auprc_mean": 0.757954478263855,
  "val/balanced_accuracy_mean": 0.6080822944641113,
  "val/mcc_mean": 0.20089229941368103,
  "val/precision_mean": 0.7766990065574646,
  "val/auroc_mean": 0.6000449657440186,
  "val/kendall_tau_top10_mean": 0.17591863870620728,
  "val/recall_at_precision_90_mean": 0.028776979073882103,
  "val/tnr_at_recall_75_mean": 0.359375,
  "val/recall_at_precision_75_mean": 0.6258992552757263,
  "val/tnr_at_recall_90_mean": 0.15625,
  "val/f1_mean": 0.6611570119857788,
  "val/tnr_at_recall_80_mean": 0.3125,
  "val/spearman_rho_top10_mean": 0.21026299893856049,
  "val/recall_at_precision_80_mean": 0.2733812928199768,
  "val/kendall_tau_mean": 0.13179954886436462,
  "val/enrichment_factor_mean": 1.134315848350525,
  "val/kendall_tau_top20_mean": -0.09846579283475876,
  "val/spearman_rho_top50_mean": -0.025103889405727386,
  "val/ppv_mean": 0.7766990065574646,
  "val/recall_mean": 0.5755395889282227,
  "val/recall_at_precision_95_mean": 0.028776979073882103,
  "val/cohen_kappa_mean": 0.18768300116062164,
  "val/spearman_rho_mean": 0.16102468967437744,
  "val/spearman_rho_top20_mean": -0.11911572515964508,
  "val/recall_at_precision_85_mean": 0.057553958147764206,
  "val/tnr_at_recall_95_mean": 0.0625,
  "val/pos_lr_mean": 1.60150146484375,
  "val/loss": 0.6952783465385437,
  "val/sensitivity_mean": 0.5755395889282227,
  "val/specificity_mean": 0.640625,
  "val/optimal_threshold_mean": 0.636786937713623,
  "val/ECE_mean": 0.09162384271621704,
  "training_epochs": 27,
  "best_lr": 0.0005,
  "best_weight_decay": 0.0
}