{
  "val/cohen_kappa_mean": 0.2885032594203949,
  "val/auprc_mean": 0.7343886494636536,
  "val/kendall_tau_top50_mean": 0.032467521727085114,
  "val/loss": 0.6476171016693115,
  "val/auroc_mean": 0.6503152251243591,
  "val/optimal_threshold_mean": 0.5892939567565918,
  "val/recall_at_precision_95_mean": 0.02469135820865631,
  "val/sensitivity_mean": 0.790123462677002,
  "val/recall_at_precision_85_mean": 0.0555555559694767,
  "val/tnr_at_recall_95_mean": 0.1702127605676651,
  "val/recall_mean": 0.790123462677002,
  "val/specificity_mean": 0.4893617033958435,
  "val/recall_at_precision_80_mean": 0.07407407462596893,
  "val/spearman_rho_mean": 0.2510026693344116,
  "val/spearman_rho_top10_mean": 0.1298810839653015,
  "val/mcc_mean": 0.2906557023525238,
  "val/kendall_tau_top10_mean": 0.10814761370420456,
  "val/recall_at_precision_90_mean": 0.0555555559694767,
  "val/tnr_at_recall_85_mean": 0.38297873735427856,
  "val/kendall_tau_top20_mean": 0.03374473750591278,
  "val/precision_mean": 0.7272727489471436,
  "val/average_precision_mean": 0.7343886494636536,
  "val/recall_at_precision_75_mean": 0.46296295523643494,
  "val/tnr_at_recall_90_mean": 0.27659574151039124,
  "val/tnr_at_recall_75_mean": 0.5,
  "val/ppv_mean": 0.7272727489471436,
  "val/kendall_tau_mean": 0.20534271001815796,
  "val/f1_mean": 0.7573964595794678,
  "val/pos_lr_mean": 1.5473251342773438,
  "val/ECE_mean": 0.07327780872583389,
  "val/tnr_at_recall_80_mean": 0.4680851101875305,
  "val/enrichment_factor_mean": 1.1492705345153809,
  "val/spearman_rho_top50_mean": 0.03961000218987465,
  "val/balanced_accuracy_mean": 0.6397425532341003,
  "val/spearman_rho_top20_mean": 0.04092937335371971,
  "val/supervised_loss": 0.6476171016693115,
  "training_epochs": 57,
  "best_lr": 5e-05,
  "best_weight_decay": 1.0
}