{
  "val/precision_mean": 0.7635135054588318,
  "val/spearman_rho_top50_mean": 0.1370503008365631,
  "val/kendall_tau_top50_mean": 0.11224594712257385,
  "val/average_precision_mean": 0.7573331594467163,
  "val/pos_lr_mean": 1.705660343170166,
  "val/mcc_mean": 0.21054042875766754,
  "val/sensitivity_mean": 0.5330188870429993,
  "val/spearman_rho_mean": 0.22016121447086334,
  "val/spearman_rho_top20_mean": -0.015767693519592285,
  "val/specificity_mean": 0.6875,
  "val/supervised_loss": 0.6442663669586182,
  "val/kendall_tau_top10_mean": 0.145951509475708,
  "val/recall_at_precision_75_mean": 0.5660377144813538,
  "val/tnr_at_recall_85_mean": 0.2946428656578064,
  "val/f1_mean": 0.6277777552604675,
  "val/recall_at_precision_90_mean": 0.03773584961891174,
  "val/recall_at_precision_95_mean": 0.03773584961891174,
  "val/ECE_mean": 0.07818447053432465,
  "val/recall_at_precision_85_mean": 0.03773584961891174,
  "val/cohen_kappa_mean": 0.19432897865772247,
  "val/balanced_accuracy_mean": 0.6102594137191772,
  "val/tnr_at_recall_95_mean": 0.1607142835855484,
  "val/spearman_rho_top10_mean": 0.17602413892745972,
  "val/tnr_at_recall_75_mean": 0.375,
  "val/loss": 0.6442663669586182,
  "val/optimal_threshold_mean": 0.6847403645515442,
  "val/kendall_tau_mean": 0.18003807961940765,
  "val/enrichment_factor_mean": 1.1668790578842163,
  "val/auprc_mean": 0.7573331594467163,
  "val/recall_at_precision_80_mean": 0.400943398475647,
  "val/tnr_at_recall_80_mean": 0.3303571343421936,
  "val/ppv_mean": 0.7635135054588318,
  "val/recall_mean": 0.5330188870429993,
  "val/tnr_at_recall_90_mean": 0.2410714328289032,
  "val/kendall_tau_top20_mean": -0.012974457815289497,
  "val/auroc_mean": 0.6336337327957153,
  "training_epochs": 22,
  "best_lr": 0.0005,
  "best_weight_decay": 0.0
}