{
  "val/pos_lr_mean": 1.8473988771438599,
  "val/ECE_mean": 0.11306407302618027,
  "val/enrichment_factor_mean": 1.2050158977508545,
  "val/f1_mean": 0.6329966187477112,
  "val/spearman_rho_mean": 0.20776866376399994,
  "val/recall_at_precision_85_mean": 0.034682080149650574,
  "val/tnr_at_recall_95_mean": 0.04901960864663124,
  "val/auprc_mean": 0.7329583168029785,
  "val/kendall_tau_mean": 0.16995055973529816,
  "val/spearman_rho_top10_mean": -0.14689595997333527,
  "val/supervised_loss": 0.7087979316711426,
  "val/optimal_threshold_mean": 0.6955786347389221,
  "val/tnr_at_recall_80_mean": 0.29411765933036804,
  "val/tnr_at_recall_85_mean": 0.20588235557079315,
  "val/tnr_at_recall_75_mean": 0.38235294818878174,
  "val/kendall_tau_top10_mean": -0.12214096635580063,
  "val/mcc_mean": 0.2419539839029312,
  "val/recall_at_precision_90_mean": 0.005780346691608429,
  "val/precision_mean": 0.7580645084381104,
  "val/spearman_rho_top20_mean": 0.034360405057668686,
  "val/recall_at_precision_95_mean": 0.005780346691608429,
  "val/recall_at_precision_80_mean": 0.2601155936717987,
  "val/balanced_accuracy_mean": 0.6246174573898315,
  "val/recall_at_precision_75_mean": 0.5549132823944092,
  "val/specificity_mean": 0.7058823704719543,
  "val/kendall_tau_top50_mean": 0.09450091421604156,
  "val/loss": 0.7087979316711426,
  "val/average_precision_mean": 0.7329583168029785,
  "val/recall_mean": 0.5433526039123535,
  "val/kendall_tau_top20_mean": 0.0283090528100729,
  "val/ppv_mean": 0.7580645084381104,
  "val/cohen_kappa_mean": 0.226870596408844,
  "val/tnr_at_recall_90_mean": 0.13725490868091583,
  "val/auroc_mean": 0.6241641044616699,
  "val/spearman_rho_top50_mean": 0.1153194010257721,
  "val/sensitivity_mean": 0.5433526039123535,
  "training_epochs": 52,
  "best_lr": 0.0001,
  "best_weight_decay": 0.01
}