{
  "val/kendall_tau_top20_mean": 0.0,
  "val/tnr_at_recall_85_mean": 0.140625,
  "val/loss": 0.6527385711669922,
  "val/specificity_mean": 0.140625,
  "val/spearman_rho_top50_mean": 0.0,
  "val/tnr_at_recall_80_mean": 0.140625,
  "val/recall_at_precision_80_mean": 0.0,
  "val/tnr_at_recall_95_mean": 0.109375,
  "val/f1_mean": 0.7975831031799316,
  "val/average_precision_mean": 0.6969571709632874,
  "val/kendall_tau_mean": 0.03213897719979286,
  "val/ppv_mean": 0.7058823704719543,
  "val/auroc_mean": 0.5120985507965088,
  "val/sensitivity_mean": 0.9166666865348816,
  "val/cohen_kappa_mean": 0.07043756544589996,
  "val/tnr_at_recall_75_mean": 0.140625,
  "val/ECE_mean": 0.022890198975801468,
  "val/recall_at_precision_90_mean": 0.0,
  "val/mcc_mean": 0.08776719868183136,
  "val/recall_at_precision_75_mean": 0.0,
  "val/spearman_rho_top10_mean": 0.0,
  "val/recall_at_precision_85_mean": 0.0,
  "val/enrichment_factor_mean": 1.0196077823638916,
  "val/balanced_accuracy_mean": 0.5286458134651184,
  "val/optimal_threshold_mean": 0.6681869626045227,
  "val/precision_mean": 0.7058823704719543,
  "val/kendall_tau_top10_mean": 0.0,
  "val/spearman_rho_top20_mean": 0.0,
  "val/pos_lr_mean": 1.0666667222976685,
  "val/recall_at_precision_95_mean": 0.0,
  "val/recall_mean": 0.9166666865348816,
  "val/spearman_rho_mean": 0.033122867345809937,
  "val/supervised_loss": 0.6527385711669922,
  "val/tnr_at_recall_90_mean": 0.140625,
  "val/kendall_tau_top50_mean": 0.0,
  "val/auprc_mean": 0.6969571709632874,
  "training_epochs": 78,
  "best_lr": 0.0005,
  "best_weight_decay": 0.0
}