{
  "val/specificity_mean": 0.4117647111415863,
  "val/spearman_rho_mean": 0.1998979151248932,
  "val/tnr_at_recall_90_mean": 0.23529411852359772,
  "val/f1_mean": 0.7371273636817932,
  "val/tnr_at_recall_80_mean": 0.3921568691730499,
  "val/recall_at_precision_80_mean": 0.1387283205986023,
  "val/enrichment_factor_mean": 1.1029845476150513,
  "val/average_precision_mean": 0.7236786484718323,
  "val/recall_mean": 0.7861271500587463,
  "val/spearman_rho_top20_mean": 0.11569017171859741,
  "val/loss": 0.6945449709892273,
  "val/auprc_mean": 0.7236786484718323,
  "val/recall_at_precision_85_mean": 0.080924853682518,
  "val/tnr_at_recall_95_mean": 0.18627451360225677,
  "val/kendall_tau_top10_mean": 0.05089206621050835,
  "val/spearman_rho_top50_mean": 0.024762563407421112,
  "val/supervised_loss": 0.6945449709892273,
  "val/pos_lr_mean": 1.336416244506836,
  "val/recall_at_precision_95_mean": 0.023121386766433716,
  "val/optimal_threshold_mean": 0.5104807019233704,
  "val/recall_at_precision_75_mean": 0.2601155936717987,
  "val/spearman_rho_top10_mean": 0.061206646263599396,
  "val/tnr_at_recall_75_mean": 0.4313725531101227,
  "val/kendall_tau_mean": 0.1635124534368515,
  "val/mcc_mean": 0.2112562209367752,
  "val/balanced_accuracy_mean": 0.5989459156990051,
  "val/sensitivity_mean": 0.7861271500587463,
  "val/kendall_tau_top50_mean": 0.02029220387339592,
  "val/ppv_mean": 0.6938775777816772,
  "val/kendall_tau_top20_mean": 0.09531549364328384,
  "val/precision_mean": 0.6938775777816772,
  "val/ECE_mean": 0.12171544879674911,
  "val/recall_at_precision_90_mean": 0.06936416029930115,
  "val/tnr_at_recall_85_mean": 0.3235294222831726,
  "val/auroc_mean": 0.6194605231285095,
  "val/cohen_kappa_mean": 0.20749279856681824,
  "training_epochs": 62,
  "best_lr": 5e-05,
  "best_weight_decay": 0.01
}