{
  "val/kendall_tau_mean": 0.1591753512620926,
  "val/recall_at_precision_95_mean": 0.0,
  "val/recall_at_precision_75_mean": 0.0,
  "val/enrichment_factor_mean": 1.1450542211532593,
  "val/recall_mean": 0.729411780834198,
  "val/ppv_mean": 0.6927374005317688,
  "val/sensitivity_mean": 0.729411780834198,
  "val/auroc_mean": 0.6147323846817017,
  "val/optimal_threshold_mean": 0.5056232213973999,
  "val/spearman_rho_top10_mean": -0.03574686869978905,
  "val/cohen_kappa_mean": 0.23725442588329315,
  "val/balanced_accuracy_mean": 0.6169581413269043,
  "val/average_precision_mean": 0.6640574336051941,
  "val/mcc_mean": 0.2378043383359909,
  "val/spearman_rho_top20_mean": -0.22404105961322784,
  "val/kendall_tau_top20_mean": -0.1867767721414566,
  "val/tnr_at_recall_80_mean": 0.3513513505458832,
  "val/tnr_at_recall_85_mean": 0.28828829526901245,
  "val/tnr_at_recall_90_mean": 0.18918919563293457,
  "val/pos_lr_mean": 1.4720855951309204,
  "val/ECE_mean": 0.07305317372083664,
  "val/specificity_mean": 0.5045045018196106,
  "val/kendall_tau_top50_mean": 0.018046120181679726,
  "val/spearman_rho_top50_mean": 0.021900326013565063,
  "val/supervised_loss": 0.6710596680641174,
  "val/loss": 0.6710596680641174,
  "val/f1_mean": 0.7106017470359802,
  "val/recall_at_precision_80_mean": 0.0,
  "val/recall_at_precision_85_mean": 0.0,
  "val/recall_at_precision_90_mean": 0.0,
  "val/precision_mean": 0.6927374005317688,
  "val/kendall_tau_top10_mean": -0.029774567112326622,
  "val/tnr_at_recall_75_mean": 0.44144144654273987,
  "val/spearman_rho_mean": 0.19430363178253174,
  "val/tnr_at_recall_95_mean": 0.045045044273138046,
  "val/auprc_mean": 0.6640574336051941,
  "training_epochs": 21,
  "best_lr": 0.0005,
  "best_weight_decay": 0.01
}