{
  "val/spearman_rho_top50_mean": 0.1277317851781845,
  "val/tnr_at_recall_95_mean": 0.10869564861059189,
  "val/sensitivity_mean": 0.5602409839630127,
  "val/spearman_rho_top20_mean": 0.1677255779504776,
  "val/recall_at_precision_85_mean": 0.22289156913757324,
  "val/ECE_mean": 0.07406717538833618,
  "val/tnr_at_recall_80_mean": 0.3478260934352875,
  "val/kendall_tau_top20_mean": 0.13828346133232117,
  "val/spearman_rho_mean": 0.244297593832016,
  "val/recall_at_precision_90_mean": 0.13855421543121338,
  "val/precision_mean": 0.7560975551605225,
  "val/average_precision_mean": 0.7656539082527161,
  "val/tnr_at_recall_85_mean": 0.260869562625885,
  "val/ppv_mean": 0.7560975551605225,
  "val/mcc_mean": 0.22455881536006927,
  "val/supervised_loss": 0.7724035978317261,
  "val/f1_mean": 0.6435986161231995,
  "val/cohen_kappa_mean": 0.21206191182136536,
  "val/recall_at_precision_95_mean": 0.0060240961611270905,
  "val/loss": 0.7724035978317261,
  "val/pos_lr_mean": 1.7180722951889038,
  "val/balanced_accuracy_mean": 0.6170769929885864,
  "val/recall_mean": 0.5602409839630127,
  "val/auroc_mean": 0.6472302079200745,
  "val/kendall_tau_top10_mean": -0.13620103895664215,
  "val/kendall_tau_mean": 0.19985732436180115,
  "val/kendall_tau_top50_mean": 0.10469602048397064,
  "val/optimal_threshold_mean": 0.6005796194076538,
  "val/tnr_at_recall_75_mean": 0.45652174949645996,
  "val/recall_at_precision_80_mean": 0.3072289228439331,
  "val/auprc_mean": 0.7656539082527161,
  "val/recall_at_precision_75_mean": 0.5843373537063599,
  "val/tnr_at_recall_90_mean": 0.19565217196941376,
  "val/specificity_mean": 0.6739130616188049,
  "val/spearman_rho_top10_mean": -0.16357216238975525,
  "val/enrichment_factor_mean": 1.1751395463943481,
  "training_epochs": 40,
  "best_lr": 0.0005,
  "best_weight_decay": 0.01
}