{
  "val/recall_at_precision_80_mean": 0.2235294133424759,
  "val/precision_mean": 0.780701756477356,
  "val/ECE_mean": 0.13952478766441345,
  "val/sensitivity_mean": 0.5235294103622437,
  "val/loss": 0.6930081248283386,
  "val/specificity_mean": 0.7747747898101807,
  "val/recall_mean": 0.5235294103622437,
  "val/spearman_rho_top50_mean": 0.20104867219924927,
  "val/recall_at_precision_85_mean": 0.0470588244497776,
  "val/auprc_mean": 0.731552243232727,
  "val/kendall_tau_top50_mean": 0.1681632697582245,
  "val/tnr_at_recall_75_mean": 0.30630630254745483,
  "val/kendall_tau_top20_mean": 0.05464325100183487,
  "val/balanced_accuracy_mean": 0.6491521000862122,
  "val/recall_at_precision_75_mean": 0.5470588207244873,
  "val/tnr_at_recall_95_mean": 0.0810810774564743,
  "val/ppv_mean": 0.780701756477356,
  "val/supervised_loss": 0.6930081248283386,
  "val/auroc_mean": 0.6393746733665466,
  "val/pos_lr_mean": 2.3244705200195312,
  "val/optimal_threshold_mean": 0.7690626978874207,
  "val/spearman_rho_mean": 0.2361622303724289,
  "val/kendall_tau_top10_mean": 0.3368607759475708,
  "val/tnr_at_recall_85_mean": 0.13513512909412384,
  "val/tnr_at_recall_90_mean": 0.12612612545490265,
  "val/kendall_tau_mean": 0.1945851445198059,
  "val/tnr_at_recall_80_mean": 0.21621622145175934,
  "val/f1_mean": 0.6267605423927307,
  "val/spearman_rho_top20_mean": 0.06184769049286842,
  "val/mcc_mean": 0.29698508977890015,
  "val/enrichment_factor_mean": 1.2904541492462158,
  "val/cohen_kappa_mean": 0.2742910087108612,
  "val/recall_at_precision_90_mean": 0.0470588244497776,
  "val/spearman_rho_top10_mean": 0.3584885597229004,
  "val/recall_at_precision_95_mean": 0.0470588244497776,
  "val/average_precision_mean": 0.731552243232727,
  "training_epochs": 1,
  "best_lr": 0.001,
  "best_weight_decay": 0.0
}