{
  "val/kendall_tau_mean": 0.2640373706817627,
  "val/tnr_at_recall_75_mean": 0.5423728823661804,
  "val/balanced_accuracy_mean": 0.6589319109916687,
  "val/mcc_mean": 0.313836932182312,
  "val/spearman_rho_top10_mean": 0.07183285057544708,
  "val/enrichment_factor_mean": 1.3024834394454956,
  "val/auroc_mean": 0.6997578740119934,
  "val/tnr_at_recall_90_mean": 0.23728813230991364,
  "val/recall_at_precision_85_mean": 0.4444444477558136,
  "val/spearman_rho_top50_mean": 0.18296703696250916,
  "val/supervised_loss": 0.6129515171051025,
  "val/cohen_kappa_mean": 0.24671120941638947,
  "val/kendall_tau_top50_mean": 0.150201678276062,
  "val/recall_mean": 0.4365079402923584,
  "val/tnr_at_recall_95_mean": 0.1355932205915451,
  "val/recall_at_precision_75_mean": 0.817460298538208,
  "val/recall_at_precision_95_mean": 0.0396825410425663,
  "val/loss": 0.6129515171051025,
  "val/tnr_at_recall_80_mean": 0.4576271176338196,
  "val/auprc_mean": 0.8232823014259338,
  "val/kendall_tau_top10_mean": 0.06025845929980278,
  "val/tnr_at_recall_85_mean": 0.35593220591545105,
  "val/recall_at_precision_80_mean": 0.6746031641960144,
  "val/f1_mean": 0.585106372833252,
  "val/kendall_tau_top20_mean": -0.14839819073677063,
  "val/pos_lr_mean": 3.679138422012329,
  "val/optimal_threshold_mean": 0.7958506941795349,
  "val/precision_mean": 0.8870967626571655,
  "val/ECE_mean": 0.09803108125925064,
  "val/ppv_mean": 0.8870967626571655,
  "val/spearman_rho_top20_mean": -0.17934252321720123,
  "val/recall_at_precision_90_mean": 0.3730158805847168,
  "val/spearman_rho_mean": 0.32250794768333435,
  "val/average_precision_mean": 0.8232823014259338,
  "val/specificity_mean": 0.8813559412956238,
  "val/sensitivity_mean": 0.4365079402923584,
  "training_epochs": 156,
  "best_lr": 5e-05,
  "best_weight_decay": 1.0
}