{
  "val/sensitivity_mean": 0.5850340127944946,
  "val/spearman_rho_top10_mean": 0.44886744022369385,
  "val/pos_lr_mean": 2.370927333831787,
  "val/supervised_loss": 0.5916378498077393,
  "val/enrichment_factor_mean": 1.2480725049972534,
  "val/ECE_mean": 0.0929974839091301,
  "val/specificity_mean": 0.7532467246055603,
  "val/precision_mean": 0.8190476298332214,
  "val/tnr_at_recall_95_mean": 0.10389610379934311,
  "val/f1_mean": 0.682539701461792,
  "val/optimal_threshold_mean": 0.6368043422698975,
  "val/kendall_tau_top50_mean": 0.14252199232578278,
  "val/recall_at_precision_95_mean": 0.095238097012043,
  "val/spearman_rho_top20_mean": 0.09909147769212723,
  "val/mcc_mean": 0.3219683766365051,
  "val/recall_at_precision_80_mean": 0.6122449040412903,
  "val/ppv_mean": 0.8190476298332214,
  "val/recall_at_precision_75_mean": 0.8163265585899353,
  "val/average_precision_mean": 0.821265697479248,
  "val/cohen_kappa_mean": 0.29939791560173035,
  "val/balanced_accuracy_mean": 0.6691403985023499,
  "val/recall_mean": 0.5850340127944946,
  "val/kendall_tau_top20_mean": 0.08182209730148315,
  "val/auroc_mean": 0.7094266414642334,
  "val/tnr_at_recall_75_mean": 0.5064935088157654,
  "val/kendall_tau_mean": 0.2819710373878479,
  "val/recall_at_precision_90_mean": 0.12925170361995697,
  "val/auprc_mean": 0.821265697479248,
  "val/loss": 0.5916378498077393,
  "val/tnr_at_recall_80_mean": 0.5064935088157654,
  "val/recall_at_precision_85_mean": 0.4693877696990967,
  "val/kendall_tau_top10_mean": 0.37473568320274353,
  "val/spearman_rho_mean": 0.3445742726325989,
  "val/spearman_rho_top50_mean": 0.17377901077270508,
  "val/tnr_at_recall_90_mean": 0.31168830394744873,
  "val/tnr_at_recall_85_mean": 0.3896103799343109,
  "training_epochs": 25,
  "best_lr": 0.0005,
  "best_weight_decay": 0.01
}