{
  "val/auprc_mean": 0.7654183506965637,
  "val/specificity_mean": 0.640625,
  "val/auroc_mean": 0.6930288672447205,
  "val/recall_at_precision_95_mean": 0.0,
  "val/tnr_at_recall_95_mean": 0.1875,
  "val/tnr_at_recall_90_mean": 0.28125,
  "val/balanced_accuracy_mean": 0.6972355842590332,
  "val/recall_at_precision_75_mean": 0.8230769038200378,
  "val/average_precision_mean": 0.7654183506965637,
  "val/tnr_at_recall_85_mean": 0.375,
  "val/supervised_loss": 0.7192205786705017,
  "val/recall_at_precision_90_mean": 0.0,
  "val/spearman_rho_top50_mean": -0.07671445608139038,
  "val/kendall_tau_mean": 0.25737178325653076,
  "val/ECE_mean": 0.07086746394634247,
  "val/optimal_threshold_mean": 0.6855437755584717,
  "val/f1_mean": 0.7808765172958374,
  "val/recall_at_precision_80_mean": 0.7769230604171753,
  "val/spearman_rho_top10_mean": -0.12403473258018494,
  "val/loss": 0.7192205786705017,
  "val/recall_at_precision_85_mean": 0.0,
  "val/spearman_rho_top20_mean": -0.19474050402641296,
  "val/cohen_kappa_mean": 0.38087502121925354,
  "val/sensitivity_mean": 0.7538461685180664,
  "val/spearman_rho_mean": 0.31439724564552307,
  "val/kendall_tau_top20_mean": -0.16108354926109314,
  "val/ppv_mean": 0.8099173307418823,
  "val/kendall_tau_top10_mean": -0.10390486568212509,
  "val/tnr_at_recall_80_mean": 0.5625,
  "val/tnr_at_recall_75_mean": 0.640625,
  "val/mcc_mean": 0.38284483551979065,
  "val/precision_mean": 0.8099173307418823,
  "val/recall_mean": 0.7538461685180664,
  "val/pos_lr_mean": 2.09765887260437,
  "val/enrichment_factor_mean": 1.2086459398269653,
  "val/kendall_tau_top50_mean": -0.06295913457870483,
  "training_epochs": 100,
  "best_lr": 0.0005,
  "best_weight_decay": 0.1
}