{
  "val/tnr_at_recall_90_mean": 0.1111111119389534,
  "val/kendall_tau_top50_mean": 0.10187680274248123,
  "val/spearman_rho_mean": 0.21550115942955017,
  "val/recall_at_precision_85_mean": 0.021978022530674934,
  "val/tnr_at_recall_75_mean": 0.4888888895511627,
  "val/balanced_accuracy_mean": 0.6239316463470459,
  "val/precision_mean": 0.759036123752594,
  "val/spearman_rho_top50_mean": 0.10548416525125504,
  "val/cohen_kappa_mean": 0.23720495402812958,
  "val/loss": 0.7070915102958679,
  "val/ppv_mean": 0.759036123752594,
  "val/auroc_mean": 0.6269841194152832,
  "val/optimal_threshold_mean": 0.7200264930725098,
  "val/tnr_at_recall_85_mean": 0.3333333432674408,
  "val/supervised_loss": 0.7070915102958679,
  "val/recall_at_precision_95_mean": 0.021978022530674934,
  "val/tnr_at_recall_80_mean": 0.42222222685813904,
  "val/specificity_mean": 0.5555555820465088,
  "val/auprc_mean": 0.7401922941207886,
  "val/pos_lr_mean": 1.557692289352417,
  "val/kendall_tau_top20_mean": 0.22463247179985046,
  "val/average_precision_mean": 0.7401922941207886,
  "val/recall_mean": 0.692307710647583,
  "val/kendall_tau_mean": 0.19031940400600433,
  "val/spearman_rho_top20_mean": 0.23091401159763336,
  "val/recall_at_precision_80_mean": 0.021978022530674934,
  "val/recall_at_precision_75_mean": 0.7582417726516724,
  "val/enrichment_factor_mean": 1.1343836784362793,
  "val/spearman_rho_top10_mean": 0.20645326375961304,
  "val/ECE_mean": 0.043875254690647125,
  "val/tnr_at_recall_95_mean": 0.1111111119389534,
  "val/f1_mean": 0.7241379022598267,
  "val/mcc_mean": 0.2391454428434372,
  "val/kendall_tau_top10_mean": 0.1951800137758255,
  "val/recall_at_precision_90_mean": 0.021978022530674934,
  "val/sensitivity_mean": 0.692307710647583,
  "training_epochs": 65,
  "best_lr": 0.001,
  "best_weight_decay": 0.1
}