{
  "val/balanced_accuracy_mean": 0.6298839449882507,
  "val/spearman_rho_top20_mean": 0.021550273522734642,
  "val/optimal_threshold_mean": 0.6056482791900635,
  "val/sensitivity_mean": 0.7475728392601013,
  "val/kendall_tau_mean": 0.14392007887363434,
  "val/enrichment_factor_mean": 1.109798789024353,
  "val/average_precision_mean": 0.7792059183120728,
  "val/loss": 0.6486377716064453,
  "val/tnr_at_recall_90_mean": 0.12195122241973877,
  "val/kendall_tau_top20_mean": 0.017907176166772842,
  "val/pos_lr_mean": 1.5325242280960083,
  "val/mcc_mean": 0.25001224875450134,
  "val/spearman_rho_top10_mean": -0.3038218021392822,
  "val/kendall_tau_top50_mean": 0.07533042877912521,
  "val/tnr_at_recall_95_mean": 0.12195122241973877,
  "val/recall_at_precision_85_mean": 0.12621359527111053,
  "val/precision_mean": 0.7938144207000732,
  "val/tnr_at_recall_85_mean": 0.17073170840740204,
  "val/cohen_kappa_mean": 0.24880924820899963,
  "val/recall_at_precision_95_mean": 0.0,
  "val/recall_at_precision_75_mean": 0.8155339956283569,
  "val/recall_at_precision_80_mean": 0.5436893105506897,
  "val/recall_at_precision_90_mean": 0.0,
  "val/f1_mean": 0.7699999809265137,
  "val/ppv_mean": 0.7938144207000732,
  "val/spearman_rho_top50_mean": 0.09162645041942596,
  "val/tnr_at_recall_80_mean": 0.31707316637039185,
  "val/supervised_loss": 0.6486377716064453,
  "val/spearman_rho_mean": 0.1756565272808075,
  "val/recall_mean": 0.7475728392601013,
  "val/auroc_mean": 0.6123608946800232,
  "val/tnr_at_recall_75_mean": 0.5121951103210449,
  "val/specificity_mean": 0.5121951103210449,
  "val/ECE_mean": 0.07875152677297592,
  "val/kendall_tau_top10_mean": -0.2567763030529022,
  "val/auprc_mean": 0.7792059183120728,
  "training_epochs": 23,
  "best_lr": 0.001,
  "best_weight_decay": 1.0
}