{
  "val/kendall_tau_top10_mean": -0.10814761370420456,
  "val/f1_mean": 0.75,
  "val/ppv_mean": 0.8181818127632141,
  "val/tnr_at_recall_75_mean": 0.609375,
  "val/supervised_loss": 0.6952840089797974,
  "val/spearman_rho_mean": 0.36431723833084106,
  "val/optimal_threshold_mean": 0.6332481503486633,
  "val/ECE_mean": 0.0808306485414505,
  "val/tnr_at_recall_80_mean": 0.53125,
  "val/tnr_at_recall_95_mean": 0.15625,
  "val/recall_at_precision_85_mean": 0.4923076927661896,
  "val/balanced_accuracy_mean": 0.6899038553237915,
  "val/recall_at_precision_75_mean": 0.8692307472229004,
  "val/kendall_tau_mean": 0.2982451319694519,
  "val/kendall_tau_top20_mean": 0.2613021433353424,
  "val/kendall_tau_top50_mean": 0.13628637790679932,
  "val/auroc_mean": 0.7236778736114502,
  "val/pos_lr_mean": 2.2153847217559814,
  "val/recall_at_precision_95_mean": 0.20769231021404266,
  "val/specificity_mean": 0.6875,
  "val/enrichment_factor_mean": 1.22097909450531,
  "val/mcc_mean": 0.3604038655757904,
  "val/loss": 0.6952840089797974,
  "val/recall_at_precision_90_mean": 0.2153846174478531,
  "val/spearman_rho_top20_mean": 0.3158988654613495,
  "val/cohen_kappa_mean": 0.3518930971622467,
  "val/spearman_rho_top10_mean": -0.12909944355487823,
  "val/sensitivity_mean": 0.692307710647583,
  "val/average_precision_mean": 0.8308374285697937,
  "val/tnr_at_recall_85_mean": 0.5,
  "val/precision_mean": 0.8181818127632141,
  "val/spearman_rho_top50_mean": 0.16606223583221436,
  "val/recall_mean": 0.692307710647583,
  "val/tnr_at_recall_90_mean": 0.328125,
  "val/recall_at_precision_80_mean": 0.7384615540504456,
  "val/auprc_mean": 0.8308374285697937,
  "training_epochs": 47,
  "best_lr": 0.0005,
  "best_weight_decay": 0.0
}