{
  "val/average_precision_mean": 0.7373002171516418,
  "val/tnr_at_recall_85_mean": 0.3478260934352875,
  "val/precision_mean": 0.75,
  "val/balanced_accuracy_mean": 0.6376811861991882,
  "val/optimal_threshold_mean": 0.5023518800735474,
  "val/recall_at_precision_90_mean": 0.021739130839705467,
  "val/kendall_tau_top50_mean": 0.011574205942451954,
  "val/kendall_tau_top10_mean": 0.03166237846016884,
  "val/recall_at_precision_80_mean": 0.021739130839705467,
  "val/tnr_at_recall_90_mean": 0.260869562625885,
  "val/ppv_mean": 0.75,
  "val/spearman_rho_top10_mean": 0.03784378245472908,
  "val/specificity_mean": 0.4492753744125366,
  "val/recall_at_precision_95_mean": 0.021739130839705467,
  "val/supervised_loss": 0.6747947931289673,
  "val/tnr_at_recall_95_mean": 0.1304347813129425,
  "val/mcc_mean": 0.29387691617012024,
  "val/kendall_tau_mean": 0.1669732630252838,
  "val/f1_mean": 0.7862069010734558,
  "val/enrichment_factor_mean": 1.125,
  "val/auroc_mean": 0.6249212622642517,
  "val/loss": 0.6747947931289673,
  "val/spearman_rho_top20_mean": -0.018609683960676193,
  "val/recall_at_precision_85_mean": 0.021739130839705467,
  "val/cohen_kappa_mean": 0.290076345205307,
  "val/spearman_rho_mean": 0.20399804413318634,
  "val/recall_mean": 0.8260869383811951,
  "val/spearman_rho_top50_mean": 0.014107134193181992,
  "val/tnr_at_recall_80_mean": 0.4492753744125366,
  "val/ECE_mean": 0.10507164895534515,
  "val/auprc_mean": 0.7373002171516418,
  "val/tnr_at_recall_75_mean": 0.4637681245803833,
  "val/recall_at_precision_75_mean": 0.8333333134651184,
  "val/kendall_tau_top20_mean": -0.015378928743302822,
  "val/pos_lr_mean": 1.5,
  "val/sensitivity_mean": 0.8260869383811951,
  "training_epochs": 41,
  "best_lr": 0.0005,
  "best_weight_decay": 0.1
}