{
  "val/recall_at_precision_75_mean": 0.7252747416496277,
  "val/cohen_kappa_mean": 0.27611443400382996,
  "val/f1_mean": 0.707317054271698,
  "val/recall_at_precision_95_mean": 0.021978022530674934,
  "val/specificity_mean": 0.6666666865348816,
  "val/tnr_at_recall_90_mean": 0.2222222238779068,
  "val/balanced_accuracy_mean": 0.6520146727561951,
  "val/sensitivity_mean": 0.6373626589775085,
  "val/mcc_mean": 0.28688687086105347,
  "val/recall_at_precision_85_mean": 0.2967033088207245,
  "val/tnr_at_recall_85_mean": 0.3777777850627899,
  "val/loss": 0.6595845222473145,
  "val/kendall_tau_top10_mean": -0.2614881694316864,
  "val/tnr_at_recall_80_mean": 0.4444444477558136,
  "val/kendall_tau_top50_mean": 0.08686945587396622,
  "val/spearman_rho_top10_mean": -0.30860671401023865,
  "val/tnr_at_recall_95_mean": 0.08888889104127884,
  "val/supervised_loss": 0.6595845222473145,
  "val/optimal_threshold_mean": 0.6916332840919495,
  "val/recall_at_precision_90_mean": 0.19780220091342926,
  "val/recall_mean": 0.6373626589775085,
  "val/kendall_tau_top20_mean": -0.03774256631731987,
  "val/recall_at_precision_80_mean": 0.6153846383094788,
  "val/average_precision_mean": 0.8011185526847839,
  "val/pos_lr_mean": 1.9120879173278809,
  "val/ppv_mean": 0.7945205569267273,
  "val/tnr_at_recall_75_mean": 0.4444444477558136,
  "val/auprc_mean": 0.8011185526847839,
  "val/ECE_mean": 0.08438502997159958,
  "val/kendall_tau_mean": 0.23552800714969635,
  "val/enrichment_factor_mean": 1.187415361404419,
  "val/spearman_rho_mean": 0.28739169239997864,
  "val/spearman_rho_top50_mean": 0.10561913996934891,
  "val/auroc_mean": 0.6763125658035278,
  "val/precision_mean": 0.7945205569267273,
  "val/spearman_rho_top20_mean": -0.04539206624031067,
  "training_epochs": 11,
  "best_lr": 0.0005,
  "best_weight_decay": 0.0
}