{
  "val/spearman_rho_top10_mean": -0.06494054198265076,
  "val/recall_at_precision_90_mean": 0.037974681705236435,
  "val/spearman_rho_mean": 0.2105238288640976,
  "val/auroc_mean": 0.6251794099807739,
  "val/tnr_at_recall_80_mean": 0.36082473397254944,
  "val/spearman_rho_top20_mean": -0.010065452195703983,
  "val/optimal_threshold_mean": 0.5566748380661011,
  "val/recall_at_precision_85_mean": 0.22151899337768555,
  "val/precision_mean": 0.6815642714500427,
  "val/kendall_tau_mean": 0.17223133146762848,
  "val/tnr_at_recall_90_mean": 0.22680412232875824,
  "val/f1_mean": 0.7240356206893921,
  "val/recall_at_precision_75_mean": 0.34810125827789307,
  "val/auprc_mean": 0.7240853905677795,
  "val/sensitivity_mean": 0.7721518874168396,
  "val/kendall_tau_top50_mean": 0.11678999662399292,
  "val/pos_lr_mean": 1.314012885093689,
  "val/recall_at_precision_95_mean": 0.037974681705236435,
  "val/cohen_kappa_mean": 0.19257090985774994,
  "val/kendall_tau_top20_mean": -0.008298588916659355,
  "val/balanced_accuracy_mean": 0.5922614932060242,
  "val/loss": 0.6751824617385864,
  "val/tnr_at_recall_85_mean": 0.2886597812175751,
  "val/recall_mean": 0.7721518874168396,
  "val/average_precision_mean": 0.7240853905677795,
  "val/ECE_mean": 0.09979120641946793,
  "val/mcc_mean": 0.19585365056991577,
  "val/kendall_tau_top10_mean": -0.05407380685210228,
  "val/specificity_mean": 0.41237112879753113,
  "val/ppv_mean": 0.6815642714500427,
  "val/spearman_rho_top50_mean": 0.1424781084060669,
  "val/enrichment_factor_mean": 1.0999928712844849,
  "val/supervised_loss": 0.6751824617385864,
  "val/tnr_at_recall_75_mean": 0.42268040776252747,
  "val/recall_at_precision_80_mean": 0.2594936788082123,
  "val/tnr_at_recall_95_mean": 0.11340206116437912,
  "training_epochs": 21,
  "best_lr": 0.0005,
  "best_weight_decay": 0.1
}