{
  "val/tnr_at_recall_75_mean": 0.5384615659713745,
  "val/pos_lr_mean": 1.939117193222046,
  "val/auroc_mean": 0.6786090731620789,
  "val/kendall_tau_top10_mean": -0.08770579844713211,
  "val/recall_at_precision_95_mean": 0.027397260069847107,
  "val/ECE_mean": 0.08107060939073563,
  "val/tnr_at_recall_90_mean": 0.07692307978868484,
  "val/recall_at_precision_75_mean": 0.4109589159488678,
  "val/auprc_mean": 0.7152321934700012,
  "val/recall_at_precision_85_mean": 0.027397260069847107,
  "val/mcc_mean": 0.32129254937171936,
  "val/recall_mean": 0.6712328791618347,
  "val/spearman_rho_mean": 0.3085220158100128,
  "val/recall_at_precision_80_mean": 0.39726027846336365,
  "val/tnr_at_recall_80_mean": 0.07692307978868484,
  "val/optimal_threshold_mean": 0.5631165504455566,
  "val/specificity_mean": 0.6538461446762085,
  "val/spearman_rho_top50_mean": 0.1569538563489914,
  "val/f1_mean": 0.699999988079071,
  "val/spearman_rho_top20_mean": -0.305143803358078,
  "val/kendall_tau_top20_mean": -0.25445857644081116,
  "val/ppv_mean": 0.7313432693481445,
  "val/loss": 0.6557524800300598,
  "val/average_precision_mean": 0.7152321934700012,
  "val/enrichment_factor_mean": 1.2523001432418823,
  "val/tnr_at_recall_85_mean": 0.07692307978868484,
  "val/sensitivity_mean": 0.6712328791618347,
  "val/balanced_accuracy_mean": 0.662539541721344,
  "val/spearman_rho_top10_mean": -0.10259783267974854,
  "val/tnr_at_recall_95_mean": 0.07692307978868484,
  "val/kendall_tau_top50_mean": 0.13537301123142242,
  "val/cohen_kappa_mean": 0.31977197527885437,
  "val/supervised_loss": 0.6557524800300598,
  "val/recall_at_precision_90_mean": 0.027397260069847107,
  "val/kendall_tau_mean": 0.2635266184806824,
  "val/precision_mean": 0.7313432693481445,
  "training_epochs": 79,
  "best_lr": 0.0005,
  "best_weight_decay": 0.0
}