{
  "val/specificity_mean": 0.631147563457489,
  "val/ppv_mean": 0.699999988079071,
  "val/auroc_mean": 0.6167689561843872,
  "val/precision_mean": 0.699999988079071,
  "val/balanced_accuracy_mean": 0.6088698506355286,
  "val/tnr_at_recall_85_mean": 0.2540983557701111,
  "val/recall_at_precision_90_mean": 0.022346368059515953,
  "val/spearman_rho_mean": 0.19859132170677185,
  "val/kendall_tau_mean": 0.16241826117038727,
  "val/ECE_mean": 0.09559734165668488,
  "val/kendall_tau_top50_mean": 0.022156503051519394,
  "val/tnr_at_recall_90_mean": 0.18852458894252777,
  "val/average_precision_mean": 0.6823092103004456,
  "val/pos_lr_mean": 1.5903165340423584,
  "val/kendall_tau_top20_mean": -0.0795317068696022,
  "val/spearman_rho_top50_mean": 0.02704605832695961,
  "val/recall_at_precision_95_mean": 0.022346368059515953,
  "val/optimal_threshold_mean": 0.6797956228256226,
  "val/kendall_tau_top10_mean": 0.016582585871219635,
  "val/tnr_at_recall_95_mean": 0.07377049326896667,
  "val/tnr_at_recall_75_mean": 0.40163934230804443,
  "val/sensitivity_mean": 0.5865921974182129,
  "val/f1_mean": 0.6382978558540344,
  "val/spearman_rho_top20_mean": -0.09660433977842331,
  "val/spearman_rho_top10_mean": 0.01997917890548706,
  "val/mcc_mean": 0.21380113065242767,
  "val/recall_at_precision_80_mean": 0.03351955488324165,
  "val/recall_at_precision_85_mean": 0.03351955488324165,
  "val/tnr_at_recall_80_mean": 0.32786884903907776,
  "val/auprc_mean": 0.6823092103004456,
  "val/cohen_kappa_mean": 0.20979946851730347,
  "val/recall_at_precision_75_mean": 0.05027933046221733,
  "val/enrichment_factor_mean": 1.1770950555801392,
  "val/loss": 0.7126545906066895,
  "val/supervised_loss": 0.7126545906066895,
  "val/recall_mean": 0.5865921974182129,
  "training_epochs": 20,
  "best_lr": 0.0005,
  "best_weight_decay": 1.0
}