{
  "val/spearman_rho_mean": 0.216818705201149,
  "val/tnr_at_recall_90_mean": 0.23893804848194122,
  "val/optimal_threshold_mean": 0.5463501214981079,
  "val/tnr_at_recall_95_mean": 0.09734513610601425,
  "val/tnr_at_recall_75_mean": 0.47787609696388245,
  "val/kendall_tau_mean": 0.17731982469558716,
  "val/recall_at_precision_95_mean": 0.04123711213469505,
  "val/mcc_mean": 0.2512805759906769,
  "val/recall_at_precision_80_mean": 0.21134020388126373,
  "val/recall_at_precision_90_mean": 0.09793814271688461,
  "val/spearman_rho_top50_mean": 0.13889752328395844,
  "val/auroc_mean": 0.6297783255577087,
  "val/precision_mean": 0.7142857313156128,
  "val/recall_at_precision_85_mean": 0.13917525112628937,
  "val/tnr_at_recall_80_mean": 0.4336283206939697,
  "val/sensitivity_mean": 0.7731958627700806,
  "val/kendall_tau_top20_mean": 0.13662652671337128,
  "val/cohen_kappa_mean": 0.24960045516490936,
  "val/loss": 0.73611980676651,
  "val/recall_at_precision_75_mean": 0.34536081552505493,
  "val/spearman_rho_top20_mean": 0.16597768664360046,
  "val/spearman_rho_top10_mean": 0.19259412586688995,
  "val/recall_mean": 0.7731958627700806,
  "val/kendall_tau_top50_mean": 0.11377936601638794,
  "val/average_precision_mean": 0.7451122403144836,
  "val/balanced_accuracy_mean": 0.6211112141609192,
  "val/pos_lr_mean": 1.4561855792999268,
  "val/kendall_tau_top10_mean": 0.1598518341779709,
  "val/supervised_loss": 0.73611980676651,
  "val/specificity_mean": 0.4690265357494354,
  "val/tnr_at_recall_85_mean": 0.3451327383518219,
  "val/f1_mean": 0.7425742745399475,
  "val/enrichment_factor_mean": 1.1303386688232422,
  "val/ppv_mean": 0.7142857313156128,
  "val/auprc_mean": 0.7451122403144836,
  "val/ECE_mean": 0.14435052871704102,
  "training_epochs": 99,
  "best_lr": 0.0001,
  "best_weight_decay": 0.01
}