{
  "val/recall_at_precision_95_mean": 0.0,
  "val/spearman_rho_top50_mean": 0.07064440101385117,
  "val/specificity_mean": 0.7272727489471436,
  "val/recall_at_precision_85_mean": 0.0,
  "val/mcc_mean": 0.24663656949996948,
  "val/auroc_mean": 0.6288541555404663,
  "val/kendall_tau_mean": 0.17348860204219818,
  "val/tnr_at_recall_80_mean": 0.27272728085517883,
  "val/pos_lr_mean": 1.9455782175064087,
  "val/tnr_at_recall_95_mean": 0.06493506580591202,
  "val/precision_mean": 0.7878788113594055,
  "val/balanced_accuracy_mean": 0.6289424896240234,
  "val/optimal_threshold_mean": 0.7189741730690002,
  "val/ppv_mean": 0.7878788113594055,
  "val/enrichment_factor_mean": 1.2005772590637207,
  "val/auprc_mean": 0.7426208853721619,
  "val/f1_mean": 0.6341463327407837,
  "val/recall_at_precision_75_mean": 0.6530612111091614,
  "val/spearman_rho_top20_mean": -0.1752636879682541,
  "val/spearman_rho_mean": 0.2120065838098526,
  "val/sensitivity_mean": 0.5306122303009033,
  "val/recall_at_precision_90_mean": 0.0,
  "val/cohen_kappa_mean": 0.22455573081970215,
  "val/tnr_at_recall_90_mean": 0.12987013161182404,
  "val/kendall_tau_top10_mean": 0.04029114916920662,
  "val/kendall_tau_top20_mean": -0.1447192281484604,
  "val/kendall_tau_top50_mean": 0.05793784558773041,
  "val/spearman_rho_top10_mean": 0.04826170951128006,
  "val/supervised_loss": 0.704327404499054,
  "val/average_precision_mean": 0.7426208853721619,
  "val/loss": 0.704327404499054,
  "val/ECE_mean": 0.1415172815322876,
  "val/recall_mean": 0.5306122303009033,
  "val/tnr_at_recall_85_mean": 0.1428571492433548,
  "val/recall_at_precision_80_mean": 0.4829931855201721,
  "val/tnr_at_recall_75_mean": 0.44155845046043396,
  "training_epochs": 102,
  "best_lr": 0.0001,
  "best_weight_decay": 0.01
}