{
  "val/sensitivity_mean": 0.7063491940498352,
  "val/auroc_mean": 0.6719128489494324,
  "val/enrichment_factor_mean": 1.1772487163543701,
  "val/tnr_at_recall_90_mean": 0.2711864411830902,
  "val/kendall_tau_mean": 0.2272321581840515,
  "val/pos_lr_mean": 1.894300103187561,
  "val/average_precision_mean": 0.7835375666618347,
  "val/ECE_mean": 0.0982968732714653,
  "val/tnr_at_recall_95_mean": 0.18644067645072937,
  "val/spearman_rho_top20_mean": 0.037021804600954056,
  "val/ppv_mean": 0.8018018007278442,
  "val/tnr_at_recall_75_mean": 0.5593220591545105,
  "val/tnr_at_recall_80_mean": 0.508474588394165,
  "val/spearman_rho_mean": 0.2775522768497467,
  "val/recall_at_precision_95_mean": 0.0,
  "val/spearman_rho_top10_mean": -0.5451730489730835,
  "val/balanced_accuracy_mean": 0.6667339205741882,
  "val/cohen_kappa_mean": 0.31235432624816895,
  "val/tnr_at_recall_85_mean": 0.4067796468734741,
  "val/specificity_mean": 0.6271186470985413,
  "val/auprc_mean": 0.7835375666618347,
  "val/supervised_loss": 0.6093605160713196,
  "val/recall_at_precision_80_mean": 0.7142857313156128,
  "val/recall_at_precision_85_mean": 0.261904776096344,
  "val/kendall_tau_top50_mean": 0.027696702629327774,
  "val/optimal_threshold_mean": 0.6286405324935913,
  "val/recall_mean": 0.7063491940498352,
  "val/kendall_tau_top10_mean": -0.45732957124710083,
  "val/f1_mean": 0.7510548233985901,
  "val/kendall_tau_top20_mean": 0.030633943155407906,
  "val/recall_at_precision_90_mean": 0.2222222238779068,
  "val/recall_at_precision_75_mean": 0.8650793433189392,
  "val/loss": 0.6093605160713196,
  "val/precision_mean": 0.8018018007278442,
  "val/spearman_rho_top50_mean": 0.033738527446985245,
  "val/mcc_mean": 0.3172399699687958,
  "training_epochs": 180,
  "best_lr": 0.001,
  "best_weight_decay": 1.0
}