{
  "val/recall_at_precision_95_mean": 0.03076923079788685,
  "val/recall_at_precision_75_mean": 0.7230769395828247,
  "val/ECE_mean": 0.05529364198446274,
  "val/tnr_at_recall_75_mean": 0.4375,
  "val/tnr_at_recall_80_mean": 0.296875,
  "val/recall_at_precision_80_mean": 0.3692307770252228,
  "val/precision_mean": 0.7739130258560181,
  "val/recall_at_precision_90_mean": 0.03076923079788685,
  "val/sensitivity_mean": 0.6846153736114502,
  "val/auroc_mean": 0.6349759697914124,
  "val/tnr_at_recall_90_mean": 0.171875,
  "val/spearman_rho_mean": 0.2198430597782135,
  "val/enrichment_factor_mean": 1.1549164056777954,
  "val/supervised_loss": 0.6816431879997253,
  "val/ppv_mean": 0.7739130258560181,
  "val/cohen_kappa_mean": 0.26273396611213684,
  "val/specificity_mean": 0.59375,
  "val/optimal_threshold_mean": 0.5664588212966919,
  "val/loss": 0.6816431879997253,
  "val/spearman_rho_top20_mean": -0.10214368999004364,
  "val/kendall_tau_top50_mean": 0.046902380883693695,
  "val/tnr_at_recall_95_mean": 0.046875,
  "val/mcc_mean": 0.26638785004615784,
  "val/f1_mean": 0.7265306115150452,
  "val/tnr_at_recall_85_mean": 0.25,
  "val/balanced_accuracy_mean": 0.6391826868057251,
  "val/pos_lr_mean": 1.6852071285247803,
  "val/recall_mean": 0.6846153736114502,
  "val/spearman_rho_top10_mean": 0.02357022650539875,
  "val/kendall_tau_top10_mean": 0.019744962453842163,
  "val/kendall_tau_top20_mean": -0.08449021726846695,
  "val/kendall_tau_mean": 0.1799631416797638,
  "val/spearman_rho_top50_mean": 0.05714962258934975,
  "val/recall_at_precision_85_mean": 0.04615384712815285,
  "val/auprc_mean": 0.7682777643203735,
  "val/average_precision_mean": 0.7682777643203735,
  "training_epochs": 8,
  "best_lr": 0.001,
  "best_weight_decay": 1.0
}