{
  "val/average_precision_mean": 0.7589044570922852,
  "val/recall_at_precision_95_mean": 0.040816325694322586,
  "val/recall_at_precision_75_mean": 0.5986394286155701,
  "val/loss": 0.6177429556846619,
  "val/recall_mean": 0.5918367505073547,
  "val/kendall_tau_top50_mean": 0.0904196947813034,
  "val/spearman_rho_top50_mean": 0.1025429517030716,
  "val/kendall_tau_top10_mean": 0.04822428151965141,
  "val/mcc_mean": 0.20456549525260925,
  "val/recall_at_precision_85_mean": 0.15646257996559143,
  "val/tnr_at_recall_95_mean": 0.10389610379934311,
  "val/cohen_kappa_mean": 0.19638825953006744,
  "val/tnr_at_recall_90_mean": 0.20779220759868622,
  "val/sensitivity_mean": 0.5918367505073547,
  "val/pos_lr_mean": 1.5714285373687744,
  "val/optimal_threshold_mean": 0.6513242721557617,
  "val/kendall_tau_mean": 0.19238801300525665,
  "val/f1_mean": 0.661596953868866,
  "val/specificity_mean": 0.6233766078948975,
  "val/supervised_loss": 0.6177429556846619,
  "val/spearman_rho_mean": 0.22733259201049805,
  "val/auprc_mean": 0.7589044570922852,
  "val/spearman_rho_top10_mean": 0.056303009390830994,
  "val/auroc_mean": 0.6369820833206177,
  "val/ECE_mean": 0.015410793013870716,
  "val/tnr_at_recall_80_mean": 0.37662336230278015,
  "val/ppv_mean": 0.75,
  "val/recall_at_precision_90_mean": 0.06122449040412903,
  "val/enrichment_factor_mean": 1.1428571939468384,
  "val/tnr_at_recall_75_mean": 0.41558441519737244,
  "val/precision_mean": 0.75,
  "val/recall_at_precision_80_mean": 0.16326530277729034,
  "val/spearman_rho_top20_mean": 0.004722812213003635,
  "val/kendall_tau_top20_mean": 0.0040686726570129395,
  "val/balanced_accuracy_mean": 0.6076066493988037,
  "val/tnr_at_recall_85_mean": 0.27272728085517883,
  "training_epochs": 88,
  "best_lr": 0.0005,
  "best_weight_decay": 0.0
}