{
  "val/average_precision_mean": 0.7787460684776306,
  "val/supervised_loss": 0.6662445068359375,
  "val/tnr_at_recall_80_mean": 0.27419355511665344,
  "val/mcc_mean": 0.21334415674209595,
  "val/precision_mean": 0.804347813129425,
  "val/cohen_kappa_mean": 0.18807849287986755,
  "val/auroc_mean": 0.6062585115432739,
  "val/tnr_at_recall_85_mean": 0.20967741310596466,
  "val/f1_mean": 0.632478654384613,
  "val/recall_at_precision_75_mean": 0.6760563254356384,
  "val/recall_mean": 0.5211267471313477,
  "val/ppv_mean": 0.804347813129425,
  "val/spearman_rho_mean": 0.16930492222309113,
  "val/kendall_tau_mean": 0.1385785937309265,
  "val/recall_at_precision_85_mean": 0.17605634033679962,
  "val/kendall_tau_top50_mean": 0.11603930592536926,
  "val/pos_lr_mean": 1.794992208480835,
  "val/kendall_tau_top20_mean": 0.13874725997447968,
  "val/tnr_at_recall_90_mean": 0.09677419066429138,
  "val/balanced_accuracy_mean": 0.615402102470398,
  "val/loss": 0.6662445068359375,
  "val/spearman_rho_top20_mean": 0.16784487664699554,
  "val/recall_at_precision_90_mean": 0.07042253762483597,
  "val/optimal_threshold_mean": 0.618206799030304,
  "val/kendall_tau_top10_mean": -0.05079349875450134,
  "val/specificity_mean": 0.7096773982048035,
  "val/recall_at_precision_95_mean": 0.007042253389954567,
  "val/auprc_mean": 0.7787460684776306,
  "val/spearman_rho_top50_mean": 0.1414269655942917,
  "val/tnr_at_recall_75_mean": 0.35483869910240173,
  "val/tnr_at_recall_95_mean": 0.032258063554763794,
  "val/recall_at_precision_80_mean": 0.5352112650871277,
  "val/enrichment_factor_mean": 1.155542016029358,
  "val/spearman_rho_top10_mean": -0.060709841549396515,
  "val/sensitivity_mean": 0.5211267471313477,
  "val/ECE_mean": 0.11421974003314972,
  "training_epochs": 6,
  "best_lr": 0.0005,
  "best_weight_decay": 0.1
}