{
  "val/recall_at_precision_95_mean": 0.0317460335791111,
  "val/tnr_at_recall_90_mean": 0.20338982343673706,
  "val/supervised_loss": 0.7319442629814148,
  "val/sensitivity_mean": 0.5634920597076416,
  "val/spearman_rho_mean": 0.27125415205955505,
  "val/specificity_mean": 0.7457627058029175,
  "val/ppv_mean": 0.8255813717842102,
  "val/kendall_tau_top50_mean": 0.14060033857822418,
  "val/kendall_tau_mean": 0.22207587957382202,
  "val/precision_mean": 0.8255813717842102,
  "val/auprc_mean": 0.8092383146286011,
  "val/recall_mean": 0.5634920597076416,
  "val/spearman_rho_top10_mean": 0.21549855172634125,
  "val/tnr_at_recall_85_mean": 0.2711864411830902,
  "val/f1_mean": 0.6698113083839417,
  "val/average_precision_mean": 0.8092383146286011,
  "val/recall_at_precision_90_mean": 0.3095238208770752,
  "val/kendall_tau_top20_mean": -0.14165282249450684,
  "val/tnr_at_recall_80_mean": 0.33898305892944336,
  "val/optimal_threshold_mean": 0.6605282425880432,
  "val/auroc_mean": 0.6680118441581726,
  "val/mcc_mean": 0.28897538781166077,
  "val/loss": 0.7319442629814148,
  "val/kendall_tau_top10_mean": 0.18077537417411804,
  "val/pos_lr_mean": 2.216402053833008,
  "val/recall_at_precision_75_mean": 0.7777777910232544,
  "val/balanced_accuracy_mean": 0.6546273827552795,
  "val/recall_at_precision_80_mean": 0.5952380895614624,
  "val/spearman_rho_top50_mean": 0.17127123475074768,
  "val/recall_at_precision_85_mean": 0.4523809552192688,
  "val/tnr_at_recall_95_mean": 0.08474576473236084,
  "val/enrichment_factor_mean": 1.2121632099151611,
  "val/spearman_rho_top20_mean": -0.17119058966636658,
  "val/cohen_kappa_mean": 0.2620241641998291,
  "val/tnr_at_recall_75_mean": 0.508474588394165,
  "val/ECE_mean": 0.18055425584316254,
  "training_epochs": 107,
  "best_lr": 0.0005,
  "best_weight_decay": 0.1
}