{
  "val/enrichment_factor_mean": 1.1148169040679932,
  "val/spearman_rho_mean": 0.17220179736614227,
  "val/spearman_rho_top50_mean": 0.04928091913461685,
  "val/balanced_accuracy_mean": 0.6157428622245789,
  "val/auprc_mean": 0.7675069570541382,
  "val/cohen_kappa_mean": 0.21488822996616364,
  "val/tnr_at_recall_85_mean": 0.33870968222618103,
  "val/kendall_tau_top50_mean": 0.040438275784254074,
  "val/auroc_mean": 0.6080758571624756,
  "val/kendall_tau_top20_mean": 0.11636866629123688,
  "val/sensitivity_mean": 0.6830986142158508,
  "val/specificity_mean": 0.5483871102333069,
  "val/tnr_at_recall_80_mean": 0.3870967626571655,
  "val/recall_at_precision_90_mean": 0.1267605572938919,
  "val/kendall_tau_mean": 0.14098277688026428,
  "val/tnr_at_recall_90_mean": 0.22580644488334656,
  "val/recall_at_precision_95_mean": 0.007042253389954567,
  "val/recall_at_precision_75_mean": 0.8450704216957092,
  "val/ppv_mean": 0.7760000228881836,
  "val/tnr_at_recall_95_mean": 0.16129031777381897,
  "val/loss": 0.6478774547576904,
  "val/optimal_threshold_mean": 0.6548572182655334,
  "val/recall_at_precision_80_mean": 0.22535210847854614,
  "val/average_precision_mean": 0.7675069570541382,
  "val/precision_mean": 0.7760000228881836,
  "val/kendall_tau_top10_mean": -0.2176428735256195,
  "val/spearman_rho_top20_mean": 0.14077313244342804,
  "val/tnr_at_recall_75_mean": 0.4032258093357086,
  "val/ECE_mean": 0.06199511140584946,
  "val/recall_at_precision_85_mean": 0.1619718372821808,
  "val/pos_lr_mean": 1.5125755071640015,
  "val/recall_mean": 0.6830986142158508,
  "val/mcc_mean": 0.21857254207134247,
  "val/f1_mean": 0.7265917658805847,
  "val/supervised_loss": 0.6478774547576904,
  "val/spearman_rho_top10_mean": -0.2601329982280731,
  "training_epochs": 8,
  "best_lr": 0.0005,
  "best_weight_decay": 0.0
}