{
  "val/ECE_mean": 0.16573423147201538,
  "val/kendall_tau_mean": 0.1518881916999817,
  "val/cohen_kappa_mean": 0.3269922733306885,
  "val/f1_mean": 0.8047337532043457,
  "val/tnr_at_recall_95_mean": 0.12121212482452393,
  "val/auprc_mean": 0.7675282955169678,
  "val/kendall_tau_top20_mean": -0.17230260372161865,
  "val/spearman_rho_top10_mean": -0.322748601436615,
  "val/kendall_tau_top50_mean": -0.031635478138923645,
  "val/recall_at_precision_85_mean": 0.0,
  "val/tnr_at_recall_75_mean": 0.5454545617103577,
  "val/ppv_mean": 0.8192771077156067,
  "val/pos_lr_mean": 1.739534854888916,
  "val/tnr_at_recall_80_mean": 0.5454545617103577,
  "val/recall_at_precision_75_mean": 0.9186046719551086,
  "val/loss": 0.7263619899749756,
  "val/precision_mean": 0.8192771077156067,
  "val/auroc_mean": 0.6194503307342529,
  "val/spearman_rho_top20_mean": -0.20658355951309204,
  "val/tnr_at_recall_85_mean": 0.3030303120613098,
  "val/kendall_tau_top10_mean": -0.2752409279346466,
  "val/supervised_loss": 0.7263619899749756,
  "val/recall_mean": 0.7906976938247681,
  "val/average_precision_mean": 0.7675282955169678,
  "val/optimal_threshold_mean": 0.6231930255889893,
  "val/spearman_rho_mean": 0.18524755537509918,
  "val/recall_at_precision_80_mean": 0.8139534592628479,
  "val/specificity_mean": 0.5454545617103577,
  "val/recall_at_precision_90_mean": 0.0,
  "val/sensitivity_mean": 0.7906976938247681,
  "val/mcc_mean": 0.3276060223579407,
  "val/recall_at_precision_95_mean": 0.0,
  "val/tnr_at_recall_90_mean": 0.21212121844291687,
  "val/balanced_accuracy_mean": 0.6680760979652405,
  "val/enrichment_factor_mean": 1.1336508989334106,
  "val/spearman_rho_top50_mean": -0.0384211540222168,
  "training_epochs": 130,
  "best_lr": 0.0001,
  "best_weight_decay": 0.0
}