{
  "val/recall_at_precision_85_mean": 0.07514450699090958,
  "val/tnr_at_recall_95_mean": 0.11764705926179886,
  "val/recall_at_precision_75_mean": 0.2601155936717987,
  "val/supervised_loss": 0.694421112537384,
  "val/spearman_rho_top50_mean": 0.1436874121427536,
  "val/recall_at_precision_95_mean": 0.034682080149650574,
  "val/kendall_tau_top50_mean": 0.11775386333465576,
  "val/balanced_accuracy_mean": 0.5823699235916138,
  "val/tnr_at_recall_85_mean": 0.23529411852359772,
  "val/kendall_tau_mean": 0.1343100368976593,
  "val/f1_mean": 0.6784660816192627,
  "val/auprc_mean": 0.7188422083854675,
  "val/kendall_tau_top10_mean": 0.0,
  "val/average_precision_mean": 0.7188422083854675,
  "val/sensitivity_mean": 0.6647399067878723,
  "val/tnr_at_recall_90_mean": 0.1764705926179886,
  "val/recall_at_precision_90_mean": 0.034682080149650574,
  "val/cohen_kappa_mean": 0.16245214641094208,
  "val/precision_mean": 0.6927710771560669,
  "val/auroc_mean": 0.5981242060661316,
  "val/pos_lr_mean": 1.3294798135757446,
  "val/recall_at_precision_80_mean": 0.18497109413146973,
  "val/kendall_tau_top20_mean": 0.14297324419021606,
  "val/enrichment_factor_mean": 1.101225733757019,
  "val/spearman_rho_top10_mean": 0.0,
  "val/mcc_mean": 0.16268765926361084,
  "val/spearman_rho_mean": 0.16419510543346405,
  "val/tnr_at_recall_80_mean": 0.3137255012989044,
  "val/ppv_mean": 0.6927710771560669,
  "val/loss": 0.694421112537384,
  "val/recall_mean": 0.6647399067878723,
  "val/optimal_threshold_mean": 0.6704457998275757,
  "val/tnr_at_recall_75_mean": 0.38235294818878174,
  "val/spearman_rho_top20_mean": 0.17353525757789612,
  "val/ECE_mean": 0.10523314028978348,
  "val/specificity_mean": 0.5,
  "training_epochs": 5,
  "best_lr": 0.0005,
  "best_weight_decay": 0.1
}