{
  "val/supervised_loss": 0.6923943758010864,
  "val/spearman_rho_mean": 0.21655398607254028,
  "val/spearman_rho_top20_mean": 0.02821064367890358,
  "val/recall_mean": 0.753731369972229,
  "val/recall_at_precision_75_mean": 0.7686567306518555,
  "val/ppv_mean": 0.7593985199928284,
  "val/precision_mean": 0.7593985199928284,
  "val/tnr_at_recall_90_mean": 0.23076923191547394,
  "val/f1_mean": 0.7565543055534363,
  "val/loss": 0.6923943758010864,
  "val/specificity_mean": 0.5076923370361328,
  "val/auprc_mean": 0.7665016651153564,
  "val/tnr_at_recall_80_mean": 0.3384615480899811,
  "val/average_precision_mean": 0.7665016651153564,
  "val/balanced_accuracy_mean": 0.6307118535041809,
  "val/kendall_tau_mean": 0.17725929617881775,
  "val/cohen_kappa_mean": 0.2603922486305237,
  "val/recall_at_precision_95_mean": 0.014925372786819935,
  "val/tnr_at_recall_95_mean": 0.07692307978868484,
  "val/tnr_at_recall_85_mean": 0.3384615480899811,
  "val/auroc_mean": 0.6332950592041016,
  "val/kendall_tau_top10_mean": -0.022075539454817772,
  "val/enrichment_factor_mean": 1.1277633905410767,
  "val/kendall_tau_top50_mean": 0.0771583542227745,
  "val/pos_lr_mean": 1.5310168266296387,
  "val/optimal_threshold_mean": 0.5338520407676697,
  "val/sensitivity_mean": 0.753731369972229,
  "val/kendall_tau_top20_mean": 0.023327331990003586,
  "val/recall_at_precision_85_mean": 0.11940298229455948,
  "val/recall_at_precision_90_mean": 0.014925372786819935,
  "val/spearman_rho_top10_mean": -0.02635231427848339,
  "val/ECE_mean": 0.08769030123949051,
  "val/mcc_mean": 0.2604091167449951,
  "val/spearman_rho_top50_mean": 0.0940256118774414,
  "val/recall_at_precision_80_mean": 0.3507462739944458,
  "val/tnr_at_recall_75_mean": 0.5076923370361328,
  "training_epochs": 10,
  "best_lr": 0.0005,
  "best_weight_decay": 1.0
}