{
  "val/specificity_mean": 0.6413043737411499,
  "val/sensitivity_mean": 0.6385542154312134,
  "val/recall_at_precision_80_mean": 0.40963855385780334,
  "val/recall_at_precision_95_mean": 0.0662650614976883,
  "val/precision_mean": 0.7625899314880371,
  "val/cohen_kappa_mean": 0.262675940990448,
  "val/auroc_mean": 0.6616029143333435,
  "val/ECE_mean": 0.04623718559741974,
  "val/recall_mean": 0.6385542154312134,
  "val/recall_at_precision_85_mean": 0.13855421543121338,
  "val/recall_at_precision_90_mean": 0.10843373835086823,
  "val/optimal_threshold_mean": 0.6216378211975098,
  "val/loss": 0.6729726791381836,
  "val/tnr_at_recall_85_mean": 0.32608696818351746,
  "val/spearman_rho_top50_mean": 0.09302730113267899,
  "val/spearman_rho_top20_mean": 0.2047930806875229,
  "val/balanced_accuracy_mean": 0.6399292945861816,
  "val/tnr_at_recall_80_mean": 0.43478259444236755,
  "val/f1_mean": 0.6950819492340088,
  "val/spearman_rho_mean": 0.2681460678577423,
  "val/supervised_loss": 0.6729726791381836,
  "val/mcc_mean": 0.268909215927124,
  "val/kendall_tau_top20_mean": 0.16884423792362213,
  "val/average_precision_mean": 0.7700244188308716,
  "val/auprc_mean": 0.7700244188308716,
  "val/tnr_at_recall_75_mean": 0.489130437374115,
  "val/ppv_mean": 0.7625899314880371,
  "val/spearman_rho_top10_mean": 0.302613765001297,
  "val/kendall_tau_top10_mean": 0.2519763112068176,
  "val/tnr_at_recall_95_mean": 0.1195652186870575,
  "val/enrichment_factor_mean": 1.1852301359176636,
  "val/kendall_tau_top50_mean": 0.07625030726194382,
  "val/recall_at_precision_75_mean": 0.6686747074127197,
  "val/tnr_at_recall_90_mean": 0.239130437374115,
  "val/pos_lr_mean": 1.7802118062973022,
  "val/kendall_tau_mean": 0.21936751902103424,
  "training_epochs": 4,
  "best_lr": 0.001,
  "best_weight_decay": 0.01
}