{
  "val/ECE_mean": 0.12555493414402008,
  "val/spearman_rho_top10_mean": 0.23782575130462646,
  "val/tnr_at_recall_95_mean": 0.09278350323438644,
  "val/tnr_at_recall_90_mean": 0.20618556439876556,
  "val/specificity_mean": 0.36082473397254944,
  "val/enrichment_factor_mean": 1.0927610397338867,
  "val/tnr_at_recall_75_mean": 0.39175257086753845,
  "val/precision_mean": 0.6770833134651184,
  "val/loss": 0.7045755982398987,
  "val/sensitivity_mean": 0.8227847814559937,
  "val/optimal_threshold_mean": 0.5404876470565796,
  "val/kendall_tau_mean": 0.10377708822488785,
  "val/pos_lr_mean": 1.2872600555419922,
  "val/f1_mean": 0.7428571581840515,
  "val/balanced_accuracy_mean": 0.5918048024177551,
  "val/average_precision_mean": 0.6798161268234253,
  "val/tnr_at_recall_80_mean": 0.3814432919025421,
  "val/kendall_tau_top20_mean": 0.06025845929980278,
  "val/cohen_kappa_mean": 0.19693470001220703,
  "val/recall_at_precision_80_mean": 0.07594936341047287,
  "val/spearman_rho_mean": 0.12685196101665497,
  "val/auroc_mean": 0.5754273533821106,
  "val/recall_at_precision_75_mean": 0.1582278460264206,
  "val/spearman_rho_top50_mean": 0.09519695490598679,
  "val/recall_at_precision_90_mean": 0.006329114083200693,
  "val/spearman_rho_top20_mean": 0.07308816909790039,
  "val/recall_at_precision_95_mean": 0.006329114083200693,
  "val/kendall_tau_top10_mean": 0.1980295032262802,
  "val/kendall_tau_top50_mean": 0.07803340256214142,
  "val/auprc_mean": 0.6798161268234253,
  "val/mcc_mean": 0.20667541027069092,
  "val/recall_mean": 0.8227847814559937,
  "val/tnr_at_recall_85_mean": 0.3195876181125641,
  "val/supervised_loss": 0.7045755982398987,
  "val/ppv_mean": 0.6770833134651184,
  "val/recall_at_precision_85_mean": 0.04430379718542099,
  "training_epochs": 78,
  "best_lr": 0.0005,
  "best_weight_decay": 1.0
}