{
  "val/tnr_at_recall_75_mean": 0.3125,
  "val/recall_at_precision_85_mean": 0.1462264209985733,
  "val/average_precision_mean": 0.7149099111557007,
  "val/mcc_mean": 0.13880550861358643,
  "val/cohen_kappa_mean": 0.1317686140537262,
  "val/optimal_threshold_mean": 0.5702492594718933,
  "val/enrichment_factor_mean": 1.0529638528823853,
  "val/precision_mean": 0.6889764070510864,
  "val/spearman_rho_top10_mean": 0.10719727724790573,
  "val/recall_at_precision_75_mean": 0.16981132328510284,
  "val/spearman_rho_top50_mean": 0.0663822591304779,
  "val/f1_mean": 0.7510729432106018,
  "val/ppv_mean": 0.6889764070510864,
  "val/kendall_tau_mean": 0.0740690752863884,
  "val/recall_at_precision_80_mean": 0.16509434580802917,
  "val/tnr_at_recall_85_mean": 0.2678571343421936,
  "val/supervised_loss": 0.6646606922149658,
  "val/ECE_mean": 0.05403035879135132,
  "val/pos_lr_mean": 1.1702890396118164,
  "val/auprc_mean": 0.7149099111557007,
  "val/kendall_tau_top10_mean": 0.08888328820466995,
  "val/tnr_at_recall_90_mean": 0.1428571492433548,
  "val/auroc_mean": 0.5548559427261353,
  "val/kendall_tau_top50_mean": 0.054574161767959595,
  "val/tnr_at_recall_95_mean": 0.0535714291036129,
  "val/spearman_rho_top20_mean": 0.22793541848659515,
  "val/tnr_at_recall_80_mean": 0.2946428656578064,
  "val/recall_mean": 0.8254716992378235,
  "val/loss": 0.6646606922149658,
  "val/balanced_accuracy_mean": 0.5600572824478149,
  "val/recall_at_precision_95_mean": 0.01886792480945587,
  "val/sensitivity_mean": 0.8254716992378235,
  "val/spearman_rho_mean": 0.0903819277882576,
  "val/recall_at_precision_90_mean": 0.05188679322600365,
  "val/kendall_tau_top20_mean": 0.1879914551973343,
  "val/specificity_mean": 0.2946428656578064,
  "training_epochs": 20,
  "best_lr": 0.0005,
  "best_weight_decay": 0.1
}