{
  "val/recall_at_precision_90_mean": 0.01764705963432789,
  "val/ECE_mean": 0.07809635251760483,
  "val/kendall_tau_top50_mean": 0.09120099991559982,
  "val/tnr_at_recall_80_mean": 0.3333333432674408,
  "val/tnr_at_recall_95_mean": 0.06306306272745132,
  "val/spearman_rho_mean": 0.19115282595157623,
  "val/tnr_at_recall_75_mean": 0.37837839126586914,
  "val/cohen_kappa_mean": 0.17424607276916504,
  "val/auprc_mean": 0.7010011076927185,
  "val/balanced_accuracy_mean": 0.5958399772644043,
  "val/recall_at_precision_85_mean": 0.03529411926865578,
  "val/optimal_threshold_mean": 0.7079826593399048,
  "val/kendall_tau_top20_mean": 0.01541321910917759,
  "val/auroc_mean": 0.612877607345581,
  "val/pos_lr_mean": 1.7336714267730713,
  "val/kendall_tau_top10_mean": 0.056927505880594254,
  "val/kendall_tau_mean": 0.15635308623313904,
  "val/recall_at_precision_95_mean": 0.01764705963432789,
  "val/precision_mean": 0.7264150977134705,
  "val/average_precision_mean": 0.7010011076927185,
  "val/sensitivity_mean": 0.4529411792755127,
  "val/enrichment_factor_mean": 1.2007213830947876,
  "val/spearman_rho_top10_mean": 0.06850902736186981,
  "val/tnr_at_recall_85_mean": 0.2702702581882477,
  "val/specificity_mean": 0.7387387156486511,
  "val/spearman_rho_top20_mean": 0.018710937350988388,
  "val/ppv_mean": 0.7264150977134705,
  "val/recall_mean": 0.4529411792755127,
  "val/spearman_rho_top50_mean": 0.11130116134881973,
  "val/recall_at_precision_80_mean": 0.06470588594675064,
  "val/tnr_at_recall_90_mean": 0.15315315127372742,
  "val/supervised_loss": 0.6846442222595215,
  "val/f1_mean": 0.5579710006713867,
  "val/recall_at_precision_75_mean": 0.3764705955982208,
  "val/mcc_mean": 0.19332614541053772,
  "val/loss": 0.6846442222595215,
  "training_epochs": 48,
  "best_lr": 0.0005,
  "best_weight_decay": 1.0
}