{
  "val/average_precision_mean": 0.6176663637161255,
  "val/spearman_rho_mean": 0.0467805415391922,
  "val/spearman_rho_top20_mean": 0.0,
  "val/f1_mean": 0.7330096960067749,
  "val/enrichment_factor_mean": 1.0313806533813477,
  "val/cohen_kappa_mean": 0.07709303498268127,
  "val/balanced_accuracy_mean": 0.5342077612876892,
  "val/ppv_mean": 0.6239669322967529,
  "val/tnr_at_recall_85_mean": 0.19819819927215576,
  "val/auprc_mean": 0.6176663637161255,
  "val/recall_at_precision_75_mean": 0.0,
  "val/spearman_rho_top50_mean": 0.0,
  "val/tnr_at_recall_90_mean": 0.12612612545490265,
  "val/sensitivity_mean": 0.8882352709770203,
  "val/pos_lr_mean": 1.0834518671035767,
  "val/ECE_mean": 0.0617559552192688,
  "val/specificity_mean": 0.18018017709255219,
  "val/tnr_at_recall_95_mean": 0.027027027681469917,
  "val/supervised_loss": 0.685880720615387,
  "val/precision_mean": 0.6239669322967529,
  "val/kendall_tau_top10_mean": 0.0,
  "val/tnr_at_recall_75_mean": 0.27927929162979126,
  "val/recall_at_precision_80_mean": 0.0,
  "val/recall_at_precision_95_mean": 0.0,
  "val/recall_at_precision_90_mean": 0.0,
  "val/spearman_rho_top10_mean": 0.0,
  "val/tnr_at_recall_80_mean": 0.2432432472705841,
  "val/recall_mean": 0.8882352709770203,
  "val/optimal_threshold_mean": 0.6351330876350403,
  "val/kendall_tau_top50_mean": 0.0,
  "val/auroc_mean": 0.522363543510437,
  "val/kendall_tau_mean": 0.04346473515033722,
  "val/mcc_mean": 0.09673871099948883,
  "val/kendall_tau_top20_mean": 0.0,
  "val/recall_at_precision_85_mean": 0.0,
  "val/loss": 0.685880720615387,
  "training_epochs": 41,
  "best_lr": 0.001,
  "best_weight_decay": 0.01
}