{
  "val/kendall_tau_top20_mean": -0.08231080323457718,
  "val/loss": 0.6672058701515198,
  "val/tnr_at_recall_80_mean": 0.37681159377098083,
  "val/tnr_at_recall_75_mean": 0.47826087474823,
  "val/spearman_rho_top50_mean": -0.08525184541940689,
  "val/average_precision_mean": 0.7502986788749695,
  "val/recall_at_precision_80_mean": 0.05797101557254791,
  "val/enrichment_factor_mean": 1.182692289352417,
  "val/pos_lr_mean": 1.8636363744735718,
  "val/ECE_mean": 0.07352692633867264,
  "val/supervised_loss": 0.6672058701515198,
  "val/spearman_rho_top10_mean": 0.13245323300361633,
  "val/sensitivity_mean": 0.5942028760910034,
  "val/recall_at_precision_95_mean": 0.007246376946568489,
  "val/tnr_at_recall_85_mean": 0.3188405930995941,
  "val/recall_at_precision_90_mean": 0.007246376946568489,
  "val/ppv_mean": 0.7884615659713745,
  "val/precision_mean": 0.7884615659713745,
  "val/auprc_mean": 0.7502986788749695,
  "val/f1_mean": 0.6776859760284424,
  "val/kendall_tau_mean": 0.18612539768218994,
  "val/spearman_rho_mean": 0.22740750014781952,
  "val/kendall_tau_top10_mean": 0.11081832647323608,
  "val/cohen_kappa_mean": 0.2451612949371338,
  "val/recall_mean": 0.5942028760910034,
  "val/tnr_at_recall_90_mean": 0.17391304671764374,
  "val/kendall_tau_top50_mean": -0.06994492560625076,
  "val/tnr_at_recall_95_mean": 0.10144927352666855,
  "val/recall_at_precision_85_mean": 0.007246376946568489,
  "val/auroc_mean": 0.639256477355957,
  "val/optimal_threshold_mean": 0.6453173756599426,
  "val/specificity_mean": 0.6811594367027283,
  "val/recall_at_precision_75_mean": 0.6884058117866516,
  "val/balanced_accuracy_mean": 0.6376811861991882,
  "val/spearman_rho_top20_mean": -0.09960238635540009,
  "val/mcc_mean": 0.2596171200275421,
  "training_epochs": 35,
  "best_lr": 0.001,
  "best_weight_decay": 0.01
}