{
  "val/recall_at_precision_85_mean": 0.03351955488324165,
  "val/spearman_rho_top20_mean": 0.06778719276189804,
  "val/ppv_mean": 0.6785714030265808,
  "val/recall_at_precision_80_mean": 0.07821229100227356,
  "val/spearman_rho_top10_mean": 0.18288317322731018,
  "val/tnr_at_recall_85_mean": 0.3196721374988556,
  "val/precision_mean": 0.6785714030265808,
  "val/recall_at_precision_90_mean": 0.016759777441620827,
  "val/tnr_at_recall_95_mean": 0.1147540956735611,
  "val/auprc_mean": 0.713840901851654,
  "val/pos_lr_mean": 1.4388577938079834,
  "val/mcc_mean": 0.23344701528549194,
  "val/supervised_loss": 0.7040688395500183,
  "val/specificity_mean": 0.4836065471172333,
  "val/sensitivity_mean": 0.74301677942276,
  "val/loss": 0.7040688395500183,
  "val/auroc_mean": 0.6449766755104065,
  "val/tnr_at_recall_90_mean": 0.2295081913471222,
  "val/kendall_tau_mean": 0.20165342092514038,
  "val/enrichment_factor_mean": 1.141061544418335,
  "val/balanced_accuracy_mean": 0.6133116483688354,
  "val/recall_at_precision_95_mean": 0.016759777441620827,
  "val/spearman_rho_mean": 0.24656476080417633,
  "val/cohen_kappa_mean": 0.2317652851343155,
  "val/kendall_tau_top50_mean": 0.16203340888023376,
  "val/optimal_threshold_mean": 0.5732526183128357,
  "val/tnr_at_recall_75_mean": 0.4754098355770111,
  "val/recall_at_precision_75_mean": 0.4134078323841095,
  "val/kendall_tau_top20_mean": 0.055807340890169144,
  "val/spearman_rho_top50_mean": 0.19779136776924133,
  "val/ECE_mean": 0.10737241804599762,
  "val/recall_mean": 0.74301677942276,
  "val/tnr_at_recall_80_mean": 0.37704917788505554,
  "val/average_precision_mean": 0.713840901851654,
  "val/kendall_tau_top10_mean": 0.15179181098937988,
  "val/f1_mean": 0.7093333601951599,
  "training_epochs": 68,
  "best_lr": 0.0001,
  "best_weight_decay": 1.0
}