{
  "val/recall_at_precision_80_mean": 0.2886597812175751,
  "val/loss": 0.6930840611457825,
  "val/kendall_tau_top20_mean": 0.02620234712958336,
  "val/spearman_rho_top50_mean": 0.2140955626964569,
  "val/spearman_rho_mean": 0.15752698481082916,
  "val/tnr_at_recall_95_mean": 0.09734513610601425,
  "val/recall_mean": 0.3195876181125641,
  "val/recall_at_precision_95_mean": 0.010309278033673763,
  "val/mcc_mean": 0.17611800134181976,
  "val/ppv_mean": 0.7749999761581421,
  "val/cohen_kappa_mean": 0.13240890204906464,
  "val/recall_at_precision_90_mean": 0.010309278033673763,
  "val/enrichment_factor_mean": 1.2264175415039062,
  "val/auprc_mean": 0.717689037322998,
  "val/tnr_at_recall_85_mean": 0.2300885021686554,
  "val/tnr_at_recall_80_mean": 0.3097345232963562,
  "val/recall_at_precision_85_mean": 0.04123711213469505,
  "val/spearman_rho_top20_mean": 0.03183133900165558,
  "val/tnr_at_recall_75_mean": 0.37168142199516296,
  "val/auroc_mean": 0.5942888259887695,
  "val/kendall_tau_top10_mean": -0.007991055026650429,
  "val/sensitivity_mean": 0.3195876181125641,
  "val/optimal_threshold_mean": 0.8121460676193237,
  "val/spearman_rho_top10_mean": -0.009627854451537132,
  "val/balanced_accuracy_mean": 0.5801478028297424,
  "val/average_precision_mean": 0.717689037322998,
  "val/kendall_tau_top50_mean": 0.17537863552570343,
  "val/recall_at_precision_75_mean": 0.34020617604255676,
  "val/pos_lr_mean": 2.006300210952759,
  "val/supervised_loss": 0.6930840611457825,
  "val/precision_mean": 0.7749999761581421,
  "val/specificity_mean": 0.8407079577445984,
  "val/f1_mean": 0.45255473256111145,
  "val/kendall_tau_mean": 0.12882955372333527,
  "val/ECE_mean": 0.11660130321979523,
  "val/tnr_at_recall_90_mean": 0.18584071099758148,
  "training_epochs": 11,
  "best_lr": 0.0005,
  "best_weight_decay": 0.1
}