{
  "val/spearman_rho_top10_mean": -0.04309971258044243,
  "val/tnr_at_recall_75_mean": 0.5396825671195984,
  "val/recall_at_precision_85_mean": 0.1428571492433548,
  "val/ECE_mean": 0.10918956995010376,
  "val/loss": 0.6355738639831543,
  "val/enrichment_factor_mean": 1.1499336957931519,
  "val/optimal_threshold_mean": 0.44832876324653625,
  "val/pos_lr_mean": 1.6042780876159668,
  "val/balanced_accuracy_mean": 0.6582633256912231,
  "val/auprc_mean": 0.7663614153862,
  "val/kendall_tau_top20_mean": 0.15079210698604584,
  "val/tnr_at_recall_90_mean": 0.30158731341362,
  "val/recall_at_precision_80_mean": 0.18487395346164703,
  "val/recall_at_precision_95_mean": 0.05882352963089943,
  "val/f1_mean": 0.7936508059501648,
  "val/kendall_tau_mean": 0.2205665111541748,
  "val/specificity_mean": 0.4761904776096344,
  "val/average_precision_mean": 0.7663614153862,
  "val/recall_mean": 0.8403361439704895,
  "val/ppv_mean": 0.7518796920776367,
  "val/cohen_kappa_mean": 0.3339901566505432,
  "val/kendall_tau_top10_mean": -0.03615507483482361,
  "val/recall_at_precision_90_mean": 0.05882352963089943,
  "val/tnr_at_recall_85_mean": 0.460317462682724,
  "val/recall_at_precision_75_mean": 0.8571428656578064,
  "val/precision_mean": 0.7518796920776367,
  "val/tnr_at_recall_95_mean": 0.1111111119389534,
  "val/kendall_tau_top50_mean": 0.024498887360095978,
  "val/supervised_loss": 0.6355738639831543,
  "val/spearman_rho_mean": 0.26939859986305237,
  "val/auroc_mean": 0.6634653806686401,
  "val/spearman_rho_top20_mean": 0.18216906487941742,
  "val/spearman_rho_top50_mean": 0.02984137088060379,
  "val/mcc_mean": 0.33949244022369385,
  "val/tnr_at_recall_80_mean": 0.4920634925365448,
  "val/sensitivity_mean": 0.8403361439704895,
  "training_epochs": 27,
  "best_lr": 0.0005,
  "best_weight_decay": 1.0
}