{
  "val/recall_mean": 0.5492957830429077,
  "val/spearman_rho_top10_mean": -0.1083887442946434,
  "val/tnr_at_recall_90_mean": 0.09677419066429138,
  "val/spearman_rho_top50_mean": 0.06546758115291595,
  "val/tnr_at_recall_85_mean": 0.25806450843811035,
  "val/mcc_mean": 0.20871542394161224,
  "val/loss": 0.6957845687866211,
  "val/auroc_mean": 0.6199454665184021,
  "val/specificity_mean": 0.6774193644523621,
  "val/tnr_at_recall_75_mean": 0.4032258093357086,
  "val/cohen_kappa_mean": 0.18894357979297638,
  "val/kendall_tau_mean": 0.1564248651266098,
  "val/spearman_rho_top20_mean": -0.20621973276138306,
  "val/tnr_at_recall_95_mean": 0.08064515888690948,
  "val/enrichment_factor_mean": 1.1434320211410522,
  "val/recall_at_precision_75_mean": 0.6549295783042908,
  "val/balanced_accuracy_mean": 0.6133575439453125,
  "val/f1_mean": 0.6499999761581421,
  "val/recall_at_precision_85_mean": 0.31690141558647156,
  "val/precision_mean": 0.795918345451355,
  "val/kendall_tau_top50_mean": 0.05371544510126114,
  "val/optimal_threshold_mean": 0.7230737209320068,
  "val/ppv_mean": 0.795918345451355,
  "val/ECE_mean": 0.1390644609928131,
  "val/recall_at_precision_80_mean": 0.5352112650871277,
  "val/recall_at_precision_90_mean": 0.014084506779909134,
  "val/auprc_mean": 0.7796233892440796,
  "val/tnr_at_recall_80_mean": 0.32258063554763794,
  "val/spearman_rho_mean": 0.1911127120256424,
  "val/pos_lr_mean": 1.7028168439865112,
  "val/kendall_tau_top20_mean": -0.17046943306922913,
  "val/sensitivity_mean": 0.5492957830429077,
  "val/supervised_loss": 0.6957845687866211,
  "val/kendall_tau_top10_mean": -0.09068453311920166,
  "val/recall_at_precision_95_mean": 0.014084506779909134,
  "val/average_precision_mean": 0.7796233892440796,
  "training_epochs": 42,
  "best_lr": 0.0005,
  "best_weight_decay": 0.0
}