{
  "val/recall_at_precision_90_mean": 0.0,
  "val/recall_at_precision_75_mean": 0.1031746044754982,
  "val/kendall_tau_top20_mean": 0.0,
  "val/auprc_mean": 0.6807266473770142,
  "val/pos_lr_mean": 1.6403508186340332,
  "val/recall_at_precision_95_mean": 0.0,
  "val/spearman_rho_mean": 0.1153213232755661,
  "val/enrichment_factor_mean": 1.17380952835083,
  "val/spearman_rho_top10_mean": 0.302864134311676,
  "val/recall_mean": 0.4047619104385376,
  "val/tnr_at_recall_75_mean": 0.350649356842041,
  "val/spearman_rho_top50_mean": 0.09306219965219498,
  "val/mcc_mean": 0.16130085289478302,
  "val/recall_at_precision_85_mean": 0.095238097012043,
  "val/tnr_at_recall_90_mean": 0.09090909361839294,
  "val/tnr_at_recall_95_mean": 0.025974025949835777,
  "val/balanced_accuracy_mean": 0.5790043473243713,
  "val/kendall_tau_top50_mean": 0.07665600627660751,
  "val/ECE_mean": 0.07016658037900925,
  "val/loss": 0.7052234411239624,
  "val/spearman_rho_top20_mean": 0.0,
  "val/tnr_at_recall_80_mean": 0.16883116960525513,
  "val/f1_mean": 0.5204081535339355,
  "val/tnr_at_recall_85_mean": 0.16883116960525513,
  "val/cohen_kappa_mean": 0.1384323686361313,
  "val/average_precision_mean": 0.6807266473770142,
  "val/auroc_mean": 0.5685425400733948,
  "val/recall_at_precision_80_mean": 0.1031746044754982,
  "val/precision_mean": 0.7285714149475098,
  "val/supervised_loss": 0.7052234411239624,
  "val/ppv_mean": 0.7285714149475098,
  "val/sensitivity_mean": 0.4047619104385376,
  "val/kendall_tau_top10_mean": 0.2539682686328888,
  "val/optimal_threshold_mean": 0.6721029281616211,
  "val/kendall_tau_mean": 0.09538087993860245,
  "val/specificity_mean": 0.7532467246055603,
  "training_epochs": 65,
  "best_lr": 0.001,
  "best_weight_decay": 0.01
}