{
  "val/precision_mean": 0.7796609997749329,
  "val/spearman_rho_mean": 0.08746514469385147,
  "val/recall_at_precision_75_mean": 0.6511628031730652,
  "val/ppv_mean": 0.7796609997749329,
  "val/pos_lr_mean": 1.3577817678451538,
  "val/tnr_at_recall_95_mean": 0.0,
  "val/average_precision_mean": 0.7566249966621399,
  "val/specificity_mean": 0.6060606241226196,
  "val/kendall_tau_top20_mean": 0.0,
  "val/tnr_at_recall_75_mean": 0.0,
  "val/sensitivity_mean": 0.5348837375640869,
  "val/recall_at_precision_95_mean": 0.0,
  "val/tnr_at_recall_85_mean": 0.0,
  "val/tnr_at_recall_80_mean": 0.0,
  "val/enrichment_factor_mean": 1.0788332223892212,
  "val/spearman_rho_top50_mean": -0.06980375200510025,
  "val/recall_mean": 0.5348837375640869,
  "val/loss": 0.6329275965690613,
  "val/cohen_kappa_mean": 0.11256507784128189,
  "val/kendall_tau_top10_mean": 0.0,
  "val/spearman_rho_top10_mean": 0.0,
  "val/kendall_tau_top50_mean": -0.06980375200510025,
  "val/auprc_mean": 0.7566249966621399,
  "val/auroc_mean": 0.5525017380714417,
  "val/optimal_threshold_mean": 0.6577295660972595,
  "val/recall_at_precision_80_mean": 0.0,
  "val/mcc_mean": 0.1261979043483734,
  "val/recall_at_precision_85_mean": 0.0,
  "val/recall_at_precision_90_mean": 0.0,
  "val/kendall_tau_mean": 0.07989570498466492,
  "val/tnr_at_recall_90_mean": 0.0,
  "val/balanced_accuracy_mean": 0.5704721808433533,
  "val/supervised_loss": 0.6329275965690613,
  "val/ECE_mean": 0.06707751750946045,
  "val/spearman_rho_top20_mean": 0.0,
  "val/f1_mean": 0.634482741355896,
  "training_epochs": 39,
  "best_lr": 0.0005,
  "best_weight_decay": 0.01
}