{
  "val/tnr_at_recall_90_mean": 0.30158731341362,
  "val/recall_mean": 0.848739504814148,
  "val/cohen_kappa_mean": 0.32869911193847656,
  "val/kendall_tau_top10_mean": 0.0,
  "val/tnr_at_recall_75_mean": 0.5396825671195984,
  "val/kendall_tau_top20_mean": 0.2465033233165741,
  "val/ECE_mean": 0.06069270893931389,
  "val/spearman_rho_top10_mean": 0.0,
  "val/loss": 0.604016900062561,
  "val/supervised_loss": 0.604016900062561,
  "val/spearman_rho_mean": 0.3320494592189789,
  "val/f1_mean": 0.7952755689620972,
  "val/recall_at_precision_90_mean": 0.26050421595573425,
  "val/balanced_accuracy_mean": 0.6545284986495972,
  "val/precision_mean": 0.7481481432914734,
  "val/ppv_mean": 0.7481481432914734,
  "val/tnr_at_recall_95_mean": 0.2539682686328888,
  "val/enrichment_factor_mean": 1.1442265510559082,
  "val/pos_lr_mean": 1.5726643800735474,
  "val/sensitivity_mean": 0.848739504814148,
  "val/kendall_tau_mean": 0.2718610465526581,
  "val/spearman_rho_top20_mean": 0.29779595136642456,
  "val/recall_at_precision_80_mean": 0.4117647111415863,
  "val/tnr_at_recall_80_mean": 0.4920634925365448,
  "val/optimal_threshold_mean": 0.5845165252685547,
  "val/average_precision_mean": 0.8188941478729248,
  "val/spearman_rho_top50_mean": 0.22473329305648804,
  "val/recall_at_precision_95_mean": 0.18487395346164703,
  "val/specificity_mean": 0.460317462682724,
  "val/auprc_mean": 0.8188941478729248,
  "val/kendall_tau_top50_mean": 0.18449941277503967,
  "val/tnr_at_recall_85_mean": 0.460317462682724,
  "val/mcc_mean": 0.33594366908073425,
  "val/auroc_mean": 0.7014805674552917,
  "val/recall_at_precision_85_mean": 0.3025210201740265,
  "val/recall_at_precision_75_mean": 0.8571428656578064,
  "training_epochs": 23,
  "best_lr": 0.001,
  "best_weight_decay": 1.0
}