{
  "val/spearman_rho_top50_mean": 0.11305241286754608,
  "val/kendall_tau_top10_mean": 0.1017841324210167,
  "val/recall_at_precision_80_mean": 0.12716762721538544,
  "val/enrichment_factor_mean": 1.159079909324646,
  "val/spearman_rho_top20_mean": 0.2974162697792053,
  "val/tnr_at_recall_90_mean": 0.14705882966518402,
  "val/recall_mean": 0.4046242833137512,
  "val/ECE_mean": 0.12633855640888214,
  "val/tnr_at_recall_95_mean": 0.06862745434045792,
  "val/specificity_mean": 0.7450980544090271,
  "val/tnr_at_recall_75_mean": 0.37254902720451355,
  "val/loss": 0.7155181169509888,
  "val/cohen_kappa_mean": 0.12964007258415222,
  "val/spearman_rho_mean": 0.145371675491333,
  "val/recall_at_precision_85_mean": 0.080924853682518,
  "val/pos_lr_mean": 1.5873721837997437,
  "val/average_precision_mean": 0.711523175239563,
  "val/auroc_mean": 0.5868752002716064,
  "val/auprc_mean": 0.711523175239563,
  "val/recall_at_precision_75_mean": 0.20809248089790344,
  "val/supervised_loss": 0.7155181169509888,
  "val/sensitivity_mean": 0.4046242833137512,
  "val/f1_mean": 0.5204461216926575,
  "val/precision_mean": 0.7291666865348816,
  "val/balanced_accuracy_mean": 0.5748611688613892,
  "val/kendall_tau_top20_mean": 0.2450370490550995,
  "val/tnr_at_recall_80_mean": 0.343137264251709,
  "val/kendall_tau_mean": 0.11891109496355057,
  "val/ppv_mean": 0.7291666865348816,
  "val/kendall_tau_top50_mean": 0.09264318645000458,
  "val/recall_at_precision_90_mean": 0.05780346691608429,
  "val/mcc_mean": 0.15172164142131805,
  "val/spearman_rho_top10_mean": 0.12241329252719879,
  "val/tnr_at_recall_85_mean": 0.28431373834609985,
  "val/optimal_threshold_mean": 0.7483720183372498,
  "val/recall_at_precision_95_mean": 0.028901733458042145,
  "training_epochs": 80,
  "best_lr": 5e-05,
  "best_weight_decay": 1.0
}