{
  "val/f1_mean": 0.7426160573959351,
  "val/ppv_mean": 0.7457627058029175,
  "val/recall_at_precision_95_mean": 0.05882352963089943,
  "val/spearman_rho_top20_mean": 0.2925264537334442,
  "val/auroc_mean": 0.6271842122077942,
  "val/auprc_mean": 0.7566969990730286,
  "val/cohen_kappa_mean": 0.26232558488845825,
  "val/precision_mean": 0.7457627058029175,
  "val/recall_mean": 0.7394958138465881,
  "val/recall_at_precision_90_mean": 0.10084033757448196,
  "val/spearman_rho_mean": 0.20960552990436554,
  "val/average_precision_mean": 0.7566969990730286,
  "val/tnr_at_recall_75_mean": 0.4444444477558136,
  "val/tnr_at_recall_85_mean": 0.30158731341362,
  "val/spearman_rho_top50_mean": 0.00577574921771884,
  "val/balanced_accuracy_mean": 0.6316526532173157,
  "val/enrichment_factor_mean": 1.140578269958496,
  "val/sensitivity_mean": 0.7394958138465881,
  "val/pos_lr_mean": 1.5529412031173706,
  "val/recall_at_precision_75_mean": 0.7310924530029297,
  "val/tnr_at_recall_95_mean": 0.095238097012043,
  "val/specificity_mean": 0.523809552192688,
  "val/supervised_loss": 0.6530779004096985,
  "val/kendall_tau_top50_mean": 0.004741719923913479,
  "val/loss": 0.6530779004096985,
  "val/ECE_mean": 0.10009447485208511,
  "val/spearman_rho_top10_mean": 0.10221993923187256,
  "val/kendall_tau_mean": 0.1716117262840271,
  "val/tnr_at_recall_90_mean": 0.1587301641702652,
  "val/recall_at_precision_80_mean": 0.1428571492433548,
  "val/mcc_mean": 0.2623447775840759,
  "val/kendall_tau_top20_mean": 0.24214144051074982,
  "val/tnr_at_recall_80_mean": 0.3174603283405304,
  "val/kendall_tau_top10_mean": 0.08574929088354111,
  "val/recall_at_precision_85_mean": 0.13445378839969635,
  "val/optimal_threshold_mean": 0.5790887475013733,
  "training_epochs": 8,
  "best_lr": 0.0005,
  "best_weight_decay": 0.0
}