{
  "val/tnr_at_recall_90_mean": 0.3461538553237915,
  "val/pos_lr_mean": 1.403706669807434,
  "val/ppv_mean": 0.6633663177490234,
  "val/specificity_mean": 0.3461538553237915,
  "val/f1_mean": 0.7701149582862854,
  "val/precision_mean": 0.6633663177490234,
  "val/kendall_tau_top10_mean": 0.10403129458427429,
  "val/ECE_mean": 0.08808652311563492,
  "val/supervised_loss": 0.661888599395752,
  "val/tnr_at_recall_80_mean": 0.4038461446762085,
  "val/recall_at_precision_75_mean": 0.04109589010477066,
  "val/mcc_mean": 0.33032262325286865,
  "val/optimal_threshold_mean": 0.4912962317466736,
  "val/recall_at_precision_80_mean": 0.027397260069847107,
  "val/spearman_rho_top50_mean": -0.019280388951301575,
  "val/auprc_mean": 0.6739861965179443,
  "val/enrichment_factor_mean": 1.1359013319015503,
  "val/sensitivity_mean": 0.9178082346916199,
  "val/auroc_mean": 0.6380400657653809,
  "val/spearman_rho_top10_mean": 0.12241329252719879,
  "val/tnr_at_recall_85_mean": 0.38461539149284363,
  "val/spearman_rho_mean": 0.23570169508457184,
  "val/kendall_tau_top50_mean": -0.015868818387389183,
  "val/balanced_accuracy_mean": 0.6319810152053833,
  "val/recall_at_precision_95_mean": 0.027397260069847107,
  "val/cohen_kappa_mean": 0.28612220287323,
  "val/tnr_at_recall_75_mean": 0.4615384638309479,
  "val/kendall_tau_mean": 0.19321788847446442,
  "val/kendall_tau_top20_mean": -0.10891623049974442,
  "val/spearman_rho_top20_mean": -0.1308041661977768,
  "val/loss": 0.661888599395752,
  "val/recall_mean": 0.9178082346916199,
  "val/tnr_at_recall_95_mean": 0.23076923191547394,
  "val/average_precision_mean": 0.6739861965179443,
  "val/recall_at_precision_90_mean": 0.027397260069847107,
  "val/recall_at_precision_85_mean": 0.027397260069847107,
  "training_epochs": 58,
  "best_lr": 0.0005,
  "best_weight_decay": 1.0
}