{
  "val/specificity_mean": 0.6385542154312134,
  "val/pos_lr_mean": 1.515079379081726,
  "val/enrichment_factor_mean": 1.156084656715393,
  "val/loss": 0.7205241322517395,
  "val/balanced_accuracy_mean": 0.5930866599082947,
  "val/auprc_mean": 0.6726568937301636,
  "val/recall_at_precision_75_mean": 0.1666666716337204,
  "val/spearman_rho_top20_mean": 0.07309826463460922,
  "val/spearman_rho_top10_mean": -0.25031307339668274,
  "val/sensitivity_mean": 0.5476190447807312,
  "val/cohen_kappa_mean": 0.1763826608657837,
  "val/ECE_mean": 0.10309477895498276,
  "val/supervised_loss": 0.7205241322517395,
  "val/tnr_at_recall_90_mean": 0.14457830786705017,
  "val/recall_at_precision_85_mean": 0.007936508394777775,
  "val/spearman_rho_mean": 0.14073798060417175,
  "val/mcc_mean": 0.18244320154190063,
  "val/kendall_tau_mean": 0.1156436875462532,
  "val/kendall_tau_top10_mean": -0.20942695438861847,
  "val/recall_at_precision_90_mean": 0.007936508394777775,
  "val/spearman_rho_top50_mean": 0.06730154901742935,
  "val/precision_mean": 0.6969696879386902,
  "val/tnr_at_recall_95_mean": 0.09638553857803345,
  "val/kendall_tau_top20_mean": 0.06047649309039116,
  "val/recall_at_precision_80_mean": 0.007936508394777775,
  "val/auroc_mean": 0.5829986333847046,
  "val/tnr_at_recall_85_mean": 0.1807228922843933,
  "val/average_precision_mean": 0.6726568937301636,
  "val/kendall_tau_top50_mean": 0.05596824362874031,
  "val/ppv_mean": 0.6969696879386902,
  "val/recall_mean": 0.5476190447807312,
  "val/optimal_threshold_mean": 0.7223927974700928,
  "val/recall_at_precision_95_mean": 0.007936508394777775,
  "val/tnr_at_recall_75_mean": 0.3132530152797699,
  "val/f1_mean": 0.6133333444595337,
  "val/tnr_at_recall_80_mean": 0.2409638613462448,
  "training_epochs": 5,
  "best_lr": 0.001,
  "best_weight_decay": 0.0
}