{
  "val/cohen_kappa_mean": 0.17430582642555237,
  "val/tnr_at_recall_80_mean": 0.3235294222831726,
  "val/spearman_rho_top50_mean": -0.09620864689350128,
  "val/mcc_mean": 0.17960557341575623,
  "val/tnr_at_recall_90_mean": 0.18627451360225677,
  "val/kendall_tau_top20_mean": 0.06945551931858063,
  "val/auroc_mean": 0.5834749937057495,
  "val/recall_at_precision_85_mean": 0.005780346691608429,
  "val/f1_mean": 0.6389776468276978,
  "val/tnr_at_recall_95_mean": 0.10784313827753067,
  "val/auprc_mean": 0.6801781058311462,
  "val/precision_mean": 0.7142857313156128,
  "val/kendall_tau_top10_mean": 0.16375024616718292,
  "val/recall_at_precision_75_mean": 0.07514450699090958,
  "val/pos_lr_mean": 1.47398841381073,
  "val/recall_mean": 0.5780346989631653,
  "val/sensitivity_mean": 0.5780346989631653,
  "val/optimal_threshold_mean": 0.6911982893943787,
  "val/enrichment_factor_mean": 1.135425329208374,
  "val/spearman_rho_mean": 0.13968199491500854,
  "val/ppv_mean": 0.7142857313156128,
  "val/kendall_tau_top50_mean": -0.07884020358324051,
  "val/tnr_at_recall_75_mean": 0.4019607901573181,
  "val/balanced_accuracy_mean": 0.5929388999938965,
  "val/recall_at_precision_80_mean": 0.05202312022447586,
  "val/recall_at_precision_95_mean": 0.005780346691608429,
  "val/supervised_loss": 0.7378895878791809,
  "val/spearman_rho_top10_mean": 0.1969384253025055,
  "val/specificity_mean": 0.6078431606292725,
  "val/average_precision_mean": 0.6801781058311462,
  "val/ECE_mean": 0.09388941526412964,
  "val/spearman_rho_top20_mean": 0.08430235832929611,
  "val/tnr_at_recall_85_mean": 0.2450980395078659,
  "val/kendall_tau_mean": 0.11425704509019852,
  "val/loss": 0.7378895878791809,
  "val/recall_at_precision_90_mean": 0.005780346691608429,
  "training_epochs": 9,
  "best_lr": 0.0005,
  "best_weight_decay": 1.0
}