{
  "val/kendall_tau_top20_mean": 0.2242141216993332,
  "val/recall_at_precision_85_mean": 0.13855421543121338,
  "val/spearman_rho_top50_mean": 0.09314980357885361,
  "val/auroc_mean": 0.5834206342697144,
  "val/tnr_at_recall_90_mean": 0.21739129722118378,
  "val/recall_mean": 0.7650602459907532,
  "val/recall_at_precision_80_mean": 0.16867469251155853,
  "val/tnr_at_recall_80_mean": 0.29347825050354004,
  "val/kendall_tau_top50_mean": 0.07639992237091064,
  "val/recall_at_precision_75_mean": 0.21686747670173645,
  "val/auprc_mean": 0.7171053886413574,
  "val/ECE_mean": 0.041864488273859024,
  "val/tnr_at_recall_85_mean": 0.22826087474822998,
  "val/enrichment_factor_mean": 1.0669488906860352,
  "val/recall_at_precision_95_mean": 0.0,
  "val/spearman_rho_mean": 0.1384219378232956,
  "val/cohen_kappa_mean": 0.14112156629562378,
  "val/sensitivity_mean": 0.7650602459907532,
  "val/mcc_mean": 0.14316202700138092,
  "val/spearman_rho_top10_mean": -0.08534859120845795,
  "val/kendall_tau_top10_mean": -0.07106690853834152,
  "val/specificity_mean": 0.3695652186870575,
  "val/f1_mean": 0.7236467003822327,
  "val/optimal_threshold_mean": 0.5862847566604614,
  "val/precision_mean": 0.6864864826202393,
  "val/loss": 0.6968153715133667,
  "val/tnr_at_recall_95_mean": 0.07608695328235626,
  "val/recall_at_precision_90_mean": 0.0662650614976883,
  "val/tnr_at_recall_75_mean": 0.3695652186870575,
  "val/balanced_accuracy_mean": 0.5673127174377441,
  "val/ppv_mean": 0.6864864826202393,
  "val/supervised_loss": 0.6968153715133667,
  "val/pos_lr_mean": 1.2135437726974487,
  "val/average_precision_mean": 0.7171053886413574,
  "val/kendall_tau_mean": 0.11333490908145905,
  "val/spearman_rho_top20_mean": 0.2716563045978546,
  "training_epochs": 0,
  "best_lr": 0.001,
  "best_weight_decay": 0.01
}