{
  "val/tnr_at_recall_95_mean": 0.054347824305295944,
  "val/recall_at_precision_85_mean": 0.1867469847202301,
  "val/tnr_at_recall_90_mean": 0.06521739065647125,
  "val/average_precision_mean": 0.7310118079185486,
  "val/recall_at_precision_90_mean": 0.012048192322254181,
  "val/tnr_at_recall_85_mean": 0.06521739065647125,
  "val/specificity_mean": 0.5760869383811951,
  "val/spearman_rho_top20_mean": -0.06990779936313629,
  "val/cohen_kappa_mean": 0.19806042313575745,
  "val/ECE_mean": 0.05038950964808464,
  "val/auroc_mean": 0.6199253797531128,
  "val/tnr_at_recall_75_mean": 0.06521739065647125,
  "val/tnr_at_recall_80_mean": 0.06521739065647125,
  "val/sensitivity_mean": 0.6325300931930542,
  "val/kendall_tau_top50_mean": 0.09300193190574646,
  "val/recall_at_precision_80_mean": 0.3132530152797699,
  "val/spearman_rho_mean": 0.2033538669347763,
  "val/recall_at_precision_95_mean": 0.012048192322254181,
  "val/optimal_threshold_mean": 0.5892807841300964,
  "val/recall_at_precision_75_mean": 0.47590360045433044,
  "val/ppv_mean": 0.7291666865348816,
  "val/enrichment_factor_mean": 1.1332831382751465,
  "val/precision_mean": 0.7291666865348816,
  "val/balanced_accuracy_mean": 0.604308545589447,
  "val/mcc_mean": 0.20121675729751587,
  "val/kendall_tau_top20_mean": -0.05782255157828331,
  "val/pos_lr_mean": 1.4921222925186157,
  "val/recall_mean": 0.6325300931930542,
  "val/kendall_tau_mean": 0.1736467033624649,
  "val/kendall_tau_top10_mean": -0.20995625853538513,
  "val/spearman_rho_top10_mean": -0.25009649991989136,
  "val/auprc_mean": 0.7310118079185486,
  "val/loss": 0.6986671686172485,
  "val/f1_mean": 0.6774193644523621,
  "val/supervised_loss": 0.6986671686172485,
  "val/spearman_rho_top50_mean": 0.11340506374835968,
  "training_epochs": 16,
  "best_lr": 0.001,
  "best_weight_decay": 1.0
}