{
  "val/supervised_loss": 0.6463672518730164,
  "val/spearman_rho_mean": 0.15573909878730774,
  "val/tnr_at_recall_80_mean": 0.3333333432674408,
  "val/enrichment_factor_mean": 1.0945851802825928,
  "val/sensitivity_mean": 0.6162790656089783,
  "val/precision_mean": 0.7910447716712952,
  "val/auprc_mean": 0.7899099588394165,
  "val/recall_at_precision_90_mean": 0.12790697813034058,
  "val/tnr_at_recall_95_mean": 0.03030303120613098,
  "val/mcc_mean": 0.17332102358341217,
  "val/kendall_tau_top10_mean": -0.42640143632888794,
  "val/average_precision_mean": 0.7899099588394165,
  "val/balanced_accuracy_mean": 0.5960183143615723,
  "val/spearman_rho_top50_mean": 0.07665193825960159,
  "val/kendall_tau_top50_mean": 0.0631142109632492,
  "val/spearman_rho_top10_mean": -0.5,
  "val/kendall_tau_mean": 0.12769360840320587,
  "val/ECE_mean": 0.05045723542571068,
  "val/auroc_mean": 0.6004228591918945,
  "val/recall_at_precision_85_mean": 0.27906978130340576,
  "val/recall_at_precision_95_mean": 0.0,
  "val/tnr_at_recall_75_mean": 0.39393940567970276,
  "val/optimal_threshold_mean": 0.6787571310997009,
  "val/loss": 0.6463672518730164,
  "val/cohen_kappa_mean": 0.16310040652751923,
  "val/pos_lr_mean": 1.4526578187942505,
  "val/recall_mean": 0.6162790656089783,
  "val/recall_at_precision_80_mean": 0.5116279125213623,
  "val/recall_at_precision_75_mean": 0.8139534592628479,
  "val/kendall_tau_top20_mean": 0.07211621850728989,
  "val/ppv_mean": 0.7910447716712952,
  "val/f1_mean": 0.6928104758262634,
  "val/specificity_mean": 0.5757575631141663,
  "val/spearman_rho_top20_mean": 0.0864643082022667,
  "val/tnr_at_recall_90_mean": 0.03030303120613098,
  "val/tnr_at_recall_85_mean": 0.21212121844291687,
  "training_epochs": 10,
  "best_lr": 0.0005,
  "best_weight_decay": 1.0
}