{
  "val/tnr_at_recall_95_mean": 0.07692307978868484,
  "val/auprc_mean": 0.6982408761978149,
  "val/ppv_mean": 0.6794871687889099,
  "val/enrichment_factor_mean": 1.1635054349899292,
  "val/spearman_rho_top50_mean": 0.10850191116333008,
  "val/recall_at_precision_95_mean": 0.013698630034923553,
  "val/balanced_accuracy_mean": 0.6226291060447693,
  "val/kendall_tau_top10_mean": 0.13055823743343353,
  "val/recall_mean": 0.7260273694992065,
  "val/recall_at_precision_75_mean": 0.3835616409778595,
  "val/pos_lr_mean": 1.5101369619369507,
  "val/cohen_kappa_mean": 0.24869774281978607,
  "val/loss": 0.7253372669219971,
  "val/sensitivity_mean": 0.7260273694992065,
  "val/precision_mean": 0.6794871687889099,
  "val/ECE_mean": 0.1644853800535202,
  "val/tnr_at_recall_80_mean": 0.38461539149284363,
  "val/kendall_tau_top20_mean": -0.2379247546195984,
  "val/spearman_rho_mean": 0.255043625831604,
  "val/supervised_loss": 0.7253372669219971,
  "val/spearman_rho_top20_mean": -0.28573837876319885,
  "val/tnr_at_recall_85_mean": 0.36538460850715637,
  "val/tnr_at_recall_90_mean": 0.23076923191547394,
  "val/recall_at_precision_80_mean": 0.06849315017461777,
  "val/optimal_threshold_mean": 0.6408854722976685,
  "val/kendall_tau_top50_mean": 0.08930303156375885,
  "val/tnr_at_recall_75_mean": 0.4423076808452606,
  "val/recall_at_precision_90_mean": 0.013698630034923553,
  "val/average_precision_mean": 0.6982408761978149,
  "val/auroc_mean": 0.6493677496910095,
  "val/specificity_mean": 0.5192307829856873,
  "val/kendall_tau_mean": 0.20907355844974518,
  "val/recall_at_precision_85_mean": 0.013698630034923553,
  "val/spearman_rho_top10_mean": 0.15362747013568878,
  "val/mcc_mean": 0.24956883490085602,
  "val/f1_mean": 0.7019867300987244,
  "training_epochs": 82,
  "best_lr": 0.0005,
  "best_weight_decay": 0.0
}