{
  "val/spearman_rho_top20_mean": 0.0,
  "val/spearman_rho_top50_mean": 0.06856401264667511,
  "val/cohen_kappa_mean": 0.24140256643295288,
  "val/average_precision_mean": 0.745617151260376,
  "val/recall_mean": 0.5660377144813538,
  "val/kendall_tau_mean": 0.21517601609230042,
  "val/recall_at_precision_90_mean": 0.0,
  "val/tnr_at_recall_90_mean": 0.1696428507566452,
  "val/auroc_mean": 0.6423307061195374,
  "val/tnr_at_recall_80_mean": 0.1696428507566452,
  "val/mcc_mean": 0.2585442066192627,
  "val/tnr_at_recall_75_mean": 0.4017857015132904,
  "val/spearman_rho_top10_mean": 0.0,
  "val/recall_at_precision_95_mean": 0.0,
  "val/ppv_mean": 0.7843137383460999,
  "val/recall_at_precision_80_mean": 0.0,
  "val/kendall_tau_top50_mean": 0.06629954278469086,
  "val/spearman_rho_mean": 0.2446291744709015,
  "val/pos_lr_mean": 1.921097755432129,
  "val/optimal_threshold_mean": 0.7078568935394287,
  "val/recall_at_precision_85_mean": 0.0,
  "val/sensitivity_mean": 0.5660377144813538,
  "val/tnr_at_recall_95_mean": 0.1428571492433548,
  "val/tnr_at_recall_85_mean": 0.1696428507566452,
  "val/specificity_mean": 0.7053571343421936,
  "val/supervised_loss": 0.6628800630569458,
  "val/kendall_tau_top10_mean": 0.0,
  "val/kendall_tau_top20_mean": 0.0,
  "val/auprc_mean": 0.745617151260376,
  "val/ECE_mean": 0.06929942965507507,
  "val/f1_mean": 0.6575342416763306,
  "val/balanced_accuracy_mean": 0.6356974244117737,
  "val/enrichment_factor_mean": 1.198668122291565,
  "val/recall_at_precision_75_mean": 0.6367924809455872,
  "val/precision_mean": 0.7843137383460999,
  "val/loss": 0.6628800630569458,
  "training_epochs": 2,
  "best_lr": 0.001,
  "best_weight_decay": 0.1
}