{
  "val/spearman_rho_mean": 0.17355099320411682,
  "val/sensitivity_mean": 0.8037974834442139,
  "val/pos_lr_mean": 1.2994725704193115,
  "val/kendall_tau_top10_mean": 0.010286889970302582,
  "val/tnr_at_recall_95_mean": 0.09278350323438644,
  "val/kendall_tau_top50_mean": -0.007593364920467138,
  "val/recall_at_precision_95_mean": 0.012658228166401386,
  "val/tnr_at_recall_85_mean": 0.2886597812175751,
  "val/tnr_at_recall_80_mean": 0.3814432919025421,
  "val/cohen_kappa_mean": 0.1965862214565277,
  "val/auprc_mean": 0.690970778465271,
  "val/ECE_mean": 0.08041845262050629,
  "val/precision_mean": 0.6791443824768066,
  "val/recall_at_precision_90_mean": 0.012658228166401386,
  "val/auroc_mean": 0.6030927896499634,
  "val/spearman_rho_top20_mean": -0.0329241119325161,
  "val/tnr_at_recall_90_mean": 0.1649484485387802,
  "val/ppv_mean": 0.6791443824768066,
  "val/recall_at_precision_75_mean": 0.06962025165557861,
  "val/enrichment_factor_mean": 1.0960874557495117,
  "val/supervised_loss": 0.6791317462921143,
  "val/recall_mean": 0.8037974834442139,
  "val/kendall_tau_mean": 0.14322948455810547,
  "val/kendall_tau_top20_mean": -0.02746136672794819,
  "val/average_precision_mean": 0.690970778465271,
  "val/mcc_mean": 0.2033647745847702,
  "val/spearman_rho_top10_mean": 0.012354155071079731,
  "val/spearman_rho_top50_mean": -0.008983034640550613,
  "val/balanced_accuracy_mean": 0.5926203727722168,
  "val/tnr_at_recall_75_mean": 0.42268040776252747,
  "val/specificity_mean": 0.3814432919025421,
  "val/optimal_threshold_mean": 0.5770331025123596,
  "val/f1_mean": 0.7362318634986877,
  "val/recall_at_precision_80_mean": 0.06329113990068436,
  "val/recall_at_precision_85_mean": 0.012658228166401386,
  "val/loss": 0.6791317462921143,
  "training_epochs": 74,
  "best_lr": 0.0005,
  "best_weight_decay": 0.1
}