{
  "val/average_precision_mean": 0.6789607405662537,
  "val/recall_mean": 0.8492063283920288,
  "val/auroc_mean": 0.6395103931427002,
  "val/cohen_kappa_mean": 0.3002232015132904,
  "val/tnr_at_recall_95_mean": 0.15662650763988495,
  "val/recall_at_precision_75_mean": 0.0317460335791111,
  "val/kendall_tau_top50_mean": -0.01493909489363432,
  "val/tnr_at_recall_75_mean": 0.4819277226924896,
  "val/recall_at_precision_80_mean": 0.0317460335791111,
  "val/tnr_at_recall_80_mean": 0.4337349534034729,
  "val/spearman_rho_mean": 0.23707005381584167,
  "val/kendall_tau_top20_mean": -0.05344679579138756,
  "val/recall_at_precision_85_mean": 0.0,
  "val/tnr_at_recall_85_mean": 0.4337349534034729,
  "val/optimal_threshold_mean": 0.6810029745101929,
  "val/supervised_loss": 0.7197338938713074,
  "val/recall_at_precision_90_mean": 0.0,
  "val/spearman_rho_top50_mean": -0.01790858991444111,
  "val/kendall_tau_top10_mean": -0.0658971294760704,
  "val/loss": 0.7197338938713074,
  "val/kendall_tau_mean": 0.19708094000816345,
  "val/auprc_mean": 0.6789607405662537,
  "val/balanced_accuracy_mean": 0.6414706707000732,
  "val/pos_lr_mean": 1.4996622800827026,
  "val/sensitivity_mean": 0.8492063283920288,
  "val/ppv_mean": 0.6948052048683167,
  "val/enrichment_factor_mean": 1.1524943113327026,
  "val/precision_mean": 0.6948052048683167,
  "val/specificity_mean": 0.4337349534034729,
  "val/spearman_rho_top10_mean": -0.07181697338819504,
  "val/mcc_mean": 0.314397394657135,
  "val/ECE_mean": 0.1100161150097847,
  "val/recall_at_precision_95_mean": 0.0,
  "val/spearman_rho_top20_mean": -0.06280462443828583,
  "val/f1_mean": 0.7642857432365417,
  "val/tnr_at_recall_90_mean": 0.28915661573410034,
  "training_epochs": 2,
  "best_lr": 0.001,
  "best_weight_decay": 0.1
}