{
  "val/kendall_tau_top10_mean": 0.2510482370853424,
  "val/recall_at_precision_75_mean": 0.33076924085617065,
  "val/loss": 0.6930117011070251,
  "val/tnr_at_recall_80_mean": 0.3214285671710968,
  "val/kendall_tau_top50_mean": 0.08760218322277069,
  "val/tnr_at_recall_85_mean": 0.2738095223903656,
  "val/spearman_rho_mean": 0.1978158950805664,
  "val/auroc_mean": 0.6169413924217224,
  "val/spearman_rho_top50_mean": 0.10679245740175247,
  "val/tnr_at_recall_75_mean": 0.3571428656578064,
  "val/ECE_mean": 0.09395452588796616,
  "val/pos_lr_mean": 1.5664335489273071,
  "val/mcc_mean": 0.21766823530197144,
  "val/specificity_mean": 0.6071428656578064,
  "val/recall_at_precision_80_mean": 0.13076923787593842,
  "val/precision_mean": 0.7079645991325378,
  "val/recall_at_precision_95_mean": 0.03846153989434242,
  "val/supervised_loss": 0.6930117011070251,
  "val/f1_mean": 0.6584362387657166,
  "val/tnr_at_recall_95_mean": 0.0476190485060215,
  "val/recall_at_precision_85_mean": 0.13076923787593842,
  "val/kendall_tau_mean": 0.16189293563365936,
  "val/spearman_rho_top20_mean": 0.1898786872625351,
  "val/cohen_kappa_mean": 0.21483512222766876,
  "val/ppv_mean": 0.7079645991325378,
  "val/sensitivity_mean": 0.6153846383094788,
  "val/optimal_threshold_mean": 0.6118500232696533,
  "val/spearman_rho_top10_mean": 0.3004007935523987,
  "val/balanced_accuracy_mean": 0.6112637519836426,
  "val/auprc_mean": 0.7190486192703247,
  "val/kendall_tau_top20_mean": 0.15687009692192078,
  "val/enrichment_factor_mean": 1.1654186248779297,
  "val/average_precision_mean": 0.7190486192703247,
  "val/recall_at_precision_90_mean": 0.07692307978868484,
  "val/recall_mean": 0.6153846383094788,
  "val/tnr_at_recall_90_mean": 0.2023809552192688,
  "training_epochs": 13,
  "best_lr": 0.0005,
  "best_weight_decay": 0.01
}