{
  "val/supervised_loss": 0.6916016936302185,
  "val/kendall_tau_top10_mean": -0.02025478705763817,
  "val/tnr_at_recall_85_mean": 0.34736841917037964,
  "val/balanced_accuracy_mean": 0.6464810371398926,
  "val/spearman_rho_top50_mean": 0.021307287737727165,
  "val/recall_at_precision_90_mean": 0.0,
  "val/spearman_rho_top10_mean": -0.024343224242329597,
  "val/kendall_tau_top20_mean": 0.0024289737921208143,
  "val/recall_at_precision_75_mean": 0.7093023061752319,
  "val/loss": 0.6916016936302185,
  "val/average_precision_mean": 0.7501502633094788,
  "val/pos_lr_mean": 1.7136255502700806,
  "val/mcc_mean": 0.28621047735214233,
  "val/auprc_mean": 0.7501502633094788,
  "val/recall_at_precision_85_mean": 0.04651162773370743,
  "val/ECE_mean": 0.09945839643478394,
  "val/tnr_at_recall_90_mean": 0.23157894611358643,
  "val/kendall_tau_top50_mean": 0.017462607473134995,
  "val/recall_mean": 0.7034883499145508,
  "val/recall_at_precision_80_mean": 0.1627907007932663,
  "val/specificity_mean": 0.5894736647605896,
  "val/spearman_rho_top20_mean": 0.0029471993912011385,
  "val/auroc_mean": 0.6618726849555969,
  "val/recall_at_precision_95_mean": 0.0,
  "val/ppv_mean": 0.7562500238418579,
  "val/tnr_at_recall_75_mean": 0.5157894492149353,
  "val/enrichment_factor_mean": 1.1739461421966553,
  "val/precision_mean": 0.7562500238418579,
  "val/kendall_tau_mean": 0.21960802376270294,
  "val/spearman_rho_mean": 0.26846152544021606,
  "val/sensitivity_mean": 0.7034883499145508,
  "val/f1_mean": 0.7289156913757324,
  "val/cohen_kappa_mean": 0.2849065661430359,
  "val/tnr_at_recall_95_mean": 0.11578947305679321,
  "val/optimal_threshold_mean": 0.626676619052887,
  "val/tnr_at_recall_80_mean": 0.42105263471603394,
  "training_epochs": 50,
  "best_lr": 0.0001,
  "best_weight_decay": 0.1
}