{
  "val/balanced_accuracy_mean": 0.593272864818573,
  "val/tnr_at_recall_80_mean": 0.3505154550075531,
  "val/tnr_at_recall_85_mean": 0.24742268025875092,
  "val/mcc_mean": 0.18124257028102875,
  "val/recall_at_precision_90_mean": 0.012658228166401386,
  "val/spearman_rho_top50_mean": 0.08395887166261673,
  "val/kendall_tau_top50_mean": 0.0688214898109436,
  "val/ECE_mean": 0.12825439870357513,
  "val/recall_at_precision_75_mean": 0.3037974536418915,
  "val/recall_at_precision_95_mean": 0.012658228166401386,
  "val/kendall_tau_top10_mean": -0.011547005735337734,
  "val/auprc_mean": 0.7122090458869934,
  "val/spearman_rho_mean": 0.1844620704650879,
  "val/spearman_rho_top20_mean": -0.058297526091337204,
  "val/kendall_tau_top20_mean": -0.04806412756443024,
  "val/tnr_at_recall_95_mean": 0.05154639109969139,
  "val/cohen_kappa_mean": 0.17736832797527313,
  "val/supervised_loss": 0.7246789932250977,
  "val/spearman_rho_top10_mean": -0.013867504894733429,
  "val/enrichment_factor_mean": 1.137082815170288,
  "val/precision_mean": 0.7045454382896423,
  "val/recall_at_precision_80_mean": 0.1265822798013687,
  "val/ppv_mean": 0.7045454382896423,
  "val/f1_mean": 0.6413792967796326,
  "val/loss": 0.7246789932250977,
  "val/auroc_mean": 0.6096829175949097,
  "val/recall_mean": 0.5886076092720032,
  "val/tnr_at_recall_75_mean": 0.42268040776252747,
  "val/recall_at_precision_85_mean": 0.012658228166401386,
  "val/sensitivity_mean": 0.5886076092720032,
  "val/tnr_at_recall_90_mean": 0.11340206116437912,
  "val/average_precision_mean": 0.7122090458869934,
  "val/optimal_threshold_mean": 0.6757360100746155,
  "val/kendall_tau_mean": 0.15090768039226532,
  "val/specificity_mean": 0.5979381203651428,
  "val/pos_lr_mean": 1.4639726877212524,
  "training_epochs": 42,
  "best_lr": 0.0001,
  "best_weight_decay": 0.0
}