{
  "val/tnr_at_recall_75_mean": 0.421875,
  "val/tnr_at_recall_95_mean": 0.171875,
  "val/average_precision_mean": 0.7900837063789368,
  "val/optimal_threshold_mean": 0.6774011254310608,
  "val/mcc_mean": 0.22276671230793,
  "val/tnr_at_recall_90_mean": 0.203125,
  "val/recall_at_precision_80_mean": 0.5,
  "val/balanced_accuracy_mean": 0.6206597089767456,
  "val/auprc_mean": 0.7900837063789368,
  "val/f1_mean": 0.6639676094055176,
  "val/supervised_loss": 0.6833081245422363,
  "val/ppv_mean": 0.7961165308952332,
  "val/auroc_mean": 0.62890625,
  "val/kendall_tau_mean": 0.16868379712104797,
  "val/cohen_kappa_mean": 0.20486366748809814,
  "val/spearman_rho_mean": 0.20609977841377258,
  "val/enrichment_factor_mean": 1.1499459743499756,
  "val/kendall_tau_top20_mean": -0.009054502472281456,
  "val/loss": 0.6833081245422363,
  "val/pos_lr_mean": 1.7354497909545898,
  "val/recall_at_precision_90_mean": 0.0833333358168602,
  "val/tnr_at_recall_85_mean": 0.265625,
  "val/recall_mean": 0.5694444179534912,
  "val/sensitivity_mean": 0.5694444179534912,
  "val/kendall_tau_top10_mean": 0.2357797771692276,
  "val/spearman_rho_top20_mean": -0.010956643149256706,
  "val/recall_at_precision_95_mean": 0.0555555559694767,
  "val/tnr_at_recall_80_mean": 0.328125,
  "val/specificity_mean": 0.671875,
  "val/spearman_rho_top50_mean": 0.034707069396972656,
  "val/ECE_mean": 0.13100352883338928,
  "val/recall_at_precision_75_mean": 0.7847222089767456,
  "val/kendall_tau_top50_mean": 0.028474118560552597,
  "val/spearman_rho_top10_mean": 0.2818107306957245,
  "val/recall_at_precision_85_mean": 0.0833333358168602,
  "val/precision_mean": 0.7961165308952332,
  "training_epochs": 66,
  "best_lr": 0.0001,
  "best_weight_decay": 0.01
}