{
  "val/optimal_threshold_mean": 0.6699564456939697,
  "val/enrichment_factor_mean": 1.1354987621307373,
  "val/auprc_mean": 0.6499362587928772,
  "val/recall_at_precision_95_mean": 0.0117647061124444,
  "val/kendall_tau_top10_mean": 0.07898645102977753,
  "val/mcc_mean": 0.13957031071186066,
  "val/average_precision_mean": 0.6499362587928772,
  "val/sensitivity_mean": 0.4647058844566345,
  "val/kendall_tau_top20_mean": -0.07015923410654068,
  "val/tnr_at_recall_90_mean": 0.18918919563293457,
  "val/supervised_loss": 0.6832817792892456,
  "val/auroc_mean": 0.5620826482772827,
  "val/recall_at_precision_85_mean": 0.0117647061124444,
  "val/spearman_rho_mean": 0.10513412207365036,
  "val/ppv_mean": 0.686956524848938,
  "val/tnr_at_recall_80_mean": 0.27927929162979126,
  "val/precision_mean": 0.686956524848938,
  "val/recall_mean": 0.4647058844566345,
  "val/loss": 0.6832817792892456,
  "val/f1_mean": 0.5543859601020813,
  "val/tnr_at_recall_75_mean": 0.28828829526901245,
  "val/tnr_at_recall_95_mean": 0.0810810774564743,
  "val/recall_at_precision_80_mean": 0.0235294122248888,
  "val/recall_at_precision_75_mean": 0.0235294122248888,
  "val/spearman_rho_top20_mean": -0.08517008274793625,
  "val/balanced_accuracy_mean": 0.5701907873153687,
  "val/kendall_tau_top50_mean": 0.03415917232632637,
  "val/ECE_mean": 0.08173801749944687,
  "val/specificity_mean": 0.6756756901741028,
  "val/recall_at_precision_90_mean": 0.0117647061124444,
  "val/spearman_rho_top10_mean": 0.0950557142496109,
  "val/tnr_at_recall_85_mean": 0.23423422873020172,
  "val/kendall_tau_mean": 0.08599857240915298,
  "val/pos_lr_mean": 1.4328430891036987,
  "val/cohen_kappa_mean": 0.12926679849624634,
  "val/spearman_rho_top50_mean": 0.041687652468681335,
  "training_epochs": 2,
  "best_lr": 0.001,
  "best_weight_decay": 0.0
}