{
  "val/tnr_at_recall_90_mean": 0.1111111119389534,
  "val/precision_mean": 0.8837209343910217,
  "val/f1_mean": 0.4691357910633087,
  "val/ECE_mean": 0.09708520770072937,
  "val/recall_at_precision_95_mean": 0.042016807943582535,
  "val/recall_at_precision_80_mean": 0.40336135029792786,
  "val/tnr_at_recall_95_mean": 0.0476190485060215,
  "val/recall_at_precision_85_mean": 0.3361344635486603,
  "val/auroc_mean": 0.6004402041435242,
  "val/auprc_mean": 0.7561715841293335,
  "val/supervised_loss": 0.6760273575782776,
  "val/spearman_rho_mean": 0.16553151607513428,
  "val/kendall_tau_top50_mean": 0.21061654388904572,
  "val/tnr_at_recall_80_mean": 0.2222222238779068,
  "val/spearman_rho_top20_mean": -0.09664956480264664,
  "val/recall_at_precision_75_mean": 0.462184876203537,
  "val/average_precision_mean": 0.7561715841293335,
  "val/cohen_kappa_mean": 0.18690909445285797,
  "val/kendall_tau_mean": 0.13557496666908264,
  "val/ppv_mean": 0.8837209343910217,
  "val/kendall_tau_top10_mean": -0.1325686126947403,
  "val/recall_mean": 0.3193277418613434,
  "val/spearman_rho_top50_mean": 0.2565155029296875,
  "val/specificity_mean": 0.920634925365448,
  "val/optimal_threshold_mean": 0.7768467664718628,
  "val/enrichment_factor_mean": 1.3515732288360596,
  "val/tnr_at_recall_85_mean": 0.190476194024086,
  "val/balanced_accuracy_mean": 0.6199813485145569,
  "val/kendall_tau_top20_mean": -0.080002561211586,
  "val/mcc_mean": 0.26874834299087524,
  "val/sensitivity_mean": 0.3193277418613434,
  "val/spearman_rho_top10_mean": -0.15803228318691254,
  "val/recall_at_precision_90_mean": 0.042016807943582535,
  "val/tnr_at_recall_75_mean": 0.30158731341362,
  "val/loss": 0.6760273575782776,
  "val/pos_lr_mean": 4.023529529571533,
  "training_epochs": 11,
  "best_lr": 0.001,
  "best_weight_decay": 1.0
}