{
  "val/f1_mean": 0.5925925970077515,
  "val/recall_at_precision_85_mean": 0.054421767592430115,
  "val/recall_at_precision_90_mean": 0.040816325694322586,
  "val/recall_mean": 0.4897959232330322,
  "val/enrichment_factor_mean": 1.1428571939468384,
  "val/spearman_rho_top10_mean": 0.19660992920398712,
  "val/spearman_rho_top50_mean": 0.15527574717998505,
  "val/kendall_tau_top20_mean": 0.08703046292066574,
  "val/mcc_mean": 0.17094086110591888,
  "val/tnr_at_recall_75_mean": 0.3636363744735718,
  "val/kendall_tau_mean": 0.13340511918067932,
  "val/tnr_at_recall_80_mean": 0.29870128631591797,
  "val/balanced_accuracy_mean": 0.5890538096427917,
  "val/auroc_mean": 0.5990812182426453,
  "val/loss": 0.6650841236114502,
  "val/kendall_tau_top10_mean": 0.16413922607898712,
  "val/ppv_mean": 0.75,
  "val/cohen_kappa_mean": 0.1538461595773697,
  "val/supervised_loss": 0.6650841236114502,
  "val/spearman_rho_top20_mean": 0.10539912432432175,
  "val/recall_at_precision_75_mean": 0.49659863114356995,
  "val/tnr_at_recall_85_mean": 0.22077922523021698,
  "val/tnr_at_recall_90_mean": 0.16883116960525513,
  "val/tnr_at_recall_95_mean": 0.06493506580591202,
  "val/pos_lr_mean": 1.5714285373687744,
  "val/specificity_mean": 0.6883116960525513,
  "val/spearman_rho_mean": 0.163020521402359,
  "val/precision_mean": 0.75,
  "val/kendall_tau_top50_mean": 0.12734685838222504,
  "val/average_precision_mean": 0.7422674298286438,
  "val/ECE_mean": 0.07365529984235764,
  "val/sensitivity_mean": 0.4897959232330322,
  "val/recall_at_precision_80_mean": 0.17006802558898926,
  "val/optimal_threshold_mean": 0.6564958691596985,
  "val/recall_at_precision_95_mean": 0.040816325694322586,
  "val/auprc_mean": 0.7422674298286438,
  "training_epochs": 20,
  "best_lr": 0.0005,
  "best_weight_decay": 0.01
}