{
  "val/tnr_at_recall_75_mean": 0.5932203531265259,
  "val/supervised_loss": 0.6283406615257263,
  "val/auroc_mean": 0.6928974986076355,
  "val/recall_at_precision_80_mean": 0.761904776096344,
  "val/tnr_at_recall_80_mean": 0.5593220591545105,
  "val/loss": 0.6283406615257263,
  "val/recall_at_precision_85_mean": 0.095238097012043,
  "val/kendall_tau_top10_mean": 0.021606789901852608,
  "val/average_precision_mean": 0.7864469289779663,
  "val/mcc_mean": 0.3625713884830475,
  "val/kendall_tau_top20_mean": -0.024409709498286247,
  "val/spearman_rho_mean": 0.3114319145679474,
  "val/balanced_accuracy_mean": 0.680454671382904,
  "val/spearman_rho_top10_mean": 0.02575700357556343,
  "val/kendall_tau_top50_mean": -0.05670437961816788,
  "val/recall_at_precision_90_mean": 0.01587301678955555,
  "val/recall_mean": 0.8015872836112976,
  "val/precision_mean": 0.7952755689620972,
  "val/tnr_at_recall_85_mean": 0.4576271176338196,
  "val/sensitivity_mean": 0.8015872836112976,
  "val/enrichment_factor_mean": 1.1676665544509888,
  "val/tnr_at_recall_90_mean": 0.32203391194343567,
  "val/recall_at_precision_95_mean": 0.01587301678955555,
  "val/auprc_mean": 0.7864469289779663,
  "val/tnr_at_recall_95_mean": 0.1355932205915451,
  "val/spearman_rho_top20_mean": -0.029499679803848267,
  "val/kendall_tau_mean": 0.25496941804885864,
  "val/cohen_kappa_mean": 0.3625430762767792,
  "val/pos_lr_mean": 1.8189865350723267,
  "val/f1_mean": 0.7984189987182617,
  "val/recall_at_precision_75_mean": 0.8888888955116272,
  "val/specificity_mean": 0.5593220591545105,
  "val/ECE_mean": 0.15509560704231262,
  "val/ppv_mean": 0.7952755689620972,
  "val/optimal_threshold_mean": 0.46403542160987854,
  "val/spearman_rho_top50_mean": -0.06907400488853455,
  "training_epochs": 102,
  "best_lr": 0.0005,
  "best_weight_decay": 1.0
}