{
  "val/recall_at_precision_95_mean": 0.0,
  "val/f1_mean": 0.6742424368858337,
  "val/spearman_rho_top20_mean": 0.04161251708865166,
  "val/cohen_kappa_mean": 0.12106918543577194,
  "val/kendall_tau_top50_mean": 0.05153984948992729,
  "val/spearman_rho_top10_mean": 0.08671099692583084,
  "val/tnr_at_recall_85_mean": 0.28125,
  "val/recall_at_precision_90_mean": 0.0,
  "val/supervised_loss": 0.925691545009613,
  "val/balanced_accuracy_mean": 0.5668402910232544,
  "val/precision_mean": 0.7416666746139526,
  "val/spearman_rho_top50_mean": 0.06282186508178711,
  "val/recall_mean": 0.6180555820465088,
  "val/enrichment_factor_mean": 1.071296215057373,
  "val/spearman_rho_mean": 0.11449987441301346,
  "val/recall_at_precision_80_mean": 0.2291666716337204,
  "val/sensitivity_mean": 0.6180555820465088,
  "val/tnr_at_recall_80_mean": 0.3125,
  "val/recall_at_precision_75_mean": 0.3333333432674408,
  "val/ECE_mean": 0.24171976745128632,
  "val/tnr_at_recall_75_mean": 0.34375,
  "val/recall_at_precision_85_mean": 0.0902777761220932,
  "val/specificity_mean": 0.515625,
  "val/auroc_mean": 0.5716145634651184,
  "val/tnr_at_recall_95_mean": 0.0625,
  "val/average_precision_mean": 0.7451236248016357,
  "val/kendall_tau_mean": 0.09371321648359299,
  "val/tnr_at_recall_90_mean": 0.140625,
  "val/mcc_mean": 0.12488420307636261,
  "val/ppv_mean": 0.7416666746139526,
  "val/pos_lr_mean": 1.2759857177734375,
  "val/kendall_tau_top10_mean": 0.07254762202501297,
  "val/auprc_mean": 0.7451236248016357,
  "val/kendall_tau_top20_mean": 0.034388329833745956,
  "val/optimal_threshold_mean": 0.5633613467216492,
  "val/loss": 0.925691545009613,
  "training_epochs": 272,
  "best_lr": 0.0005,
  "best_weight_decay": 0.0
}