{
  "val/kendall_tau_top50_mean": -0.050050441175699234,
  "val/tnr_at_recall_75_mean": 0.328125,
  "val/recall_at_precision_95_mean": 0.0,
  "val/ECE_mean": 0.05631505697965622,
  "val/balanced_accuracy_mean": 0.560817301273346,
  "val/tnr_at_recall_85_mean": 0.140625,
  "val/pos_lr_mean": 1.2048583030700684,
  "val/recall_at_precision_75_mean": 0.1538461595773697,
  "val/recall_at_precision_85_mean": 0.0,
  "val/recall_at_precision_80_mean": 0.13846154510974884,
  "val/optimal_threshold_mean": 0.6973235011100769,
  "val/sensitivity_mean": 0.7153846025466919,
  "val/enrichment_factor_mean": 1.0594245195388794,
  "val/average_precision_mean": 0.6980956196784973,
  "val/tnr_at_recall_90_mean": 0.109375,
  "val/mcc_mean": 0.12212734669446945,
  "val/ppv_mean": 0.7099236845970154,
  "val/auprc_mean": 0.6980956196784973,
  "val/spearman_rho_top50_mean": -0.060941413044929504,
  "val/spearman_rho_top10_mean": -0.2592724859714508,
  "val/tnr_at_recall_95_mean": 0.078125,
  "val/f1_mean": 0.7126436829566956,
  "val/kendall_tau_top20_mean": 0.08974359184503555,
  "val/precision_mean": 0.7099236845970154,
  "val/cohen_kappa_mean": 0.1221189796924591,
  "val/recall_at_precision_90_mean": 0.0,
  "val/specificity_mean": 0.40625,
  "val/loss": 0.7299718260765076,
  "val/spearman_rho_top20_mean": 0.10842344909906387,
  "val/spearman_rho_mean": 0.0678359866142273,
  "val/supervised_loss": 0.7299718260765076,
  "val/kendall_tau_mean": 0.05559719726443291,
  "val/auroc_mean": 0.5416466593742371,
  "val/tnr_at_recall_80_mean": 0.21875,
  "val/recall_mean": 0.7153846025466919,
  "val/kendall_tau_top10_mean": -0.2171945869922638,
  "training_epochs": 5,
  "best_lr": 0.001,
  "best_weight_decay": 0.01
}