{
  "val/kendall_tau_top50_mean": -0.0430692620575428,
  "val/spearman_rho_top10_mean": -0.26490646600723267,
  "val/mcc_mean": 0.27004989981651306,
  "val/enrichment_factor_mean": 1.1887565851211548,
  "val/sensitivity_mean": 0.682539701461792,
  "val/recall_mean": 0.682539701461792,
  "val/optimal_threshold_mean": 0.651984453201294,
  "val/tnr_at_recall_95_mean": 0.08433734625577927,
  "val/recall_at_precision_95_mean": 0.007936508394777775,
  "val/ECE_mean": 0.08447113633155823,
  "val/recall_at_precision_75_mean": 0.3095238208770752,
  "val/supervised_loss": 0.7024369239807129,
  "val/recall_at_precision_80_mean": 0.007936508394777775,
  "val/auroc_mean": 0.6255497932434082,
  "val/tnr_at_recall_85_mean": 0.22891566157341003,
  "val/specificity_mean": 0.5903614163398743,
  "val/pos_lr_mean": 1.666199803352356,
  "val/tnr_at_recall_90_mean": 0.1204819306731224,
  "val/tnr_at_recall_75_mean": 0.5060241222381592,
  "val/recall_at_precision_90_mean": 0.007936508394777775,
  "val/kendall_tau_top20_mean": -0.01871989667415619,
  "val/tnr_at_recall_80_mean": 0.40963855385780334,
  "val/loss": 0.7024369239807129,
  "val/spearman_rho_top20_mean": -0.022652512416243553,
  "val/spearman_rho_mean": 0.21280886232852936,
  "val/precision_mean": 0.7166666388511658,
  "val/f1_mean": 0.6991869807243347,
  "val/kendall_tau_top10_mean": -0.22163665294647217,
  "val/cohen_kappa_mean": 0.26957589387893677,
  "val/recall_at_precision_85_mean": 0.007936508394777775,
  "val/ppv_mean": 0.7166666388511658,
  "val/balanced_accuracy_mean": 0.6364505887031555,
  "val/auprc_mean": 0.6879469156265259,
  "val/kendall_tau_mean": 0.17417290806770325,
  "val/spearman_rho_top50_mean": -0.05249707028269768,
  "val/average_precision_mean": 0.6879469156265259,
  "training_epochs": 13,
  "best_lr": 0.001,
  "best_weight_decay": 1.0
}