{
  "val/specificity_mean": 0.875,
  "val/ppv_mean": 0.8297872543334961,
  "val/optimal_threshold_mean": 0.6386122703552246,
  "val/loss": 0.6485798358917236,
  "val/sensitivity_mean": 0.2708333432674408,
  "val/kendall_tau_mean": 0.003676155349239707,
  "val/enrichment_factor_mean": 1.198581576347351,
  "val/recall_at_precision_95_mean": 0.0902777761220932,
  "val/auprc_mean": 0.7421181797981262,
  "val/spearman_rho_top10_mean": 0.4985882341861725,
  "val/recall_at_precision_90_mean": 0.0902777761220932,
  "val/balanced_accuracy_mean": 0.5729166865348816,
  "val/spearman_rho_top20_mean": 0.11963599175214767,
  "val/mcc_mean": 0.16094081103801727,
  "val/kendall_tau_top50_mean": 0.23311743140220642,
  "val/tnr_at_recall_80_mean": 0.03125,
  "val/precision_mean": 0.8297872543334961,
  "val/tnr_at_recall_95_mean": 0.0,
  "val/auroc_mean": 0.5026584267616272,
  "val/tnr_at_recall_85_mean": 0.015625,
  "val/average_precision_mean": 0.7421181797981262,
  "val/pos_lr_mean": 2.1666667461395264,
  "val/f1_mean": 0.4083769619464874,
  "val/recall_at_precision_75_mean": 0.4375,
  "val/spearman_rho_top50_mean": 0.28322896361351013,
  "val/recall_mean": 0.2708333432674408,
  "val/tnr_at_recall_90_mean": 0.0,
  "val/recall_at_precision_85_mean": 0.0902777761220932,
  "val/cohen_kappa_mean": 0.1026267558336258,
  "val/tnr_at_recall_75_mean": 0.03125,
  "val/recall_at_precision_80_mean": 0.3333333432674408,
  "val/ECE_mean": 0.08151106536388397,
  "val/kendall_tau_top20_mean": 0.09886644780635834,
  "val/supervised_loss": 0.6485798358917236,
  "val/spearman_rho_mean": 0.0043234024196863174,
  "val/kendall_tau_top10_mean": 0.4171488583087921,
  "training_epochs": 17,
  "best_lr": 0.001,
  "best_weight_decay": 0.1
}