{
  "val/auprc_mean": 0.7116420865058899,
  "val/recall_at_precision_80_mean": 0.1984127014875412,
  "val/recall_at_precision_90_mean": 0.15079365670681,
  "val/loss": 0.7313081622123718,
  "val/ECE_mean": 0.09376328438520432,
  "val/tnr_at_recall_90_mean": 0.15584415197372437,
  "val/tnr_at_recall_75_mean": 0.41558441519737244,
  "val/recall_at_precision_75_mean": 0.2142857164144516,
  "val/precision_mean": 0.6794871687889099,
  "val/supervised_loss": 0.7313081622123718,
  "val/spearman_rho_top20_mean": 0.4158909022808075,
  "val/spearman_rho_top50_mean": 0.03607918694615364,
  "val/recall_at_precision_95_mean": 0.01587301678955555,
  "val/optimal_threshold_mean": 0.5464615821838379,
  "val/tnr_at_recall_80_mean": 0.37662336230278015,
  "val/mcc_mean": 0.22076885402202606,
  "val/sensitivity_mean": 0.841269850730896,
  "val/enrichment_factor_mean": 1.0947294235229492,
  "val/tnr_at_recall_85_mean": 0.23376622796058655,
  "val/average_precision_mean": 0.7116420865058899,
  "val/balanced_accuracy_mean": 0.5959596037864685,
  "val/specificity_mean": 0.350649356842041,
  "val/recall_mean": 0.841269850730896,
  "val/cohen_kappa_mean": 0.20765027403831482,
  "val/auroc_mean": 0.594825804233551,
  "val/spearman_rho_mean": 0.15938852727413177,
  "val/spearman_rho_top10_mean": -0.2601329982280731,
  "val/ppv_mean": 0.6794871687889099,
  "val/recall_at_precision_85_mean": 0.1825396865606308,
  "val/kendall_tau_mean": 0.13046033680438995,
  "val/f1_mean": 0.7517730593681335,
  "val/tnr_at_recall_95_mean": 0.03896103799343109,
  "val/kendall_tau_top50_mean": 0.029604008421301842,
  "val/kendall_tau_top20_mean": 0.3437919616699219,
  "val/pos_lr_mean": 1.295555591583252,
  "val/kendall_tau_top10_mean": -0.2176428735256195,
  "training_epochs": 17,
  "best_lr": 0.0005,
  "best_weight_decay": 0.1
}