{
  "val/tnr_at_recall_95_mean": 0.08849557489156723,
  "val/recall_at_precision_75_mean": 0.3659793734550476,
  "val/spearman_rho_top50_mean": 0.16206561028957367,
  "val/loss": 0.680827260017395,
  "val/precision_mean": 0.7241379022598267,
  "val/spearman_rho_top20_mean": 0.11070729047060013,
  "val/kendall_tau_top50_mean": 0.1327577531337738,
  "val/average_precision_mean": 0.7366765737533569,
  "val/kendall_tau_top20_mean": 0.09113002568483353,
  "val/f1_mean": 0.6847826242446899,
  "val/mcc_mean": 0.21870256960391998,
  "val/ECE_mean": 0.06966324150562286,
  "val/ppv_mean": 0.7241379022598267,
  "val/optimal_threshold_mean": 0.6513274908065796,
  "val/recall_at_precision_90_mean": 0.015463917516171932,
  "val/sensitivity_mean": 0.6494845151901245,
  "val/tnr_at_recall_85_mean": 0.24778760969638824,
  "val/enrichment_factor_mean": 1.1459295749664307,
  "val/auprc_mean": 0.7366765737533569,
  "val/auroc_mean": 0.6259921789169312,
  "val/tnr_at_recall_75_mean": 0.4336283206939697,
  "val/recall_at_precision_95_mean": 0.015463917516171932,
  "val/supervised_loss": 0.680827260017395,
  "val/tnr_at_recall_80_mean": 0.3362831771373749,
  "val/specificity_mean": 0.5752212405204773,
  "val/spearman_rho_top10_mean": 0.005166849121451378,
  "val/kendall_tau_top10_mean": 0.004288450349122286,
  "val/pos_lr_mean": 1.5289947986602783,
  "val/spearman_rho_mean": 0.21049323678016663,
  "val/recall_mean": 0.6494845151901245,
  "val/cohen_kappa_mean": 0.21669892966747284,
  "val/balanced_accuracy_mean": 0.6123529076576233,
  "val/recall_at_precision_85_mean": 0.08762886375188828,
  "val/kendall_tau_mean": 0.17214669287204742,
  "val/recall_at_precision_80_mean": 0.17010308802127838,
  "val/tnr_at_recall_90_mean": 0.1592920422554016,
  "training_epochs": 16,
  "best_lr": 0.0005,
  "best_weight_decay": 0.0
}