{
  "val/balanced_accuracy_mean": 0.5997627973556519,
  "val/supervised_loss": 0.7894935607910156,
  "val/enrichment_factor_mean": 1.1132984161376953,
  "val/recall_at_precision_90_mean": 0.0,
  "val/loss": 0.7894935607910156,
  "val/cohen_kappa_mean": 0.20138585567474365,
  "val/auprc_mean": 0.6919684410095215,
  "val/f1_mean": 0.7124682068824768,
  "val/auroc_mean": 0.6031840443611145,
  "val/tnr_at_recall_75_mean": 0.44247788190841675,
  "val/tnr_at_recall_95_mean": 0.09734513610601425,
  "val/tnr_at_recall_85_mean": 0.24778760969638824,
  "val/average_precision_mean": 0.6919684410095215,
  "val/kendall_tau_mean": 0.14098328351974487,
  "val/recall_mean": 0.7216494679450989,
  "val/mcc_mean": 0.2015117108821869,
  "val/ECE_mean": 0.15875016152858734,
  "val/sensitivity_mean": 0.7216494679450989,
  "val/spearman_rho_top50_mean": 0.0403410941362381,
  "val/tnr_at_recall_90_mean": 0.18584071099758148,
  "val/precision_mean": 0.7035176157951355,
  "val/recall_at_precision_75_mean": 0.35567009449005127,
  "val/kendall_tau_top50_mean": 0.03304583206772804,
  "val/optimal_threshold_mean": 0.6234854459762573,
  "val/kendall_tau_top20_mean": -0.08034364134073257,
  "val/spearman_rho_top20_mean": -0.0976036861538887,
  "val/recall_at_precision_95_mean": 0.0,
  "val/tnr_at_recall_80_mean": 0.3362831771373749,
  "val/spearman_rho_mean": 0.1723880171775818,
  "val/ppv_mean": 0.7035176157951355,
  "val/spearman_rho_top10_mean": -0.049017034471035004,
  "val/recall_at_precision_80_mean": 0.0,
  "val/kendall_tau_top10_mean": -0.0406838096678257,
  "val/recall_at_precision_85_mean": 0.0,
  "val/specificity_mean": 0.47787609696388245,
  "val/pos_lr_mean": 1.382142186164856,
  "training_epochs": 101,
  "best_lr": 0.0001,
  "best_weight_decay": 0.01
}