{
  "val/ECE_mean": 0.09980257600545883,
  "val/kendall_tau_mean": 0.1601770520210266,
  "val/pos_lr_mean": 1.298952341079712,
  "val/recall_at_precision_85_mean": 0.0,
  "val/sensitivity_mean": 0.8150289058685303,
  "val/supervised_loss": 0.7032454013824463,
  "val/loss": 0.7032454013824463,
  "val/tnr_at_recall_75_mean": 0.4117647111415863,
  "val/auroc_mean": 0.6170237064361572,
  "val/tnr_at_recall_90_mean": 0.1764705926179886,
  "val/optimal_threshold_mean": 0.5830050110816956,
  "val/spearman_rho_top10_mean": -0.01085077878087759,
  "val/ppv_mean": 0.6878048777580261,
  "val/balanced_accuracy_mean": 0.5937889814376831,
  "val/recall_mean": 0.8150289058685303,
  "val/kendall_tau_top20_mean": -0.07996003329753876,
  "val/recall_at_precision_80_mean": 0.080924853682518,
  "val/average_precision_mean": 0.7058940529823303,
  "val/spearman_rho_mean": 0.19582030177116394,
  "val/precision_mean": 0.6878048777580261,
  "val/mcc_mean": 0.20800745487213135,
  "val/kendall_tau_top50_mean": 0.13362906873226166,
  "val/recall_at_precision_90_mean": 0.0,
  "val/tnr_at_recall_95_mean": 0.12745098769664764,
  "val/kendall_tau_top10_mean": -0.009022199548780918,
  "val/tnr_at_recall_80_mean": 0.37254902720451355,
  "val/enrichment_factor_mean": 1.0933314561843872,
  "val/recall_at_precision_75_mean": 0.3757225573062897,
  "val/specificity_mean": 0.37254902720451355,
  "val/cohen_kappa_mean": 0.20048455893993378,
  "val/recall_at_precision_95_mean": 0.0,
  "val/f1_mean": 0.7460317611694336,
  "val/spearman_rho_top20_mean": -0.09705232083797455,
  "val/tnr_at_recall_85_mean": 0.29411765933036804,
  "val/spearman_rho_top50_mean": 0.16306747496128082,
  "val/auprc_mean": 0.7058940529823303,
  "training_epochs": 9,
  "best_lr": 0.0005,
  "best_weight_decay": 1.0
}