{
  "val/kendall_tau_mean": 0.10203827917575836,
  "val/kendall_tau_top10_mean": 0.0,
  "val/f1_mean": 0.0,
  "val/tnr_at_recall_75_mean": 0.015384615398943424,
  "val/recall_at_precision_80_mean": 0.0,
  "val/supervised_loss": 0.6736578941345215,
  "val/kendall_tau_top20_mean": 0.0,
  "val/tnr_at_recall_80_mean": 0.015384615398943424,
  "val/optimal_threshold_mean": 0.6323903203010559,
  "val/auprc_mean": 0.6767676472663879,
  "val/recall_at_precision_85_mean": 0.0,
  "val/tnr_at_recall_85_mean": 0.015384615398943424,
  "val/loss": 0.6736578941345215,
  "val/cohen_kappa_mean": 0.0,
  "val/sensitivity_mean": 0.0,
  "val/auroc_mean": 0.5076923370361328,
  "val/spearman_rho_top50_mean": 0.0,
  "val/mcc_mean": 0.0,
  "val/tnr_at_recall_90_mean": 0.015384615398943424,
  "val/recall_at_precision_90_mean": 0.0,
  "val/recall_mean": 0.0,
  "val/average_precision_mean": 0.6767676472663879,
  "val/recall_at_precision_95_mean": 0.0,
  "val/recall_at_precision_75_mean": 0.0,
  "val/spearman_rho_top20_mean": 0.0,
  "val/pos_lr_mean": 1.0,
  "val/spearman_rho_mean": 0.10203827917575836,
  "val/tnr_at_recall_95_mean": 0.015384615398943424,
  "val/spearman_rho_top10_mean": 0.0,
  "val/specificity_mean": 1.0,
  "val/balanced_accuracy_mean": 0.5,
  "val/kendall_tau_top50_mean": 0.0,
  "val/enrichment_factor_mean": 0.0,
  "val/ppv_mean": 0.0,
  "val/ECE_mean": 0.045906562358140945,
  "val/precision_mean": 0.0,
  "training_epochs": 97,
  "best_lr": 0.001,
  "best_weight_decay": 0.0
}