{
  "val/auroc_mean": 0.608622670173645,
  "val/ppv_mean": 0.7604166865348816,
  "val/kendall_tau_top10_mean": -0.053721532225608826,
  "val/ECE_mean": 0.03787259757518768,
  "val/tnr_at_recall_80_mean": 0.2467532455921173,
  "val/enrichment_factor_mean": 1.158730149269104,
  "val/average_precision_mean": 0.7367553114891052,
  "val/recall_mean": 0.49659863114356995,
  "val/kendall_tau_top20_mean": -0.19924688339233398,
  "val/tnr_at_recall_85_mean": 0.20779220759868622,
  "val/tnr_at_recall_95_mean": 0.12987013161182404,
  "val/spearman_rho_top10_mean": -0.06434894353151321,
  "val/balanced_accuracy_mean": 0.5989486575126648,
  "val/loss": 0.6309842467308044,
  "val/specificity_mean": 0.701298713684082,
  "val/spearman_rho_mean": 0.1787193864583969,
  "val/recall_at_precision_75_mean": 0.5034013390541077,
  "val/recall_at_precision_85_mean": 0.040816325694322586,
  "val/spearman_rho_top20_mean": -0.24129995703697205,
  "val/auprc_mean": 0.7367553114891052,
  "val/sensitivity_mean": 0.49659863114356995,
  "val/spearman_rho_top50_mean": 0.12160655111074448,
  "val/kendall_tau_mean": 0.14625491201877594,
  "val/pos_lr_mean": 1.6625258922576904,
  "val/optimal_threshold_mean": 0.6532651782035828,
  "val/mcc_mean": 0.18993429839611053,
  "val/recall_at_precision_95_mean": 0.013605441898107529,
  "val/kendall_tau_top50_mean": 0.0997336134314537,
  "val/recall_at_precision_90_mean": 0.013605441898107529,
  "val/supervised_loss": 0.6309842467308044,
  "val/tnr_at_recall_75_mean": 0.350649356842041,
  "val/cohen_kappa_mean": 0.17094017565250397,
  "val/tnr_at_recall_90_mean": 0.20779220759868622,
  "val/precision_mean": 0.7604166865348816,
  "val/f1_mean": 0.6008230447769165,
  "val/recall_at_precision_80_mean": 0.3265306055545807,
  "training_epochs": 57,
  "best_lr": 0.0005,
  "best_weight_decay": 0.1
}