{
  "val/recall_at_precision_80_mean": 0.5079365372657776,
  "val/optimal_threshold_mean": 0.35673704743385315,
  "val/recall_mean": 0.8730158805847168,
  "val/kendall_tau_mean": 0.22492071986198425,
  "val/pos_lr_mean": 1.4307760000228882,
  "val/spearman_rho_top50_mean": 0.16724523901939392,
  "val/spearman_rho_top20_mean": 0.11633501201868057,
  "val/tnr_at_recall_90_mean": 0.3050847351551056,
  "val/supervised_loss": 0.6610810160636902,
  "val/auroc_mean": 0.6701641082763672,
  "val/tnr_at_recall_80_mean": 0.4406779706478119,
  "val/spearman_rho_top10_mean": 0.03407331556081772,
  "val/loss": 0.6610810160636902,
  "val/average_precision_mean": 0.7985667586326599,
  "val/recall_at_precision_85_mean": 0.15079365670681,
  "val/recall_at_precision_90_mean": 0.1111111119389534,
  "val/kendall_tau_top20_mean": 0.09626218676567078,
  "val/spearman_rho_mean": 0.2747289836406708,
  "val/cohen_kappa_mean": 0.288882315158844,
  "val/balanced_accuracy_mean": 0.6314231753349304,
  "val/recall_at_precision_95_mean": 0.02380952425301075,
  "val/recall_at_precision_75_mean": 0.8809523582458496,
  "val/kendall_tau_top10_mean": 0.028583098202943802,
  "val/tnr_at_recall_85_mean": 0.38983049988746643,
  "val/kendall_tau_top50_mean": 0.13729530572891235,
  "val/auprc_mean": 0.7985667586326599,
  "val/ECE_mean": 0.1325090229511261,
  "val/ppv_mean": 0.7534246444702148,
  "val/specificity_mean": 0.38983049988746643,
  "val/mcc_mean": 0.30033403635025024,
  "val/precision_mean": 0.7534246444702148,
  "val/f1_mean": 0.8088235259056091,
  "val/tnr_at_recall_75_mean": 0.4576271176338196,
  "val/tnr_at_recall_95_mean": 0.1525423675775528,
  "val/enrichment_factor_mean": 1.1062188148498535,
  "val/sensitivity_mean": 0.8730158805847168,
  "training_epochs": 69,
  "best_lr": 0.0001,
  "best_weight_decay": 0.1
}