{
  "val/precision_mean": 0.7936508059501648,
  "val/tnr_at_recall_90_mean": 0.078125,
  "val/tnr_at_recall_80_mean": 0.078125,
  "val/average_precision_mean": 0.7797185778617859,
  "val/kendall_tau_top10_mean": -0.04836508259177208,
  "val/ECE_mean": 0.11739049106836319,
  "val/auroc_mean": 0.6374240517616272,
  "val/spearman_rho_top50_mean": 0.08510632067918777,
  "val/tnr_at_recall_95_mean": 0.015625,
  "val/sensitivity_mean": 0.6944444179534912,
  "val/tnr_at_recall_75_mean": 0.078125,
  "val/recall_mean": 0.6944444179534912,
  "val/auprc_mean": 0.7797185778617859,
  "val/tnr_at_recall_85_mean": 0.078125,
  "val/kendall_tau_top20_mean": 0.013581753708422184,
  "val/ppv_mean": 0.7936508059501648,
  "val/recall_at_precision_85_mean": 0.125,
  "val/enrichment_factor_mean": 1.1463844776153564,
  "val/kendall_tau_top50_mean": 0.07001347839832306,
  "val/spearman_rho_mean": 0.22215083241462708,
  "val/cohen_kappa_mean": 0.2673107981681824,
  "val/recall_at_precision_90_mean": 0.125,
  "val/mcc_mean": 0.2721852958202362,
  "val/spearman_rho_top20_mean": 0.016434963792562485,
  "val/kendall_tau_mean": 0.18747039139270782,
  "val/balanced_accuracy_mean": 0.6440972089767456,
  "val/optimal_threshold_mean": 0.5190181136131287,
  "val/f1_mean": 0.7407407164573669,
  "val/loss": 0.6451278328895569,
  "val/supervised_loss": 0.6451278328895569,
  "val/recall_at_precision_95_mean": 0.0069444444961845875,
  "val/spearman_rho_top10_mean": -0.057807330042123795,
  "val/recall_at_precision_80_mean": 0.6319444179534912,
  "val/pos_lr_mean": 1.7094017267227173,
  "val/specificity_mean": 0.59375,
  "val/recall_at_precision_75_mean": 0.7152777910232544,
  "training_epochs": 87,
  "best_lr": 0.0005,
  "best_weight_decay": 0.0
}