{
  "val/average_precision_mean": 0.6785836219787598,
  "val/f1_mean": 0.8060606122016907,
  "val/recall_at_precision_90_mean": 0.0,
  "val/tnr_at_recall_75_mean": 0.03076923079788685,
  "val/tnr_at_recall_80_mean": 0.03076923079788685,
  "val/precision_mean": 0.6785714030265808,
  "val/pos_lr_mean": 1.0240464210510254,
  "val/spearman_rho_mean": 0.09058187156915665,
  "val/recall_at_precision_85_mean": 0.0,
  "val/tnr_at_recall_90_mean": 0.03076923079788685,
  "val/mcc_mean": 0.08970120549201965,
  "val/auroc_mean": 0.511768102645874,
  "val/recall_at_precision_95_mean": 0.0,
  "val/specificity_mean": 0.03076923079788685,
  "val/tnr_at_recall_85_mean": 0.03076923079788685,
  "val/kendall_tau_mean": 0.09035476297140121,
  "val/recall_mean": 0.9925373196601868,
  "val/ppv_mean": 0.6785714030265808,
  "val/tnr_at_recall_95_mean": 0.03076923079788685,
  "val/enrichment_factor_mean": 1.007729172706604,
  "val/spearman_rho_top10_mean": 0.0,
  "val/recall_at_precision_80_mean": 0.0,
  "val/cohen_kappa_mean": 0.030893318355083466,
  "val/auprc_mean": 0.6785836219787598,
  "val/ECE_mean": 0.044626832008361816,
  "val/spearman_rho_top50_mean": 0.0,
  "val/sensitivity_mean": 0.9925373196601868,
  "val/balanced_accuracy_mean": 0.5116532444953918,
  "val/kendall_tau_top50_mean": 0.0,
  "val/optimal_threshold_mean": 0.6221572160720825,
  "val/kendall_tau_top10_mean": 0.0,
  "val/loss": 0.6739391684532166,
  "val/kendall_tau_top20_mean": 0.0,
  "val/spearman_rho_top20_mean": 0.0,
  "val/recall_at_precision_75_mean": 0.0,
  "val/supervised_loss": 0.6739391684532166,
  "training_epochs": 21,
  "best_lr": 0.001,
  "best_weight_decay": 0.0
}