{
  "val/auroc_mean": 0.5990516543388367,
  "val/recall_at_precision_85_mean": 0.1780821979045868,
  "val/tnr_at_recall_85_mean": 0.26923078298568726,
  "val/f1_mean": 0.7179487347602844,
  "val/ppv_mean": 0.6746987700462341,
  "val/auprc_mean": 0.6805176138877869,
  "val/optimal_threshold_mean": 0.639473557472229,
  "val/enrichment_factor_mean": 1.1553062200546265,
  "val/cohen_kappa_mean": 0.25494447350502014,
  "val/precision_mean": 0.6746987700462341,
  "val/tnr_at_recall_90_mean": 0.21153846383094788,
  "val/recall_mean": 0.767123281955719,
  "val/spearman_rho_top20_mean": 0.4622501730918884,
  "val/sensitivity_mean": 0.767123281955719,
  "val/specificity_mean": 0.48076921701431274,
  "val/ECE_mean": 0.09892743825912476,
  "val/spearman_rho_top50_mean": -0.03202710673213005,
  "val/recall_at_precision_90_mean": 0.054794520139694214,
  "val/recall_at_precision_95_mean": 0.054794520139694214,
  "val/kendall_tau_top50_mean": -0.026398660615086555,
  "val/supervised_loss": 0.6948055624961853,
  "val/mcc_mean": 0.25867998600006104,
  "val/tnr_at_recall_95_mean": 0.13461539149284363,
  "val/balanced_accuracy_mean": 0.6239462494850159,
  "val/tnr_at_recall_75_mean": 0.5,
  "val/kendall_tau_top20_mean": 0.38490018248558044,
  "val/tnr_at_recall_80_mean": 0.4423076808452606,
  "val/spearman_rho_top10_mean": 0.0,
  "val/loss": 0.6948055624961853,
  "val/recall_at_precision_75_mean": 0.2054794579744339,
  "val/recall_at_precision_80_mean": 0.19178082048892975,
  "val/pos_lr_mean": 1.4774225950241089,
  "val/average_precision_mean": 0.6805176138877869,
  "val/kendall_tau_top10_mean": 0.0,
  "val/kendall_tau_mean": 0.13869859278202057,
  "val/spearman_rho_mean": 0.1691320538520813,
  "training_epochs": 5,
  "best_lr": 0.001,
  "best_weight_decay": 0.0
}