{
  "val/kendall_tau_top10_mean": 0.035699110478162766,
  "val/recall_at_precision_90_mean": 0.05232558026909828,
  "val/tnr_at_recall_75_mean": 0.410526305437088,
  "val/tnr_at_recall_90_mean": 0.17894737422466278,
  "val/kendall_tau_top50_mean": 0.10753611475229263,
  "val/specificity_mean": 0.6000000238418579,
  "val/recall_at_precision_75_mean": 0.4011628031730652,
  "val/spearman_rho_mean": 0.21725647151470184,
  "val/sensitivity_mean": 0.6162790656089783,
  "val/recall_at_precision_95_mean": 0.05232558026909828,
  "val/tnr_at_recall_80_mean": 0.31578946113586426,
  "val/auroc_mean": 0.6309975385665894,
  "val/spearman_rho_top10_mean": 0.04267663508653641,
  "val/balanced_accuracy_mean": 0.6081395149230957,
  "val/recall_at_precision_85_mean": 0.20930232107639313,
  "val/mcc_mean": 0.20773358643054962,
  "val/f1_mean": 0.6708860993385315,
  "val/average_precision_mean": 0.7583179473876953,
  "val/tnr_at_recall_95_mean": 0.11578947305679321,
  "val/kendall_tau_top20_mean": 0.09894692897796631,
  "val/supervised_loss": 0.6530900001525879,
  "val/enrichment_factor_mean": 1.1426841020584106,
  "val/precision_mean": 0.7361111044883728,
  "val/kendall_tau_mean": 0.17775563895702362,
  "val/ECE_mean": 0.07135960459709167,
  "val/pos_lr_mean": 1.540697693824768,
  "val/spearman_rho_top20_mean": 0.11981266736984253,
  "val/optimal_threshold_mean": 0.6142666935920715,
  "val/recall_at_precision_80_mean": 0.30813953280448914,
  "val/tnr_at_recall_85_mean": 0.2631579041481018,
  "val/auprc_mean": 0.7583179473876953,
  "val/cohen_kappa_mean": 0.20289355516433716,
  "val/recall_mean": 0.6162790656089783,
  "val/ppv_mean": 0.7361111044883728,
  "val/loss": 0.6530900001525879,
  "val/spearman_rho_top50_mean": 0.13113188743591309,
  "training_epochs": 87,
  "best_lr": 0.0005,
  "best_weight_decay": 0.0
}