{
  "val/ECE_mean": 0.11863274872303009,
  "val/recall_at_precision_80_mean": 0.2063492089509964,
  "val/specificity_mean": 0.6883116960525513,
  "val/recall_at_precision_75_mean": 0.523809552192688,
  "val/tnr_at_recall_75_mean": 0.33766233921051025,
  "val/supervised_loss": 0.7249079346656799,
  "val/f1_mean": 0.6363636255264282,
  "val/balanced_accuracy_mean": 0.62193363904953,
  "val/tnr_at_recall_95_mean": 0.051948051899671555,
  "val/enrichment_factor_mean": 1.1997636556625366,
  "val/kendall_tau_top20_mean": 0.19935794174671173,
  "val/mcc_mean": 0.23730501532554626,
  "val/ppv_mean": 0.7446808218955994,
  "val/kendall_tau_top10_mean": 0.02418254129588604,
  "val/recall_at_precision_90_mean": 0.1587301641702652,
  "val/tnr_at_recall_85_mean": 0.15584415197372437,
  "val/kendall_tau_mean": 0.15641440451145172,
  "val/sensitivity_mean": 0.5555555820465088,
  "val/pos_lr_mean": 1.7824074029922485,
  "val/tnr_at_recall_90_mean": 0.11688311398029327,
  "val/spearman_rho_mean": 0.19109304249286652,
  "val/cohen_kappa_mean": 0.22563417255878448,
  "val/average_precision_mean": 0.742355227470398,
  "val/auroc_mean": 0.6136878728866577,
  "val/auprc_mean": 0.742355227470398,
  "val/kendall_tau_top50_mean": 0.2042863368988037,
  "val/tnr_at_recall_80_mean": 0.2857142984867096,
  "val/recall_at_precision_95_mean": 0.0317460335791111,
  "val/spearman_rho_top10_mean": 0.028903665021061897,
  "val/spearman_rho_top20_mean": 0.24116665124893188,
  "val/recall_at_precision_85_mean": 0.1587301641702652,
  "val/optimal_threshold_mean": 0.7279013395309448,
  "val/precision_mean": 0.7446808218955994,
  "val/loss": 0.7249079346656799,
  "val/recall_mean": 0.5555555820465088,
  "val/spearman_rho_top50_mean": 0.2489691525697708,
  "training_epochs": 5,
  "best_lr": 0.001,
  "best_weight_decay": 0.1
}