{
  "val/auroc_mean": 0.5544413924217224,
  "val/kendall_tau_top10_mean": -0.006704316474497318,
  "val/tnr_at_recall_95_mean": 0.02380952425301075,
  "val/average_precision_mean": 0.6454761028289795,
  "val/specificity_mean": 0.7857142686843872,
  "val/ppv_mean": 0.7142857313156128,
  "val/recall_at_precision_80_mean": 0.007692307699471712,
  "val/tnr_at_recall_90_mean": 0.130952388048172,
  "val/ECE_mean": 0.05759665369987488,
  "val/optimal_threshold_mean": 0.6767492294311523,
  "val/spearman_rho_top20_mean": -0.2633351981639862,
  "val/spearman_rho_mean": 0.09226254373788834,
  "val/auprc_mean": 0.6454761028289795,
  "val/kendall_tau_top50_mean": 0.08476854115724564,
  "val/recall_at_precision_75_mean": 0.007692307699471712,
  "val/spearman_rho_top10_mean": -0.00795845128595829,
  "val/mcc_mean": 0.1412838250398636,
  "val/f1_mean": 0.4663212299346924,
  "val/kendall_tau_mean": 0.07658085227012634,
  "val/sensitivity_mean": 0.3461538553237915,
  "val/tnr_at_recall_85_mean": 0.2261904776096344,
  "val/recall_mean": 0.3461538553237915,
  "val/tnr_at_recall_80_mean": 0.2380952388048172,
  "val/enrichment_factor_mean": 1.1758241653442383,
  "val/precision_mean": 0.7142857313156128,
  "val/recall_at_precision_90_mean": 0.007692307699471712,
  "val/tnr_at_recall_75_mean": 0.2857142984867096,
  "val/balanced_accuracy_mean": 0.5659340620040894,
  "val/recall_at_precision_85_mean": 0.007692307699471712,
  "val/loss": 0.6918654441833496,
  "val/kendall_tau_top20_mean": -0.21912524104118347,
  "val/spearman_rho_top50_mean": 0.10171663016080856,
  "val/recall_at_precision_95_mean": 0.007692307699471712,
  "val/cohen_kappa_mean": 0.11556054651737213,
  "val/pos_lr_mean": 1.615384578704834,
  "val/supervised_loss": 0.6918654441833496,
  "training_epochs": 66,
  "best_lr": 0.0005,
  "best_weight_decay": 0.0
}