{
  "val/balanced_accuracy_mean": 0.5631009936332703,
  "val/auroc_mean": 0.5638794898986816,
  "val/ECE_mean": 0.10231012105941772,
  "val/auprc_mean": 0.6661691665649414,
  "val/cohen_kappa_mean": 0.11010786890983582,
  "val/recall_at_precision_95_mean": 0.005586592014878988,
  "val/specificity_mean": 0.8524590134620667,
  "val/kendall_tau_top50_mean": 0.14374452829360962,
  "val/recall_at_precision_75_mean": 0.20111732184886932,
  "val/pos_lr_mean": 1.8553693294525146,
  "val/tnr_at_recall_75_mean": 0.32786884903907776,
  "val/recall_at_precision_85_mean": 0.13966479897499084,
  "val/loss": 0.7094738483428955,
  "val/spearman_rho_top50_mean": 0.17546644806861877,
  "val/ppv_mean": 0.7313432693481445,
  "val/f1_mean": 0.3983739912509918,
  "val/spearman_rho_top10_mean": -0.10850383341312408,
  "val/average_precision_mean": 0.6661691665649414,
  "val/spearman_rho_top20_mean": 0.19968830049037933,
  "val/mcc_mean": 0.14894552528858185,
  "val/supervised_loss": 0.7094738483428955,
  "val/kendall_tau_top10_mean": -0.09005745500326157,
  "val/tnr_at_recall_95_mean": 0.1147540956735611,
  "val/tnr_at_recall_80_mean": 0.2786885201931,
  "val/sensitivity_mean": 0.27374300360679626,
  "val/tnr_at_recall_90_mean": 0.1803278625011444,
  "val/kendall_tau_top20_mean": 0.16439791023731232,
  "val/enrichment_factor_mean": 1.229800820350647,
  "val/recall_at_precision_80_mean": 0.1508379876613617,
  "val/recall_at_precision_90_mean": 0.005586592014878988,
  "val/precision_mean": 0.7313432693481445,
  "val/spearman_rho_mean": 0.10864118486642838,
  "val/kendall_tau_mean": 0.08885529637336731,
  "val/recall_mean": 0.27374300360679626,
  "val/tnr_at_recall_85_mean": 0.23770491778850555,
  "val/optimal_threshold_mean": 0.7495083808898926,
  "training_epochs": 11,
  "best_lr": 0.0005,
  "best_weight_decay": 0.1
}