{
  "val/f1_mean": 0.7597765326499939,
  "val/mcc_mean": 0.2755891680717468,
  "val/recall_at_precision_85_mean": 0.0,
  "val/recall_at_precision_75_mean": 0.19178082048892975,
  "val/spearman_rho_mean": 0.19611820578575134,
  "val/supervised_loss": 0.7339558601379395,
  "val/sensitivity_mean": 0.931506872177124,
  "val/balanced_accuracy_mean": 0.6003687977790833,
  "val/tnr_at_recall_90_mean": 0.2884615361690521,
  "val/ppv_mean": 0.6415094137191772,
  "val/recall_at_precision_95_mean": 0.0,
  "val/auprc_mean": 0.6688547730445862,
  "val/average_precision_mean": 0.6688547730445862,
  "val/kendall_tau_top20_mean": 0.0,
  "val/pos_lr_mean": 1.2746936082839966,
  "val/optimal_threshold_mean": 0.4159584045410156,
  "val/spearman_rho_top20_mean": 0.0,
  "val/spearman_rho_top10_mean": 0.25604578852653503,
  "val/tnr_at_recall_80_mean": 0.38461539149284363,
  "val/ECE_mean": 0.15095269680023193,
  "val/kendall_tau_top10_mean": 0.21759706735610962,
  "val/tnr_at_recall_75_mean": 0.4038461446762085,
  "val/recall_at_precision_90_mean": 0.0,
  "val/recall_mean": 0.931506872177124,
  "val/loss": 0.7339558601379395,
  "val/enrichment_factor_mean": 1.0984750986099243,
  "val/spearman_rho_top50_mean": 0.010474096052348614,
  "val/kendall_tau_top50_mean": 0.00862075574696064,
  "val/tnr_at_recall_95_mean": 0.23076923191547394,
  "val/recall_at_precision_80_mean": 0.10958904027938843,
  "val/auroc_mean": 0.6148577332496643,
  "val/cohen_kappa_mean": 0.22090157866477966,
  "val/tnr_at_recall_85_mean": 0.3076923191547394,
  "val/specificity_mean": 0.26923078298568726,
  "val/kendall_tau_mean": 0.16076907515525818,
  "val/precision_mean": 0.6415094137191772,
  "training_epochs": 107,
  "best_lr": 5e-05,
  "best_weight_decay": 0.1
}