{
  "val/balanced_accuracy_mean": 0.6202200055122375,
  "val/kendall_tau_mean": 0.13634918630123138,
  "val/ppv_mean": 0.7916666865348816,
  "val/spearman_rho_mean": 0.16666778922080994,
  "val/recall_at_precision_75_mean": 0.5662650465965271,
  "val/spearman_rho_top10_mean": 0.0649530366063118,
  "val/kendall_tau_top10_mean": 0.054164156317710876,
  "val/spearman_rho_top50_mean": 0.16714170575141907,
  "val/tnr_at_recall_75_mean": 0.31521740555763245,
  "val/f1_mean": 0.580152690410614,
  "val/precision_mean": 0.7916666865348816,
  "val/cohen_kappa_mean": 0.2055760771036148,
  "val/recall_mean": 0.45783132314682007,
  "val/enrichment_factor_mean": 1.2304216623306274,
  "val/tnr_at_recall_85_mean": 0.14130434393882751,
  "val/ECE_mean": 0.07508470118045807,
  "val/sensitivity_mean": 0.45783132314682007,
  "val/recall_at_precision_85_mean": 0.05421686917543411,
  "val/kendall_tau_top50_mean": 0.13700667023658752,
  "val/recall_at_precision_80_mean": 0.33734938502311707,
  "val/recall_at_precision_95_mean": 0.0060240961611270905,
  "val/recall_at_precision_90_mean": 0.05421686917543411,
  "val/auroc_mean": 0.6004452705383301,
  "val/supervised_loss": 0.6803833842277527,
  "val/kendall_tau_top20_mean": -0.026712771505117416,
  "val/specificity_mean": 0.782608687877655,
  "val/average_precision_mean": 0.7326762080192566,
  "val/tnr_at_recall_80_mean": 0.19565217196941376,
  "val/spearman_rho_top20_mean": -0.032388247549533844,
  "val/optimal_threshold_mean": 0.6196370124816895,
  "val/mcc_mean": 0.2382657378911972,
  "val/tnr_at_recall_90_mean": 0.09782608598470688,
  "val/tnr_at_recall_95_mean": 0.07608695328235626,
  "val/pos_lr_mean": 2.1060240268707275,
  "val/loss": 0.6803833842277527,
  "val/auprc_mean": 0.7326762080192566,
  "training_epochs": 16,
  "best_lr": 0.001,
  "best_weight_decay": 1.0
}