{
  "val/mcc_mean": 0.27597859501838684,
  "val/recall_at_precision_80_mean": 0.5384615659713745,
  "val/ECE_mean": 0.13561274111270905,
  "val/recall_at_precision_85_mean": 0.446153849363327,
  "val/precision_mean": 0.824999988079071,
  "val/pos_lr_mean": 2.3208792209625244,
  "val/cohen_kappa_mean": 0.24112336337566376,
  "val/tnr_at_recall_80_mean": 0.3125,
  "val/sensitivity_mean": 0.5076923370361328,
  "val/recall_mean": 0.5076923370361328,
  "val/f1_mean": 0.6285714507102966,
  "val/recall_at_precision_90_mean": 0.23076923191547394,
  "val/supervised_loss": 0.6432549357414246,
  "val/tnr_at_recall_95_mean": 0.15625,
  "val/spearman_rho_top50_mean": 0.2856963574886322,
  "val/recall_at_precision_75_mean": 0.607692301273346,
  "val/kendall_tau_top20_mean": -0.012936383485794067,
  "val/spearman_rho_mean": 0.23540881276130676,
  "val/loss": 0.6432549357414246,
  "val/tnr_at_recall_75_mean": 0.34375,
  "val/average_precision_mean": 0.7931385040283203,
  "val/auroc_mean": 0.64453125,
  "val/kendall_tau_top10_mean": -0.23606684803962708,
  "val/enrichment_factor_mean": 1.2311538457870483,
  "val/balanced_accuracy_mean": 0.6444711685180664,
  "val/spearman_rho_top10_mean": -0.28180092573165894,
  "val/recall_at_precision_95_mean": 0.023076923564076424,
  "val/ppv_mean": 0.824999988079071,
  "val/tnr_at_recall_90_mean": 0.1875,
  "val/specificity_mean": 0.78125,
  "val/kendall_tau_mean": 0.19278043508529663,
  "val/auprc_mean": 0.7931385040283203,
  "val/kendall_tau_top50_mean": 0.23470619320869446,
  "val/tnr_at_recall_85_mean": 0.234375,
  "val/optimal_threshold_mean": 0.5559796094894409,
  "val/spearman_rho_top20_mean": -0.015639325603842735,
  "training_epochs": 27,
  "best_lr": 0.0005,
  "best_weight_decay": 0.1
}