{
  "val/kendall_tau_mean": 0.1670805662870407,
  "val/spearman_rho_top10_mean": 0.13020934164524078,
  "val/spearman_rho_top50_mean": 0.01090292539447546,
  "val/ppv_mean": 0.7461538314819336,
  "val/kendall_tau_top20_mean": -0.015163828618824482,
  "val/tnr_at_recall_80_mean": 0.3529411852359772,
  "val/optimal_threshold_mean": 0.6245994567871094,
  "val/tnr_at_recall_90_mean": 0.1568627506494522,
  "val/average_precision_mean": 0.7241982221603394,
  "val/precision_mean": 0.7461538314819336,
  "val/mcc_mean": 0.22946509718894958,
  "val/spearman_rho_mean": 0.20426002144813538,
  "val/f1_mean": 0.6402640342712402,
  "val/pos_lr_mean": 1.7330530881881714,
  "val/recall_mean": 0.560693621635437,
  "val/recall_at_precision_80_mean": 0.05780346691608429,
  "val/enrichment_factor_mean": 1.1860827207565308,
  "val/recall_at_precision_75_mean": 0.38728323578834534,
  "val/spearman_rho_top20_mean": -0.018405254930257797,
  "val/auprc_mean": 0.7241982221603394,
  "val/kendall_tau_top50_mean": 0.008934631943702698,
  "val/sensitivity_mean": 0.560693621635437,
  "val/recall_at_precision_85_mean": 0.05202312022447586,
  "val/balanced_accuracy_mean": 0.6185821294784546,
  "val/tnr_at_recall_95_mean": 0.11764705926179886,
  "val/auroc_mean": 0.6220673322677612,
  "val/tnr_at_recall_75_mean": 0.3921568691730499,
  "val/loss": 0.6707445383071899,
  "val/kendall_tau_top10_mean": 0.10826639086008072,
  "val/recall_at_precision_90_mean": 0.05202312022447586,
  "val/tnr_at_recall_85_mean": 0.21568627655506134,
  "val/supervised_loss": 0.6707445383071899,
  "val/ECE_mean": 0.07702986896038055,
  "val/recall_at_precision_95_mean": 0.023121386766433716,
  "val/specificity_mean": 0.6764705777168274,
  "val/cohen_kappa_mean": 0.21828138828277588,
  "training_epochs": 70,
  "best_lr": 0.001,
  "best_weight_decay": 1.0
}