{
  "val/supervised_loss": 0.6555334329605103,
  "val/cohen_kappa_mean": 0.18893280625343323,
  "val/kendall_tau_top10_mean": -0.1283881515264511,
  "val/recall_at_precision_85_mean": 0.2330097109079361,
  "val/average_precision_mean": 0.7990826964378357,
  "val/pos_lr_mean": 1.6187702417373657,
  "val/tnr_at_recall_85_mean": 0.3658536672592163,
  "val/tnr_at_recall_80_mean": 0.4146341383457184,
  "val/tnr_at_recall_90_mean": 0.2195121943950653,
  "val/ECE_mean": 0.11529219150543213,
  "val/spearman_rho_top10_mean": -0.1519109010696411,
  "val/precision_mean": 0.8026315569877625,
  "val/spearman_rho_top20_mean": -0.02526993490755558,
  "val/enrichment_factor_mean": 1.1221256256103516,
  "val/auprc_mean": 0.7990826964378357,
  "val/tnr_at_recall_95_mean": 0.12195122241973877,
  "val/mcc_mean": 0.20463791489601135,
  "val/optimal_threshold_mean": 0.5996686816215515,
  "val/recall_at_precision_90_mean": 0.03883495181798935,
  "val/kendall_tau_mean": 0.16272523999214172,
  "val/auroc_mean": 0.6270424127578735,
  "val/balanced_accuracy_mean": 0.613189697265625,
  "val/f1_mean": 0.6815642714500427,
  "val/spearman_rho_top50_mean": 0.041962094604969025,
  "val/recall_at_precision_95_mean": 0.03883495181798935,
  "val/kendall_tau_top50_mean": 0.03449901565909386,
  "val/kendall_tau_top20_mean": -0.0209980271756649,
  "val/sensitivity_mean": 0.5922330021858215,
  "val/loss": 0.6555334329605103,
  "val/recall_mean": 0.5922330021858215,
  "val/tnr_at_recall_75_mean": 0.4390243887901306,
  "val/specificity_mean": 0.6341463327407837,
  "val/recall_at_precision_80_mean": 0.6019417643547058,
  "val/recall_at_precision_75_mean": 0.8834951519966125,
  "val/spearman_rho_mean": 0.19860848784446716,
  "val/ppv_mean": 0.8026315569877625,
  "training_epochs": 70,
  "best_lr": 0.001,
  "best_weight_decay": 1.0
}