{
  "val/optimal_threshold_mean": 0.6245851516723633,
  "val/spearman_rho_top20_mean": -0.025348369032144547,
  "val/tnr_at_recall_75_mean": 0.234375,
  "val/auprc_mean": 0.7153306007385254,
  "val/recall_at_precision_85_mean": 0.02083333395421505,
  "val/supervised_loss": 0.6503348350524902,
  "val/ECE_mean": 0.08033084124326706,
  "val/tnr_at_recall_85_mean": 0.203125,
  "val/recall_at_precision_95_mean": 0.02083333395421505,
  "val/specificity_mean": 0.640625,
  "val/loss": 0.6503348350524902,
  "val/spearman_rho_mean": 0.04922755807638168,
  "val/f1_mean": 0.5350877046585083,
  "val/mcc_mean": 0.06042268127202988,
  "val/recall_at_precision_80_mean": 0.02777777798473835,
  "val/recall_at_precision_75_mean": 0.02777777798473835,
  "val/cohen_kappa_mean": 0.05096418783068657,
  "val/kendall_tau_top50_mean": 0.017396921291947365,
  "val/recall_at_precision_90_mean": 0.02083333395421505,
  "val/tnr_at_recall_80_mean": 0.21875,
  "val/sensitivity_mean": 0.4236111044883728,
  "val/spearman_rho_top10_mean": 0.2661771774291992,
  "val/ppv_mean": 0.726190447807312,
  "val/kendall_tau_mean": 0.041872523725032806,
  "val/precision_mean": 0.726190447807312,
  "val/kendall_tau_top20_mean": -0.023154104128479958,
  "val/pos_lr_mean": 1.1787439584732056,
  "val/kendall_tau_top10_mean": 0.24039295315742493,
  "val/tnr_at_recall_90_mean": 0.046875,
  "val/balanced_accuracy_mean": 0.5321180820465088,
  "val/auroc_mean": 0.5305989384651184,
  "val/average_precision_mean": 0.7153306007385254,
  "val/spearman_rho_top50_mean": 0.019633516669273376,
  "val/tnr_at_recall_95_mean": 0.046875,
  "val/recall_mean": 0.4236111044883728,
  "val/enrichment_factor_mean": 1.048941731452942,
  "training_epochs": 45,
  "best_lr": 0.001,
  "best_weight_decay": 0.0
}