{
  "val/recall_at_precision_95_mean": 0.03773584961891174,
  "val/ECE_mean": 0.10207731276750565,
  "val/spearman_rho_top10_mean": 0.17977529764175415,
  "val/tnr_at_recall_75_mean": 0.2857142984867096,
  "val/f1_mean": 0.5230769515037537,
  "val/loss": 0.7043009996414185,
  "val/tnr_at_recall_80_mean": 0.2589285671710968,
  "val/optimal_threshold_mean": 0.7286726236343384,
  "val/spearman_rho_top50_mean": 0.17073717713356018,
  "val/balanced_accuracy_mean": 0.5754716992378235,
  "val/tnr_at_recall_90_mean": 0.1428571492433548,
  "val/kendall_tau_mean": 0.0893390029668808,
  "val/auprc_mean": 0.7258318066596985,
  "val/supervised_loss": 0.7043009996414185,
  "val/recall_at_precision_80_mean": 0.21698112785816193,
  "val/spearman_rho_top20_mean": 0.1327827423810959,
  "val/kendall_tau_top10_mean": 0.14906179904937744,
  "val/cohen_kappa_mean": 0.12490416318178177,
  "val/recall_at_precision_85_mean": 0.06132075563073158,
  "val/sensitivity_mean": 0.400943398475647,
  "val/tnr_at_recall_95_mean": 0.0803571417927742,
  "val/mcc_mean": 0.1506296992301941,
  "val/recall_mean": 0.400943398475647,
  "val/ppv_mean": 0.752212405204773,
  "val/spearman_rho_mean": 0.10924798995256424,
  "val/tnr_at_recall_85_mean": 0.1875,
  "val/recall_at_precision_75_mean": 0.40566039085388184,
  "val/precision_mean": 0.752212405204773,
  "val/auroc_mean": 0.5663114786148071,
  "val/specificity_mean": 0.75,
  "val/enrichment_factor_mean": 1.149607539176941,
  "val/pos_lr_mean": 1.603773593902588,
  "val/kendall_tau_top20_mean": 0.10926038026809692,
  "val/average_precision_mean": 0.7258318066596985,
  "val/kendall_tau_top50_mean": 0.13984118402004242,
  "val/recall_at_precision_90_mean": 0.056603774428367615,
  "training_epochs": 5,
  "best_lr": 0.0005,
  "best_weight_decay": 0.1
}