{
  "val/average_precision_mean": 0.7431574463844299,
  "val/recall_at_precision_90_mean": 0.0,
  "val/mcc_mean": 0.23927895724773407,
  "val/kendall_tau_top20_mean": 0.01272995863109827,
  "val/precision_mean": 0.7692307829856873,
  "val/recall_at_precision_95_mean": 0.0,
  "val/recall_at_precision_85_mean": 0.0,
  "val/sensitivity_mean": 0.5421686768531799,
  "val/auprc_mean": 0.7431574463844299,
  "val/tnr_at_recall_85_mean": 0.29347825050354004,
  "val/spearman_rho_top50_mean": 0.09364840388298035,
  "val/tnr_at_recall_75_mean": 0.41304346919059753,
  "val/f1_mean": 0.6360424160957336,
  "val/kendall_tau_top50_mean": 0.07767295837402344,
  "val/cohen_kappa_mean": 0.22230026125907898,
  "val/tnr_at_recall_80_mean": 0.33695653080940247,
  "val/spearman_rho_mean": 0.2261022925376892,
  "val/loss": 0.7255639433860779,
  "val/kendall_tau_top10_mean": 0.09370425343513489,
  "val/enrichment_factor_mean": 1.1955513954162598,
  "val/tnr_at_recall_95_mean": 0.1304347813129425,
  "val/balanced_accuracy_mean": 0.6243451833724976,
  "val/optimal_threshold_mean": 0.6483306884765625,
  "val/ppv_mean": 0.7692307829856873,
  "val/kendall_tau_mean": 0.18573319911956787,
  "val/supervised_loss": 0.7255639433860779,
  "val/recall_mean": 0.5421686768531799,
  "val/spearman_rho_top10_mean": 0.10044743120670319,
  "val/recall_at_precision_80_mean": 0.3253012001514435,
  "val/tnr_at_recall_90_mean": 0.18478260934352875,
  "val/specificity_mean": 0.70652174949646,
  "val/recall_at_precision_75_mean": 0.5602409839630127,
  "val/spearman_rho_top20_mean": 0.014852181077003479,
  "val/pos_lr_mean": 1.847389578819275,
  "val/ECE_mean": 0.11749521642923355,
  "val/auroc_mean": 0.6362296938896179,
  "training_epochs": 56,
  "best_lr": 0.0005,
  "best_weight_decay": 0.1
}