{
  "val/spearman_rho_mean": 0.28600195050239563,
  "val/ppv_mean": 0.7411764860153198,
  "val/supervised_loss": 0.6737658977508545,
  "val/kendall_tau_top20_mean": 0.06605445593595505,
  "val/auprc_mean": 0.762650191783905,
  "val/pos_lr_mean": 1.6883867979049683,
  "val/tnr_at_recall_95_mean": 0.12745098769664764,
  "val/optimal_threshold_mean": 0.64263916015625,
  "val/kendall_tau_mean": 0.23394381999969482,
  "val/recall_at_precision_75_mean": 0.560693621635437,
  "val/cohen_kappa_mean": 0.2951696813106537,
  "val/sensitivity_mean": 0.7283236980438232,
  "val/ECE_mean": 0.08290514349937439,
  "val/auroc_mean": 0.6709169149398804,
  "val/spearman_rho_top10_mean": 0.11017196625471115,
  "val/spearman_rho_top50_mean": 0.13293181359767914,
  "val/balanced_accuracy_mean": 0.6484755873680115,
  "val/tnr_at_recall_80_mean": 0.44117647409439087,
  "val/average_precision_mean": 0.762650191783905,
  "val/tnr_at_recall_75_mean": 0.5392156839370728,
  "val/kendall_tau_top50_mean": 0.10893378406763077,
  "val/recall_mean": 0.7283236980438232,
  "val/recall_at_precision_85_mean": 0.06936416029930115,
  "val/enrichment_factor_mean": 1.1781706809997559,
  "val/mcc_mean": 0.29524940252304077,
  "val/recall_at_precision_90_mean": 0.06936416029930115,
  "val/kendall_tau_top10_mean": 0.09160572290420532,
  "val/recall_at_precision_95_mean": 0.040462426841259,
  "val/loss": 0.6737658977508545,
  "val/recall_at_precision_80_mean": 0.3005780279636383,
  "val/tnr_at_recall_90_mean": 0.29411765933036804,
  "val/f1_mean": 0.7346938848495483,
  "val/specificity_mean": 0.5686274766921997,
  "val/tnr_at_recall_85_mean": 0.343137264251709,
  "val/precision_mean": 0.7411764860153198,
  "val/spearman_rho_top20_mean": 0.0801742821931839,
  "training_epochs": 34,
  "best_lr": 0.0005,
  "best_weight_decay": 1.0
}