{
  "val/pos_lr_mean": 1.8125873804092407,
  "val/balanced_accuracy_mean": 0.6396634578704834,
  "val/recall_at_precision_80_mean": 0.4307692348957062,
  "val/enrichment_factor_mean": 1.1735624074935913,
  "val/supervised_loss": 0.8245380520820618,
  "val/recall_at_precision_90_mean": 0.015384615398943424,
  "val/recall_at_precision_95_mean": 0.015384615398943424,
  "val/spearman_rho_top50_mean": 0.06242496892809868,
  "val/recall_mean": 0.6230769157409668,
  "val/tnr_at_recall_80_mean": 0.421875,
  "val/cohen_kappa_mean": 0.2523070275783539,
  "val/mcc_mean": 0.2631692588329315,
  "val/auroc_mean": 0.6634615659713745,
  "val/average_precision_mean": 0.7728697061538696,
  "val/optimal_threshold_mean": 0.6503851413726807,
  "val/recall_at_precision_75_mean": 0.7615384459495544,
  "val/spearman_rho_top20_mean": 0.27793845534324646,
  "val/tnr_at_recall_90_mean": 0.296875,
  "val/sensitivity_mean": 0.6230769157409668,
  "val/tnr_at_recall_85_mean": 0.328125,
  "val/loss": 0.8245380520820618,
  "val/tnr_at_recall_75_mean": 0.484375,
  "val/spearman_rho_top10_mean": -0.3162277638912201,
  "val/kendall_tau_top20_mean": 0.22990238666534424,
  "val/f1_mean": 0.6952789425849915,
  "val/kendall_tau_top10_mean": -0.26490646600723267,
  "val/precision_mean": 0.7864077687263489,
  "val/ECE_mean": 0.09594880044460297,
  "val/kendall_tau_top50_mean": 0.051231831312179565,
  "val/tnr_at_recall_95_mean": 0.234375,
  "val/auprc_mean": 0.7728697061538696,
  "val/spearman_rho_mean": 0.26623913645744324,
  "val/specificity_mean": 0.65625,
  "val/ppv_mean": 0.7864077687263489,
  "val/recall_at_precision_85_mean": 0.1846153885126114,
  "val/kendall_tau_mean": 0.21794289350509644,
  "training_epochs": 38,
  "best_lr": 0.0005,
  "best_weight_decay": 1.0
}