{
  "val/tnr_at_recall_90_mean": 0.07246376574039459,
  "val/auroc_mean": 0.5327137112617493,
  "val/specificity_mean": 0.8405796885490417,
  "val/balanced_accuracy_mean": 0.554347813129425,
  "val/pos_lr_mean": 1.6818181276321411,
  "val/recall_mean": 0.26811593770980835,
  "val/average_precision_mean": 0.7021595239639282,
  "val/tnr_at_recall_80_mean": 0.17391304671764374,
  "val/ppv_mean": 0.7708333134651184,
  "val/kendall_tau_top10_mean": 0.09498713910579681,
  "val/mcc_mean": 0.12141073495149612,
  "val/auprc_mean": 0.7021595239639282,
  "val/kendall_tau_top50_mean": 0.06483957171440125,
  "val/recall_at_precision_85_mean": 0.007246376946568489,
  "val/tnr_at_recall_85_mean": 0.08695652335882187,
  "val/spearman_rho_mean": 0.0534219890832901,
  "val/recall_at_precision_95_mean": 0.007246376946568489,
  "val/cohen_kappa_mean": 0.08196721225976944,
  "val/supervised_loss": 0.7107577323913574,
  "val/loss": 0.7107577323913574,
  "val/ECE_mean": 0.0601319819688797,
  "val/spearman_rho_top10_mean": 0.11353134363889694,
  "val/optimal_threshold_mean": 0.7875843048095703,
  "val/recall_at_precision_90_mean": 0.007246376946568489,
  "val/tnr_at_recall_75_mean": 0.3333333432674408,
  "val/kendall_tau_mean": 0.04372813180088997,
  "val/precision_mean": 0.7708333134651184,
  "val/recall_at_precision_75_mean": 0.28985506296157837,
  "val/f1_mean": 0.3978494703769684,
  "val/spearman_rho_top20_mean": -0.12960414588451385,
  "val/recall_at_precision_80_mean": 0.036231882870197296,
  "val/enrichment_factor_mean": 1.15625,
  "val/kendall_tau_top20_mean": -0.10710407048463821,
  "val/tnr_at_recall_95_mean": 0.028985507786273956,
  "val/spearman_rho_top50_mean": 0.07902922481298447,
  "val/sensitivity_mean": 0.26811593770980835,
  "training_epochs": 20,
  "best_lr": 0.0005,
  "best_weight_decay": 0.0
}