{
  "val/average_precision_mean": 0.6963045597076416,
  "val/recall_at_precision_75_mean": 0.20769231021404266,
  "val/recall_at_precision_85_mean": 0.03076923079788685,
  "val/recall_at_precision_90_mean": 0.03076923079788685,
  "val/kendall_tau_top50_mean": 0.04568212106823921,
  "val/enrichment_factor_mean": 1.141687273979187,
  "val/balanced_accuracy_mean": 0.6045787334442139,
  "val/optimal_threshold_mean": 0.6508358716964722,
  "val/supervised_loss": 0.7248288989067078,
  "val/tnr_at_recall_90_mean": 0.1785714328289032,
  "val/ECE_mean": 0.10879196226596832,
  "val/tnr_at_recall_80_mean": 0.369047611951828,
  "val/cohen_kappa_mean": 0.20654729008674622,
  "val/mcc_mean": 0.20689627528190613,
  "val/tnr_at_recall_95_mean": 0.02380952425301075,
  "val/spearman_rho_mean": 0.19022545218467712,
  "val/specificity_mean": 0.5476190447807312,
  "val/tnr_at_recall_85_mean": 0.25,
  "val/loss": 0.7248288989067078,
  "val/sensitivity_mean": 0.6615384817123413,
  "val/spearman_rho_top10_mean": -0.10444658994674683,
  "val/tnr_at_recall_75_mean": 0.4523809552192688,
  "val/pos_lr_mean": 1.462348222732544,
  "val/f1_mean": 0.6771653294563293,
  "val/kendall_tau_mean": 0.15568090975284576,
  "val/auroc_mean": 0.6124542355537415,
  "val/kendall_tau_top20_mean": 0.02514636516571045,
  "val/recall_at_precision_95_mean": 0.03076923079788685,
  "val/auprc_mean": 0.6963045597076416,
  "val/spearman_rho_top50_mean": 0.05568931996822357,
  "val/recall_mean": 0.6615384817123413,
  "val/ppv_mean": 0.6935483813285828,
  "val/recall_at_precision_80_mean": 0.03076923079788685,
  "val/spearman_rho_top20_mean": 0.030437659472227097,
  "val/kendall_tau_top10_mean": -0.08728715777397156,
  "val/precision_mean": 0.6935483813285828,
  "training_epochs": 12,
  "best_lr": 0.0005,
  "best_weight_decay": 0.01
}