{
  "val/sensitivity_mean": 0.7209302186965942,
  "val/recall_at_precision_75_mean": 0.44186046719551086,
  "val/enrichment_factor_mean": 1.1322845220565796,
  "val/loss": 0.7505422830581665,
  "val/recall_at_precision_85_mean": 0.05232558026909828,
  "val/ECE_mean": 0.1446278989315033,
  "val/auprc_mean": 0.7415361404418945,
  "val/optimal_threshold_mean": 0.5519824624061584,
  "val/spearman_rho_top10_mean": 0.07156600803136826,
  "val/f1_mean": 0.7251461744308472,
  "val/average_precision_mean": 0.7415361404418945,
  "val/spearman_rho_top50_mean": 0.13178659975528717,
  "val/spearman_rho_mean": 0.20492394268512726,
  "val/kendall_tau_top10_mean": 0.059546515345573425,
  "val/specificity_mean": 0.5157894492149353,
  "val/recall_at_precision_80_mean": 0.14534883201122284,
  "val/supervised_loss": 0.7505422830581665,
  "val/kendall_tau_mean": 0.16763274371623993,
  "val/pos_lr_mean": 1.4888776540756226,
  "val/tnr_at_recall_90_mean": 0.10526315867900848,
  "val/spearman_rho_top20_mean": 0.050102390348911285,
  "val/kendall_tau_top50_mean": 0.10800707340240479,
  "val/auroc_mean": 0.6235617995262146,
  "val/tnr_at_recall_95_mean": 0.10526315867900848,
  "val/tnr_at_recall_80_mean": 0.410526305437088,
  "val/cohen_kappa_mean": 0.23560942709445953,
  "val/recall_at_precision_95_mean": 0.023255813866853714,
  "val/balanced_accuracy_mean": 0.6183598637580872,
  "val/tnr_at_recall_75_mean": 0.4421052634716034,
  "val/kendall_tau_top20_mean": 0.04129255563020706,
  "val/tnr_at_recall_85_mean": 0.2631579041481018,
  "val/recall_at_precision_90_mean": 0.05232558026909828,
  "val/recall_mean": 0.7209302186965942,
  "val/precision_mean": 0.729411780834198,
  "val/mcc_mean": 0.23564060032367706,
  "val/ppv_mean": 0.729411780834198,
  "training_epochs": 215,
  "best_lr": 5e-05,
  "best_weight_decay": 0.01
}