{
  "val/ppv_mean": 0.8017241358757019,
  "val/specificity_mean": 0.7628865838050842,
  "val/balanced_accuracy_mean": 0.6757470965385437,
  "val/auroc_mean": 0.6782591938972473,
  "val/recall_at_precision_95_mean": 0.0,
  "val/tnr_at_recall_80_mean": 0.42268040776252747,
  "val/spearman_rho_top20_mean": -0.17446783185005188,
  "val/kendall_tau_mean": 0.2452586442232132,
  "val/loss": 0.6437358856201172,
  "val/recall_at_precision_80_mean": 0.594936728477478,
  "val/enrichment_factor_mean": 1.2939218282699585,
  "val/precision_mean": 0.8017241358757019,
  "val/spearman_rho_top50_mean": 0.0347934290766716,
  "val/recall_at_precision_85_mean": 0.0,
  "val/auprc_mean": 0.7364984750747681,
  "val/tnr_at_recall_95_mean": 0.10309278219938278,
  "val/optimal_threshold_mean": 0.6902920603752136,
  "val/spearman_rho_mean": 0.29979202151298523,
  "val/tnr_at_recall_75_mean": 0.5051546096801758,
  "val/cohen_kappa_mean": 0.3243812918663025,
  "val/f1_mean": 0.6788321137428284,
  "val/tnr_at_recall_85_mean": 0.3711340129375458,
  "val/ECE_mean": 0.10924610495567322,
  "val/tnr_at_recall_90_mean": 0.1855670064687729,
  "val/recall_at_precision_75_mean": 0.6835442781448364,
  "val/pos_lr_mean": 2.482388496398926,
  "val/spearman_rho_top10_mean": -0.07412493228912354,
  "val/kendall_tau_top50_mean": 0.028520341962575912,
  "val/kendall_tau_top20_mean": -0.1438422054052353,
  "val/supervised_loss": 0.6437358856201172,
  "val/recall_at_precision_90_mean": 0.0,
  "val/kendall_tau_top10_mean": -0.06172133982181549,
  "val/average_precision_mean": 0.7364984750747681,
  "val/mcc_mean": 0.34268584847450256,
  "val/recall_mean": 0.5886076092720032,
  "val/sensitivity_mean": 0.5886076092720032,
  "training_epochs": 41,
  "best_lr": 0.0005,
  "best_weight_decay": 1.0
}