{
  "val/kendall_tau_top10_mean": -0.09574603289365768,
  "val/cohen_kappa_mean": 0.3701147139072418,
  "val/spearman_rho_top10_mean": -0.1137024536728859,
  "val/spearman_rho_top50_mean": -0.0776866227388382,
  "val/ECE_mean": 0.06769764423370361,
  "val/kendall_tau_top50_mean": -0.06395168602466583,
  "val/ppv_mean": 0.7388059496879578,
  "val/recall_at_precision_85_mean": 0.01587301678955555,
  "val/recall_mean": 0.7857142686843872,
  "val/balanced_accuracy_mean": 0.682013750076294,
  "val/auprc_mean": 0.7175729274749756,
  "val/spearman_rho_top20_mean": -0.0454796701669693,
  "val/tnr_at_recall_80_mean": 0.4819277226924896,
  "val/tnr_at_recall_75_mean": 0.5783132314682007,
  "val/specificity_mean": 0.5783132314682007,
  "val/pos_lr_mean": 1.8632652759552002,
  "val/sensitivity_mean": 0.7857142686843872,
  "val/supervised_loss": 0.6652078628540039,
  "val/mcc_mean": 0.3713432550430298,
  "val/spearman_rho_mean": 0.3102054297924042,
  "val/auroc_mean": 0.6829699873924255,
  "val/precision_mean": 0.7388059496879578,
  "val/enrichment_factor_mean": 1.2254797220230103,
  "val/recall_at_precision_90_mean": 0.01587301678955555,
  "val/tnr_at_recall_90_mean": 0.3012048304080963,
  "val/loss": 0.6652078628540039,
  "val/average_precision_mean": 0.7175729274749756,
  "val/recall_at_precision_75_mean": 0.7142857313156128,
  "val/f1_mean": 0.7615384459495544,
  "val/kendall_tau_mean": 0.25474661588668823,
  "val/kendall_tau_top20_mean": -0.03816821798682213,
  "val/tnr_at_recall_85_mean": 0.42168673872947693,
  "val/recall_at_precision_80_mean": 0.0317460335791111,
  "val/optimal_threshold_mean": 0.5875795483589172,
  "val/recall_at_precision_95_mean": 0.01587301678955555,
  "val/tnr_at_recall_95_mean": 0.1204819306731224,
  "training_epochs": 87,
  "best_lr": 0.001,
  "best_weight_decay": 0.1
}