{
  "val/auroc_mean": 0.6304833292961121,
  "val/precision_mean": 0.7065868377685547,
  "val/recall_mean": 0.7283950448036194,
  "val/supervised_loss": 0.663321852684021,
  "val/optimal_threshold_mean": 0.5528682470321655,
  "val/enrichment_factor_mean": 1.116581678390503,
  "val/tnr_at_recall_95_mean": 0.19148936867713928,
  "val/spearman_rho_top10_mean": -0.06494054198265076,
  "val/kendall_tau_mean": 0.17825347185134888,
  "val/kendall_tau_top10_mean": -0.05407380685210228,
  "val/tnr_at_recall_80_mean": 0.3404255211353302,
  "val/auprc_mean": 0.7224181294441223,
  "val/ECE_mean": 0.07006238400936127,
  "val/recall_at_precision_75_mean": 0.40123456716537476,
  "val/mcc_mean": 0.20964621007442474,
  "val/spearman_rho_top20_mean": -0.021982600912451744,
  "val/recall_at_precision_80_mean": 0.006172839552164078,
  "val/recall_at_precision_85_mean": 0.006172839552164078,
  "val/pos_lr_mean": 1.397329330444336,
  "val/average_precision_mean": 0.7224181294441223,
  "val/specificity_mean": 0.478723406791687,
  "val/tnr_at_recall_85_mean": 0.2978723347187042,
  "val/balanced_accuracy_mean": 0.6035592555999756,
  "val/cohen_kappa_mean": 0.20945677161216736,
  "val/loss": 0.663321852684021,
  "val/tnr_at_recall_90_mean": 0.26595744490623474,
  "val/kendall_tau_top50_mean": 0.0689995139837265,
  "val/tnr_at_recall_75_mean": 0.43617022037506104,
  "val/f1_mean": 0.7173252105712891,
  "val/kendall_tau_top20_mean": -0.01812383159995079,
  "val/spearman_rho_top50_mean": 0.0841786116361618,
  "val/recall_at_precision_95_mean": 0.006172839552164078,
  "val/spearman_rho_mean": 0.21788658201694489,
  "val/recall_at_precision_90_mean": 0.006172839552164078,
  "val/sensitivity_mean": 0.7283950448036194,
  "val/ppv_mean": 0.7065868377685547,
  "training_epochs": 41,
  "best_lr": 0.0005,
  "best_weight_decay": 0.1
}