{
  "val/balanced_accuracy_mean": 0.5701923370361328,
  "val/recall_at_precision_95_mean": 0.0,
  "val/tnr_at_recall_90_mean": 0.0625,
  "val/recall_at_precision_90_mean": 0.0,
  "val/spearman_rho_top10_mean": -0.14085903763771057,
  "val/kendall_tau_top50_mean": 0.050391580909490585,
  "val/recall_at_precision_80_mean": 0.0,
  "val/kendall_tau_mean": 0.056651003658771515,
  "val/tnr_at_recall_75_mean": 0.265625,
  "val/tnr_at_recall_80_mean": 0.140625,
  "val/ECE_mean": 0.03450049087405205,
  "val/mcc_mean": 0.13226406276226044,
  "val/spearman_rho_mean": 0.06902045011520386,
  "val/tnr_at_recall_95_mean": 0.046875,
  "val/enrichment_factor_mean": 1.0987321138381958,
  "val/tnr_at_recall_85_mean": 0.109375,
  "val/f1_mean": 0.6063348650932312,
  "val/average_precision_mean": 0.7090456485748291,
  "val/recall_at_precision_85_mean": 0.0,
  "val/recall_mean": 0.5153846144676208,
  "val/sensitivity_mean": 0.5153846144676208,
  "val/pos_lr_mean": 1.3743590116500854,
  "val/cohen_kappa_mean": 0.12157801538705826,
  "val/spearman_rho_top20_mean": -0.14766985177993774,
  "val/precision_mean": 0.7362637519836426,
  "val/auroc_mean": 0.5423678159713745,
  "val/kendall_tau_top20_mean": -0.12771129608154297,
  "val/optimal_threshold_mean": 0.6517007350921631,
  "val/supervised_loss": 0.6891100406646729,
  "val/loss": 0.6891100406646729,
  "val/kendall_tau_top10_mean": -0.13447372615337372,
  "val/spearman_rho_top50_mean": 0.060882825404405594,
  "val/specificity_mean": 0.625,
  "val/ppv_mean": 0.7362637519836426,
  "val/auprc_mean": 0.7090456485748291,
  "val/recall_at_precision_75_mean": 0.3384615480899811,
  "training_epochs": 11,
  "best_lr": 0.001,
  "best_weight_decay": 1.0
}