{
  "val/specificity_mean": 0.0,
  "val/recall_at_precision_75_mean": 0.0,
  "val/spearman_rho_top50_mean": 0.04222742095589638,
  "val/average_precision_mean": 0.6779381632804871,
  "val/kendall_tau_mean": -0.06236961856484413,
  "val/loss": 0.6434980034828186,
  "val/recall_at_precision_85_mean": 0.0,
  "val/kendall_tau_top20_mean": 0.6725096106529236,
  "val/optimal_threshold_mean": 0.5,
  "val/f1_mean": 0.8102893829345703,
  "val/tnr_at_recall_85_mean": 0.0,
  "val/spearman_rho_top10_mean": 0.6420060396194458,
  "val/pos_lr_mean": 1.0,
  "val/cohen_kappa_mean": 0.0,
  "val/auprc_mean": 0.6779381632804871,
  "val/precision_mean": 0.6810810565948486,
  "val/sensitivity_mean": 1.0,
  "val/recall_at_precision_95_mean": 0.0,
  "val/recall_at_precision_80_mean": 0.0,
  "val/tnr_at_recall_75_mean": 0.0,
  "val/ECE_mean": 0.02313864231109619,
  "val/kendall_tau_top50_mean": 0.04211315140128136,
  "val/spearman_rho_top20_mean": 0.677034854888916,
  "val/recall_at_precision_90_mean": 0.0,
  "val/tnr_at_recall_90_mean": 0.0,
  "val/balanced_accuracy_mean": 0.5,
  "val/tnr_at_recall_80_mean": 0.0,
  "val/tnr_at_recall_95_mean": 0.0,
  "val/recall_mean": 1.0,
  "val/enrichment_factor_mean": 1.0,
  "val/spearman_rho_mean": -0.0625382512807846,
  "val/ppv_mean": 0.6810810565948486,
  "val/kendall_tau_top10_mean": 0.6333004832267761,
  "val/mcc_mean": 0.0,
  "val/supervised_loss": 0.6434980034828186,
  "val/auroc_mean": 0.49152541160583496,
  "training_epochs": 32,
  "best_lr": 0.0005,
  "best_weight_decay": 0.01
}