{
  "val/kendall_tau_top20_mean": 0.009836594574153423,
  "val/auprc_mean": 0.739776074886322,
  "val/tnr_at_recall_80_mean": 0.24390244483947754,
  "val/kendall_tau_top10_mean": 0.6101702451705933,
  "val/tnr_at_recall_75_mean": 0.3658536672592163,
  "val/ECE_mean": 0.06412580609321594,
  "val/average_precision_mean": 0.739776074886322,
  "val/auroc_mean": 0.5422685146331787,
  "val/cohen_kappa_mean": 0.11342647671699524,
  "val/ppv_mean": 0.7475728392601013,
  "val/balanced_accuracy_mean": 0.5567132234573364,
  "val/sensitivity_mean": 0.7475728392601013,
  "val/precision_mean": 0.7475728392601013,
  "val/recall_at_precision_95_mean": 0.0,
  "val/recall_at_precision_85_mean": 0.0,
  "val/tnr_at_recall_95_mean": 0.0731707289814949,
  "val/recall_at_precision_75_mean": 0.7572815418243408,
  "val/spearman_rho_top20_mean": 0.009923912584781647,
  "val/enrichment_factor_mean": 1.0451502799987793,
  "val/loss": 0.658942461013794,
  "val/spearman_rho_mean": 0.06969033181667328,
  "val/recall_at_precision_90_mean": 0.0,
  "val/spearman_rho_top10_mean": 0.620907187461853,
  "val/supervised_loss": 0.658942461013794,
  "val/mcc_mean": 0.11342647671699524,
  "val/tnr_at_recall_90_mean": 0.0731707289814949,
  "val/tnr_at_recall_85_mean": 0.19512194395065308,
  "val/kendall_tau_top50_mean": 0.08991902321577072,
  "val/recall_at_precision_80_mean": 0.0,
  "val/kendall_tau_mean": 0.061297930777072906,
  "val/specificity_mean": 0.3658536672592163,
  "val/f1_mean": 0.7475728392601013,
  "val/recall_mean": 0.7475728392601013,
  "val/optimal_threshold_mean": 0.5670997500419617,
  "val/spearman_rho_top50_mean": 0.09117566049098969,
  "val/pos_lr_mean": 1.17886483669281,
  "training_epochs": 126,
  "best_lr": 0.001,
  "best_weight_decay": 0.1
}