{
  "val/tnr_at_recall_90_mean": 0.1071428582072258,
  "val/recall_at_precision_90_mean": 0.004716981202363968,
  "val/recall_at_precision_80_mean": 0.2688679099082947,
  "val/kendall_tau_top20_mean": 0.03388020396232605,
  "val/loss": 0.7096134424209595,
  "val/balanced_accuracy_mean": 0.5751347541809082,
  "val/recall_at_precision_75_mean": 0.2971698045730591,
  "val/tnr_at_recall_95_mean": 0.0803571417927742,
  "val/recall_at_precision_95_mean": 0.004716981202363968,
  "val/precision_mean": 0.8545454740524292,
  "val/auprc_mean": 0.7201716303825378,
  "val/f1_mean": 0.352059930562973,
  "val/spearman_rho_top20_mean": 0.041174180805683136,
  "val/cohen_kappa_mean": 0.11293283849954605,
  "val/supervised_loss": 0.7096134424209595,
  "val/tnr_at_recall_85_mean": 0.1517857164144516,
  "val/ECE_mean": 0.08542531728744507,
  "val/spearman_rho_top50_mean": 0.1717371791601181,
  "val/kendall_tau_top10_mean": -0.31302374601364136,
  "val/kendall_tau_top50_mean": 0.14065495133399963,
  "val/tnr_at_recall_75_mean": 0.3303571343421936,
  "val/enrichment_factor_mean": 1.3060033321380615,
  "val/auroc_mean": 0.5736185908317566,
  "val/specificity_mean": 0.9285714030265808,
  "val/ppv_mean": 0.8545454740524292,
  "val/spearman_rho_mean": 0.12128641456365585,
  "val/kendall_tau_mean": 0.09918265044689178,
  "val/mcc_mean": 0.1903664469718933,
  "val/recall_mean": 0.2216981202363968,
  "val/pos_lr_mean": 3.103773593902588,
  "val/sensitivity_mean": 0.2216981202363968,
  "val/tnr_at_recall_80_mean": 0.2946428656578064,
  "val/average_precision_mean": 0.7201716303825378,
  "val/recall_at_precision_85_mean": 0.22641509771347046,
  "val/spearman_rho_top10_mean": -0.3775208592414856,
  "val/optimal_threshold_mean": 0.8260778784751892,
  "training_epochs": 29,
  "best_lr": 0.0001,
  "best_weight_decay": 0.0
}