{
  "val/pos_lr_mean": 2.2058823108673096,
  "val/spearman_rho_top10_mean": -0.1867654174566269,
  "val/average_precision_mean": 0.7659977674484253,
  "val/enrichment_factor_mean": 1.2333966493606567,
  "val/recall_at_precision_75_mean": 0.831932783126831,
  "val/recall_mean": 0.6302521228790283,
  "val/kendall_tau_top10_mean": -0.15667200088500977,
  "val/kendall_tau_top20_mean": 0.14056891202926636,
  "val/balanced_accuracy_mean": 0.6722689270973206,
  "val/spearman_rho_top20_mean": 0.16981860995292664,
  "val/tnr_at_recall_80_mean": 0.4761904776096344,
  "val/recall_at_precision_90_mean": 0.0,
  "val/auroc_mean": 0.6868080496788025,
  "val/cohen_kappa_mean": 0.3140425384044647,
  "val/spearman_rho_top50_mean": -0.1524135172367096,
  "val/optimal_threshold_mean": 0.6770144701004028,
  "val/kendall_tau_mean": 0.25206315517425537,
  "val/tnr_at_recall_90_mean": 0.4126984179019928,
  "val/tnr_at_recall_85_mean": 0.4285714328289032,
  "val/tnr_at_recall_95_mean": 0.1428571492433548,
  "val/mcc_mean": 0.32790207862854004,
  "val/f1_mean": 0.7075471878051758,
  "val/specificity_mean": 0.7142857313156128,
  "val/loss": 0.6279052495956421,
  "val/recall_at_precision_80_mean": 0.6386554837226868,
  "val/recall_at_precision_85_mean": 0.15126051008701324,
  "val/ppv_mean": 0.8064516186714172,
  "val/kendall_tau_top50_mean": -0.12512700259685516,
  "val/recall_at_precision_95_mean": 0.0,
  "val/ECE_mean": 0.12192655354738235,
  "val/tnr_at_recall_75_mean": 0.5555555820465088,
  "val/auprc_mean": 0.7659977674484253,
  "val/sensitivity_mean": 0.6302521228790283,
  "val/supervised_loss": 0.6279052495956421,
  "val/spearman_rho_mean": 0.30786842107772827,
  "val/precision_mean": 0.8064516186714172,
  "training_epochs": 22,
  "best_lr": 0.0005,
  "best_weight_decay": 1.0
}