{
  "val/specificity_mean": 0.6082473993301392,
  "val/ECE_mean": 0.10660679638385773,
  "val/recall_at_precision_95_mean": 0.018987340852618217,
  "val/tnr_at_recall_95_mean": 0.15463916957378387,
  "val/enrichment_factor_mean": 1.2077709436416626,
  "val/precision_mean": 0.748344361782074,
  "val/recall_at_precision_80_mean": 0.1139240488409996,
  "val/tnr_at_recall_85_mean": 0.3298968970775604,
  "val/spearman_rho_mean": 0.2648967504501343,
  "val/spearman_rho_top50_mean": -0.1000031977891922,
  "val/average_precision_mean": 0.7269899845123291,
  "val/ppv_mean": 0.748344361782074,
  "val/kendall_tau_top50_mean": -0.0819731056690216,
  "val/supervised_loss": 0.6488683223724365,
  "val/kendall_tau_top10_mean": 0.16222141683101654,
  "val/spearman_rho_top20_mean": 0.21758590638637543,
  "val/auroc_mean": 0.6575101017951965,
  "val/optimal_threshold_mean": 0.5930333137512207,
  "val/recall_at_precision_85_mean": 0.1139240488409996,
  "val/mcc_mean": 0.3195209801197052,
  "val/recall_at_precision_90_mean": 0.018987340852618217,
  "val/auprc_mean": 0.7269899845123291,
  "val/kendall_tau_mean": 0.21671096980571747,
  "val/loss": 0.6488683223724365,
  "val/tnr_at_recall_75_mean": 0.49484536051750183,
  "val/kendall_tau_top20_mean": 0.17939144372940063,
  "val/tnr_at_recall_90_mean": 0.23711340129375458,
  "val/f1_mean": 0.7313916087150574,
  "val/pos_lr_mean": 1.8256162405014038,
  "val/balanced_accuracy_mean": 0.6617186665534973,
  "val/sensitivity_mean": 0.7151898741722107,
  "val/tnr_at_recall_80_mean": 0.4536082446575165,
  "val/cohen_kappa_mean": 0.31899353861808777,
  "val/recall_at_precision_75_mean": 0.7215189933776855,
  "val/spearman_rho_top10_mean": 0.19482162594795227,
  "val/recall_mean": 0.7151898741722107,
  "training_epochs": 7,
  "best_lr": 0.0005,
  "best_weight_decay": 0.1
}