{
  "val/mcc_mean": 0.15126843750476837,
  "val/ECE_mean": 0.14104780554771423,
  "val/tnr_at_recall_85_mean": 0.2589285671710968,
  "val/kendall_tau_top20_mean": 0.1573832929134369,
  "val/spearman_rho_top50_mean": -0.11633291095495224,
  "val/recall_at_precision_90_mean": 0.04245283082127571,
  "val/sensitivity_mean": 0.551886796951294,
  "val/spearman_rho_mean": 0.12961271405220032,
  "val/spearman_rho_top10_mean": 0.38700568675994873,
  "val/tnr_at_recall_75_mean": 0.375,
  "val/recall_at_precision_75_mean": 0.08490566164255142,
  "val/pos_lr_mean": 1.4048027992248535,
  "val/recall_mean": 0.551886796951294,
  "val/spearman_rho_top20_mean": 0.19126591086387634,
  "val/recall_at_precision_95_mean": 0.04245283082127571,
  "val/recall_at_precision_80_mean": 0.08018867671489716,
  "val/optimal_threshold_mean": 0.7319180369377136,
  "val/cohen_kappa_mean": 0.14360690116882324,
  "val/tnr_at_recall_95_mean": 0.1160714253783226,
  "val/ppv_mean": 0.7267080545425415,
  "val/kendall_tau_top10_mean": 0.3208881616592407,
  "val/balanced_accuracy_mean": 0.5795148015022278,
  "val/precision_mean": 0.7267080545425415,
  "val/kendall_tau_mean": 0.10599152743816376,
  "val/loss": 0.8149709105491638,
  "val/tnr_at_recall_80_mean": 0.3482142984867096,
  "val/auprc_mean": 0.7106597423553467,
  "val/kendall_tau_top50_mean": -0.09527814388275146,
  "val/tnr_at_recall_90_mean": 0.1785714328289032,
  "val/specificity_mean": 0.6071428656578064,
  "val/auroc_mean": 0.5786725282669067,
  "val/enrichment_factor_mean": 1.1106293201446533,
  "val/supervised_loss": 0.8149709105491638,
  "val/average_precision_mean": 0.7106597423553467,
  "val/recall_at_precision_85_mean": 0.06132075563073158,
  "val/f1_mean": 0.627345860004425,
  "training_epochs": 71,
  "best_lr": 0.0005,
  "best_weight_decay": 0.01
}