{
  "val/specificity_mean": 0.41803279519081116,
  "val/recall_mean": 0.6145251393318176,
  "val/auroc_mean": 0.4859190285205841,
  "val/optimal_threshold_mean": 0.6398788094520569,
  "val/kendall_tau_top20_mean": -0.13037505745887756,
  "val/precision_mean": 0.6077347993850708,
  "val/supervised_loss": 0.7250543236732483,
  "val/spearman_rho_top10_mean": -0.007719457149505615,
  "val/mcc_mean": 0.03264624625444412,
  "val/tnr_at_recall_80_mean": 0.19672131538391113,
  "val/tnr_at_recall_95_mean": 0.032786883413791656,
  "val/spearman_rho_top50_mean": -0.12791265547275543,
  "val/recall_at_precision_80_mean": 0.016759777441620827,
  "val/cohen_kappa_mean": 0.03264312818646431,
  "val/average_precision_mean": 0.5793300867080688,
  "val/auprc_mean": 0.5793300867080688,
  "val/ppv_mean": 0.6077347993850708,
  "val/recall_at_precision_90_mean": 0.016759777441620827,
  "val/kendall_tau_mean": -0.019589636474847794,
  "val/kendall_tau_top10_mean": -0.006407097913324833,
  "val/tnr_at_recall_90_mean": 0.0901639312505722,
  "val/ECE_mean": 0.07373377680778503,
  "val/kendall_tau_top50_mean": -0.10485181957483292,
  "val/spearman_rho_mean": -0.023947834968566895,
  "val/f1_mean": 0.6111111044883728,
  "val/loss": 0.7250543236732483,
  "val/recall_at_precision_85_mean": 0.016759777441620827,
  "val/balanced_accuracy_mean": 0.5162789821624756,
  "val/enrichment_factor_mean": 1.0219451189041138,
  "val/recall_at_precision_75_mean": 0.016759777441620827,
  "val/tnr_at_recall_85_mean": 0.13114753365516663,
  "val/spearman_rho_top20_mean": -0.158193901181221,
  "val/sensitivity_mean": 0.6145251393318176,
  "val/tnr_at_recall_75_mean": 0.2540983557701111,
  "val/recall_at_precision_95_mean": 0.016759777441620827,
  "val/pos_lr_mean": 1.055944561958313,
  "training_epochs": 2,
  "best_lr": 0.001,
  "best_weight_decay": 0.01
}