{
  "val/kendall_tau_mean": 0.23115138709545135,
  "val/sensitivity_mean": 0.5549132823944092,
  "val/tnr_at_recall_90_mean": 0.2549019753932953,
  "val/auprc_mean": 0.7631179690361023,
  "val/precision_mean": 0.7804877758026123,
  "val/average_precision_mean": 0.7631179690361023,
  "val/pos_lr_mean": 2.096339225769043,
  "val/specificity_mean": 0.7352941036224365,
  "val/kendall_tau_top10_mean": -0.2566494643688202,
  "val/spearman_rho_top50_mean": 0.1363057643175125,
  "val/balanced_accuracy_mean": 0.6451036930084229,
  "val/recall_at_precision_75_mean": 0.5953757166862488,
  "val/spearman_rho_top20_mean": 0.2405228465795517,
  "val/kendall_tau_top50_mean": 0.11169863492250443,
  "val/tnr_at_recall_80_mean": 0.38235294818878174,
  "val/tnr_at_recall_95_mean": 0.14705882966518402,
  "val/f1_mean": 0.6486486196517944,
  "val/tnr_at_recall_85_mean": 0.27450981736183167,
  "val/ppv_mean": 0.7804877758026123,
  "val/loss": 0.6412315368652344,
  "val/kendall_tau_top20_mean": 0.19816336035728455,
  "val/spearman_rho_mean": 0.2825881242752075,
  "val/mcc_mean": 0.28194037079811096,
  "val/recall_at_precision_95_mean": 0.0,
  "val/spearman_rho_top10_mean": -0.30866605043411255,
  "val/recall_at_precision_80_mean": 0.32947975397109985,
  "val/tnr_at_recall_75_mean": 0.47058823704719543,
  "val/recall_at_precision_90_mean": 0.16763006150722504,
  "val/enrichment_factor_mean": 1.2406598329544067,
  "val/optimal_threshold_mean": 0.70631343126297,
  "val/cohen_kappa_mean": 0.26368364691734314,
  "val/recall_at_precision_85_mean": 0.20809248089790344,
  "val/ECE_mean": 0.060518477112054825,
  "val/auroc_mean": 0.6688768267631531,
  "val/supervised_loss": 0.6412315368652344,
  "val/recall_mean": 0.5549132823944092,
  "training_epochs": 88,
  "best_lr": 0.001,
  "best_weight_decay": 1.0
}