{
  "val/pos_lr_mean": 1.2494758367538452,
  "val/ECE_mean": 0.11507904529571533,
  "val/loss": 0.7001574635505676,
  "val/recall_at_precision_85_mean": 0.12264151126146317,
  "val/average_precision_mean": 0.7372680902481079,
  "val/recall_at_precision_95_mean": 0.06132075563073158,
  "val/spearman_rho_top10_mean": 0.1165187805891037,
  "val/precision_mean": 0.7028301954269409,
  "val/supervised_loss": 0.7001574635505676,
  "val/enrichment_factor_mean": 1.0741366147994995,
  "val/kendall_tau_top10_mean": 0.09661226719617844,
  "val/tnr_at_recall_95_mean": 0.1160714253783226,
  "val/balanced_accuracy_mean": 0.5701650977134705,
  "val/recall_at_precision_75_mean": 0.3254716992378235,
  "val/auroc_mean": 0.5883170366287231,
  "val/optimal_threshold_mean": 0.597368597984314,
  "val/specificity_mean": 0.4375,
  "val/mcc_mean": 0.14033019542694092,
  "val/auprc_mean": 0.7372680902481079,
  "val/spearman_rho_mean": 0.14550207555294037,
  "val/f1_mean": 0.7028301954269409,
  "val/recall_mean": 0.7028301954269409,
  "val/kendall_tau_top20_mean": 0.0824957937002182,
  "val/tnr_at_recall_90_mean": 0.1428571492433548,
  "val/tnr_at_recall_75_mean": 0.3660714328289032,
  "val/tnr_at_recall_85_mean": 0.2410714328289032,
  "val/spearman_rho_top20_mean": 0.10025608539581299,
  "val/ppv_mean": 0.7028301954269409,
  "val/recall_at_precision_90_mean": 0.06132075563073158,
  "val/tnr_at_recall_80_mean": 0.2946428656578064,
  "val/kendall_tau_top50_mean": 0.09873457252979279,
  "val/cohen_kappa_mean": 0.14033019542694092,
  "val/sensitivity_mean": 0.7028301954269409,
  "val/kendall_tau_mean": 0.1189851388335228,
  "val/spearman_rho_top50_mean": 0.120553158223629,
  "val/recall_at_precision_80_mean": 0.18867924809455872,
  "training_epochs": 13,
  "best_lr": 0.0005,
  "best_weight_decay": 1.0
}