{
  "val/kendall_tau_top20_mean": 0.04033755883574486,
  "val/precision_mean": 0.7034883499145508,
  "val/ppv_mean": 0.7034883499145508,
  "val/recall_at_precision_75_mean": 0.11731843650341034,
  "val/auprc_mean": 0.6688076257705688,
  "val/recall_mean": 0.6759776473045349,
  "val/kendall_tau_mean": 0.16407430171966553,
  "val/tnr_at_recall_75_mean": 0.4590163826942444,
  "val/tnr_at_recall_80_mean": 0.40163934230804443,
  "val/pos_lr_mean": 1.6170445680618286,
  "val/recall_at_precision_90_mean": 0.005586592014878988,
  "val/specificity_mean": 0.5819672346115112,
  "val/f1_mean": 0.6894586682319641,
  "val/optimal_threshold_mean": 0.6302617192268372,
  "val/tnr_at_recall_90_mean": 0.21311475336551666,
  "val/loss": 0.6841015815734863,
  "val/recall_at_precision_95_mean": 0.005586592014878988,
  "val/kendall_tau_top50_mean": -0.020279012620449066,
  "val/spearman_rho_top10_mean": -0.20030061900615692,
  "val/balanced_accuracy_mean": 0.6289724111557007,
  "val/tnr_at_recall_85_mean": 0.3442623019218445,
  "val/average_precision_mean": 0.6688076257705688,
  "val/sensitivity_mean": 0.6759776473045349,
  "val/recall_at_precision_85_mean": 0.005586592014878988,
  "val/supervised_loss": 0.6841015815734863,
  "val/auroc_mean": 0.6179594993591309,
  "val/enrichment_factor_mean": 1.1829609870910645,
  "val/spearman_rho_top20_mean": 0.04899660125374794,
  "val/cohen_kappa_mean": 0.25560975074768066,
  "val/mcc_mean": 0.25590232014656067,
  "val/spearman_rho_top50_mean": -0.0247542392462492,
  "val/ECE_mean": 0.07258085161447525,
  "val/kendall_tau_top10_mean": -0.1662481725215912,
  "val/tnr_at_recall_95_mean": 0.04918032884597778,
  "val/spearman_rho_mean": 0.20061618089675903,
  "val/recall_at_precision_80_mean": 0.005586592014878988,
  "training_epochs": 373,
  "best_lr": 0.001,
  "best_weight_decay": 1.0
}