{
  "val/average_precision_mean": 0.7143381834030151,
  "val/tnr_at_recall_75_mean": 0.15555556118488312,
  "val/enrichment_factor_mean": 1.20832359790802,
  "val/sensitivity_mean": 0.4175824224948883,
  "val/recall_mean": 0.4175824224948883,
  "val/recall_at_precision_90_mean": 0.0,
  "val/optimal_threshold_mean": 0.5772042870521545,
  "val/recall_at_precision_95_mean": 0.0,
  "val/precision_mean": 0.8085106611251831,
  "val/spearman_rho_top20_mean": 0.04340311512351036,
  "val/f1_mean": 0.5507246255874634,
  "val/tnr_at_recall_95_mean": 0.02222222276031971,
  "val/auroc_mean": 0.5396825671195984,
  "val/auprc_mean": 0.7143381834030151,
  "val/ECE_mean": 0.1068352535367012,
  "val/supervised_loss": 0.6948120594024658,
  "val/recall_at_precision_85_mean": 0.1318681389093399,
  "val/tnr_at_recall_80_mean": 0.04444444552063942,
  "val/pos_lr_mean": 2.087912082672119,
  "val/spearman_rho_top10_mean": -0.5698028802871704,
  "val/kendall_tau_top10_mean": -0.482804536819458,
  "val/specificity_mean": 0.800000011920929,
  "val/spearman_rho_mean": 0.06472334265708923,
  "val/recall_at_precision_75_mean": 0.5274725556373596,
  "val/cohen_kappa_mean": 0.17446641623973846,
  "val/balanced_accuracy_mean": 0.6087912321090698,
  "val/recall_at_precision_80_mean": 0.4285714328289032,
  "val/mcc_mean": 0.21528154611587524,
  "val/tnr_at_recall_90_mean": 0.04444444552063942,
  "val/loss": 0.6948120594024658,
  "val/kendall_tau_top20_mean": 0.03608879819512367,
  "val/ppv_mean": 0.8085106611251831,
  "val/kendall_tau_mean": 0.053371839225292206,
  "val/spearman_rho_top50_mean": 0.17287781834602356,
  "val/tnr_at_recall_85_mean": 0.04444444552063942,
  "val/kendall_tau_top50_mean": 0.1426110714673996,
  "training_epochs": 38,
  "best_lr": 0.0005,
  "best_weight_decay": 0.0
}