{
  "val/spearman_rho_mean": 0.09863707423210144,
  "val/tnr_at_recall_75_mean": 0.0,
  "val/f1_mean": 0.5529953837394714,
  "val/spearman_rho_top50_mean": 0.15089164674282074,
  "val/recall_at_precision_75_mean": 0.4748201370239258,
  "val/average_precision_mean": 0.7065374851226807,
  "val/auprc_mean": 0.7065374851226807,
  "val/ECE_mean": 0.10816249996423721,
  "val/kendall_tau_top10_mean": -0.28507864475250244,
  "val/kendall_tau_mean": 0.08847589045763016,
  "val/recall_mean": 0.4316546618938446,
  "val/spearman_rho_top10_mean": -0.32749536633491516,
  "val/tnr_at_recall_90_mean": 0.0,
  "val/kendall_tau_top20_mean": -0.056072261184453964,
  "val/tnr_at_recall_80_mean": 0.0,
  "val/ppv_mean": 0.7692307829856873,
  "val/loss": 0.6636988520622253,
  "val/tnr_at_recall_85_mean": 0.0,
  "val/spearman_rho_top20_mean": -0.06478191912174225,
  "val/tnr_at_recall_95_mean": 0.0,
  "val/balanced_accuracy_mean": 0.5752023458480835,
  "val/sensitivity_mean": 0.4316546618938446,
  "val/auroc_mean": 0.5560364127159119,
  "val/pos_lr_mean": 1.5347721576690674,
  "val/supervised_loss": 0.6636988520622253,
  "val/mcc_mean": 0.1436668038368225,
  "val/optimal_threshold_mean": 0.5620684623718262,
  "val/precision_mean": 0.7692307829856873,
  "val/cohen_kappa_mean": 0.1196405440568924,
  "val/kendall_tau_top50_mean": 0.12555643916130066,
  "val/specificity_mean": 0.71875,
  "val/recall_at_precision_85_mean": 0.0,
  "val/recall_at_precision_90_mean": 0.0,
  "val/recall_at_precision_80_mean": 0.0,
  "val/recall_at_precision_95_mean": 0.0,
  "val/enrichment_factor_mean": 1.1234090328216553,
  "training_epochs": 16,
  "best_lr": 0.001,
  "best_weight_decay": 0.1
}