{
  "val/optimal_threshold_mean": 0.7860658764839172,
  "val/pos_lr_mean": 1.7490310668945312,
  "val/specificity_mean": 0.8105263113975525,
  "val/kendall_tau_mean": 0.11449506878852844,
  "val/tnr_at_recall_80_mean": 0.27368420362472534,
  "val/average_precision_mean": 0.7209408283233643,
  "val/kendall_tau_top20_mean": 0.09923228621482849,
  "val/recall_at_precision_90_mean": 0.023255813866853714,
  "val/spearman_rho_top10_mean": 0.10954450815916061,
  "val/recall_at_precision_95_mean": 0.023255813866853714,
  "val/spearman_rho_top20_mean": 0.12040366232395172,
  "val/kendall_tau_top10_mean": 0.0911465436220169,
  "val/sensitivity_mean": 0.33139535784721375,
  "val/ppv_mean": 0.7599999904632568,
  "val/loss": 0.7036271691322327,
  "val/tnr_at_recall_90_mean": 0.15789473056793213,
  "val/recall_at_precision_85_mean": 0.09883721172809601,
  "val/mcc_mean": 0.151179701089859,
  "val/auprc_mean": 0.7209408283233643,
  "val/recall_at_precision_80_mean": 0.18023255467414856,
  "val/tnr_at_recall_85_mean": 0.2526315748691559,
  "val/recall_mean": 0.33139535784721375,
  "val/tnr_at_recall_75_mean": 0.3368421196937561,
  "val/spearman_rho_top50_mean": 0.1685256063938141,
  "val/supervised_loss": 0.7036271691322327,
  "val/precision_mean": 0.7599999904632568,
  "val/tnr_at_recall_95_mean": 0.05263157933950424,
  "val/f1_mean": 0.4615384638309479,
  "val/balanced_accuracy_mean": 0.5709608197212219,
  "val/enrichment_factor_mean": 1.179767370223999,
  "val/spearman_rho_mean": 0.13996538519859314,
  "val/ECE_mean": 0.1005818173289299,
  "val/auroc_mean": 0.584394097328186,
  "val/kendall_tau_top50_mean": 0.13811691105365753,
  "val/cohen_kappa_mean": 0.1155196875333786,
  "val/recall_at_precision_75_mean": 0.35465115308761597,
  "training_epochs": 22,
  "best_lr": 5e-05,
  "best_weight_decay": 0.1
}