{
  "val/recall_at_precision_95_mean": 0.0,
  "val/enrichment_factor_mean": 1.1698038578033447,
  "val/pos_lr_mean": 2.040048599243164,
  "val/cohen_kappa_mean": 0.14532813429832458,
  "val/f1_mean": 0.5394737124443054,
  "val/auprc_mean": 0.7672731876373291,
  "val/supervised_loss": 0.6809276938438416,
  "val/recall_at_precision_75_mean": 0.5339806079864502,
  "val/recall_at_precision_90_mean": 0.08737864345312119,
  "val/tnr_at_recall_90_mean": 0.09756097197532654,
  "val/tnr_at_recall_85_mean": 0.09756097197532654,
  "val/loss": 0.6809276938438416,
  "val/spearman_rho_mean": 0.08162753283977509,
  "val/average_precision_mean": 0.7672731876373291,
  "val/recall_at_precision_80_mean": 0.43689319491386414,
  "val/specificity_mean": 0.8048780560493469,
  "val/kendall_tau_top10_mean": -0.1283881515264511,
  "val/tnr_at_recall_75_mean": 0.19512194395065308,
  "val/tnr_at_recall_80_mean": 0.19512194395065308,
  "val/ppv_mean": 0.8367347121238708,
  "val/spearman_rho_top20_mean": 0.07503677904605865,
  "val/optimal_threshold_mean": 0.7686328887939453,
  "val/kendall_tau_top20_mean": 0.062351733446121216,
  "val/tnr_at_recall_95_mean": 0.024390242993831635,
  "val/balanced_accuracy_mean": 0.6014681458473206,
  "val/precision_mean": 0.8367347121238708,
  "val/kendall_tau_mean": 0.06687961518764496,
  "val/ECE_mean": 0.07355103641748428,
  "val/spearman_rho_top10_mean": -0.1519109010696411,
  "val/spearman_rho_top50_mean": 0.18674640357494354,
  "val/auroc_mean": 0.5522140860557556,
  "val/recall_at_precision_85_mean": 0.18446601927280426,
  "val/recall_mean": 0.3980582654476166,
  "val/kendall_tau_top50_mean": 0.15353302657604218,
  "val/mcc_mean": 0.19329047203063965,
  "val/sensitivity_mean": 0.3980582654476166,
  "training_epochs": 3,
  "best_lr": 0.0005,
  "best_weight_decay": 1.0
}