{
  "val/kendall_tau_top10_mean": 0.10390486568212509,
  "val/recall_at_precision_75_mean": 0.7238805890083313,
  "val/balanced_accuracy_mean": 0.6243972182273865,
  "val/enrichment_factor_mean": 1.1394107341766357,
  "val/mcc_mean": 0.23663653433322906,
  "val/tnr_at_recall_85_mean": 0.26153847575187683,
  "val/precision_mean": 0.767241358757019,
  "val/auprc_mean": 0.7528426647186279,
  "val/auroc_mean": 0.6252583265304565,
  "val/tnr_at_recall_75_mean": 0.38461539149284363,
  "val/tnr_at_recall_80_mean": 0.3384615480899811,
  "val/cohen_kappa_mean": 0.23223662376403809,
  "val/tnr_at_recall_95_mean": 0.07692307978868484,
  "val/sensitivity_mean": 0.6641790866851807,
  "val/spearman_rho_top20_mean": -0.20875875651836395,
  "val/recall_at_precision_90_mean": 0.02238805964589119,
  "val/recall_mean": 0.6641790866851807,
  "val/kendall_tau_top20_mean": -0.17262224853038788,
  "val/spearman_rho_top10_mean": 0.12403473258018494,
  "val/recall_at_precision_80_mean": 0.26865673065185547,
  "val/recall_at_precision_85_mean": 0.02238805964589119,
  "val/f1_mean": 0.7120000123977661,
  "val/kendall_tau_mean": 0.16657182574272156,
  "val/recall_at_precision_95_mean": 0.02238805964589119,
  "val/ppv_mean": 0.767241358757019,
  "val/loss": 0.7720112800598145,
  "val/supervised_loss": 0.7720112800598145,
  "val/optimal_threshold_mean": 0.7411894202232361,
  "val/tnr_at_recall_90_mean": 0.23076923191547394,
  "val/average_precision_mean": 0.7528426647186279,
  "val/spearman_rho_mean": 0.20349732041358948,
  "val/ECE_mean": 0.10811536759138107,
  "val/spearman_rho_top50_mean": -0.024655787274241447,
  "val/kendall_tau_top50_mean": -0.020232783630490303,
  "val/pos_lr_mean": 1.598949670791626,
  "val/specificity_mean": 0.5846154093742371,
  "training_epochs": 83,
  "best_lr": 0.0005,
  "best_weight_decay": 1.0
}