{
  "val/kendall_tau_top10_mean": 0.08436184376478195,
  "val/f1_mean": 0.8384615182876587,
  "val/supervised_loss": 0.598013699054718,
  "val/kendall_tau_mean": 0.30497750639915466,
  "val/recall_at_precision_75_mean": 0.924369752407074,
  "val/recall_at_precision_85_mean": 0.15126051008701324,
  "val/kendall_tau_top20_mean": -0.01187827717512846,
  "val/tnr_at_recall_95_mean": 0.1746031790971756,
  "val/ppv_mean": 0.7730496525764465,
  "val/tnr_at_recall_75_mean": 0.6349206566810608,
  "val/tnr_at_recall_85_mean": 0.5079365372657776,
  "val/recall_mean": 0.9159663915634155,
  "val/balanced_accuracy_mean": 0.7040149569511414,
  "val/spearman_rho_top10_mean": 0.10056599229574203,
  "val/spearman_rho_top20_mean": -0.014349919743835926,
  "val/enrichment_factor_mean": 1.1823112964630127,
  "val/spearman_rho_mean": 0.37249770760536194,
  "val/tnr_at_recall_80_mean": 0.523809552192688,
  "val/average_precision_mean": 0.7995642423629761,
  "val/precision_mean": 0.7730496525764465,
  "val/tnr_at_recall_90_mean": 0.4920634925365448,
  "val/pos_lr_mean": 1.8033088445663452,
  "val/recall_at_precision_90_mean": 0.10084033757448196,
  "val/loss": 0.598013699054718,
  "val/cohen_kappa_mean": 0.4445574879646301,
  "val/auroc_mean": 0.7260237336158752,
  "val/ECE_mean": 0.088014617562294,
  "val/optimal_threshold_mean": 0.514924943447113,
  "val/spearman_rho_top50_mean": 0.12527169287204742,
  "val/recall_at_precision_80_mean": 0.7731092572212219,
  "val/sensitivity_mean": 0.9159663915634155,
  "val/kendall_tau_top50_mean": 0.10284437984228134,
  "val/recall_at_precision_95_mean": 0.008403361774981022,
  "val/specificity_mean": 0.4920634925365448,
  "val/mcc_mean": 0.4646588861942291,
  "val/auprc_mean": 0.7995642423629761,
  "training_epochs": 91,
  "best_lr": 5e-05,
  "best_weight_decay": 1.0
}