{
  "val/average_precision_mean": 0.7107843160629272,
  "val/tnr_at_recall_75_mean": 0.38297873735427856,
  "val/mcc_mean": 0.17245477437973022,
  "val/enrichment_factor_mean": 1.1443166732788086,
  "val/tnr_at_recall_80_mean": 0.3404255211353302,
  "val/precision_mean": 0.7241379022598267,
  "val/tnr_at_recall_95_mean": 0.09574468433856964,
  "val/balanced_accuracy_mean": 0.5890464782714844,
  "val/recall_mean": 0.5185185074806213,
  "val/tnr_at_recall_90_mean": 0.1702127605676651,
  "val/specificity_mean": 0.6595744490623474,
  "val/kendall_tau_top50_mean": 0.048555124551057816,
  "val/recall_at_precision_95_mean": 0.006172839552164078,
  "val/loss": 0.657526969909668,
  "val/cohen_kappa_mean": 0.16150547564029694,
  "val/f1_mean": 0.6043165326118469,
  "val/spearman_rho_top50_mean": 0.05923669412732124,
  "val/kendall_tau_top20_mean": 0.18698552250862122,
  "val/recall_at_precision_80_mean": 0.10493826866149902,
  "val/auroc_mean": 0.5957446694374084,
  "val/pos_lr_mean": 1.5231481790542603,
  "val/recall_at_precision_90_mean": 0.07407407462596893,
  "val/kendall_tau_mean": 0.130794957280159,
  "val/ppv_mean": 0.7241379022598267,
  "val/spearman_rho_mean": 0.15987849235534668,
  "val/tnr_at_recall_85_mean": 0.22340425848960876,
  "val/ECE_mean": 0.08065918833017349,
  "val/kendall_tau_top10_mean": 0.20548047125339508,
  "val/recall_at_precision_85_mean": 0.08641975373029709,
  "val/spearman_rho_top10_mean": 0.24677406251430511,
  "val/optimal_threshold_mean": 0.7425897121429443,
  "val/supervised_loss": 0.657526969909668,
  "val/spearman_rho_top20_mean": 0.22679685056209564,
  "val/sensitivity_mean": 0.5185185074806213,
  "val/auprc_mean": 0.7107843160629272,
  "val/recall_at_precision_75_mean": 0.1666666716337204,
  "training_epochs": 120,
  "best_lr": 0.001,
  "best_weight_decay": 1.0
}