{
  "val/spearman_rho_top10_mean": 0.09393364191055298,
  "val/cohen_kappa_mean": 0.25664228200912476,
  "val/kendall_tau_mean": 0.23787249624729156,
  "val/mcc_mean": 0.2644234001636505,
  "val/recall_at_precision_80_mean": 0.5671641826629639,
  "val/supervised_loss": 0.6483281850814819,
  "val/tnr_at_recall_90_mean": 0.35384616255760193,
  "val/tnr_at_recall_95_mean": 0.26153847575187683,
  "val/recall_at_precision_90_mean": 0.13432836532592773,
  "val/spearman_rho_top50_mean": 0.039615172892808914,
  "val/auprc_mean": 0.7988826632499695,
  "val/average_precision_mean": 0.7988826632499695,
  "val/ECE_mean": 0.07166590541601181,
  "val/kendall_tau_top20_mean": 0.13063305616378784,
  "val/tnr_at_recall_85_mean": 0.35384616255760193,
  "val/tnr_at_recall_80_mean": 0.446153849363327,
  "val/recall_at_precision_95_mean": 0.06716418266296387,
  "val/pos_lr_mean": 1.7583955526351929,
  "val/sensitivity_mean": 0.6492537260055542,
  "val/kendall_tau_top50_mean": 0.03250860422849655,
  "val/f1_mean": 0.7102040648460388,
  "val/specificity_mean": 0.6307692527770996,
  "val/spearman_rho_top20_mean": 0.15797960758209229,
  "val/precision_mean": 0.7837837934494019,
  "val/recall_at_precision_75_mean": 0.8059701323509216,
  "val/balanced_accuracy_mean": 0.6400114893913269,
  "val/loss": 0.6483281850814819,
  "val/enrichment_factor_mean": 1.1639773845672607,
  "val/kendall_tau_top10_mean": 0.07868894934654236,
  "val/recall_at_precision_85_mean": 0.13432836532592773,
  "val/spearman_rho_mean": 0.2906038761138916,
  "val/recall_mean": 0.6492537260055542,
  "val/optimal_threshold_mean": 0.6586650609970093,
  "val/ppv_mean": 0.7837837934494019,
  "val/tnr_at_recall_75_mean": 0.4615384638309479,
  "val/auroc_mean": 0.6788748502731323,
  "training_epochs": 49,
  "best_lr": 0.0001,
  "best_weight_decay": 1.0
}