{
  "val/average_precision_mean": 0.7614609599113464,
  "val/recall_mean": 0.6180555820465088,
  "val/recall_at_precision_85_mean": 0.02083333395421505,
  "val/mcc_mean": 0.1679842174053192,
  "val/pos_lr_mean": 1.4126983880996704,
  "val/balanced_accuracy_mean": 0.5902777910232544,
  "val/f1_mean": 0.6819923520088196,
  "val/cohen_kappa_mean": 0.16161616146564484,
  "val/kendall_tau_top50_mean": 0.056886397302150726,
  "val/tnr_at_recall_95_mean": 0.125,
  "val/recall_at_precision_90_mean": 0.02083333395421505,
  "val/recall_at_precision_95_mean": 0.02083333395421505,
  "val/sensitivity_mean": 0.6180555820465088,
  "val/ppv_mean": 0.7606837749481201,
  "val/auprc_mean": 0.7614609599113464,
  "val/kendall_tau_top20_mean": -0.04527093842625618,
  "val/optimal_threshold_mean": 0.6348659992218018,
  "val/recall_at_precision_75_mean": 0.6666666865348816,
  "val/tnr_at_recall_80_mean": 0.375,
  "val/specificity_mean": 0.5625,
  "val/kendall_tau_top10_mean": -0.05863954871892929,
  "val/recall_at_precision_80_mean": 0.3888888955116272,
  "val/ECE_mean": 0.05370311066508293,
  "val/loss": 0.6388092637062073,
  "val/spearman_rho_top10_mean": -0.07008766382932663,
  "val/auroc_mean": 0.6145833134651184,
  "val/spearman_rho_top50_mean": 0.06933247298002243,
  "val/tnr_at_recall_75_mean": 0.40625,
  "val/precision_mean": 0.7606837749481201,
  "val/spearman_rho_top20_mean": -0.05478131026029587,
  "val/tnr_at_recall_85_mean": 0.28125,
  "val/kendall_tau_mean": 0.14994463324546814,
  "val/tnr_at_recall_90_mean": 0.234375,
  "val/supervised_loss": 0.6388092637062073,
  "val/spearman_rho_mean": 0.18319985270500183,
  "val/enrichment_factor_mean": 1.0987653732299805,
  "training_epochs": 9,
  "best_lr": 0.001,
  "best_weight_decay": 1.0
}