{
  "val/kendall_tau_top10_mean": -0.18516401946544647,
  "val/supervised_loss": 0.6882416605949402,
  "val/tnr_at_recall_90_mean": 0.3214285671710968,
  "val/recall_mean": 0.8538461327552795,
  "val/kendall_tau_top50_mean": 0.08877822011709213,
  "val/f1_mean": 0.7551020383834839,
  "val/ECE_mean": 0.09175410866737366,
  "val/spearman_rho_mean": 0.20695538818836212,
  "val/tnr_at_recall_80_mean": 0.4166666567325592,
  "val/ppv_mean": 0.6768292784690857,
  "val/precision_mean": 0.6768292784690857,
  "val/average_precision_mean": 0.6927565932273865,
  "val/enrichment_factor_mean": 1.1141650676727295,
  "val/recall_at_precision_95_mean": 0.015384615398943424,
  "val/tnr_at_recall_85_mean": 0.369047611951828,
  "val/cohen_kappa_mean": 0.24008680880069733,
  "val/auroc_mean": 0.6223443150520325,
  "val/spearman_rho_top20_mean": 0.04348237067461014,
  "val/loss": 0.6882416605949402,
  "val/optimal_threshold_mean": 0.4689611494541168,
  "val/spearman_rho_top10_mean": -0.22156468033790588,
  "val/mcc_mean": 0.2572185695171356,
  "val/recall_at_precision_90_mean": 0.015384615398943424,
  "val/spearman_rho_top50_mean": 0.10822612047195435,
  "val/balanced_accuracy_mean": 0.6114468574523926,
  "val/tnr_at_recall_95_mean": 0.0833333358168602,
  "val/sensitivity_mean": 0.8538461327552795,
  "val/kendall_tau_top20_mean": 0.03592337667942047,
  "val/auprc_mean": 0.6927565932273865,
  "val/pos_lr_mean": 1.353265643119812,
  "val/recall_at_precision_75_mean": 0.2153846174478531,
  "val/recall_at_precision_80_mean": 0.015384615398943424,
  "val/recall_at_precision_85_mean": 0.015384615398943424,
  "val/tnr_at_recall_75_mean": 0.4642857015132904,
  "val/kendall_tau_mean": 0.16937270760536194,
  "val/specificity_mean": 0.369047611951828,
  "training_epochs": 47,
  "best_lr": 0.0005,
  "best_weight_decay": 0.01
}