{
  "val/sensitivity_mean": 0.6813187003135681,
  "val/recall_at_precision_90_mean": 0.032967034727334976,
  "val/tnr_at_recall_80_mean": 0.2888889014720917,
  "val/tnr_at_recall_90_mean": 0.2222222238779068,
  "val/enrichment_factor_mean": 1.187940239906311,
  "val/ECE_mean": 0.08666148036718369,
  "val/loss": 0.6181591153144836,
  "val/average_precision_mean": 0.7854152321815491,
  "val/specificity_mean": 0.644444465637207,
  "val/spearman_rho_mean": 0.26332730054855347,
  "val/recall_at_precision_95_mean": 0.032967034727334976,
  "val/f1_mean": 0.7337278127670288,
  "val/recall_at_precision_75_mean": 0.7252747416496277,
  "val/kendall_tau_mean": 0.21603921055793762,
  "val/ppv_mean": 0.7948718070983887,
  "val/spearman_rho_top50_mean": 0.042618248611688614,
  "val/tnr_at_recall_95_mean": 0.13333334028720856,
  "val/cohen_kappa_mean": 0.30359581112861633,
  "val/kendall_tau_top50_mean": 0.0350525863468647,
  "val/kendall_tau_top20_mean": 0.04071365296840668,
  "val/recall_at_precision_80_mean": 0.6373626589775085,
  "val/mcc_mean": 0.3099328279495239,
  "val/tnr_at_recall_75_mean": 0.46666666865348816,
  "val/spearman_rho_top20_mean": 0.048965319991111755,
  "val/recall_at_precision_85_mean": 0.20879121124744415,
  "val/tnr_at_recall_85_mean": 0.2666666805744171,
  "val/supervised_loss": 0.6181591153144836,
  "val/kendall_tau_top10_mean": 0.16537964344024658,
  "val/optimal_threshold_mean": 0.5641140937805176,
  "val/precision_mean": 0.7948718070983887,
  "val/auprc_mean": 0.7854152321815491,
  "val/auroc_mean": 0.6615384817123413,
  "val/spearman_rho_top10_mean": 0.1951800137758255,
  "val/balanced_accuracy_mean": 0.6628815531730652,
  "val/recall_mean": 0.6813187003135681,
  "val/pos_lr_mean": 1.9162087440490723,
  "training_epochs": 28,
  "best_lr": 0.0005,
  "best_weight_decay": 0.1
}