{
  "val/supervised_loss": 0.7208520770072937,
  "val/sensitivity_mean": 0.48969072103500366,
  "val/ECE_mean": 0.10607745498418808,
  "val/recall_mean": 0.48969072103500366,
  "val/tnr_at_recall_80_mean": 0.3539822995662689,
  "val/specificity_mean": 0.6902654767036438,
  "val/loss": 0.7208520770072937,
  "val/auroc_mean": 0.5996259450912476,
  "val/kendall_tau_mean": 0.13612177968025208,
  "val/tnr_at_recall_95_mean": 0.07079645991325378,
  "val/tnr_at_recall_85_mean": 0.32743361592292786,
  "val/balanced_accuracy_mean": 0.5899780988693237,
  "val/kendall_tau_top50_mean": 0.02405736595392227,
  "val/optimal_threshold_mean": 0.7652345895767212,
  "val/average_precision_mean": 0.7117623686790466,
  "val/spearman_rho_mean": 0.1664436012506485,
  "val/spearman_rho_top10_mean": 0.20487093925476074,
  "val/auprc_mean": 0.7117623686790466,
  "val/mcc_mean": 0.17565017938613892,
  "val/enrichment_factor_mean": 1.1564234495162964,
  "val/recall_at_precision_75_mean": 0.13917525112628937,
  "val/recall_at_precision_95_mean": 0.04123711213469505,
  "val/recall_at_precision_80_mean": 0.0824742242693901,
  "val/f1_mean": 0.5864197611808777,
  "val/spearman_rho_top50_mean": 0.029368316754698753,
  "val/spearman_rho_top20_mean": 0.19040724635124207,
  "val/pos_lr_mean": 1.5810015201568604,
  "val/tnr_at_recall_75_mean": 0.4247787594795227,
  "val/precision_mean": 0.7307692170143127,
  "val/recall_at_precision_90_mean": 0.05670103058218956,
  "val/kendall_tau_top20_mean": 0.15673600137233734,
  "val/kendall_tau_top10_mean": 0.1700415015220642,
  "val/tnr_at_recall_90_mean": 0.18584071099758148,
  "val/cohen_kappa_mean": 0.16092844307422638,
  "val/recall_at_precision_85_mean": 0.06185567006468773,
  "val/ppv_mean": 0.7307692170143127,
  "training_epochs": 22,
  "best_lr": 0.0005,
  "best_weight_decay": 0.01
}