{
  "val/tnr_at_recall_75_mean": 0.6101694703102112,
  "val/spearman_rho_top10_mean": 0.0,
  "val/recall_mean": 0.7936508059501648,
  "val/kendall_tau_mean": 0.3042208254337311,
  "val/recall_at_precision_80_mean": 0.8015872836112976,
  "val/recall_at_precision_75_mean": 0.9126983880996704,
  "val/pos_lr_mean": 2.035886764526367,
  "val/spearman_rho_top50_mean": 0.1425396203994751,
  "val/kendall_tau_top10_mean": 0.0,
  "val/sensitivity_mean": 0.7936508059501648,
  "val/kendall_tau_top20_mean": 0.3369733691215515,
  "val/tnr_at_recall_95_mean": 0.16949152946472168,
  "val/kendall_tau_top50_mean": 0.11701391637325287,
  "val/cohen_kappa_mean": 0.3984338641166687,
  "val/ECE_mean": 0.1086597666144371,
  "val/precision_mean": 0.8130081295967102,
  "val/specificity_mean": 0.6101694703102112,
  "val/optimal_threshold_mean": 0.5107971429824829,
  "val/auroc_mean": 0.7301587462425232,
  "val/loss": 0.5956895351409912,
  "val/enrichment_factor_mean": 1.1937024593353271,
  "val/recall_at_precision_90_mean": 0.2380952388048172,
  "val/recall_at_precision_95_mean": 0.190476194024086,
  "val/spearman_rho_top20_mean": 0.4072398543357849,
  "val/spearman_rho_mean": 0.3715899586677551,
  "val/tnr_at_recall_80_mean": 0.6101694703102112,
  "val/mcc_mean": 0.3987043797969818,
  "val/recall_at_precision_85_mean": 0.5873016119003296,
  "val/supervised_loss": 0.5956895351409912,
  "val/average_precision_mean": 0.8502627611160278,
  "val/balanced_accuracy_mean": 0.701910138130188,
  "val/auprc_mean": 0.8502627611160278,
  "val/tnr_at_recall_85_mean": 0.4576271176338196,
  "val/ppv_mean": 0.8130081295967102,
  "val/f1_mean": 0.8032128810882568,
  "val/tnr_at_recall_90_mean": 0.35593220591545105,
  "training_epochs": 84,
  "best_lr": 0.0001,
  "best_weight_decay": 0.1
}