{
  "val/kendall_tau_top10_mean": 0.18490006029605865,
  "val/tnr_at_recall_80_mean": 0.35789474844932556,
  "val/precision_mean": 0.7676767706871033,
  "val/specificity_mean": 0.75789475440979,
  "val/recall_at_precision_80_mean": 0.06976744532585144,
  "val/recall_at_precision_75_mean": 0.4651162922382355,
  "val/tnr_at_recall_90_mean": 0.10526315867900848,
  "val/tnr_at_recall_95_mean": 0.05263157933950424,
  "val/kendall_tau_top50_mean": 0.1343262642621994,
  "val/spearman_rho_top10_mean": 0.2222222238779068,
  "val/spearman_rho_top20_mean": -0.061891186982393265,
  "val/pos_lr_mean": 1.8250758647918701,
  "val/average_precision_mean": 0.7257343530654907,
  "val/sensitivity_mean": 0.44186046719551086,
  "val/supervised_loss": 0.7143957018852234,
  "val/loss": 0.7143957018852234,
  "val/balanced_accuracy_mean": 0.5998775959014893,
  "val/tnr_at_recall_75_mean": 0.38947367668151855,
  "val/auprc_mean": 0.7257343530654907,
  "val/cohen_kappa_mean": 0.17043940722942352,
  "val/auroc_mean": 0.6049571633338928,
  "val/f1_mean": 0.5608856081962585,
  "val/recall_at_precision_85_mean": 0.011627906933426857,
  "val/recall_at_precision_95_mean": 0.011627906933426857,
  "val/enrichment_factor_mean": 1.1916842460632324,
  "val/ppv_mean": 0.7676767706871033,
  "val/kendall_tau_mean": 0.1423923522233963,
  "val/tnr_at_recall_85_mean": 0.23157894611358643,
  "val/spearman_rho_top50_mean": 0.16390039026737213,
  "val/ECE_mean": 0.12053971737623215,
  "val/spearman_rho_mean": 0.1740686297416687,
  "val/kendall_tau_top20_mean": -0.051008451730012894,
  "val/mcc_mean": 0.1979939341545105,
  "val/recall_mean": 0.44186046719551086,
  "val/recall_at_precision_90_mean": 0.011627906933426857,
  "val/optimal_threshold_mean": 0.7781745195388794,
  "training_epochs": 90,
  "best_lr": 0.0005,
  "best_weight_decay": 1.0
}