{
  "val/spearman_rho_top20_mean": 0.20903660356998444,
  "val/kendall_tau_mean": 0.25171777606010437,
  "val/recall_mean": 0.6265060305595398,
  "val/precision_mean": 0.7647058963775635,
  "val/auprc_mean": 0.7989093065261841,
  "val/recall_at_precision_85_mean": 0.34337350726127625,
  "val/ECE_mean": 0.08715438842773438,
  "val/supervised_loss": 0.7220181226730347,
  "val/tnr_at_recall_90_mean": 0.239130437374115,
  "val/specificity_mean": 0.6521739363670349,
  "val/balanced_accuracy_mean": 0.6393399834632874,
  "val/cohen_kappa_mean": 0.2597973346710205,
  "val/kendall_tau_top10_mean": 0.0,
  "val/recall_at_precision_75_mean": 0.6686747074127197,
  "val/mcc_mean": 0.26736482977867126,
  "val/tnr_at_recall_75_mean": 0.489130437374115,
  "val/kendall_tau_top50_mean": 0.16413193941116333,
  "val/ppv_mean": 0.7647058963775635,
  "val/sensitivity_mean": 0.6265060305595398,
  "val/spearman_rho_top50_mean": 0.20024509727954865,
  "val/average_precision_mean": 0.7989093065261841,
  "val/optimal_threshold_mean": 0.6687415838241577,
  "val/auroc_mean": 0.6854373812675476,
  "val/spearman_rho_mean": 0.30769431591033936,
  "val/tnr_at_recall_95_mean": 0.14130434393882751,
  "val/pos_lr_mean": 1.801204800605774,
  "val/recall_at_precision_80_mean": 0.4337349534034729,
  "val/recall_at_precision_90_mean": 0.2409638613462448,
  "val/spearman_rho_top10_mean": 0.0,
  "val/enrichment_factor_mean": 1.188518762588501,
  "val/kendall_tau_top20_mean": 0.17234286665916443,
  "val/recall_at_precision_95_mean": 0.048192769289016724,
  "val/tnr_at_recall_80_mean": 0.47826087474823,
  "val/f1_mean": 0.6887417435646057,
  "val/loss": 0.7220181226730347,
  "val/tnr_at_recall_85_mean": 0.41304346919059753,
  "training_epochs": 4,
  "best_lr": 0.0005,
  "best_weight_decay": 0.01
}