{
  "val/balanced_accuracy_mean": 0.5562003254890442,
  "val/ECE_mean": 0.04346597567200661,
  "val/recall_at_precision_95_mean": 0.0058823530562222,
  "val/ppv_mean": 0.6491228342056274,
  "val/tnr_at_recall_75_mean": 0.30630630254745483,
  "val/recall_at_precision_85_mean": 0.0058823530562222,
  "val/enrichment_factor_mean": 1.0729618072509766,
  "val/recall_at_precision_80_mean": 0.0058823530562222,
  "val/sensitivity_mean": 0.6529411673545837,
  "val/f1_mean": 0.6510263681411743,
  "val/optimal_threshold_mean": 0.5785642862319946,
  "val/recall_at_precision_90_mean": 0.0058823530562222,
  "val/tnr_at_recall_80_mean": 0.22522522509098053,
  "val/loss": 0.684363842010498,
  "val/tnr_at_recall_95_mean": 0.054054055362939835,
  "val/spearman_rho_top20_mean": 0.0928032323718071,
  "val/supervised_loss": 0.684363842010498,
  "val/specificity_mean": 0.45945945382118225,
  "val/spearman_rho_mean": 0.07006632536649704,
  "val/tnr_at_recall_90_mean": 0.0810810774564743,
  "val/spearman_rho_top10_mean": 0.15480679273605347,
  "val/kendall_tau_top10_mean": 0.15480679273605347,
  "val/pos_lr_mean": 1.2079411745071411,
  "val/auprc_mean": 0.6314512491226196,
  "val/spearman_rho_top50_mean": -0.06709526479244232,
  "val/auroc_mean": 0.5406995415687561,
  "val/precision_mean": 0.6491228342056274,
  "val/tnr_at_recall_85_mean": 0.19819819927215576,
  "val/average_precision_mean": 0.6314512491226196,
  "val/kendall_tau_top50_mean": -0.061789371073246,
  "val/kendall_tau_top20_mean": 0.0928032323718071,
  "val/recall_mean": 0.6529411673545837,
  "val/cohen_kappa_mean": 0.11257663369178772,
  "val/kendall_tau_mean": 0.05977005511522293,
  "val/mcc_mean": 0.11257976293563843,
  "val/recall_at_precision_75_mean": 0.0058823530562222,
  "training_epochs": 139,
  "best_lr": 0.001,
  "best_weight_decay": 0.1
}