{
  "val/balanced_accuracy_mean": 0.5406465530395508,
  "val/ECE_mean": 0.09779947251081467,
  "val/kendall_tau_top10_mean": 0.0,
  "val/enrichment_factor_mean": 1.039404034614563,
  "val/spearman_rho_top50_mean": -0.020679861307144165,
  "val/spearman_rho_top10_mean": 0.0,
  "val/tnr_at_recall_80_mean": 0.2702702581882477,
  "val/tnr_at_recall_95_mean": 0.0810810774564743,
  "val/auroc_mean": 0.48394277691841125,
  "val/loss": 0.7155901789665222,
  "val/tnr_at_recall_75_mean": 0.28828829526901245,
  "val/cohen_kappa_mean": 0.0895531103014946,
  "val/spearman_rho_top20_mean": -0.22562122344970703,
  "val/recall_at_precision_95_mean": 0.0117647061124444,
  "val/spearman_rho_mean": -0.027193136513233185,
  "val/kendall_tau_top50_mean": -0.017006928101181984,
  "val/ppv_mean": 0.6288209557533264,
  "val/recall_at_precision_90_mean": 0.0117647061124444,
  "val/f1_mean": 0.7218044996261597,
  "val/specificity_mean": 0.23423422873020172,
  "val/auprc_mean": 0.5867369771003723,
  "val/tnr_at_recall_90_mean": 0.13513512909412384,
  "val/pos_lr_mean": 1.1061592102050781,
  "val/recall_at_precision_80_mean": 0.0117647061124444,
  "val/recall_at_precision_85_mean": 0.0117647061124444,
  "val/mcc_mean": 0.10233400762081146,
  "val/recall_mean": 0.8470588326454163,
  "val/kendall_tau_top20_mean": -0.18671460449695587,
  "val/recall_at_precision_75_mean": 0.01764705963432789,
  "val/optimal_threshold_mean": 0.6521862745285034,
  "val/average_precision_mean": 0.5867369771003723,
  "val/supervised_loss": 0.7155901789665222,
  "val/precision_mean": 0.6288209557533264,
  "val/sensitivity_mean": 0.8470588326454163,
  "val/kendall_tau_mean": -0.0222641434520483,
  "val/tnr_at_recall_85_mean": 0.23423422873020172,
  "training_epochs": 7,
  "best_lr": 0.001,
  "best_weight_decay": 0.0
}