{
  "val/sensitivity_mean": 0.5076923370361328,
  "val/optimal_threshold_mean": 0.7407545447349548,
  "val/auprc_mean": 0.6895232796669006,
  "val/loss": 0.7565566301345825,
  "val/average_precision_mean": 0.6895232796669006,
  "val/tnr_at_recall_95_mean": 0.0476190485060215,
  "val/pos_lr_mean": 1.640236735343933,
  "val/tnr_at_recall_85_mean": 0.1785714328289032,
  "val/balanced_accuracy_mean": 0.5990842580795288,
  "val/supervised_loss": 0.7565566301345825,
  "val/spearman_rho_top50_mean": 0.1442706137895584,
  "val/ECE_mean": 0.13363292813301086,
  "val/kendall_tau_top20_mean": -0.045722994953393936,
  "val/tnr_at_recall_90_mean": 0.095238097012043,
  "val/tnr_at_recall_80_mean": 0.2857142984867096,
  "val/mcc_mean": 0.19546639919281006,
  "val/tnr_at_recall_75_mean": 0.3333333432674408,
  "val/recall_at_precision_90_mean": 0.015384615398943424,
  "val/ppv_mean": 0.717391312122345,
  "val/specificity_mean": 0.6904761791229248,
  "val/kendall_tau_mean": 0.13324156403541565,
  "val/spearman_rho_top20_mean": -0.05534402281045914,
  "val/recall_mean": 0.5076923370361328,
  "val/cohen_kappa_mean": 0.18348312377929688,
  "val/recall_at_precision_80_mean": 0.2461538463830948,
  "val/spearman_rho_top10_mean": -0.20889317989349365,
  "val/precision_mean": 0.717391312122345,
  "val/recall_at_precision_85_mean": 0.015384615398943424,
  "val/auroc_mean": 0.5962454080581665,
  "val/kendall_tau_top50_mean": 0.11834564059972763,
  "val/kendall_tau_top10_mean": -0.17457431554794312,
  "val/recall_at_precision_75_mean": 0.30000001192092896,
  "val/f1_mean": 0.5945945978164673,
  "val/spearman_rho_mean": 0.16280697286128998,
  "val/enrichment_factor_mean": 1.1809364557266235,
  "val/recall_at_precision_95_mean": 0.015384615398943424,
  "training_epochs": 7,
  "best_lr": 0.0005,
  "best_weight_decay": 0.01
}