{
  "val/tnr_at_recall_95_mean": 0.08510638028383255,
  "val/average_precision_mean": 0.7008665800094604,
  "val/recall_at_precision_75_mean": 0.37037035822868347,
  "val/tnr_at_recall_90_mean": 0.1808510571718216,
  "val/ECE_mean": 0.0459870807826519,
  "val/kendall_tau_top10_mean": -0.16222141683101654,
  "val/tnr_at_recall_75_mean": 0.42553192377090454,
  "val/spearman_rho_top20_mean": 0.09939990937709808,
  "val/ppv_mean": 0.7023809552192688,
  "val/kendall_tau_mean": 0.12316974252462387,
  "val/balanced_accuracy_mean": 0.598240077495575,
  "val/spearman_rho_top50_mean": 0.0748111680150032,
  "val/cohen_kappa_mean": 0.199148029088974,
  "val/auprc_mean": 0.7008665800094604,
  "val/recall_at_precision_90_mean": 0.018518518656492233,
  "val/loss": 0.6588562726974487,
  "val/f1_mean": 0.7151514887809753,
  "val/kendall_tau_top50_mean": 0.0613212026655674,
  "val/tnr_at_recall_85_mean": 0.23404255509376526,
  "val/pos_lr_mean": 1.3693827390670776,
  "val/optimal_threshold_mean": 0.5622496008872986,
  "val/auroc_mean": 0.5901628732681274,
  "val/mcc_mean": 0.19940873980522156,
  "val/spearman_rho_top10_mean": -0.19482162594795227,
  "val/precision_mean": 0.7023809552192688,
  "val/recall_at_precision_85_mean": 0.018518518656492233,
  "val/tnr_at_recall_80_mean": 0.27659574151039124,
  "val/spearman_rho_mean": 0.150557741522789,
  "val/supervised_loss": 0.6588562726974487,
  "val/enrichment_factor_mean": 1.1099352836608887,
  "val/kendall_tau_top20_mean": 0.08195150643587112,
  "val/sensitivity_mean": 0.7283950448036194,
  "val/recall_at_precision_80_mean": 0.018518518656492233,
  "val/recall_mean": 0.7283950448036194,
  "val/recall_at_precision_95_mean": 0.018518518656492233,
  "val/specificity_mean": 0.4680851101875305,
  "training_epochs": 46,
  "best_lr": 0.001,
  "best_weight_decay": 1.0
}