{
  "val/tnr_at_recall_80_mean": 0.239130437374115,
  "val/tnr_at_recall_85_mean": 0.20652173459529877,
  "val/cohen_kappa_mean": 0.1448034644126892,
  "val/kendall_tau_mean": 0.10993582010269165,
  "val/kendall_tau_top20_mean": -0.10659350454807281,
  "val/recall_mean": 0.3012048304080963,
  "val/supervised_loss": 0.7145763039588928,
  "val/balanced_accuracy_mean": 0.590819776058197,
  "val/spearman_rho_top20_mean": -0.1292884647846222,
  "val/ppv_mean": 0.8196721076965332,
  "val/spearman_rho_mean": 0.13434557616710663,
  "val/average_precision_mean": 0.7173722982406616,
  "val/tnr_at_recall_90_mean": 0.16304348409175873,
  "val/kendall_tau_top50_mean": 0.16269905865192413,
  "val/f1_mean": 0.44052863121032715,
  "val/recall_at_precision_85_mean": 0.0,
  "val/tnr_at_recall_95_mean": 0.08695652335882187,
  "val/optimal_threshold_mean": 0.7210315465927124,
  "val/recall_at_precision_90_mean": 0.0,
  "val/mcc_mean": 0.20476724207401276,
  "val/ECE_mean": 0.090654656291008,
  "val/specificity_mean": 0.8804348111152649,
  "val/kendall_tau_top10_mean": -0.08082903921604156,
  "val/recall_at_precision_80_mean": 0.3192771077156067,
  "val/pos_lr_mean": 2.51916766166687,
  "val/loss": 0.7145763039588928,
  "val/enrichment_factor_mean": 1.2739481925964355,
  "val/recall_at_precision_95_mean": 0.0,
  "val/tnr_at_recall_75_mean": 0.260869562625885,
  "val/recall_at_precision_75_mean": 0.39759036898612976,
  "val/auprc_mean": 0.7173722982406616,
  "val/auroc_mean": 0.5809651613235474,
  "val/precision_mean": 0.8196721076965332,
  "val/spearman_rho_top50_mean": 0.19848521053791046,
  "val/sensitivity_mean": 0.3012048304080963,
  "val/spearman_rho_top10_mean": -0.097072534263134,
  "training_epochs": 39,
  "best_lr": 0.0005,
  "best_weight_decay": 0.0
}