{
  "val/recall_at_precision_75_mean": 0.0,
  "val/spearman_rho_top20_mean": 0.0,
  "val/f1_mean": 0.8071216344833374,
  "val/kendall_tau_top10_mean": 0.0,
  "val/recall_at_precision_85_mean": 0.0,
  "val/tnr_at_recall_90_mean": 0.03125,
  "val/pos_lr_mean": 1.0099791288375854,
  "val/auprc_mean": 0.6853187084197998,
  "val/kendall_tau_top20_mean": 0.0,
  "val/spearman_rho_top50_mean": 0.0,
  "val/mcc_mean": 0.02897900529205799,
  "val/auroc_mean": 0.5013489127159119,
  "val/precision_mean": 0.6868686676025391,
  "val/supervised_loss": 0.6685562133789062,
  "val/optimal_threshold_mean": 0.6012530326843262,
  "val/loss": 0.6685562133789062,
  "val/ppv_mean": 0.6868686676025391,
  "val/tnr_at_recall_80_mean": 0.03125,
  "val/kendall_tau_top50_mean": 0.0,
  "val/tnr_at_recall_95_mean": 0.03125,
  "val/recall_at_precision_95_mean": 0.0,
  "val/recall_at_precision_90_mean": 0.0,
  "val/tnr_at_recall_85_mean": 0.03125,
  "val/cohen_kappa_mean": 0.012867509387433529,
  "val/balanced_accuracy_mean": 0.5048336386680603,
  "val/recall_at_precision_80_mean": 0.0,
  "val/average_precision_mean": 0.6853187084197998,
  "val/spearman_rho_top10_mean": 0.0,
  "val/tnr_at_recall_75_mean": 0.03125,
  "val/spearman_rho_mean": 0.007400171365588903,
  "val/kendall_tau_mean": 0.007354730740189552,
  "val/recall_mean": 0.9784172773361206,
  "val/sensitivity_mean": 0.9784172773361206,
  "val/specificity_mean": 0.03125,
  "val/enrichment_factor_mean": 1.0031248331069946,
  "val/ECE_mean": 0.07733243703842163,
  "training_epochs": 40,
  "best_lr": 0.001,
  "best_weight_decay": 0.0
}