{
  "val/tnr_at_recall_90_mean": 0.03614457696676254,
  "val/tnr_at_recall_85_mean": 0.03614457696676254,
  "val/precision_mean": 0.0,
  "val/optimal_threshold_mean": 0.6487032771110535,
  "val/spearman_rho_mean": 0.14868247509002686,
  "val/recall_at_precision_95_mean": 0.0,
  "val/auprc_mean": 0.6116504669189453,
  "val/spearman_rho_top20_mean": 0.0,
  "val/tnr_at_recall_80_mean": 0.03614457696676254,
  "val/balanced_accuracy_mean": 0.5,
  "val/kendall_tau_top10_mean": 0.0,
  "val/recall_at_precision_80_mean": 0.0,
  "val/loss": 0.6987824440002441,
  "val/auroc_mean": 0.5180723071098328,
  "val/mcc_mean": 0.0,
  "val/pos_lr_mean": 1.0,
  "val/recall_mean": 0.0,
  "val/enrichment_factor_mean": 0.0,
  "val/ppv_mean": 0.0,
  "val/f1_mean": 0.0,
  "val/specificity_mean": 1.0,
  "val/spearman_rho_top50_mean": 0.0,
  "val/tnr_at_recall_95_mean": 0.03614457696676254,
  "val/ECE_mean": 0.04486094415187836,
  "val/average_precision_mean": 0.6116504669189453,
  "val/cohen_kappa_mean": 0.0,
  "val/kendall_tau_mean": 0.14832749962806702,
  "val/supervised_loss": 0.6987824440002441,
  "val/tnr_at_recall_75_mean": 0.03614457696676254,
  "val/spearman_rho_top10_mean": 0.0,
  "val/recall_at_precision_75_mean": 0.0,
  "val/recall_at_precision_90_mean": 0.0,
  "val/recall_at_precision_85_mean": 0.0,
  "val/sensitivity_mean": 0.0,
  "val/kendall_tau_top20_mean": 0.0,
  "val/kendall_tau_top50_mean": 0.0,
  "training_epochs": 54,
  "best_lr": 0.001,
  "best_weight_decay": 0.01
}