{
  "val/recall_at_precision_80_mean": 0.09638553857803345,
  "val/spearman_rho_top20_mean": 0.07342623919248581,
  "val/kendall_tau_top20_mean": 0.06158792972564697,
  "val/ECE_mean": 0.045301325619220734,
  "val/spearman_rho_top50_mean": -0.11685612052679062,
  "val/kendall_tau_top10_mean": 0.11936090886592865,
  "val/tnr_at_recall_75_mean": 0.532608687877655,
  "val/kendall_tau_top50_mean": -0.10025635361671448,
  "val/sensitivity_mean": 0.7951807379722595,
  "val/cohen_kappa_mean": 0.3144298791885376,
  "val/precision_mean": 0.7457627058029175,
  "val/recall_at_precision_90_mean": 0.05421686917543411,
  "val/loss": 0.7071439623832703,
  "val/recall_at_precision_75_mean": 0.6144578456878662,
  "val/enrichment_factor_mean": 1.1590769290924072,
  "val/spearman_rho_top10_mean": 0.14292417466640472,
  "val/ppv_mean": 0.7457627058029175,
  "val/auroc_mean": 0.6507006287574768,
  "val/recall_mean": 0.7951807379722595,
  "val/supervised_loss": 0.7071439623832703,
  "val/tnr_at_recall_90_mean": 0.1304347813129425,
  "val/optimal_threshold_mean": 0.6765466928482056,
  "val/tnr_at_recall_80_mean": 0.510869562625885,
  "val/f1_mean": 0.7696793079376221,
  "val/kendall_tau_mean": 0.21342003345489502,
  "val/pos_lr_mean": 1.6257028579711914,
  "val/balanced_accuracy_mean": 0.6530251502990723,
  "val/spearman_rho_mean": 0.251763254404068,
  "val/recall_at_precision_95_mean": 0.03614457696676254,
  "val/tnr_at_recall_95_mean": 0.1304347813129425,
  "val/tnr_at_recall_85_mean": 0.1304347813129425,
  "val/specificity_mean": 0.510869562625885,
  "val/mcc_mean": 0.31587234139442444,
  "val/average_precision_mean": 0.7423985004425049,
  "val/recall_at_precision_85_mean": 0.05421686917543411,
  "val/auprc_mean": 0.7423985004425049,
  "training_epochs": 41,
  "best_lr": 0.001,
  "best_weight_decay": 0.0
}