{
  "val/mcc_mean": 0.1744818389415741,
  "val/ECE_mean": 0.14436256885528564,
  "val/spearman_rho_top10_mean": 0.08650106191635132,
  "val/tnr_at_recall_90_mean": 0.2654867172241211,
  "val/loss": 0.7560022473335266,
  "val/kendall_tau_top10_mean": 0.07179529964923859,
  "val/recall_at_precision_90_mean": 0.05670103058218956,
  "val/auprc_mean": 0.6987099051475525,
  "val/tnr_at_recall_95_mean": 0.09734513610601425,
  "val/average_precision_mean": 0.6987099051475525,
  "val/spearman_rho_top50_mean": 0.0035285744816064835,
  "val/auroc_mean": 0.5936046242713928,
  "val/recall_at_precision_85_mean": 0.07216494530439377,
  "val/precision_mean": 0.6984127163887024,
  "val/spearman_rho_top20_mean": 0.14476054906845093,
  "val/enrichment_factor_mean": 1.105220079421997,
  "val/ppv_mean": 0.6984127163887024,
  "val/balanced_accuracy_mean": 0.5879938006401062,
  "val/kendall_tau_mean": 0.12789463996887207,
  "val/spearman_rho_mean": 0.15638382732868195,
  "val/optimal_threshold_mean": 0.5856642127037048,
  "val/tnr_at_recall_80_mean": 0.3451327383518219,
  "val/recall_at_precision_95_mean": 0.0,
  "val/sensitivity_mean": 0.6804123520851135,
  "val/recall_at_precision_80_mean": 0.07216494530439377,
  "val/supervised_loss": 0.7560022473335266,
  "val/specificity_mean": 0.4955752193927765,
  "val/f1_mean": 0.6892950534820557,
  "val/kendall_tau_top50_mean": 0.002890469040721655,
  "val/kendall_tau_top20_mean": 0.11916137486696243,
  "val/cohen_kappa_mean": 0.17437681555747986,
  "val/tnr_at_recall_75_mean": 0.389380544424057,
  "val/recall_mean": 0.6804123520851135,
  "val/pos_lr_mean": 1.3488876819610596,
  "val/recall_at_precision_75_mean": 0.15463916957378387,
  "val/tnr_at_recall_85_mean": 0.3008849620819092,
  "training_epochs": 77,
  "best_lr": 0.0001,
  "best_weight_decay": 0.0
}