{
  "val/recall_at_precision_95_mean": 0.0,
  "val/precision_mean": 0.8771929740905762,
  "val/pos_lr_mean": 3.3446712493896484,
  "val/spearman_rho_top50_mean": 0.22092337906360626,
  "val/f1_mean": 0.5464481115341187,
  "val/recall_at_precision_75_mean": 0.7539682388305664,
  "val/kendall_tau_top50_mean": 0.1813608705997467,
  "val/sensitivity_mean": 0.3968254029750824,
  "val/spearman_rho_top20_mean": -0.008151933550834656,
  "val/kendall_tau_top10_mean": -0.2858309745788574,
  "val/recall_at_precision_80_mean": 0.579365074634552,
  "val/recall_mean": 0.3968254029750824,
  "val/tnr_at_recall_85_mean": 0.22033898532390594,
  "val/supervised_loss": 0.6104998588562012,
  "val/tnr_at_recall_90_mean": 0.20338982343673706,
  "val/tnr_at_recall_75_mean": 0.47457626461982727,
  "val/optimal_threshold_mean": 0.703647255897522,
  "val/loss": 0.6104998588562012,
  "val/specificity_mean": 0.8813559412956238,
  "val/auroc_mean": 0.6661285758018494,
  "val/tnr_at_recall_95_mean": 0.16949152946472168,
  "val/ppv_mean": 0.8771929740905762,
  "val/ECE_mean": 0.09959236532449722,
  "val/spearman_rho_mean": 0.26821368932724,
  "val/recall_at_precision_85_mean": 0.420634925365448,
  "val/enrichment_factor_mean": 1.2879421710968018,
  "val/cohen_kappa_mean": 0.21220050752162933,
  "val/kendall_tau_mean": 0.21958662569522858,
  "val/spearman_rho_top10_mean": -0.340733140707016,
  "val/kendall_tau_top20_mean": -0.006745371967554092,
  "val/tnr_at_recall_80_mean": 0.32203391194343567,
  "val/average_precision_mean": 0.8013649582862854,
  "val/balanced_accuracy_mean": 0.6390906572341919,
  "val/recall_at_precision_90_mean": 0.2539682686328888,
  "val/auprc_mean": 0.8013649582862854,
  "val/mcc_mean": 0.28079983592033386,
  "training_epochs": 8,
  "best_lr": 0.0005,
  "best_weight_decay": 1.0
}