{
  "val/kendall_tau_top50_mean": 0.02450786717236042,
  "val/recall_at_precision_90_mean": 0.08403361588716507,
  "val/tnr_at_recall_80_mean": 0.3968254029750824,
  "val/enrichment_factor_mean": 1.1644384860992432,
  "val/recall_at_precision_75_mean": 0.5882353186607361,
  "val/recall_at_precision_80_mean": 0.16806723177433014,
  "val/supervised_loss": 0.6466661691665649,
  "val/kendall_tau_mean": 0.18508769571781158,
  "val/balanced_accuracy_mean": 0.6148459315299988,
  "val/cohen_kappa_mean": 0.20585773885250092,
  "val/recall_at_precision_85_mean": 0.08403361588716507,
  "val/auroc_mean": 0.6370548009872437,
  "val/spearman_rho_top50_mean": 0.029841845855116844,
  "val/spearman_rho_top10_mean": 0.18029902875423431,
  "val/kendall_tau_top20_mean": 0.031943827867507935,
  "val/pos_lr_mean": 1.6890755891799927,
  "val/auprc_mean": 0.7525047659873962,
  "val/loss": 0.6466661691665649,
  "val/average_precision_mean": 0.7525047659873962,
  "val/kendall_tau_top10_mean": 0.1512475311756134,
  "val/tnr_at_recall_75_mean": 0.460317462682724,
  "val/tnr_at_recall_95_mean": 0.1269841343164444,
  "val/sensitivity_mean": 0.5630252361297607,
  "val/optimal_threshold_mean": 0.6114599108695984,
  "val/recall_mean": 0.5630252361297607,
  "val/ECE_mean": 0.08621345460414886,
  "val/ppv_mean": 0.7613636255264282,
  "val/f1_mean": 0.6473429799079895,
  "val/recall_at_precision_95_mean": 0.02521008439362049,
  "val/specificity_mean": 0.6666666865348816,
  "val/mcc_mean": 0.21866744756698608,
  "val/spearman_rho_top20_mean": 0.03859072923660278,
  "val/tnr_at_recall_90_mean": 0.2698412835597992,
  "val/precision_mean": 0.7613636255264282,
  "val/spearman_rho_mean": 0.2258799523115158,
  "val/tnr_at_recall_85_mean": 0.3492063581943512,
  "training_epochs": 70,
  "best_lr": 0.0005,
  "best_weight_decay": 0.0
}