{
  "val/spearman_rho_top10_mean": -0.2800000011920929,
  "val/sensitivity_mean": 0.5290697813034058,
  "val/enrichment_factor_mean": 1.121124029159546,
  "val/tnr_at_recall_85_mean": 0.20000000298023224,
  "val/ppv_mean": 0.7222222089767456,
  "val/kendall_tau_top10_mean": -0.2329740822315216,
  "val/supervised_loss": 0.7575216889381409,
  "val/specificity_mean": 0.6315789222717285,
  "val/kendall_tau_top50_mean": 0.08242645114660263,
  "val/spearman_rho_top20_mean": 0.2950141429901123,
  "val/auroc_mean": 0.5939412713050842,
  "val/tnr_at_recall_80_mean": 0.27368420362472534,
  "val/balanced_accuracy_mean": 0.5803243517875671,
  "val/average_precision_mean": 0.74095219373703,
  "val/mcc_mean": 0.15406657755374908,
  "val/optimal_threshold_mean": 0.7516068816184998,
  "val/recall_at_precision_80_mean": 0.22093023359775543,
  "val/loss": 0.7575216889381409,
  "val/kendall_tau_top20_mean": 0.24313984811306,
  "val/recall_at_precision_90_mean": 0.1744185984134674,
  "val/f1_mean": 0.6107382774353027,
  "val/pos_lr_mean": 1.4360464811325073,
  "val/recall_at_precision_85_mean": 0.18023255467414856,
  "val/cohen_kappa_mean": 0.14493954181671143,
  "val/recall_at_precision_95_mean": 0.1627907007932663,
  "val/tnr_at_recall_90_mean": 0.13684210181236267,
  "val/spearman_rho_top50_mean": 0.10057397931814194,
  "val/tnr_at_recall_75_mean": 0.3368421196937561,
  "val/tnr_at_recall_95_mean": 0.10526315867900848,
  "val/ECE_mean": 0.17101825773715973,
  "val/precision_mean": 0.7222222089767456,
  "val/recall_mean": 0.5290697813034058,
  "val/recall_at_precision_75_mean": 0.2616279125213623,
  "val/spearman_rho_mean": 0.1557990312576294,
  "val/auprc_mean": 0.74095219373703,
  "val/kendall_tau_mean": 0.12744738161563873,
  "training_epochs": 90,
  "best_lr": 0.0005,
  "best_weight_decay": 0.1
}