{
  "val/recall_at_precision_85_mean": 0.023076923564076424,
  "val/recall_at_precision_75_mean": 0.023076923564076424,
  "val/loss": 0.716570258140564,
  "val/recall_at_precision_90_mean": 0.023076923564076424,
  "val/spearman_rho_top10_mean": -0.14320549368858337,
  "val/recall_mean": 0.6461538672447205,
  "val/mcc_mean": 0.16812586784362793,
  "val/ppv_mean": 0.6774193644523621,
  "val/auprc_mean": 0.6526408791542053,
  "val/specificity_mean": 0.523809552192688,
  "val/ECE_mean": 0.08469726145267487,
  "val/balanced_accuracy_mean": 0.5849816799163818,
  "val/tnr_at_recall_95_mean": 0.0714285746216774,
  "val/spearman_rho_top20_mean": -0.12531951069831848,
  "val/recall_at_precision_95_mean": 0.023076923564076424,
  "val/precision_mean": 0.6774193644523621,
  "val/spearman_rho_mean": 0.12044613808393478,
  "val/tnr_at_recall_80_mean": 0.3095238208770752,
  "val/kendall_tau_top50_mean": -0.06727619469165802,
  "val/optimal_threshold_mean": 0.6978093981742859,
  "val/pos_lr_mean": 1.3569231033325195,
  "val/cohen_kappa_mean": 0.16784228384494781,
  "val/f1_mean": 0.6614173054695129,
  "val/kendall_tau_top10_mean": -0.12038585543632507,
  "val/kendall_tau_mean": 0.09870918840169907,
  "val/auroc_mean": 0.5711996555328369,
  "val/tnr_at_recall_90_mean": 0.190476194024086,
  "val/tnr_at_recall_75_mean": 0.3333333432674408,
  "val/tnr_at_recall_85_mean": 0.261904776096344,
  "val/average_precision_mean": 0.6526408791542053,
  "val/kendall_tau_top20_mean": -0.10481056571006775,
  "val/recall_at_precision_80_mean": 0.023076923564076424,
  "val/enrichment_factor_mean": 1.1151365041732788,
  "val/sensitivity_mean": 0.6461538672447205,
  "val/supervised_loss": 0.716570258140564,
  "val/spearman_rho_top50_mean": -0.08161786943674088,
  "training_epochs": 29,
  "best_lr": 0.0005,
  "best_weight_decay": 0.1
}