{
  "val/kendall_tau_top10_mean": -0.02907419018447399,
  "val/precision_mean": 0.828125,
  "val/pos_lr_mean": 1.917917013168335,
  "val/optimal_threshold_mean": 0.736853301525116,
  "val/kendall_tau_mean": 0.1939660608768463,
  "val/tnr_at_recall_75_mean": 0.39024388790130615,
  "val/recall_at_precision_90_mean": 0.20388349890708923,
  "val/recall_at_precision_95_mean": 0.058252427726984024,
  "val/spearman_rho_top10_mean": -0.03440104424953461,
  "val/ECE_mean": 0.0815204381942749,
  "val/ppv_mean": 0.828125,
  "val/kendall_tau_top50_mean": 0.13604971766471863,
  "val/recall_mean": 0.5145630836486816,
  "val/spearman_rho_top50_mean": 0.16548097133636475,
  "val/tnr_at_recall_95_mean": 0.1463414579629898,
  "val/loss": 0.6408284902572632,
  "val/recall_at_precision_80_mean": 0.6213592290878296,
  "val/tnr_at_recall_90_mean": 0.24390244483947754,
  "val/specificity_mean": 0.7317073345184326,
  "val/enrichment_factor_mean": 1.1577669382095337,
  "val/balanced_accuracy_mean": 0.6231352090835571,
  "val/tnr_at_recall_80_mean": 0.3658536672592163,
  "val/tnr_at_recall_85_mean": 0.31707316637039185,
  "val/sensitivity_mean": 0.5145630836486816,
  "val/spearman_rho_mean": 0.23673835396766663,
  "val/average_precision_mean": 0.8269709944725037,
  "val/f1_mean": 0.6347305178642273,
  "val/recall_at_precision_85_mean": 0.3300970792770386,
  "val/auroc_mean": 0.6514326333999634,
  "val/kendall_tau_top20_mean": 0.18898223340511322,
  "val/supervised_loss": 0.6408284902572632,
  "val/spearman_rho_top20_mean": 0.22742941975593567,
  "val/auprc_mean": 0.8269709944725037,
  "val/cohen_kappa_mean": 0.19145803153514862,
  "val/mcc_mean": 0.22365973889827728,
  "val/recall_at_precision_75_mean": 0.9126213788986206,
  "training_epochs": 28,
  "best_lr": 0.0001,
  "best_weight_decay": 1.0
}