{
  "val/ppv_mean": 0.7042253613471985,
  "val/enrichment_factor_mean": 1.159263253211975,
  "val/loss": 0.6943271160125732,
  "val/pos_lr_mean": 1.5384615659713745,
  "val/optimal_threshold_mean": 0.6786486506462097,
  "val/spearman_rho_mean": 0.16317060589790344,
  "val/sensitivity_mean": 0.38461539149284363,
  "val/spearman_rho_top20_mean": 0.18192028999328613,
  "val/kendall_tau_top20_mean": 0.16288410127162933,
  "val/spearman_rho_top50_mean": 0.2444905936717987,
  "val/recall_at_precision_85_mean": 0.14615385234355927,
  "val/kendall_tau_mean": 0.14635376632213593,
  "val/recall_at_precision_80_mean": 0.17692308127880096,
  "val/average_precision_mean": 0.6972222924232483,
  "val/specificity_mean": 0.75,
  "val/tnr_at_recall_95_mean": 0.1071428582072258,
  "val/balanced_accuracy_mean": 0.567307710647583,
  "val/mcc_mean": 0.1396075189113617,
  "val/kendall_tau_top50_mean": 0.2185894250869751,
  "val/auprc_mean": 0.6972222924232483,
  "val/recall_at_precision_90_mean": 0.14615385234355927,
  "val/supervised_loss": 0.6943271160125732,
  "val/cohen_kappa_mean": 0.11973609030246735,
  "val/precision_mean": 0.7042253613471985,
  "val/tnr_at_recall_85_mean": 0.2023809552192688,
  "val/ECE_mean": 0.08515242487192154,
  "val/recall_at_precision_75_mean": 0.17692308127880096,
  "val/kendall_tau_top10_mean": 0.223062202334404,
  "val/tnr_at_recall_75_mean": 0.2023809552192688,
  "val/recall_mean": 0.38461539149284363,
  "val/recall_at_precision_95_mean": 0.023076923564076424,
  "val/auroc_mean": 0.5906593203544617,
  "val/f1_mean": 0.49751242995262146,
  "val/tnr_at_recall_80_mean": 0.2023809552192688,
  "val/tnr_at_recall_90_mean": 0.1666666716337204,
  "val/spearman_rho_top10_mean": 0.2393752485513687,
  "training_epochs": 19,
  "best_lr": 0.001,
  "best_weight_decay": 0.1
}