{
  "val/spearman_rho_mean": 0.10925182700157166,
  "val/spearman_rho_top20_mean": 0.09306894242763519,
  "val/tnr_at_recall_75_mean": 0.3333333432674408,
  "val/balanced_accuracy_mean": 0.5835667848587036,
  "val/auprc_mean": 0.6961947083473206,
  "val/pos_lr_mean": 1.4049773216247559,
  "val/spearman_rho_top10_mean": -0.3449572026729584,
  "val/recall_at_precision_75_mean": 0.20168067514896393,
  "val/kendall_tau_mean": 0.09100554138422012,
  "val/tnr_at_recall_90_mean": 0.095238097012043,
  "val/recall_at_precision_90_mean": 0.0,
  "val/cohen_kappa_mean": 0.1533847451210022,
  "val/average_precision_mean": 0.6961947083473206,
  "val/supervised_loss": 0.682394802570343,
  "val/recall_at_precision_95_mean": 0.0,
  "val/tnr_at_recall_85_mean": 0.1428571492433548,
  "val/kendall_tau_top20_mean": 0.08283153921365738,
  "val/kendall_tau_top10_mean": -0.3024073541164398,
  "val/f1_mean": 0.644859790802002,
  "val/spearman_rho_top50_mean": -0.08139045536518097,
  "val/recall_at_precision_85_mean": 0.0,
  "val/kendall_tau_top50_mean": -0.06794587522745132,
  "val/optimal_threshold_mean": 0.6041744947433472,
  "val/tnr_at_recall_80_mean": 0.2698412835597992,
  "val/ppv_mean": 0.7263157963752747,
  "val/mcc_mean": 0.15917904675006866,
  "val/ECE_mean": 0.06092926859855652,
  "val/tnr_at_recall_95_mean": 0.0,
  "val/specificity_mean": 0.5873016119003296,
  "val/auroc_mean": 0.5660930871963501,
  "val/precision_mean": 0.7263157963752747,
  "val/enrichment_factor_mean": 1.1108359098434448,
  "val/loss": 0.682394802570343,
  "val/sensitivity_mean": 0.5798319578170776,
  "val/recall_at_precision_80_mean": 0.0,
  "val/recall_mean": 0.5798319578170776,
  "training_epochs": 55,
  "best_lr": 0.0005,
  "best_weight_decay": 0.0
}