{
  "val/loss": 0.7217945456504822,
  "val/recall_mean": 0.561855673789978,
  "val/sensitivity_mean": 0.561855673789978,
  "val/tnr_at_recall_85_mean": 0.3008849620819092,
  "val/auprc_mean": 0.7320237755775452,
  "val/pos_lr_mean": 1.5872422456741333,
  "val/enrichment_factor_mean": 1.1576489210128784,
  "val/recall_at_precision_75_mean": 0.24742268025875092,
  "val/supervised_loss": 0.7217945456504822,
  "val/spearman_rho_top50_mean": 0.013595844618976116,
  "val/tnr_at_recall_95_mean": 0.17699114978313446,
  "val/balanced_accuracy_mean": 0.6039366722106934,
  "val/ECE_mean": 0.1348736584186554,
  "val/kendall_tau_top50_mean": 0.011137179099023342,
  "val/tnr_at_recall_75_mean": 0.389380544424057,
  "val/recall_at_precision_80_mean": 0.1649484485387802,
  "val/kendall_tau_mean": 0.17158575356006622,
  "val/kendall_tau_top20_mean": 0.1620395928621292,
  "val/tnr_at_recall_90_mean": 0.2654867172241211,
  "val/kendall_tau_top10_mean": 0.08790160715579987,
  "val/spearman_rho_mean": 0.20980733633041382,
  "val/recall_at_precision_95_mean": 0.04639175161719322,
  "val/recall_at_precision_90_mean": 0.04639175161719322,
  "val/mcc_mean": 0.20059369504451752,
  "val/auroc_mean": 0.6255816221237183,
  "val/optimal_threshold_mean": 0.7198140025138855,
  "val/tnr_at_recall_80_mean": 0.3539822995662689,
  "val/specificity_mean": 0.6460176706314087,
  "val/recall_at_precision_85_mean": 0.08762886375188828,
  "val/spearman_rho_top10_mean": 0.1059064045548439,
  "val/average_precision_mean": 0.7320237755775452,
  "val/cohen_kappa_mean": 0.19191813468933105,
  "val/spearman_rho_top20_mean": 0.19685019552707672,
  "val/f1_mean": 0.6355684995651245,
  "val/ppv_mean": 0.7315436005592346,
  "val/precision_mean": 0.7315436005592346,
  "training_epochs": 115,
  "best_lr": 0.0001,
  "best_weight_decay": 0.0
}