{
  "val/specificity_mean": 0.703125,
  "val/pos_lr_mean": 1.8174933195114136,
  "val/kendall_tau_top20_mean": -0.05479966104030609,
  "val/spearman_rho_mean": 0.1516181379556656,
  "val/tnr_at_recall_75_mean": 0.40625,
  "val/average_precision_mean": 0.7388368248939514,
  "val/tnr_at_recall_85_mean": 0.21875,
  "val/enrichment_factor_mean": 1.1652380228042603,
  "val/auprc_mean": 0.7388368248939514,
  "val/sensitivity_mean": 0.5395683646202087,
  "val/auroc_mean": 0.5941996574401855,
  "val/recall_mean": 0.5395683646202087,
  "val/kendall_tau_mean": 0.12415340542793274,
  "val/spearman_rho_top20_mean": -0.0661768764257431,
  "val/recall_at_precision_80_mean": 0.5467625856399536,
  "val/recall_at_precision_85_mean": 0.035971224308013916,
  "val/optimal_threshold_mean": 0.6211179494857788,
  "val/loss": 0.6534179449081421,
  "val/tnr_at_recall_90_mean": 0.171875,
  "val/f1_mean": 0.6437768340110779,
  "val/mcc_mean": 0.2261403650045395,
  "val/recall_at_precision_75_mean": 0.6258992552757263,
  "val/kendall_tau_top50_mean": -0.11818695068359375,
  "val/recall_at_precision_90_mean": 0.035971224308013916,
  "val/kendall_tau_top10_mean": 0.06332475692033768,
  "val/tnr_at_recall_80_mean": 0.296875,
  "val/tnr_at_recall_95_mean": 0.078125,
  "val/recall_at_precision_95_mean": 0.035971224308013916,
  "val/supervised_loss": 0.6534179449081421,
  "val/ECE_mean": 0.09418649226427078,
  "val/spearman_rho_top10_mean": 0.07568756490945816,
  "val/precision_mean": 0.7978723645210266,
  "val/spearman_rho_top50_mean": -0.14398260414600372,
  "val/cohen_kappa_mean": 0.20399679243564606,
  "val/balanced_accuracy_mean": 0.621346652507782,
  "val/ppv_mean": 0.7978723645210266,
  "training_epochs": 23,
  "best_lr": 0.0005,
  "best_weight_decay": 0.0
}