{
  "val/recall_at_precision_95_mean": 0.12621359527111053,
  "val/spearman_rho_top20_mean": 0.16470594704151154,
  "val/tnr_at_recall_90_mean": 0.17073170840740204,
  "val/mcc_mean": 0.251473605632782,
  "val/enrichment_factor_mean": 1.2391879558563232,
  "val/recall_mean": 0.3786407709121704,
  "val/loss": 0.6507301330566406,
  "val/average_precision_mean": 0.8289523720741272,
  "val/f1_mean": 0.5306122303009033,
  "val/recall_at_precision_75_mean": 0.893203854560852,
  "val/spearman_rho_mean": 0.23100546002388,
  "val/auroc_mean": 0.6477622389793396,
  "val/tnr_at_recall_85_mean": 0.26829269528388977,
  "val/ECE_mean": 0.05022451654076576,
  "val/optimal_threshold_mean": 0.8259410858154297,
  "val/ppv_mean": 0.8863636255264282,
  "val/pos_lr_mean": 3.1048543453216553,
  "val/cohen_kappa_mean": 0.17911434173583984,
  "val/tnr_at_recall_80_mean": 0.39024388790130615,
  "val/kendall_tau_top10_mean": 0.4006167948246002,
  "val/sensitivity_mean": 0.3786407709121704,
  "val/supervised_loss": 0.6507301330566406,
  "val/balanced_accuracy_mean": 0.6283447742462158,
  "val/kendall_tau_top50_mean": 0.17493556439876556,
  "val/recall_at_precision_85_mean": 0.3980582654476166,
  "val/kendall_tau_top20_mean": 0.13832919299602509,
  "val/auprc_mean": 0.8289523720741272,
  "val/recall_at_precision_90_mean": 0.13592232763767242,
  "val/spearman_rho_top10_mean": 0.4573788344860077,
  "val/kendall_tau_mean": 0.1893751621246338,
  "val/tnr_at_recall_75_mean": 0.4390243887901306,
  "val/precision_mean": 0.8863636255264282,
  "val/tnr_at_recall_95_mean": 0.1463414579629898,
  "val/specificity_mean": 0.8780487775802612,
  "val/spearman_rho_top50_mean": 0.2123163789510727,
  "val/recall_at_precision_80_mean": 0.48543688654899597,
  "training_epochs": 43,
  "best_lr": 0.0005,
  "best_weight_decay": 0.0
}