{
  "val/cohen_kappa_mean": 0.2403489649295807,
  "val/tnr_at_recall_80_mean": 0.4021739065647125,
  "val/auroc_mean": 0.6388816237449646,
  "val/kendall_tau_top20_mean": 0.07508444786071777,
  "val/recall_at_precision_90_mean": 0.0,
  "val/recall_at_precision_85_mean": 0.0,
  "val/spearman_rho_top20_mean": 0.09107077121734619,
  "val/precision_mean": 0.7053139805793762,
  "val/enrichment_factor_mean": 1.0962109565734863,
  "val/pos_lr_mean": 1.3264862298965454,
  "val/tnr_at_recall_95_mean": 0.09782608598470688,
  "val/kendall_tau_top50_mean": 0.058481816202402115,
  "val/spearman_rho_mean": 0.2304447889328003,
  "val/average_precision_mean": 0.7306183576583862,
  "val/optimal_threshold_mean": 0.3929294943809509,
  "val/recall_at_precision_80_mean": 0.19879518449306488,
  "val/f1_mean": 0.7828418016433716,
  "val/tnr_at_recall_75_mean": 0.45652174949645996,
  "val/tnr_at_recall_85_mean": 0.33695653080940247,
  "val/recall_mean": 0.8795180916786194,
  "val/specificity_mean": 0.33695653080940247,
  "val/kendall_tau_mean": 0.18852166831493378,
  "val/recall_at_precision_95_mean": 0.0,
  "val/balanced_accuracy_mean": 0.6082373261451721,
  "val/sensitivity_mean": 0.8795180916786194,
  "val/spearman_rho_top50_mean": 0.07134928554296494,
  "val/spearman_rho_top10_mean": -0.408528596162796,
  "val/tnr_at_recall_90_mean": 0.29347825050354004,
  "val/kendall_tau_top10_mean": -0.3401680290699005,
  "val/ECE_mean": 0.1105678603053093,
  "val/recall_at_precision_75_mean": 0.5,
  "val/auprc_mean": 0.7306183576583862,
  "val/loss": 0.7445837259292603,
  "val/ppv_mean": 0.7053139805793762,
  "val/supervised_loss": 0.7445837259292603,
  "val/mcc_mean": 0.26036620140075684,
  "training_epochs": 41,
  "best_lr": 0.001,
  "best_weight_decay": 0.0
}