{
  "val/f1_mean": 0.5607476830482483,
  "val/kendall_tau_top10_mean": -0.17953312397003174,
  "val/recall_at_precision_90_mean": 0.014084506779909134,
  "val/auprc_mean": 0.7616737484931946,
  "val/average_precision_mean": 0.7616737484931946,
  "val/specificity_mean": 0.8064516186714172,
  "val/ECE_mean": 0.027496831491589546,
  "val/recall_at_precision_95_mean": 0.014084506779909134,
  "val/tnr_at_recall_85_mean": 0.32258063554763794,
  "val/spearman_rho_mean": 0.1735714077949524,
  "val/sensitivity_mean": 0.4225352108478546,
  "val/auroc_mean": 0.6089277863502502,
  "val/recall_at_precision_85_mean": 0.014084506779909134,
  "val/kendall_tau_top20_mean": 0.014640635810792446,
  "val/supervised_loss": 0.6558557152748108,
  "val/balanced_accuracy_mean": 0.6144934296607971,
  "val/ppv_mean": 0.8333333134651184,
  "val/spearman_rho_top20_mean": 0.01753758080303669,
  "val/tnr_at_recall_80_mean": 0.32258063554763794,
  "val/spearman_rho_top10_mean": -0.20870301127433777,
  "val/enrichment_factor_mean": 1.1971831321716309,
  "val/recall_mean": 0.4225352108478546,
  "val/precision_mean": 0.8333333134651184,
  "val/recall_at_precision_75_mean": 0.6478873491287231,
  "val/kendall_tau_mean": 0.14231771230697632,
  "val/mcc_mean": 0.22039274871349335,
  "val/tnr_at_recall_75_mean": 0.35483869910240173,
  "val/optimal_threshold_mean": 0.719693660736084,
  "val/tnr_at_recall_95_mean": 0.08064515888690948,
  "val/recall_at_precision_80_mean": 0.47183099389076233,
  "val/tnr_at_recall_90_mean": 0.19354838132858276,
  "val/cohen_kappa_mean": 0.173733189702034,
  "val/pos_lr_mean": 2.183098554611206,
  "val/spearman_rho_top50_mean": 0.11192797124385834,
  "val/kendall_tau_top50_mean": 0.09241874516010284,
  "val/loss": 0.6558557152748108,
  "training_epochs": 16,
  "best_lr": 0.001,
  "best_weight_decay": 0.0
}