{
  "val/auroc_mean": 0.5971893668174744,
  "val/cohen_kappa_mean": 0.15999095141887665,
  "val/ECE_mean": 0.06284032016992569,
  "val/spearman_rho_mean": 0.16231012344360352,
  "val/loss": 0.657647967338562,
  "val/kendall_tau_top20_mean": -0.15001480281352997,
  "val/tnr_at_recall_85_mean": 0.23404255509376526,
  "val/ppv_mean": 0.7555555701255798,
  "val/f1_mean": 0.5396825671195984,
  "val/kendall_tau_top50_mean": 0.10093146562576294,
  "val/balanced_accuracy_mean": 0.5928552746772766,
  "val/tnr_at_recall_80_mean": 0.3085106313228607,
  "val/tnr_at_recall_75_mean": 0.38297873735427856,
  "val/specificity_mean": 0.7659574747085571,
  "val/spearman_rho_top10_mean": -0.23396599292755127,
  "val/auprc_mean": 0.6973571181297302,
  "val/mcc_mean": 0.18749196827411652,
  "val/supervised_loss": 0.657647967338562,
  "val/recall_at_precision_75_mean": 0.42592594027519226,
  "val/precision_mean": 0.7555555701255798,
  "val/kendall_tau_top10_mean": -0.19564639031887054,
  "val/spearman_rho_top20_mean": -0.17648130655288696,
  "val/kendall_tau_mean": 0.13308286666870117,
  "val/optimal_threshold_mean": 0.7139526605606079,
  "val/recall_at_precision_80_mean": 0.006172839552164078,
  "val/spearman_rho_top50_mean": 0.122138112783432,
  "val/enrichment_factor_mean": 1.1939643621444702,
  "val/sensitivity_mean": 0.4197530746459961,
  "val/average_precision_mean": 0.6973571181297302,
  "val/pos_lr_mean": 1.7934904098510742,
  "val/tnr_at_recall_90_mean": 0.13829787075519562,
  "val/tnr_at_recall_95_mean": 0.10638298094272614,
  "val/recall_at_precision_90_mean": 0.006172839552164078,
  "val/recall_mean": 0.4197530746459961,
  "val/recall_at_precision_85_mean": 0.006172839552164078,
  "val/recall_at_precision_95_mean": 0.006172839552164078,
  "training_epochs": 0,
  "best_lr": 0.001,
  "best_weight_decay": 0.01
}