{
  "val/pos_lr_mean": 1.7479147911071777,
  "val/average_precision_mean": 0.800804078578949,
  "val/kendall_tau_top50_mean": 0.14142371714115143,
  "val/recall_at_precision_75_mean": 0.7650602459907532,
  "val/precision_mean": 0.7592592835426331,
  "val/f1_mean": 0.75,
  "val/spearman_rho_top50_mean": 0.17254050076007843,
  "val/ECE_mean": 0.0750257819890976,
  "val/kendall_tau_mean": 0.27553850412368774,
  "val/cohen_kappa_mean": 0.31400778889656067,
  "val/recall_mean": 0.740963876247406,
  "val/sensitivity_mean": 0.740963876247406,
  "val/tnr_at_recall_95_mean": 0.1304347813129425,
  "val/recall_at_precision_90_mean": 0.07228915393352509,
  "val/optimal_threshold_mean": 0.5273367166519165,
  "val/auprc_mean": 0.800804078578949,
  "val/ppv_mean": 0.7592592835426331,
  "val/tnr_at_recall_75_mean": 0.5652173757553101,
  "val/tnr_at_recall_85_mean": 0.4021739065647125,
  "val/loss": 0.6821349263191223,
  "val/auroc_mean": 0.7029858827590942,
  "val/kendall_tau_top20_mean": 0.08455780893564224,
  "val/enrichment_factor_mean": 1.180053472518921,
  "val/kendall_tau_top10_mean": 0.042640142142772675,
  "val/spearman_rho_top20_mean": 0.10256112366914749,
  "val/recall_at_precision_80_mean": 0.5060241222381592,
  "val/balanced_accuracy_mean": 0.6585254073143005,
  "val/tnr_at_recall_90_mean": 0.33695653080940247,
  "val/mcc_mean": 0.3141837418079376,
  "val/spearman_rho_mean": 0.336812287569046,
  "val/tnr_at_recall_80_mean": 0.489130437374115,
  "val/recall_at_precision_85_mean": 0.41566264629364014,
  "val/spearman_rho_top10_mean": 0.05120915547013283,
  "val/recall_at_precision_95_mean": 0.048192769289016724,
  "val/specificity_mean": 0.5760869383811951,
  "val/supervised_loss": 0.6821349263191223,
  "training_epochs": 11,
  "best_lr": 0.0005,
  "best_weight_decay": 1.0
}