{
  "val/f1_mean": 0.23376622796058655,
  "val/enrichment_factor_mean": 1.2346153259277344,
  "val/mcc_mean": 0.10373309254646301,
  "val/tnr_at_recall_85_mean": 0.0714285746216774,
  "val/sensitivity_mean": 0.13846154510974884,
  "val/spearman_rho_top50_mean": 0.3322020471096039,
  "val/specificity_mean": 0.9285714030265808,
  "val/ECE_mean": 0.07906472682952881,
  "val/optimal_threshold_mean": 0.6431263089179993,
  "val/tnr_at_recall_80_mean": 0.0714285746216774,
  "val/recall_at_precision_75_mean": 0.14615385234355927,
  "val/kendall_tau_mean": -0.028554115444421768,
  "val/balanced_accuracy_mean": 0.5335164666175842,
  "val/auroc_mean": 0.483104407787323,
  "val/auprc_mean": 0.6042497754096985,
  "val/loss": 0.6982396245002747,
  "val/average_precision_mean": 0.6042497754096985,
  "val/kendall_tau_top50_mean": 0.31337544322013855,
  "val/tnr_at_recall_75_mean": 0.0714285746216774,
  "val/recall_at_precision_80_mean": 0.10000000149011612,
  "val/tnr_at_recall_95_mean": 0.011904762126505375,
  "val/tnr_at_recall_90_mean": 0.0476190485060215,
  "val/recall_mean": 0.13846154510974884,
  "val/recall_at_precision_85_mean": 0.0,
  "val/spearman_rho_top10_mean": 0.1220129206776619,
  "val/precision_mean": 0.75,
  "val/pos_lr_mean": 1.9384615421295166,
  "val/ppv_mean": 0.75,
  "val/kendall_tau_top20_mean": 0.5511571168899536,
  "val/cohen_kappa_mean": 0.05479862168431282,
  "val/recall_at_precision_90_mean": 0.0,
  "val/spearman_rho_top20_mean": 0.6355063319206238,
  "val/spearman_rho_mean": -0.03130117431282997,
  "val/kendall_tau_top10_mean": 0.1025702953338623,
  "val/supervised_loss": 0.6982396245002747,
  "val/recall_at_precision_95_mean": 0.0,
  "training_epochs": 22,
  "best_lr": 0.001,
  "best_weight_decay": 0.1
}