{
  "val/average_precision_mean": 0.7081974148750305,
  "val/cohen_kappa_mean": 0.11518324911594391,
  "val/pos_lr_mean": 1.316872477531433,
  "val/auroc_mean": 0.5366753339767456,
  "val/precision_mean": 0.7476635575294495,
  "val/loss": 0.6616768836975098,
  "val/spearman_rho_mean": 0.0606391467154026,
  "val/tnr_at_recall_90_mean": 0.046875,
  "val/enrichment_factor_mean": 1.079958438873291,
  "val/recall_at_precision_90_mean": 0.0,
  "val/spearman_rho_top10_mean": 0.0,
  "val/recall_at_precision_95_mean": 0.0,
  "val/optimal_threshold_mean": 0.7282952070236206,
  "val/balanced_accuracy_mean": 0.5668402910232544,
  "val/ppv_mean": 0.7476635575294495,
  "val/kendall_tau_mean": 0.05364855378866196,
  "val/kendall_tau_top10_mean": 0.0,
  "val/recall_at_precision_75_mean": 0.5625,
  "val/recall_at_precision_85_mean": 0.0,
  "val/kendall_tau_top50_mean": -0.1162135973572731,
  "val/tnr_at_recall_75_mean": 0.046875,
  "val/spearman_rho_top50_mean": -0.12465811520814896,
  "val/mcc_mean": 0.12344880402088165,
  "val/tnr_at_recall_95_mean": 0.046875,
  "val/tnr_at_recall_80_mean": 0.046875,
  "val/specificity_mean": 0.578125,
  "val/spearman_rho_top20_mean": 0.0,
  "val/recall_mean": 0.5555555820465088,
  "val/f1_mean": 0.6374502182006836,
  "val/supervised_loss": 0.6616768836975098,
  "val/tnr_at_recall_85_mean": 0.046875,
  "val/kendall_tau_top20_mean": 0.0,
  "val/sensitivity_mean": 0.5555555820465088,
  "val/ECE_mean": 0.021518858149647713,
  "val/recall_at_precision_80_mean": 0.0,
  "val/auprc_mean": 0.7081974148750305,
  "training_epochs": 27,
  "best_lr": 0.001,
  "best_weight_decay": 0.1
}