{
  "val/cohen_kappa_mean": 0.33269962668418884,
  "val/ECE_mean": 0.12280489504337311,
  "val/auprc_mean": 0.802710771560669,
  "val/spearman_rho_top10_mean": -0.1335616558790207,
  "val/spearman_rho_top50_mean": 0.1137174442410469,
  "val/mcc_mean": 0.34335118532180786,
  "val/specificity_mean": 0.421875,
  "val/supervised_loss": 0.6180089116096497,
  "val/recall_at_precision_85_mean": 0.25,
  "val/tnr_at_recall_95_mean": 0.171875,
  "val/auroc_mean": 0.6766493320465088,
  "val/loss": 0.6180089116096497,
  "val/precision_mean": 0.7743902206420898,
  "val/ppv_mean": 0.7743902206420898,
  "val/f1_mean": 0.8246753215789795,
  "val/pos_lr_mean": 1.5255255699157715,
  "val/optimal_threshold_mean": 0.4444597363471985,
  "val/sensitivity_mean": 0.8819444179534912,
  "val/kendall_tau_top10_mean": -0.1117456927895546,
  "val/kendall_tau_top20_mean": -0.02409813553094864,
  "val/enrichment_factor_mean": 1.1185636520385742,
  "val/kendall_tau_top50_mean": 0.09329523146152496,
  "val/tnr_at_recall_80_mean": 0.46875,
  "val/tnr_at_recall_85_mean": 0.421875,
  "val/spearman_rho_mean": 0.28243303298950195,
  "val/tnr_at_recall_90_mean": 0.40625,
  "val/spearman_rho_top20_mean": -0.029160592705011368,
  "val/kendall_tau_mean": 0.2311592698097229,
  "val/average_precision_mean": 0.802710771560669,
  "val/recall_at_precision_75_mean": 0.9027777910232544,
  "val/tnr_at_recall_75_mean": 0.5,
  "val/recall_mean": 0.8819444179534912,
  "val/balanced_accuracy_mean": 0.6519097089767456,
  "val/recall_at_precision_95_mean": 0.02083333395421505,
  "val/recall_at_precision_80_mean": 0.5555555820465088,
  "val/recall_at_precision_90_mean": 0.02083333395421505,
  "training_epochs": 163,
  "best_lr": 0.001,
  "best_weight_decay": 1.0
}