{
  "val/optimal_threshold_mean": 0.6263431906700134,
  "val/spearman_rho_top20_mean": -0.09091676026582718,
  "val/spearman_rho_mean": 0.31666791439056396,
  "val/kendall_tau_top10_mean": 0.21759706735610962,
  "val/f1_mean": 0.7564102411270142,
  "val/recall_at_precision_95_mean": 0.04109589010477066,
  "val/sensitivity_mean": 0.8082191944122314,
  "val/average_precision_mean": 0.7248373031616211,
  "val/spearman_rho_top10_mean": 0.25604578852653503,
  "val/kendall_tau_top50_mean": 0.06537047028541565,
  "val/spearman_rho_top50_mean": 0.07942419499158859,
  "val/tnr_at_recall_85_mean": 0.4615384638309479,
  "val/recall_mean": 0.8082191944122314,
  "val/enrichment_factor_mean": 1.2171975374221802,
  "val/supervised_loss": 0.725415050983429,
  "val/balanced_accuracy_mean": 0.673340380191803,
  "val/pos_lr_mean": 1.7511415481567383,
  "val/tnr_at_recall_90_mean": 0.36538460850715637,
  "val/ppv_mean": 0.7108433842658997,
  "val/recall_at_precision_75_mean": 0.45205479860305786,
  "val/specificity_mean": 0.5384615659713745,
  "val/cohen_kappa_mean": 0.3565429449081421,
  "val/recall_at_precision_85_mean": 0.04109589010477066,
  "val/auprc_mean": 0.7248373031616211,
  "val/auroc_mean": 0.6854583621025085,
  "val/tnr_at_recall_75_mean": 0.5769230723381042,
  "val/kendall_tau_mean": 0.2595904469490051,
  "val/ECE_mean": 0.15666645765304565,
  "val/tnr_at_recall_95_mean": 0.07692307978868484,
  "val/kendall_tau_top20_mean": -0.07570333033800125,
  "val/precision_mean": 0.7108433842658997,
  "val/tnr_at_recall_80_mean": 0.5384615659713745,
  "val/loss": 0.725415050983429,
  "val/recall_at_precision_80_mean": 0.04109589010477066,
  "val/mcc_mean": 0.36176711320877075,
  "val/recall_at_precision_90_mean": 0.04109589010477066,
  "training_epochs": 37,
  "best_lr": 0.0005,
  "best_weight_decay": 0.0
}