{
  "val/mcc_mean": 0.21713994443416595,
  "val/ECE_mean": 0.06312607228755951,
  "val/kendall_tau_top20_mean": 0.04952843859791756,
  "val/kendall_tau_top10_mean": -0.190476194024086,
  "val/auprc_mean": 0.6658993363380432,
  "val/f1_mean": 0.6582278609275818,
  "val/supervised_loss": 0.6838380098342896,
  "val/spearman_rho_top10_mean": -0.22714810073375702,
  "val/kendall_tau_top50_mean": -0.013111971318721771,
  "val/recall_at_precision_85_mean": 0.0,
  "val/sensitivity_mean": 0.6190476417541504,
  "val/recall_at_precision_90_mean": 0.0,
  "val/kendall_tau_mean": 0.16266342997550964,
  "val/tnr_at_recall_80_mean": 0.3855421543121338,
  "val/recall_mean": 0.6190476417541504,
  "val/enrichment_factor_mean": 1.1655941009521484,
  "val/auroc_mean": 0.6164658665657043,
  "val/spearman_rho_mean": 0.19748425483703613,
  "val/spearman_rho_top50_mean": -0.015843726694583893,
  "val/balanced_accuracy_mean": 0.6107286214828491,
  "val/tnr_at_recall_95_mean": 0.16867469251155853,
  "val/tnr_at_recall_85_mean": 0.2650602459907532,
  "val/pos_lr_mean": 1.556998610496521,
  "val/loss": 0.6838380098342896,
  "val/tnr_at_recall_90_mean": 0.22891566157341003,
  "val/optimal_threshold_mean": 0.634739875793457,
  "val/average_precision_mean": 0.6658993363380432,
  "val/recall_at_precision_80_mean": 0.0,
  "val/cohen_kappa_mean": 0.2148323357105255,
  "val/precision_mean": 0.7027027010917664,
  "val/specificity_mean": 0.6024096608161926,
  "val/ppv_mean": 0.7027027010917664,
  "val/spearman_rho_top20_mean": 0.059305623173713684,
  "val/recall_at_precision_75_mean": 0.0,
  "val/tnr_at_recall_75_mean": 0.39759036898612976,
  "val/recall_at_precision_95_mean": 0.0,
  "training_epochs": 0,
  "best_lr": 0.001,
  "best_weight_decay": 0.01
}