{
  "val/recall_at_precision_85_mean": 0.09589041024446487,
  "val/recall_mean": 0.6575342416763306,
  "val/tnr_at_recall_80_mean": 0.5,
  "val/kendall_tau_mean": 0.24505960941314697,
  "val/tnr_at_recall_90_mean": 0.19230769574642181,
  "val/balanced_accuracy_mean": 0.6749209761619568,
  "val/spearman_rho_mean": 0.2962939441204071,
  "val/cohen_kappa_mean": 0.34134429693222046,
  "val/auroc_mean": 0.673340380191803,
  "val/recall_at_precision_75_mean": 0.6712328791618347,
  "val/specificity_mean": 0.692307710647583,
  "val/kendall_tau_top20_mean": 0.030860669910907745,
  "val/tnr_at_recall_95_mean": 0.0,
  "val/sensitivity_mean": 0.6575342416763306,
  "val/spearman_rho_top10_mean": 0.3584640920162201,
  "val/ppv_mean": 0.75,
  "val/spearman_rho_top50_mean": -0.12206742912530899,
  "val/mcc_mean": 0.3449690043926239,
  "val/recall_at_precision_80_mean": 0.10958904027938843,
  "val/recall_at_precision_95_mean": 0.0,
  "val/kendall_tau_top50_mean": -0.1005188375711441,
  "val/optimal_threshold_mean": 0.7221834063529968,
  "val/spearman_rho_top20_mean": 0.03706246614456177,
  "val/pos_lr_mean": 2.136986255645752,
  "val/loss": 0.7093513607978821,
  "val/average_precision_mean": 0.7063027620315552,
  "val/enrichment_factor_mean": 1.284246563911438,
  "val/ECE_mean": 0.16030645370483398,
  "val/recall_at_precision_90_mean": 0.0,
  "val/f1_mean": 0.7007299065589905,
  "val/precision_mean": 0.75,
  "val/kendall_tau_top10_mean": 0.3046359121799469,
  "val/supervised_loss": 0.7093513607978821,
  "val/tnr_at_recall_75_mean": 0.5769230723381042,
  "val/auprc_mean": 0.7063027620315552,
  "val/tnr_at_recall_85_mean": 0.19230769574642181,
  "training_epochs": 54,
  "best_lr": 0.001,
  "best_weight_decay": 0.1
}