{
  "val/auprc_mean": 0.7325997352600098,
  "val/balanced_accuracy_mean": 0.6206659078598022,
  "val/recall_at_precision_90_mean": 0.014925372786819935,
  "val/tnr_at_recall_85_mean": 0.32307693362236023,
  "val/kendall_tau_top10_mean": 0.08658739179372787,
  "val/recall_at_precision_80_mean": 0.08955223858356476,
  "val/spearman_rho_top20_mean": -0.20548047125339508,
  "val/recall_at_precision_75_mean": 0.6716417670249939,
  "val/loss": 0.8121035695075989,
  "val/optimal_threshold_mean": 0.6311572790145874,
  "val/ECE_mean": 0.15445171296596527,
  "val/auroc_mean": 0.6117106676101685,
  "val/recall_at_precision_85_mean": 0.014925372786819935,
  "val/mcc_mean": 0.22915802896022797,
  "val/kendall_tau_top20_mean": -0.1699114292860031,
  "val/tnr_at_recall_75_mean": 0.4307692348957062,
  "val/average_precision_mean": 0.7325997352600098,
  "val/tnr_at_recall_95_mean": 0.1538461595773697,
  "val/pos_lr_mean": 1.5809839963912964,
  "val/spearman_rho_mean": 0.1814875304698944,
  "val/specificity_mean": 0.5846154093742371,
  "val/cohen_kappa_mean": 0.2244407683610916,
  "val/precision_mean": 0.7652173638343811,
  "val/spearman_rho_top10_mean": 0.10336227715015411,
  "val/supervised_loss": 0.8121035695075989,
  "val/ppv_mean": 0.7652173638343811,
  "val/enrichment_factor_mean": 1.1364048719406128,
  "val/kendall_tau_top50_mean": -0.08392663300037384,
  "val/tnr_at_recall_90_mean": 0.2769230902194977,
  "val/recall_mean": 0.6567164063453674,
  "val/f1_mean": 0.7068272829055786,
  "val/tnr_at_recall_80_mean": 0.38461539149284363,
  "val/kendall_tau_mean": 0.14855580031871796,
  "val/recall_at_precision_95_mean": 0.014925372786819935,
  "val/spearman_rho_top50_mean": -0.10227347910404205,
  "val/sensitivity_mean": 0.6567164063453674,
  "training_epochs": 70,
  "best_lr": 0.0005,
  "best_weight_decay": 0.1
}