{
  "val/optimal_threshold_mean": 0.40951666235923767,
  "val/kendall_tau_top20_mean": -0.18243104219436646,
  "val/loss": 0.7853586673736572,
  "val/balanced_accuracy_mean": 0.5822510719299316,
  "val/ECE_mean": 0.15234996378421783,
  "val/specificity_mean": 0.25974026322364807,
  "val/enrichment_factor_mean": 1.074074149131775,
  "val/ppv_mean": 0.6666666865348816,
  "val/tnr_at_recall_75_mean": 0.3636363744735718,
  "val/tnr_at_recall_95_mean": 0.20779220759868622,
  "val/mcc_mean": 0.21904291212558746,
  "val/kendall_tau_top10_mean": -0.1444960981607437,
  "val/kendall_tau_mean": 0.1300349235534668,
  "val/cohen_kappa_mean": 0.1855921894311905,
  "val/spearman_rho_top50_mean": 0.13273867964744568,
  "val/average_precision_mean": 0.6736306548118591,
  "val/pos_lr_mean": 1.2222222089767456,
  "val/tnr_at_recall_80_mean": 0.350649356842041,
  "val/auprc_mean": 0.6736306548118591,
  "val/sensitivity_mean": 0.9047619104385376,
  "val/kendall_tau_top50_mean": 0.10891589522361755,
  "val/recall_at_precision_80_mean": 0.0,
  "val/recall_at_precision_75_mean": 0.0,
  "val/recall_at_precision_95_mean": 0.0,
  "val/auroc_mean": 0.5945165753364563,
  "val/recall_at_precision_90_mean": 0.0,
  "val/recall_mean": 0.9047619104385376,
  "val/precision_mean": 0.6666666865348816,
  "val/recall_at_precision_85_mean": 0.0,
  "val/tnr_at_recall_90_mean": 0.25974026322364807,
  "val/f1_mean": 0.7676767706871033,
  "val/spearman_rho_top20_mean": -0.22068989276885986,
  "val/spearman_rho_mean": 0.15886877477169037,
  "val/tnr_at_recall_85_mean": 0.27272728085517883,
  "val/supervised_loss": 0.7853586673736572,
  "val/spearman_rho_top10_mean": -0.17270585894584656,
  "training_epochs": 19,
  "best_lr": 0.0001,
  "best_weight_decay": 0.01
}