{
  "val/recall_at_precision_90_mean": 0.015384615398943424,
  "val/spearman_rho_mean": 0.08171334862709045,
  "val/enrichment_factor_mean": 1.163282036781311,
  "val/recall_at_precision_85_mean": 0.015384615398943424,
  "val/tnr_at_recall_75_mean": 0.261904776096344,
  "val/ECE_mean": 0.08751121163368225,
  "val/spearman_rho_top50_mean": 0.1779872626066208,
  "val/spearman_rho_top10_mean": -0.025031309574842453,
  "val/optimal_threshold_mean": 0.68091881275177,
  "val/balanced_accuracy_mean": 0.5728937983512878,
  "val/kendall_tau_top20_mean": -0.05170489102602005,
  "val/recall_at_precision_75_mean": 0.2538461685180664,
  "val/tnr_at_recall_95_mean": 0.02380952425301075,
  "val/cohen_kappa_mean": 0.13065244257450104,
  "val/ppv_mean": 0.7066666483879089,
  "val/average_precision_mean": 0.667387843132019,
  "val/kendall_tau_top10_mean": -0.02096211351454258,
  "val/recall_at_precision_80_mean": 0.03076923079788685,
  "val/auroc_mean": 0.548305869102478,
  "val/precision_mean": 0.7066666483879089,
  "val/tnr_at_recall_85_mean": 0.130952388048172,
  "val/tnr_at_recall_90_mean": 0.0714285746216774,
  "val/auprc_mean": 0.667387843132019,
  "val/specificity_mean": 0.738095223903656,
  "val/pos_lr_mean": 1.5566433668136597,
  "val/kendall_tau_mean": 0.06687726825475693,
  "val/sensitivity_mean": 0.4076923131942749,
  "val/mcc_mean": 0.14920854568481445,
  "val/loss": 0.7125939130783081,
  "val/f1_mean": 0.5170731544494629,
  "val/supervised_loss": 0.7125939130783081,
  "val/recall_at_precision_95_mean": 0.015384615398943424,
  "val/recall_mean": 0.4076923131942749,
  "val/spearman_rho_top20_mean": -0.06255080550909042,
  "val/tnr_at_recall_80_mean": 0.190476194024086,
  "val/kendall_tau_top50_mean": 0.14601603150367737,
  "training_epochs": 19,
  "best_lr": 0.001,
  "best_weight_decay": 0.0
}