{
  "val/spearman_rho_top10_mean": -0.3328201174736023,
  "val/recall_at_precision_95_mean": 0.0,
  "val/mcc_mean": 0.39374256134033203,
  "val/sensitivity_mean": 0.702531635761261,
  "val/f1_mean": 0.744966447353363,
  "val/ppv_mean": 0.7928571701049805,
  "val/optimal_threshold_mean": 0.6264991164207458,
  "val/kendall_tau_top20_mean": -0.040053438395261765,
  "val/pos_lr_mean": 2.3498473167419434,
  "val/kendall_tau_mean": 0.299391508102417,
  "val/recall_at_precision_80_mean": 0.6582278609275818,
  "val/average_precision_mean": 0.7617146372795105,
  "val/tnr_at_recall_95_mean": 0.12371134012937546,
  "val/supervised_loss": 0.6358452439308167,
  "val/balanced_accuracy_mean": 0.7017812728881836,
  "val/recall_at_precision_75_mean": 0.8164557218551636,
  "val/kendall_tau_top50_mean": -0.006108555477112532,
  "val/tnr_at_recall_80_mean": 0.5979381203651428,
  "val/recall_mean": 0.702531635761261,
  "val/spearman_rho_top20_mean": -0.04858127236366272,
  "val/auroc_mean": 0.7176041007041931,
  "val/recall_at_precision_85_mean": 0.0,
  "val/tnr_at_recall_75_mean": 0.6494845151901245,
  "val/loss": 0.6358452439308167,
  "val/recall_at_precision_90_mean": 0.0,
  "val/tnr_at_recall_85_mean": 0.44329896569252014,
  "val/kendall_tau_top10_mean": -0.277128130197525,
  "val/cohen_kappa_mean": 0.3896062970161438,
  "val/specificity_mean": 0.7010309100151062,
  "val/spearman_rho_mean": 0.36596134305000305,
  "val/enrichment_factor_mean": 1.2796111106872559,
  "val/spearman_rho_top50_mean": -0.007452140562236309,
  "val/auprc_mean": 0.7617146372795105,
  "val/ECE_mean": 0.08869998902082443,
  "val/precision_mean": 0.7928571701049805,
  "val/tnr_at_recall_90_mean": 0.3298968970775604,
  "training_epochs": 141,
  "best_lr": 0.0001,
  "best_weight_decay": 1.0
}