{
  "val/enrichment_factor_mean": 1.3323650360107422,
  "val/auprc_mean": 0.7449737191200256,
  "val/balanced_accuracy_mean": 0.5901628732681274,
  "val/auroc_mean": 0.6048069596290588,
  "val/tnr_at_recall_80_mean": 0.3085106313228607,
  "val/recall_at_precision_75_mean": 0.3395061790943146,
  "val/recall_at_precision_90_mean": 0.08641975373029709,
  "val/average_precision_mean": 0.7449737191200256,
  "val/tnr_at_recall_85_mean": 0.25531914830207825,
  "val/ECE_mean": 0.10770624876022339,
  "val/loss": 0.6477090120315552,
  "val/recall_at_precision_80_mean": 0.3024691343307495,
  "val/sensitivity_mean": 0.26543208956718445,
  "val/specificity_mean": 0.914893627166748,
  "val/kendall_tau_top20_mean": 0.03925898298621178,
  "val/precision_mean": 0.843137264251709,
  "val/cohen_kappa_mean": 0.14451110363006592,
  "val/kendall_tau_top50_mean": 0.20484818518161774,
  "val/spearman_rho_mean": 0.1750110387802124,
  "val/ppv_mean": 0.843137264251709,
  "val/recall_mean": 0.26543208956718445,
  "val/optimal_threshold_mean": 0.7813811302185059,
  "val/kendall_tau_top10_mean": 0.2771739363670349,
  "val/spearman_rho_top50_mean": 0.24991244077682495,
  "val/supervised_loss": 0.6477090120315552,
  "val/spearman_rho_top20_mean": 0.04761766269803047,
  "val/kendall_tau_mean": 0.14317473769187927,
  "val/recall_at_precision_95_mean": 0.07407407462596893,
  "val/tnr_at_recall_95_mean": 0.09574468433856964,
  "val/spearman_rho_top10_mean": 0.33287513256073,
  "val/tnr_at_recall_75_mean": 0.38297873735427856,
  "val/tnr_at_recall_90_mean": 0.22340425848960876,
  "val/pos_lr_mean": 3.1188271045684814,
  "val/recall_at_precision_85_mean": 0.1666666716337204,
  "val/f1_mean": 0.40375587344169617,
  "val/mcc_mean": 0.21762916445732117,
  "training_epochs": 23,
  "best_lr": 0.0005,
  "best_weight_decay": 0.01
}