{
  "val/enrichment_factor_mean": 0.7048611640930176,
  "val/auprc_mean": 0.6199213862419128,
  "val/recall_at_precision_75_mean": 0.007936508394777775,
  "val/kendall_tau_top10_mean": 0.28002750873565674,
  "val/recall_at_precision_90_mean": 0.007936508394777775,
  "val/recall_at_precision_85_mean": 0.007936508394777775,
  "val/tnr_at_recall_75_mean": 0.025974025949835777,
  "val/specificity_mean": 0.8831169009208679,
  "val/sensitivity_mean": 0.0555555559694767,
  "val/spearman_rho_mean": -0.08225598186254501,
  "val/ppv_mean": 0.4375,
  "val/spearman_rho_top10_mean": 0.3171440362930298,
  "val/optimal_threshold_mean": 0.6692148447036743,
  "val/tnr_at_recall_90_mean": 0.025974025949835777,
  "val/spearman_rho_top50_mean": 0.18155525624752045,
  "val/f1_mean": 0.09859155118465424,
  "val/supervised_loss": 0.7114603519439697,
  "val/recall_mean": 0.0555555559694767,
  "val/ECE_mean": 0.0528038814663887,
  "val/spearman_rho_top20_mean": 0.5618763566017151,
  "val/loss": 0.7114603519439697,
  "val/cohen_kappa_mean": -0.04799548164010048,
  "val/kendall_tau_top20_mean": 0.5214585065841675,
  "val/tnr_at_recall_95_mean": 0.025974025949835777,
  "val/balanced_accuracy_mean": 0.46933621168136597,
  "val/recall_at_precision_95_mean": 0.007936508394777775,
  "val/kendall_tau_top50_mean": 0.17614096403121948,
  "val/pos_lr_mean": 0.4753086566925049,
  "val/auroc_mean": 0.47469595074653625,
  "val/tnr_at_recall_80_mean": 0.025974025949835777,
  "val/recall_at_precision_80_mean": 0.007936508394777775,
  "val/precision_mean": 0.4375,
  "val/tnr_at_recall_85_mean": 0.025974025949835777,
  "val/mcc_mean": -0.11043469607830048,
  "val/average_precision_mean": 0.6199213862419128,
  "val/kendall_tau_mean": -0.08056842535734177,
  "training_epochs": 99,
  "best_lr": 0.001,
  "best_weight_decay": 0.0
}