{
  "val/supervised_loss": 0.649869978427887,
  "val/balanced_accuracy_mean": 0.6527472734451294,
  "val/recall_at_precision_95_mean": 0.06593406945466995,
  "val/recall_at_precision_80_mean": 0.5604395866394043,
  "val/loss": 0.649869978427887,
  "val/recall_at_precision_85_mean": 0.1318681389093399,
  "val/sensitivity_mean": 0.5054945349693298,
  "val/spearman_rho_top10_mean": 0.22792115807533264,
  "val/tnr_at_recall_80_mean": 0.0,
  "val/kendall_tau_top10_mean": 0.19312182068824768,
  "val/spearman_rho_top20_mean": 0.08568930625915527,
  "val/recall_at_precision_90_mean": 0.09890110045671463,
  "val/enrichment_factor_mean": 1.2499500513076782,
  "val/mcc_mean": 0.29289132356643677,
  "val/cohen_kappa_mean": 0.2541133463382721,
  "val/kendall_tau_top50_mean": 0.17060977220535278,
  "val/kendall_tau_mean": 0.20884713530540466,
  "val/spearman_rho_mean": 0.24417546391487122,
  "val/auroc_mean": 0.6470085382461548,
  "val/spearman_rho_top50_mean": 0.20671947300434113,
  "val/tnr_at_recall_95_mean": 0.0,
  "val/recall_at_precision_75_mean": 0.7032967209815979,
  "val/recall_mean": 0.5054945349693298,
  "val/tnr_at_recall_85_mean": 0.0,
  "val/pos_lr_mean": 2.527472496032715,
  "val/precision_mean": 0.8363636136054993,
  "val/auprc_mean": 0.7805221676826477,
  "val/kendall_tau_top20_mean": 0.07124889642000198,
  "val/f1_mean": 0.6301369667053223,
  "val/ppv_mean": 0.8363636136054993,
  "val/optimal_threshold_mean": 0.6740749478340149,
  "val/specificity_mean": 0.800000011920929,
  "val/average_precision_mean": 0.7805221676826477,
  "val/tnr_at_recall_90_mean": 0.0,
  "val/tnr_at_recall_75_mean": 0.0,
  "val/ECE_mean": 0.059651024639606476,
  "training_epochs": 56,
  "best_lr": 0.0005,
  "best_weight_decay": 0.0
}