{
  "val/balanced_accuracy_mean": 0.6268741488456726,
  "val/average_precision_mean": 0.7796624898910522,
  "val/mcc_mean": 0.2353418916463852,
  "val/kendall_tau_top10_mean": -0.18136906623840332,
  "val/supervised_loss": 0.6582220196723938,
  "val/spearman_rho_top20_mean": -0.16376273334026337,
  "val/kendall_tau_mean": 0.16931214928627014,
  "val/f1_mean": 0.7081711888313293,
  "val/tnr_at_recall_75_mean": 0.4354838728904724,
  "val/loss": 0.6582220196723938,
  "val/kendall_tau_top20_mean": -0.13537278771400452,
  "val/pos_lr_mean": 1.6555163860321045,
  "val/ppv_mean": 0.791304349899292,
  "val/spearman_rho_top50_mean": 0.012764119543135166,
  "val/kendall_tau_top50_mean": 0.010472822934389114,
  "val/recall_at_precision_95_mean": 0.0211267601698637,
  "val/precision_mean": 0.791304349899292,
  "val/recall_at_precision_85_mean": 0.26056337356567383,
  "val/specificity_mean": 0.6129032373428345,
  "val/tnr_at_recall_80_mean": 0.35483869910240173,
  "val/recall_at_precision_75_mean": 0.7816901206970215,
  "val/enrichment_factor_mean": 1.1368035078048706,
  "val/tnr_at_recall_85_mean": 0.20967741310596466,
  "val/tnr_at_recall_95_mean": 0.08064515888690948,
  "val/auroc_mean": 0.6298273801803589,
  "val/recall_at_precision_80_mean": 0.591549277305603,
  "val/recall_mean": 0.6408450603485107,
  "val/tnr_at_recall_90_mean": 0.16129031777381897,
  "val/spearman_rho_mean": 0.2068578004837036,
  "val/spearman_rho_top10_mean": -0.2167774885892868,
  "val/optimal_threshold_mean": 0.639411449432373,
  "val/cohen_kappa_mean": 0.22602185606956482,
  "val/recall_at_precision_90_mean": 0.0211267601698637,
  "val/ECE_mean": 0.08308382332324982,
  "val/sensitivity_mean": 0.6408450603485107,
  "val/auprc_mean": 0.7796624898910522,
  "training_epochs": 31,
  "best_lr": 0.0001,
  "best_weight_decay": 0.0
}