{
  "val/supervised_loss": 0.6862775683403015,
  "val/sensitivity_mean": 0.4357541799545288,
  "val/optimal_threshold_mean": 0.6199880242347717,
  "val/kendall_tau_top50_mean": 0.16574519872665405,
  "val/auroc_mean": 0.5605595707893372,
  "val/tnr_at_recall_85_mean": 0.16393442451953888,
  "val/mcc_mean": 0.1509358435869217,
  "val/tnr_at_recall_90_mean": 0.0901639312505722,
  "val/specificity_mean": 0.7131147384643555,
  "val/recall_at_precision_80_mean": 0.11731843650341034,
  "val/ppv_mean": 0.6902654767036438,
  "val/spearman_rho_top50_mean": 0.2019207924604416,
  "val/kendall_tau_mean": 0.08432239294052124,
  "val/precision_mean": 0.6902654767036438,
  "val/tnr_at_recall_75_mean": 0.2950819730758667,
  "val/kendall_tau_top10_mean": 0.1807045340538025,
  "val/average_precision_mean": 0.6681994795799255,
  "val/loss": 0.6862775683403015,
  "val/recall_at_precision_90_mean": 0.022346368059515953,
  "val/f1_mean": 0.534246563911438,
  "val/cohen_kappa_mean": 0.13706311583518982,
  "val/pos_lr_mean": 1.5189145803451538,
  "val/ECE_mean": 0.04781723394989967,
  "val/tnr_at_recall_95_mean": 0.04918032884597778,
  "val/kendall_tau_top20_mean": 0.16095572710037231,
  "val/balanced_accuracy_mean": 0.5744344592094421,
  "val/spearman_rho_mean": 0.1029980480670929,
  "val/auprc_mean": 0.6681994795799255,
  "val/tnr_at_recall_80_mean": 0.2540983557701111,
  "val/recall_at_precision_75_mean": 0.11731843650341034,
  "val/recall_mean": 0.4357541799545288,
  "val/spearman_rho_top20_mean": 0.19550721347332,
  "val/recall_at_precision_85_mean": 0.022346368059515953,
  "val/recall_at_precision_95_mean": 0.022346368059515953,
  "val/spearman_rho_top10_mean": 0.21771806478500366,
  "val/enrichment_factor_mean": 1.1607258319854736,
  "training_epochs": 56,
  "best_lr": 0.0005,
  "best_weight_decay": 0.0
}