{
  "val/mcc_mean": 0.37717095017433167,
  "val/kendall_tau_top10_mean": -0.04351941496133804,
  "val/average_precision_mean": 0.6736180186271667,
  "val/tnr_at_recall_85_mean": 0.5,
  "val/recall_at_precision_95_mean": 0.013698630034923553,
  "val/pos_lr_mean": 1.6986300945281982,
  "val/tnr_at_recall_90_mean": 0.4038461446762085,
  "val/kendall_tau_mean": 0.20833608508110046,
  "val/precision_mean": 0.7045454382896423,
  "val/kendall_tau_top50_mean": -0.12148430198431015,
  "val/auroc_mean": 0.6488409042358398,
  "val/tnr_at_recall_80_mean": 0.5192307829856873,
  "val/spearman_rho_top10_mean": -0.05120915547013283,
  "val/sensitivity_mean": 0.8493150472640991,
  "val/recall_mean": 0.8493150472640991,
  "val/tnr_at_recall_95_mean": 0.19230769574642181,
  "val/spearman_rho_top50_mean": -0.14760169386863708,
  "val/optimal_threshold_mean": 0.5597702860832214,
  "val/spearman_rho_top20_mean": 0.1271187961101532,
  "val/recall_at_precision_75_mean": 0.04109589010477066,
  "val/recall_at_precision_80_mean": 0.013698630034923553,
  "val/auprc_mean": 0.6736180186271667,
  "val/loss": 0.6667901277542114,
  "val/recall_at_precision_90_mean": 0.013698630034923553,
  "val/ECE_mean": 0.11589957773685455,
  "val/specificity_mean": 0.5,
  "val/ppv_mean": 0.7045454382896423,
  "val/f1_mean": 0.7701863646507263,
  "val/cohen_kappa_mean": 0.3644358813762665,
  "val/recall_at_precision_85_mean": 0.013698630034923553,
  "val/spearman_rho_mean": 0.25414398312568665,
  "val/balanced_accuracy_mean": 0.6746575236320496,
  "val/tnr_at_recall_75_mean": 0.5192307829856873,
  "val/supervised_loss": 0.6667901277542114,
  "val/kendall_tau_top20_mean": 0.1058475524187088,
  "val/enrichment_factor_mean": 1.2064135074615479,
  "training_epochs": 28,
  "best_lr": 5e-05,
  "best_weight_decay": 0.1
}