{
  "val/kendall_tau_top10_mean": 0.2058054655790329,
  "val/average_precision_mean": 0.7271018028259277,
  "val/kendall_tau_top50_mean": 0.1316615790128708,
  "val/tnr_at_recall_75_mean": 0.46987950801849365,
  "val/tnr_at_recall_95_mean": 0.09638553857803345,
  "val/recall_at_precision_95_mean": 0.0476190485060215,
  "val/precision_mean": 0.7472527623176575,
  "val/recall_at_precision_75_mean": 0.5476190447807312,
  "val/ppv_mean": 0.7472527623176575,
  "val/optimal_threshold_mean": 0.7916128635406494,
  "val/spearman_rho_top10_mean": 0.24598458409309387,
  "val/tnr_at_recall_90_mean": 0.16867469251155853,
  "val/loss": 0.7614637613296509,
  "val/recall_mean": 0.5396825671195984,
  "val/auroc_mean": 0.6515586376190186,
  "val/recall_at_precision_80_mean": 0.380952388048172,
  "val/spearman_rho_mean": 0.25689417123794556,
  "val/cohen_kappa_mean": 0.24494893848896027,
  "val/kendall_tau_mean": 0.21025441586971283,
  "val/pos_lr_mean": 1.9475500583648682,
  "val/recall_at_precision_85_mean": 0.0476190485060215,
  "val/kendall_tau_top20_mean": -0.10313725471496582,
  "val/mcc_mean": 0.2591280937194824,
  "val/tnr_at_recall_85_mean": 0.3253012001514435,
  "val/spearman_rho_top50_mean": 0.16048215329647064,
  "val/recall_at_precision_90_mean": 0.0476190485060215,
  "val/specificity_mean": 0.7228915691375732,
  "val/spearman_rho_top20_mean": -0.12480399012565613,
  "val/balanced_accuracy_mean": 0.6312870383262634,
  "val/tnr_at_recall_80_mean": 0.42168673872947693,
  "val/enrichment_factor_mean": 1.2394906282424927,
  "val/auprc_mean": 0.7271018028259277,
  "val/supervised_loss": 0.7614637613296509,
  "val/f1_mean": 0.6267281174659729,
  "val/ECE_mean": 0.16133035719394684,
  "val/sensitivity_mean": 0.5396825671195984,
  "training_epochs": 78,
  "best_lr": 1e-05,
  "best_weight_decay": 0.1
}