{
  "val/enrichment_factor_mean": 1.1090199947357178,
  "val/kendall_tau_mean": 0.10300974547863007,
  "val/spearman_rho_top20_mean": -0.21742744743824005,
  "val/tnr_at_recall_95_mean": 0.0882352963089943,
  "val/ppv_mean": 0.6976743936538696,
  "val/auroc_mean": 0.5752578377723694,
  "val/auprc_mean": 0.6480391621589661,
  "val/supervised_loss": 0.6998314261436462,
  "val/f1_mean": 0.695652186870575,
  "val/spearman_rho_mean": 0.12593188881874084,
  "val/recall_at_precision_80_mean": 0.0,
  "val/kendall_tau_top10_mean": -0.1740858256816864,
  "val/recall_mean": 0.6936416029930115,
  "val/recall_at_precision_95_mean": 0.0,
  "val/balanced_accuracy_mean": 0.5919188261032104,
  "val/spearman_rho_top10_mean": -0.2093687802553177,
  "val/recall_at_precision_85_mean": 0.0,
  "val/recall_at_precision_90_mean": 0.0,
  "val/pos_lr_mean": 1.3606047630310059,
  "val/tnr_at_recall_75_mean": 0.4313725531101227,
  "val/tnr_at_recall_80_mean": 0.36274510622024536,
  "val/cohen_kappa_mean": 0.18346859514713287,
  "val/optimal_threshold_mean": 0.6380665898323059,
  "val/sensitivity_mean": 0.6936416029930115,
  "val/loss": 0.6998314261436462,
  "val/ECE_mean": 0.07963614910840988,
  "val/specificity_mean": 0.4901960790157318,
  "val/kendall_tau_top50_mean": -0.0570111908018589,
  "val/tnr_at_recall_90_mean": 0.1666666716337204,
  "val/precision_mean": 0.6976743936538696,
  "val/tnr_at_recall_85_mean": 0.28431373834609985,
  "val/kendall_tau_top20_mean": -0.17913539707660675,
  "val/mcc_mean": 0.18347413837909698,
  "val/recall_at_precision_75_mean": 0.0,
  "val/spearman_rho_top50_mean": -0.06957072019577026,
  "val/average_precision_mean": 0.6480391621589661,
  "training_epochs": 40,
  "best_lr": 0.0005,
  "best_weight_decay": 1.0
}