{
  "val/recall_at_precision_85_mean": 0.10493826866149902,
  "val/kendall_tau_top10_mean": 0.30022212862968445,
  "val/tnr_at_recall_90_mean": 0.21276596188545227,
  "val/ECE_mean": 0.11946602165699005,
  "val/recall_at_precision_90_mean": 0.09876543283462524,
  "val/tnr_at_recall_95_mean": 0.07446808367967606,
  "val/auroc_mean": 0.5978460907936096,
  "val/sensitivity_mean": 0.845678985118866,
  "val/recall_at_precision_95_mean": 0.04938271641731262,
  "val/spearman_rho_top10_mean": 0.36055514216423035,
  "val/precision_mean": 0.6850000023841858,
  "val/kendall_tau_mean": 0.13366563618183136,
  "val/supervised_loss": 0.6803278923034668,
  "val/recall_mean": 0.845678985118866,
  "val/spearman_rho_mean": 0.1633874922990799,
  "val/auprc_mean": 0.7243110537528992,
  "val/ppv_mean": 0.6850000023841858,
  "val/enrichment_factor_mean": 1.08246910572052,
  "val/balanced_accuracy_mean": 0.5877331495285034,
  "val/spearman_rho_top50_mean": 0.12529608607292175,
  "val/spearman_rho_top20_mean": 0.1880527138710022,
  "val/specificity_mean": 0.3297872245311737,
  "val/loss": 0.6803278923034668,
  "val/f1_mean": 0.7569060921669006,
  "val/kendall_tau_top20_mean": 0.15504243969917297,
  "val/cohen_kappa_mean": 0.19173364341259003,
  "val/kendall_tau_top50_mean": 0.10270266979932785,
  "val/recall_at_precision_80_mean": 0.1419753134250641,
  "val/tnr_at_recall_85_mean": 0.3297872245311737,
  "val/optimal_threshold_mean": 0.37457242608070374,
  "val/tnr_at_recall_75_mean": 0.38297873735427856,
  "val/mcc_mean": 0.20460018515586853,
  "val/recall_at_precision_75_mean": 0.29629629850387573,
  "val/pos_lr_mean": 1.2618067264556885,
  "val/tnr_at_recall_80_mean": 0.3510638177394867,
  "val/average_precision_mean": 0.7243110537528992,
  "training_epochs": 27,
  "best_lr": 0.0005,
  "best_weight_decay": 1.0
}