{
  "val/spearman_rho_top20_mean": -0.10904637724161148,
  "val/kendall_tau_mean": 0.14899513125419617,
  "val/recall_at_precision_95_mean": 0.0,
  "val/tnr_at_recall_90_mean": 0.2526315748691559,
  "val/sensitivity_mean": 0.35465115308761597,
  "val/tnr_at_recall_75_mean": 0.4000000059604645,
  "val/loss": 0.6816880702972412,
  "val/tnr_at_recall_95_mean": 0.10526315867900848,
  "val/auprc_mean": 0.7144360542297363,
  "val/kendall_tau_top10_mean": -0.0721479132771492,
  "val/mcc_mean": 0.19681298732757568,
  "val/ppv_mean": 0.7922077775001526,
  "val/spearman_rho_top10_mean": -0.08671099692583084,
  "val/f1_mean": 0.48995983600616455,
  "val/ECE_mean": 0.07338804006576538,
  "val/supervised_loss": 0.6816880702972412,
  "val/kendall_tau_top50_mean": 0.08775574713945389,
  "val/recall_at_precision_80_mean": 0.09302325546741486,
  "val/cohen_kappa_mean": 0.15216901898384094,
  "val/enrichment_factor_mean": 1.2297643423080444,
  "val/recall_mean": 0.35465115308761597,
  "val/recall_at_precision_85_mean": 0.0,
  "val/optimal_threshold_mean": 0.7735455632209778,
  "val/spearman_rho_top50_mean": 0.10707660764455795,
  "val/kendall_tau_top20_mean": -0.08987203240394592,
  "val/balanced_accuracy_mean": 0.5931150317192078,
  "val/specificity_mean": 0.8315789699554443,
  "val/recall_at_precision_90_mean": 0.0,
  "val/pos_lr_mean": 2.105741262435913,
  "val/tnr_at_recall_85_mean": 0.27368420362472534,
  "val/tnr_at_recall_80_mean": 0.2947368323802948,
  "val/precision_mean": 0.7922077775001526,
  "val/average_precision_mean": 0.7144360542297363,
  "val/auroc_mean": 0.6098225116729736,
  "val/recall_at_precision_75_mean": 0.3895348906517029,
  "val/spearman_rho_mean": 0.18213772773742676,
  "training_epochs": 41,
  "best_lr": 0.0005,
  "best_weight_decay": 0.1
}