{
  "val/recall_at_precision_80_mean": 0.5086705088615417,
  "val/precision_mean": 0.7642857432365417,
  "val/specificity_mean": 0.6764705777168274,
  "val/spearman_rho_mean": 0.2769962549209595,
  "val/kendall_tau_top10_mean": -0.06744188815355301,
  "val/tnr_at_recall_85_mean": 0.3235294222831726,
  "val/pos_lr_mean": 1.9117183685302734,
  "val/average_precision_mean": 0.7465141415596008,
  "val/optimal_threshold_mean": 0.6960132122039795,
  "val/loss": 0.6548462510108948,
  "val/supervised_loss": 0.6548462510108948,
  "val/sensitivity_mean": 0.6184971332550049,
  "val/mcc_mean": 0.2850143313407898,
  "val/tnr_at_recall_80_mean": 0.38235294818878174,
  "val/kendall_tau_top50_mean": 0.07611612975597382,
  "val/tnr_at_recall_95_mean": 0.1568627506494522,
  "val/cohen_kappa_mean": 0.27660423517227173,
  "val/tnr_at_recall_90_mean": 0.19607843458652496,
  "val/tnr_at_recall_75_mean": 0.47058823704719543,
  "val/auprc_mean": 0.7465141415596008,
  "val/recall_at_precision_90_mean": 0.011560693383216858,
  "val/recall_at_precision_75_mean": 0.6358381509780884,
  "val/ppv_mean": 0.7642857432365417,
  "val/kendall_tau_top20_mean": 0.031232576817274094,
  "val/recall_mean": 0.6184971332550049,
  "val/ECE_mean": 0.07100348174571991,
  "val/recall_at_precision_95_mean": 0.011560693383216858,
  "val/kendall_tau_mean": 0.22671334445476532,
  "val/spearman_rho_top50_mean": 0.0928022712469101,
  "val/spearman_rho_top10_mean": -0.08023570477962494,
  "val/recall_at_precision_85_mean": 0.011560693383216858,
  "val/auroc_mean": 0.6655332446098328,
  "val/f1_mean": 0.6837060451507568,
  "val/enrichment_factor_mean": 1.214905023574829,
  "val/spearman_rho_top20_mean": 0.03775550797581673,
  "val/balanced_accuracy_mean": 0.6474838256835938,
  "training_epochs": 11,
  "best_lr": 0.001,
  "best_weight_decay": 0.1
}