{
  "val/sensitivity_mean": 0.760869562625885,
  "val/tnr_at_recall_90_mean": 0.24637681245803833,
  "val/f1_mean": 0.7636363506317139,
  "val/spearman_rho_top50_mean": 0.030067812651395798,
  "val/ECE_mean": 0.0930584967136383,
  "val/loss": 0.6642211079597473,
  "val/auroc_mean": 0.6450325846672058,
  "val/kendall_tau_mean": 0.19384554028511047,
  "val/tnr_at_recall_95_mean": 0.11594203114509583,
  "val/tnr_at_recall_85_mean": 0.3913043439388275,
  "val/enrichment_factor_mean": 1.1496349573135376,
  "val/average_precision_mean": 0.7589689493179321,
  "val/recall_mean": 0.760869562625885,
  "val/specificity_mean": 0.5362318754196167,
  "val/recall_at_precision_75_mean": 0.7971014380455017,
  "val/precision_mean": 0.7664233446121216,
  "val/kendall_tau_top20_mean": 0.08726998418569565,
  "val/tnr_at_recall_75_mean": 0.5362318754196167,
  "val/tnr_at_recall_80_mean": 0.4492753744125366,
  "val/cohen_kappa_mean": 0.29602888226509094,
  "val/ppv_mean": 0.7664233446121216,
  "val/recall_at_precision_80_mean": 0.21739129722118378,
  "val/mcc_mean": 0.29604625701904297,
  "val/supervised_loss": 0.6642211079597473,
  "val/recall_at_precision_85_mean": 0.036231882870197296,
  "val/spearman_rho_top20_mean": 0.10560338199138641,
  "val/spearman_rho_top10_mean": -0.06503324955701828,
  "val/optimal_threshold_mean": 0.5626663565635681,
  "val/spearman_rho_mean": 0.23683993518352509,
  "val/recall_at_precision_90_mean": 0.036231882870197296,
  "val/recall_at_precision_95_mean": 0.036231882870197296,
  "val/balanced_accuracy_mean": 0.6485507488250732,
  "val/auprc_mean": 0.7589689493179321,
  "val/kendall_tau_top10_mean": -0.05441071838140488,
  "val/pos_lr_mean": 1.640625,
  "val/kendall_tau_top50_mean": 0.02466915361583233,
  "training_epochs": 25,
  "best_lr": 0.0005,
  "best_weight_decay": 1.0
}