{
  "val/ppv_mean": 0.6966292262077332,
  "val/sensitivity_mean": 0.6927374005317688,
  "val/auroc_mean": 0.6304148435592651,
  "val/mcc_mean": 0.24979440867900848,
  "val/tnr_at_recall_90_mean": 0.2049180269241333,
  "val/spearman_rho_mean": 0.22179925441741943,
  "val/enrichment_factor_mean": 1.171426773071289,
  "val/spearman_rho_top20_mean": -0.16590745747089386,
  "val/auprc_mean": 0.6800711154937744,
  "val/supervised_loss": 0.671529233455658,
  "val/recall_at_precision_90_mean": 0.016759777441620827,
  "val/cohen_kappa_mean": 0.24978849291801453,
  "val/kendall_tau_top20_mean": -0.13658705353736877,
  "val/recall_at_precision_80_mean": 0.016759777441620827,
  "val/f1_mean": 0.6946778893470764,
  "val/spearman_rho_top10_mean": -0.22874616086483002,
  "val/kendall_tau_mean": 0.1813989132642746,
  "val/precision_mean": 0.6966292262077332,
  "val/recall_mean": 0.6927374005317688,
  "val/average_precision_mean": 0.6800711154937744,
  "val/tnr_at_recall_85_mean": 0.28688523173332214,
  "val/specificity_mean": 0.5573770403862,
  "val/balanced_accuracy_mean": 0.6250572204589844,
  "val/tnr_at_recall_75_mean": 0.37704917788505554,
  "val/optimal_threshold_mean": 0.44775310158729553,
  "val/kendall_tau_top10_mean": -0.18985778093338013,
  "val/kendall_tau_top50_mean": 0.010250113904476166,
  "val/recall_at_precision_95_mean": 0.016759777441620827,
  "val/loss": 0.671529233455658,
  "val/recall_at_precision_75_mean": 0.016759777441620827,
  "val/recall_at_precision_85_mean": 0.016759777441620827,
  "val/tnr_at_recall_95_mean": 0.1147540956735611,
  "val/pos_lr_mean": 1.5650734901428223,
  "val/tnr_at_recall_80_mean": 0.3688524663448334,
  "val/ECE_mean": 0.10667522996664047,
  "val/spearman_rho_top50_mean": 0.01251213625073433,
  "training_epochs": 153,
  "best_lr": 0.001,
  "best_weight_decay": 1.0
}