{
  "val/spearman_rho_top10_mean": -0.010775136761367321,
  "val/balanced_accuracy_mean": 0.5933492183685303,
  "val/loss": 0.710978090763092,
  "val/tnr_at_recall_75_mean": 0.4054054021835327,
  "val/spearman_rho_top50_mean": 0.10350538045167923,
  "val/tnr_at_recall_90_mean": 0.27927929162979126,
  "val/recall_at_precision_90_mean": 0.0117647061124444,
  "val/auroc_mean": 0.6187069416046143,
  "val/average_precision_mean": 0.7036173939704895,
  "val/tnr_at_recall_95_mean": 0.15315315127372742,
  "val/recall_mean": 0.5470588207244873,
  "val/supervised_loss": 0.710978090763092,
  "val/mcc_mean": 0.1827974021434784,
  "val/spearman_rho_mean": 0.20102456212043762,
  "val/kendall_tau_top10_mean": -0.008953588083386421,
  "val/kendall_tau_top50_mean": 0.08481308072805405,
  "val/recall_at_precision_85_mean": 0.0470588244497776,
  "val/precision_mean": 0.6992481350898743,
  "val/enrichment_factor_mean": 1.1558160781860352,
  "val/recall_at_precision_95_mean": 0.0117647061124444,
  "val/kendall_tau_top20_mean": 0.10994762927293777,
  "val/f1_mean": 0.6138613820075989,
  "val/sensitivity_mean": 0.5470588207244873,
  "val/spearman_rho_top20_mean": 0.13347135484218597,
  "val/cohen_kappa_mean": 0.17648974061012268,
  "val/recall_at_precision_75_mean": 0.20000000298023224,
  "val/tnr_at_recall_85_mean": 0.315315306186676,
  "val/ECE_mean": 0.1262974590063095,
  "val/optimal_threshold_mean": 0.7338728308677673,
  "val/specificity_mean": 0.6396396160125732,
  "val/kendall_tau_mean": 0.16442766785621643,
  "val/auprc_mean": 0.7036173939704895,
  "val/tnr_at_recall_80_mean": 0.3513513505458832,
  "val/ppv_mean": 0.6992481350898743,
  "val/pos_lr_mean": 1.5180882215499878,
  "val/recall_at_precision_80_mean": 0.1882352977991104,
  "training_epochs": 13,
  "best_lr": 0.0001,
  "best_weight_decay": 0.01
}