{
  "val/spearman_rho_top10_mean": 0.44925281405448914,
  "val/enrichment_factor_mean": 1.174418568611145,
  "val/balanced_accuracy_mean": 0.6630434989929199,
  "val/auroc_mean": 0.6719701886177063,
  "val/kendall_tau_mean": 0.22993572056293488,
  "val/recall_mean": 0.7318840622901917,
  "val/auprc_mean": 0.7894827723503113,
  "val/mcc_mean": 0.3172161877155304,
  "val/pos_lr_mean": 1.8035714626312256,
  "val/tnr_at_recall_90_mean": 0.37681159377098083,
  "val/ppv_mean": 0.7829457521438599,
  "val/kendall_tau_top20_mean": 0.2935445010662079,
  "val/average_precision_mean": 0.7894827723503113,
  "val/cohen_kappa_mean": 0.31578946113586426,
  "val/recall_at_precision_85_mean": 0.18115942180156708,
  "val/kendall_tau_top10_mean": 0.375871866941452,
  "val/precision_mean": 0.7829457521438599,
  "val/ECE_mean": 0.16105329990386963,
  "val/tnr_at_recall_95_mean": 0.17391304671764374,
  "val/optimal_threshold_mean": 0.4991844594478607,
  "val/spearman_rho_top50_mean": -0.05577529966831207,
  "val/tnr_at_recall_80_mean": 0.4202898442745209,
  "val/tnr_at_recall_85_mean": 0.3913043439388275,
  "val/specificity_mean": 0.5942028760910034,
  "val/sensitivity_mean": 0.7318840622901917,
  "val/kendall_tau_top50_mean": -0.045801982283592224,
  "val/spearman_rho_top20_mean": 0.35521137714385986,
  "val/recall_at_precision_80_mean": 0.18115942180156708,
  "val/f1_mean": 0.7565543055534363,
  "val/spearman_rho_mean": 0.2808322310447693,
  "val/tnr_at_recall_75_mean": 0.5652173757553101,
  "val/recall_at_precision_95_mean": 0.08695652335882187,
  "val/loss": 0.6335368752479553,
  "val/recall_at_precision_75_mean": 0.782608687877655,
  "val/recall_at_precision_90_mean": 0.11594203114509583,
  "val/supervised_loss": 0.6335368752479553,
  "training_epochs": 24,
  "best_lr": 0.0005,
  "best_weight_decay": 0.0
}