{
  "val/recall_at_precision_75_mean": 0.8372092843055725,
  "val/kendall_tau_mean": 0.12410923093557358,
  "val/spearman_rho_top50_mean": 0.06428872048854828,
  "val/recall_at_precision_80_mean": 0.44186046719551086,
  "val/auprc_mean": 0.8087965846061707,
  "val/f1_mean": 0.6388888955116272,
  "val/recall_at_precision_85_mean": 0.2906976640224457,
  "val/auroc_mean": 0.5976039171218872,
  "val/precision_mean": 0.7931034564971924,
  "val/tnr_at_recall_85_mean": 0.21212121844291687,
  "val/tnr_at_recall_95_mean": 0.06060606241226196,
  "val/optimal_threshold_mean": 0.7006890177726746,
  "val/tnr_at_recall_75_mean": 0.3636363744735718,
  "val/ECE_mean": 0.13935083150863647,
  "val/loss": 0.680818498134613,
  "val/enrichment_factor_mean": 1.0974338054656982,
  "val/kendall_tau_top10_mean": 0.25584086775779724,
  "val/mcc_mean": 0.15337379276752472,
  "val/supervised_loss": 0.680818498134613,
  "val/spearman_rho_mean": 0.15136747062206268,
  "val/average_precision_mean": 0.8087965846061707,
  "val/tnr_at_recall_80_mean": 0.3030303120613098,
  "val/sensitivity_mean": 0.5348837375640869,
  "val/spearman_rho_top20_mean": 0.11677484214305878,
  "val/pos_lr_mean": 1.4709302186965942,
  "val/recall_at_precision_95_mean": 0.09302325546741486,
  "val/specificity_mean": 0.6363636255264282,
  "val/cohen_kappa_mean": 0.13575418293476105,
  "val/kendall_tau_top20_mean": 0.09739694744348526,
  "val/recall_at_precision_90_mean": 0.1627907007932663,
  "val/kendall_tau_top50_mean": 0.052934497594833374,
  "val/ppv_mean": 0.7931034564971924,
  "val/balanced_accuracy_mean": 0.5856236815452576,
  "val/tnr_at_recall_90_mean": 0.1818181872367859,
  "val/spearman_rho_top10_mean": 0.30000001192092896,
  "val/recall_mean": 0.5348837375640869,
  "training_epochs": 117,
  "best_lr": 5e-05,
  "best_weight_decay": 0.0
}