{
  "val/auroc_mean": 0.6327805519104004,
  "val/recall_at_precision_80_mean": 0.5070422291755676,
  "val/tnr_at_recall_80_mean": 0.4193548262119293,
  "val/spearman_rho_top20_mean": 0.018152328208088875,
  "val/supervised_loss": 0.6560056209564209,
  "val/recall_at_precision_75_mean": 0.8521126508712769,
  "val/average_precision_mean": 0.7698339223861694,
  "val/recall_at_precision_95_mean": 0.014084506779909134,
  "val/cohen_kappa_mean": 0.2434961199760437,
  "val/kendall_tau_top20_mean": 0.015005436725914478,
  "val/mcc_mean": 0.2435126155614853,
  "val/tnr_at_recall_75_mean": 0.4677419364452362,
  "val/ECE_mean": 0.06973811984062195,
  "val/f1_mean": 0.7719298005104065,
  "val/optimal_threshold_mean": 0.6460397243499756,
  "val/pos_lr_mean": 1.4553990364074707,
  "val/auprc_mean": 0.7698339223861694,
  "val/tnr_at_recall_85_mean": 0.35483869910240173,
  "val/loss": 0.6560056209564209,
  "val/kendall_tau_top50_mean": 0.031706515699625015,
  "val/kendall_tau_mean": 0.1731635183095932,
  "val/tnr_at_recall_90_mean": 0.25806450843811035,
  "val/kendall_tau_top10_mean": -0.2176428735256195,
  "val/balanced_accuracy_mean": 0.6211948990821838,
  "val/recall_at_precision_90_mean": 0.014084506779909134,
  "val/specificity_mean": 0.4677419364452362,
  "val/recall_mean": 0.7746478915214539,
  "val/spearman_rho_mean": 0.21156321465969086,
  "val/ppv_mean": 0.7692307829856873,
  "val/precision_mean": 0.7692307829856873,
  "val/spearman_rho_top10_mean": -0.2601329982280731,
  "val/tnr_at_recall_95_mean": 0.12903225421905518,
  "val/spearman_rho_top50_mean": 0.03864342346787453,
  "val/recall_at_precision_85_mean": 0.014084506779909134,
  "val/enrichment_factor_mean": 1.105092167854309,
  "val/sensitivity_mean": 0.7746478915214539,
  "training_epochs": 32,
  "best_lr": 0.001,
  "best_weight_decay": 1.0
}