{
  "val/ppv_mean": 0.6942675113677979,
  "val/sensitivity_mean": 0.8650793433189392,
  "val/recall_at_precision_90_mean": 0.0,
  "val/spearman_rho_top20_mean": -0.04999615252017975,
  "val/enrichment_factor_mean": 1.118542194366455,
  "val/tnr_at_recall_85_mean": 0.3896103799343109,
  "val/spearman_rho_top50_mean": -0.00652284175157547,
  "val/tnr_at_recall_95_mean": 0.19480518996715546,
  "val/balanced_accuracy_mean": 0.6208513975143433,
  "val/kendall_tau_top10_mean": 0.10372932255268097,
  "val/kendall_tau_top20_mean": -0.04163650795817375,
  "val/cohen_kappa_mean": 0.26223093271255493,
  "val/spearman_rho_top10_mean": 0.1224682405591011,
  "val/recall_at_precision_80_mean": 0.0,
  "val/tnr_at_recall_75_mean": 0.41558441519737244,
  "val/auroc_mean": 0.6028653979301453,
  "val/pos_lr_mean": 1.3877314329147339,
  "val/average_precision_mean": 0.6685910820960999,
  "val/auprc_mean": 0.6685910820960999,
  "val/specificity_mean": 0.37662336230278015,
  "val/recall_at_precision_95_mean": 0.0,
  "val/tnr_at_recall_80_mean": 0.3896103799343109,
  "val/loss": 0.7362255454063416,
  "val/recall_at_precision_85_mean": 0.0,
  "val/kendall_tau_top50_mean": -0.005399714224040508,
  "val/precision_mean": 0.6942675113677979,
  "val/supervised_loss": 0.7362255454063416,
  "val/spearman_rho_mean": 0.1729341447353363,
  "val/recall_mean": 0.8650793433189392,
  "val/recall_at_precision_75_mean": 0.0,
  "val/f1_mean": 0.7703180313110352,
  "val/ECE_mean": 0.11905399709939957,
  "val/mcc_mean": 0.2801453769207001,
  "val/kendall_tau_mean": 0.14210449159145355,
  "val/optimal_threshold_mean": 0.7133757472038269,
  "val/tnr_at_recall_90_mean": 0.2467532455921173,
  "training_epochs": 4,
  "best_lr": 0.001,
  "best_weight_decay": 0.01
}