{
  "val/ECE_mean": 0.15144945681095123,
  "val/supervised_loss": 0.701326310634613,
  "val/optimal_threshold_mean": 0.5463718175888062,
  "val/spearman_rho_mean": 0.07753796130418777,
  "val/tnr_at_recall_75_mean": 0.15942029654979706,
  "val/auprc_mean": 0.703417181968689,
  "val/cohen_kappa_mean": 0.02865329571068287,
  "val/recall_at_precision_75_mean": 0.09420289844274521,
  "val/sensitivity_mean": 0.32608696818351746,
  "val/loss": 0.701326310634613,
  "val/balanced_accuracy_mean": 0.5181159377098083,
  "val/kendall_tau_top50_mean": -0.04817548021674156,
  "val/kendall_tau_mean": 0.06517425924539566,
  "val/auroc_mean": 0.547206461429596,
  "val/enrichment_factor_mean": 1.0384615659713745,
  "val/tnr_at_recall_95_mean": 0.043478261679410934,
  "val/pos_lr_mean": 1.125,
  "val/recall_at_precision_90_mean": 0.014492753893136978,
  "val/spearman_rho_top50_mean": -0.057405855506658554,
  "val/ppv_mean": 0.692307710647583,
  "val/average_precision_mean": 0.703417181968689,
  "val/specificity_mean": 0.7101449370384216,
  "val/f1_mean": 0.4433497488498688,
  "val/recall_mean": 0.32608696818351746,
  "val/kendall_tau_top10_mean": 0.14248070120811462,
  "val/recall_at_precision_80_mean": 0.06521739065647125,
  "val/kendall_tau_top20_mean": 0.03298717737197876,
  "val/recall_at_precision_85_mean": 0.014492753893136978,
  "val/recall_at_precision_95_mean": 0.014492753893136978,
  "val/spearman_rho_top10_mean": 0.17029701173305511,
  "val/tnr_at_recall_85_mean": 0.15942029654979706,
  "val/precision_mean": 0.692307710647583,
  "val/tnr_at_recall_80_mean": 0.15942029654979706,
  "val/tnr_at_recall_90_mean": 0.11594203114509583,
  "val/spearman_rho_top20_mean": 0.039871782064437866,
  "val/mcc_mean": 0.03680053725838661,
  "training_epochs": 66,
  "best_lr": 0.0005,
  "best_weight_decay": 0.01
}