{
  "val/specificity_mean": 0.4939759075641632,
  "val/spearman_rho_mean": 0.2188929170370102,
  "val/recall_mean": 0.7777777910232544,
  "val/recall_at_precision_95_mean": 0.01587301678955555,
  "val/balanced_accuracy_mean": 0.6358768343925476,
  "val/recall_at_precision_90_mean": 0.01587301678955555,
  "val/auroc_mean": 0.6291356086730957,
  "val/f1_mean": 0.7368420958518982,
  "val/spearman_rho_top10_mean": -0.20906499028205872,
  "val/recall_at_precision_85_mean": 0.01587301678955555,
  "val/cohen_kappa_mean": 0.27980703115463257,
  "val/optimal_threshold_mean": 0.6669854521751404,
  "val/supervised_loss": 0.7073354721069336,
  "val/mcc_mean": 0.282755583524704,
  "val/spearman_rho_top20_mean": -0.054566025733947754,
  "val/kendall_tau_top20_mean": -0.045715030282735825,
  "val/auprc_mean": 0.6842924952507019,
  "val/enrichment_factor_mean": 1.1611111164093018,
  "val/kendall_tau_top50_mean": 0.08056699484586716,
  "val/ppv_mean": 0.699999988079071,
  "val/recall_at_precision_75_mean": 0.2142857164144516,
  "val/precision_mean": 0.699999988079071,
  "val/tnr_at_recall_80_mean": 0.46987950801849365,
  "val/loss": 0.7073354721069336,
  "val/kendall_tau_top10_mean": -0.1749163269996643,
  "val/pos_lr_mean": 1.5370370149612427,
  "val/kendall_tau_mean": 0.1792670041322708,
  "val/ECE_mean": 0.09511014819145203,
  "val/sensitivity_mean": 0.7777777910232544,
  "val/tnr_at_recall_85_mean": 0.33734938502311707,
  "val/tnr_at_recall_75_mean": 0.5060241222381592,
  "val/average_precision_mean": 0.6842924952507019,
  "val/spearman_rho_top50_mean": 0.09796793758869171,
  "val/tnr_at_recall_90_mean": 0.3012048304080963,
  "val/recall_at_precision_80_mean": 0.01587301678955555,
  "val/tnr_at_recall_95_mean": 0.1807228922843933,
  "training_epochs": 11,
  "best_lr": 0.001,
  "best_weight_decay": 0.1
}