{
  "val/kendall_tau_top50_mean": -0.06781180948019028,
  "val/recall_at_precision_90_mean": 0.04109589010477066,
  "val/balanced_accuracy_mean": 0.6581928133964539,
  "val/cohen_kappa_mean": 0.3300810754299164,
  "val/spearman_rho_top10_mean": 0.30662205815315247,
  "val/spearman_rho_mean": 0.3031735420227051,
  "val/recall_at_precision_80_mean": 0.10958904027938843,
  "val/recall_at_precision_85_mean": 0.10958904027938843,
  "val/precision_mean": 0.6931818127632141,
  "val/auroc_mean": 0.6775553226470947,
  "val/average_precision_mean": 0.7223648428916931,
  "val/kendall_tau_top20_mean": 0.010286889970302582,
  "val/ECE_mean": 0.0966067910194397,
  "val/supervised_loss": 0.6651015281677246,
  "val/tnr_at_recall_95_mean": 0.13461539149284363,
  "val/spearman_rho_top50_mean": -0.08239038288593292,
  "val/recall_mean": 0.835616409778595,
  "val/ppv_mean": 0.6931818127632141,
  "val/auprc_mean": 0.7223648428916931,
  "val/tnr_at_recall_75_mean": 0.5192307829856873,
  "val/spearman_rho_top20_mean": 0.012354155071079731,
  "val/kendall_tau_top10_mean": 0.2605786621570587,
  "val/pos_lr_mean": 1.6093353033065796,
  "val/optimal_threshold_mean": 0.539995551109314,
  "val/recall_at_precision_75_mean": 0.6164383292198181,
  "val/loss": 0.6651015281677246,
  "val/enrichment_factor_mean": 1.186955213546753,
  "val/recall_at_precision_95_mean": 0.04109589010477066,
  "val/tnr_at_recall_90_mean": 0.38461539149284363,
  "val/f1_mean": 0.7577639818191528,
  "val/sensitivity_mean": 0.835616409778595,
  "val/specificity_mean": 0.48076921701431274,
  "val/mcc_mean": 0.34161561727523804,
  "val/kendall_tau_mean": 0.2485283464193344,
  "val/tnr_at_recall_80_mean": 0.5,
  "val/tnr_at_recall_85_mean": 0.4038461446762085,
  "training_epochs": 15,
  "best_lr": 0.0005,
  "best_weight_decay": 0.1
}