{
  "val/cohen_kappa_mean": 0.21864256262779236,
  "val/spearman_rho_top20_mean": -0.31344157457351685,
  "val/f1_mean": 0.4941176474094391,
  "val/ECE_mean": 0.08338616788387299,
  "val/tnr_at_recall_95_mean": 0.11864406615495682,
  "val/spearman_rho_mean": 0.31642699241638184,
  "val/kendall_tau_top50_mean": 0.23365256190299988,
  "val/supervised_loss": 0.6116049289703369,
  "val/mcc_mean": 0.32777664065361023,
  "val/average_precision_mean": 0.8195987343788147,
  "val/tnr_at_recall_85_mean": 0.35593220591545105,
  "val/enrichment_factor_mean": 1.401515245437622,
  "val/precision_mean": 0.9545454382896423,
  "val/sensitivity_mean": 0.3333333432674408,
  "val/recall_mean": 0.3333333432674408,
  "val/recall_at_precision_80_mean": 0.579365074634552,
  "val/specificity_mean": 0.9661017060279846,
  "val/tnr_at_recall_75_mean": 0.5423728823661804,
  "val/tnr_at_recall_80_mean": 0.4237288236618042,
  "val/kendall_tau_mean": 0.2590588927268982,
  "val/kendall_tau_top10_mean": -0.2572478652000427,
  "val/optimal_threshold_mean": 0.8526352047920227,
  "val/ppv_mean": 0.9545454382896423,
  "val/recall_at_precision_95_mean": 0.341269850730896,
  "val/kendall_tau_top20_mean": -0.25935932993888855,
  "val/tnr_at_recall_90_mean": 0.2711864411830902,
  "val/balanced_accuracy_mean": 0.6497175097465515,
  "val/recall_at_precision_75_mean": 0.7936508059501648,
  "val/auprc_mean": 0.8195987343788147,
  "val/loss": 0.6116049289703369,
  "val/spearman_rho_top10_mean": -0.3066598176956177,
  "val/auroc_mean": 0.6959913969039917,
  "val/recall_at_precision_85_mean": 0.4682539701461792,
  "val/recall_at_precision_90_mean": 0.380952388048172,
  "val/pos_lr_mean": 9.833333015441895,
  "val/spearman_rho_top50_mean": 0.28462210297584534,
  "training_epochs": 60,
  "best_lr": 0.0001,
  "best_weight_decay": 0.01
}