{
  "val/auprc_mean": 0.722957968711853,
  "val/spearman_rho_mean": 0.14688560366630554,
  "val/recall_at_precision_85_mean": 0.013605441898107529,
  "val/average_precision_mean": 0.722957968711853,
  "val/kendall_tau_mean": 0.12019899487495422,
  "val/spearman_rho_top20_mean": -0.09822873026132584,
  "val/tnr_at_recall_80_mean": 0.23376622796058655,
  "val/sensitivity_mean": 0.49659863114356995,
  "val/kendall_tau_top20_mean": -0.08110970258712769,
  "val/loss": 0.6531341075897217,
  "val/ECE_mean": 0.08621424436569214,
  "val/recall_at_precision_90_mean": 0.013605441898107529,
  "val/recall_at_precision_75_mean": 0.5714285969734192,
  "val/specificity_mean": 0.7402597665786743,
  "val/mcc_mean": 0.2283051311969757,
  "val/tnr_at_recall_95_mean": 0.03896103799343109,
  "val/auroc_mean": 0.5892746448516846,
  "val/pos_lr_mean": 1.9119048118591309,
  "val/kendall_tau_top50_mean": 0.02510713040828705,
  "val/balanced_accuracy_mean": 0.6184291839599609,
  "val/recall_at_precision_95_mean": 0.013605441898107529,
  "val/recall_at_precision_80_mean": 0.013605441898107529,
  "val/tnr_at_recall_75_mean": 0.33766233921051025,
  "val/optimal_threshold_mean": 0.6862822771072388,
  "val/spearman_rho_top50_mean": 0.03061346523463726,
  "val/kendall_tau_top10_mean": -0.13430382311344147,
  "val/tnr_at_recall_90_mean": 0.10389610379934311,
  "val/cohen_kappa_mean": 0.20296767354011536,
  "val/supervised_loss": 0.6531341075897217,
  "val/tnr_at_recall_85_mean": 0.1428571492433548,
  "val/recall_mean": 0.49659863114356995,
  "val/f1_mean": 0.6083333492279053,
  "val/precision_mean": 0.7849462628364563,
  "val/ppv_mean": 0.7849462628364563,
  "val/spearman_rho_top10_mean": -0.16087237000465393,
  "val/enrichment_factor_mean": 1.1961085796356201,
  "training_epochs": 42,
  "best_lr": 0.0005,
  "best_weight_decay": 0.01
}