{
  "val/recall_at_precision_90_mean": 0.015384615398943424,
  "val/recall_mean": 0.6307692527770996,
  "val/average_precision_mean": 0.7548240423202515,
  "val/tnr_at_recall_80_mean": 0.234375,
  "val/enrichment_factor_mean": 1.133048415184021,
  "val/recall_at_precision_80_mean": 0.4000000059604645,
  "val/recall_at_precision_85_mean": 0.015384615398943424,
  "val/spearman_rho_top10_mean": 0.15275251865386963,
  "val/auprc_mean": 0.7548240423202515,
  "val/recall_at_precision_95_mean": 0.015384615398943424,
  "val/tnr_at_recall_95_mean": 0.015625,
  "val/precision_mean": 0.7592592835426331,
  "val/sensitivity_mean": 0.6307692527770996,
  "val/kendall_tau_top50_mean": 0.08823218196630478,
  "val/ppv_mean": 0.7592592835426331,
  "val/tnr_at_recall_90_mean": 0.09375,
  "val/recall_at_precision_75_mean": 0.6769230961799622,
  "val/specificity_mean": 0.59375,
  "val/cohen_kappa_mean": 0.2065001130104065,
  "val/f1_mean": 0.6890756487846375,
  "val/spearman_rho_top20_mean": -0.08357211202383041,
  "val/kendall_tau_mean": 0.13973985612392426,
  "val/auroc_mean": 0.6048076748847961,
  "val/tnr_at_recall_85_mean": 0.109375,
  "val/balanced_accuracy_mean": 0.6122596263885498,
  "val/optimal_threshold_mean": 0.6569689512252808,
  "val/supervised_loss": 0.717379093170166,
  "val/tnr_at_recall_75_mean": 0.375,
  "val/kendall_tau_top20_mean": -0.0691283568739891,
  "val/spearman_rho_top50_mean": 0.10750915855169296,
  "val/kendall_tau_top10_mean": 0.12796197831630707,
  "val/spearman_rho_mean": 0.17070627212524414,
  "val/loss": 0.717379093170166,
  "val/pos_lr_mean": 1.55266273021698,
  "val/mcc_mean": 0.21249763667583466,
  "val/ECE_mean": 0.07389119267463684,
  "training_epochs": 91,
  "best_lr": 0.001,
  "best_weight_decay": 1.0
}