{
  "val/spearman_rho_mean": 0.20095926523208618,
  "val/f1_mean": 0.7788162231445312,
  "val/balanced_accuracy_mean": 0.606988251209259,
  "val/spearman_rho_top50_mean": 0.0959835797548294,
  "val/specificity_mean": 0.3636363744735718,
  "val/average_precision_mean": 0.7262620329856873,
  "val/spearman_rho_top10_mean": -0.19304683804512024,
  "val/tnr_at_recall_90_mean": 0.2857142984867096,
  "val/recall_mean": 0.8503401279449463,
  "val/kendall_tau_top10_mean": -0.16116459667682648,
  "val/cohen_kappa_mean": 0.23346827924251556,
  "val/recall_at_precision_95_mean": 0.006802720949053764,
  "val/kendall_tau_mean": 0.16444841027259827,
  "val/enrichment_factor_mean": 1.0946907997131348,
  "val/tnr_at_recall_95_mean": 0.12987013161182404,
  "val/spearman_rho_top20_mean": -0.055799536406993866,
  "val/recall_at_precision_85_mean": 0.006802720949053764,
  "val/auroc_mean": 0.6221397519111633,
  "val/ECE_mean": 0.10468585044145584,
  "val/recall_at_precision_90_mean": 0.006802720949053764,
  "val/tnr_at_recall_80_mean": 0.3896103799343109,
  "val/supervised_loss": 0.6625886559486389,
  "val/kendall_tau_top50_mean": 0.0787193551659584,
  "val/auprc_mean": 0.7262620329856873,
  "val/precision_mean": 0.7183908224105835,
  "val/optimal_threshold_mean": 0.42652425169944763,
  "val/kendall_tau_top20_mean": -0.04607495293021202,
  "val/pos_lr_mean": 1.336248755455017,
  "val/ppv_mean": 0.7183908224105835,
  "val/recall_at_precision_80_mean": 0.006802720949053764,
  "val/tnr_at_recall_85_mean": 0.3636363744735718,
  "val/mcc_mean": 0.24406780302524567,
  "val/recall_at_precision_75_mean": 0.5306122303009033,
  "val/sensitivity_mean": 0.8503401279449463,
  "val/loss": 0.6625886559486389,
  "val/tnr_at_recall_75_mean": 0.4285714328289032,
  "training_epochs": 14,
  "best_lr": 0.0005,
  "best_weight_decay": 1.0
}