{
  "val/recall_at_precision_85_mean": 0.3139534890651703,
  "val/ECE_mean": 0.09165991097688675,
  "val/average_precision_mean": 0.8372592926025391,
  "val/optimal_threshold_mean": 0.6298983097076416,
  "val/auroc_mean": 0.6719520688056946,
  "val/auprc_mean": 0.8372592926025391,
  "val/tnr_at_recall_80_mean": 0.39393940567970276,
  "val/mcc_mean": 0.30258238315582275,
  "val/kendall_tau_top20_mean": 0.03880387544631958,
  "val/recall_at_precision_90_mean": 0.25581395626068115,
  "val/tnr_at_recall_95_mean": 0.1818181872367859,
  "val/tnr_at_recall_85_mean": 0.3333333432674408,
  "val/specificity_mean": 0.6969696879386902,
  "val/precision_mean": 0.8461538553237915,
  "val/sensitivity_mean": 0.6395348906517029,
  "val/spearman_rho_mean": 0.26666906476020813,
  "val/kendall_tau_mean": 0.218647301197052,
  "val/recall_at_precision_95_mean": 0.058139536529779434,
  "val/loss": 0.5959209203720093,
  "val/tnr_at_recall_90_mean": 0.3030303120613098,
  "val/spearman_rho_top50_mean": 0.03713906928896904,
  "val/cohen_kappa_mean": 0.2813374698162079,
  "val/supervised_loss": 0.5959209203720093,
  "val/kendall_tau_top10_mean": 0.0,
  "val/f1_mean": 0.7284768223762512,
  "val/recall_mean": 0.6395348906517029,
  "val/pos_lr_mean": 2.1104650497436523,
  "val/balanced_accuracy_mean": 0.6682522892951965,
  "val/spearman_rho_top20_mean": 0.04652421176433563,
  "val/ppv_mean": 0.8461538553237915,
  "val/tnr_at_recall_75_mean": 0.4848484992980957,
  "val/spearman_rho_top10_mean": 0.0,
  "val/recall_at_precision_80_mean": 0.7093023061752319,
  "val/recall_at_precision_75_mean": 0.9534883499145508,
  "val/kendall_tau_top50_mean": 0.030579824000597,
  "val/enrichment_factor_mean": 1.1708407402038574,
  "training_epochs": 5,
  "best_lr": 0.0005,
  "best_weight_decay": 0.0
}