{
  "val/precision_mean": 0.7342657446861267,
  "val/mcc_mean": 0.16459545493125916,
  "val/average_precision_mean": 0.7484187483787537,
  "val/specificity_mean": 0.40625,
  "val/tnr_at_recall_90_mean": 0.1875,
  "val/cohen_kappa_mean": 0.164418026804924,
  "val/recall_mean": 0.7553957104682922,
  "val/tnr_at_recall_95_mean": 0.0625,
  "val/pos_lr_mean": 1.2722454071044922,
  "val/spearman_rho_top10_mean": -0.1335616558790207,
  "val/auprc_mean": 0.7484187483787537,
  "val/balanced_accuracy_mean": 0.5808228254318237,
  "val/ppv_mean": 0.7342657446861267,
  "val/kendall_tau_top10_mean": -0.1117456927895546,
  "val/tnr_at_recall_80_mean": 0.328125,
  "val/supervised_loss": 0.6875779032707214,
  "val/recall_at_precision_95_mean": 0.028776979073882103,
  "val/spearman_rho_top20_mean": 0.16505157947540283,
  "val/tnr_at_recall_85_mean": 0.265625,
  "val/ECE_mean": 0.07067082077264786,
  "val/loss": 0.6875779032707214,
  "val/tnr_at_recall_75_mean": 0.40625,
  "val/kendall_tau_top20_mean": 0.13643820583820343,
  "val/recall_at_precision_90_mean": 0.028776979073882103,
  "val/kendall_tau_mean": 0.10706862062215805,
  "val/f1_mean": 0.7446808218955994,
  "val/sensitivity_mean": 0.7553957104682922,
  "val/kendall_tau_top50_mean": -0.0019120016368106008,
  "val/recall_at_precision_85_mean": 0.14388489723205566,
  "val/recall_at_precision_75_mean": 0.5827338099479675,
  "val/recall_at_precision_80_mean": 0.158273383975029,
  "val/spearman_rho_mean": 0.13080994784832,
  "val/optimal_threshold_mean": 0.6450071930885315,
  "val/spearman_rho_top50_mean": -0.002330206800252199,
  "val/auroc_mean": 0.5812724828720093,
  "val/enrichment_factor_mean": 1.0723450183868408,
  "training_epochs": 14,
  "best_lr": 0.0005,
  "best_weight_decay": 0.0
}