{
  "val/auroc_mean": 0.6300960183143616,
  "val/recall_at_precision_80_mean": 0.1603773534297943,
  "val/balanced_accuracy_mean": 0.6063847541809082,
  "val/cohen_kappa_mean": 0.18111421167850494,
  "val/recall_mean": 0.4716981053352356,
  "val/sensitivity_mean": 0.4716981053352356,
  "val/recall_at_precision_75_mean": 0.551886796951294,
  "val/spearman_rho_top20_mean": 0.1191551685333252,
  "val/ppv_mean": 0.7751938104629517,
  "val/tnr_at_recall_85_mean": 0.3125,
  "val/average_precision_mean": 0.7445790767669678,
  "val/spearman_rho_mean": 0.21433280408382416,
  "val/precision_mean": 0.7751938104629517,
  "val/tnr_at_recall_80_mean": 0.3571428656578064,
  "val/tnr_at_recall_90_mean": 0.2232142835855484,
  "val/ECE_mean": 0.11936056613922119,
  "val/recall_at_precision_85_mean": 0.10849056392908096,
  "val/kendall_tau_top10_mean": 0.030547991394996643,
  "val/kendall_tau_mean": 0.17527185380458832,
  "val/kendall_tau_top20_mean": 0.0980469211935997,
  "val/kendall_tau_top50_mean": 0.07696864753961563,
  "val/tnr_at_recall_95_mean": 0.0535714291036129,
  "val/optimal_threshold_mean": 0.7557827234268188,
  "val/enrichment_factor_mean": 1.184730052947998,
  "val/spearman_rho_top10_mean": 0.036842264235019684,
  "val/recall_at_precision_95_mean": 0.009433962404727936,
  "val/specificity_mean": 0.7410714030265808,
  "val/loss": 0.7388877272605896,
  "val/pos_lr_mean": 1.821730613708496,
  "val/supervised_loss": 0.7388877272605896,
  "val/recall_at_precision_90_mean": 0.009433962404727936,
  "val/auprc_mean": 0.7445790767669678,
  "val/mcc_mean": 0.20671607553958893,
  "val/spearman_rho_top50_mean": 0.09397735446691513,
  "val/f1_mean": 0.5865102410316467,
  "val/tnr_at_recall_75_mean": 0.4464285671710968,
  "training_epochs": 80,
  "best_lr": 0.0001,
  "best_weight_decay": 0.1
}