{
  "val/recall_mean": 0.9041095972061157,
  "val/kendall_tau_top50_mean": 0.08228903263807297,
  "val/spearman_rho_mean": 0.23075374960899353,
  "val/tnr_at_recall_90_mean": 0.3461538553237915,
  "val/recall_at_precision_95_mean": 0.04109589010477066,
  "val/auprc_mean": 0.6996634602546692,
  "val/pos_lr_mean": 1.3827558755874634,
  "val/optimal_threshold_mean": 0.4245726466178894,
  "val/average_precision_mean": 0.6996634602546692,
  "val/kendall_tau_top20_mean": 0.1645902395248413,
  "val/sensitivity_mean": 0.9041095972061157,
  "val/recall_at_precision_80_mean": 0.2054794579744339,
  "val/mcc_mean": 0.308383047580719,
  "val/tnr_at_recall_85_mean": 0.36538460850715637,
  "val/recall_at_precision_90_mean": 0.04109589010477066,
  "val/balanced_accuracy_mean": 0.6251317262649536,
  "val/tnr_at_recall_80_mean": 0.4038461446762085,
  "val/auroc_mean": 0.6351422667503357,
  "val/specificity_mean": 0.3461538553237915,
  "val/kendall_tau_mean": 0.18916179239749908,
  "val/cohen_kappa_mean": 0.27046263217926025,
  "val/f1_mean": 0.763005793094635,
  "val/supervised_loss": 0.7160232663154602,
  "val/spearman_rho_top20_mean": 0.1976664811372757,
  "val/tnr_at_recall_95_mean": 0.19230769574642181,
  "val/loss": 0.7160232663154602,
  "val/enrichment_factor_mean": 1.1301369667053223,
  "val/ECE_mean": 0.16866712272167206,
  "val/precision_mean": 0.6600000262260437,
  "val/recall_at_precision_85_mean": 0.08219178020954132,
  "val/spearman_rho_top10_mean": 0.2508726119995117,
  "val/spearman_rho_top50_mean": 0.09998000413179398,
  "val/recall_at_precision_75_mean": 0.2054794579744339,
  "val/tnr_at_recall_75_mean": 0.4423076808452606,
  "val/ppv_mean": 0.6600000262260437,
  "val/kendall_tau_top10_mean": 0.21320071816444397,
  "training_epochs": 24,
  "best_lr": 0.0005,
  "best_weight_decay": 0.01
}