{
  "val/ppv_mean": 0.8333333134651184,
  "val/spearman_rho_top50_mean": 0.03153745085000992,
  "val/tnr_at_recall_75_mean": 0.5555555820465088,
  "val/recall_at_precision_95_mean": 0.1538461595773697,
  "val/sensitivity_mean": 0.6593406796455383,
  "val/enrichment_factor_mean": 1.245421290397644,
  "val/tnr_at_recall_95_mean": 0.13333334028720856,
  "val/auroc_mean": 0.7213675379753113,
  "val/recall_at_precision_85_mean": 0.2747252881526947,
  "val/tnr_at_recall_85_mean": 0.4444444477558136,
  "val/recall_at_precision_80_mean": 0.7362637519836426,
  "val/kendall_tau_top50_mean": 0.025938870385289192,
  "val/recall_at_precision_75_mean": 0.8791208863258362,
  "val/supervised_loss": 0.6269103288650513,
  "val/spearman_rho_top10_mean": 0.0,
  "val/balanced_accuracy_mean": 0.6963369846343994,
  "val/cohen_kappa_mean": 0.3548102378845215,
  "val/recall_mean": 0.6593406796455383,
  "val/mcc_mean": 0.3701713979244232,
  "val/precision_mean": 0.8333333134651184,
  "val/kendall_tau_top20_mean": 0.33389028906822205,
  "val/kendall_tau_top10_mean": 0.0,
  "val/tnr_at_recall_90_mean": 0.31111112236976624,
  "val/spearman_rho_mean": 0.3608313798904419,
  "val/recall_at_precision_90_mean": 0.23076923191547394,
  "val/auprc_mean": 0.8387908339500427,
  "val/spearman_rho_top20_mean": 0.4015616774559021,
  "val/average_precision_mean": 0.8387908339500427,
  "val/specificity_mean": 0.7333333492279053,
  "val/pos_lr_mean": 2.472527503967285,
  "val/f1_mean": 0.7361963391304016,
  "val/tnr_at_recall_80_mean": 0.4888888895511627,
  "val/kendall_tau_mean": 0.29569876194000244,
  "val/ECE_mean": 0.10322315990924835,
  "val/optimal_threshold_mean": 0.7027254700660706,
  "val/loss": 0.6269103288650513,
  "training_epochs": 55,
  "best_lr": 0.0001,
  "best_weight_decay": 0.0
}