{
  "val/kendall_tau_top50_mean": -0.03028096817433834,
  "val/recall_mean": 0.04477611929178238,
  "val/ECE_mean": 0.1027965396642685,
  "val/spearman_rho_top10_mean": 0.5388602614402771,
  "val/precision_mean": 1.0,
  "val/specificity_mean": 1.0,
  "val/kendall_tau_mean": -0.022249966859817505,
  "val/pos_lr_mean": 1.0,
  "val/supervised_loss": 0.7031725645065308,
  "val/cohen_kappa_mean": 0.029712021350860596,
  "val/f1_mean": 0.08571428805589676,
  "val/sensitivity_mean": 0.04477611929178238,
  "val/tnr_at_recall_85_mean": 0.015384615398943424,
  "val/recall_at_precision_85_mean": 0.05223880708217621,
  "val/kendall_tau_top10_mean": 0.45140743255615234,
  "val/tnr_at_recall_75_mean": 0.015384615398943424,
  "val/recall_at_precision_75_mean": 0.05223880708217621,
  "val/spearman_rho_top20_mean": -0.24164648354053497,
  "val/balanced_accuracy_mean": 0.5223880410194397,
  "val/spearman_rho_mean": -0.02642514370381832,
  "val/spearman_rho_top50_mean": -0.03675524890422821,
  "val/tnr_at_recall_95_mean": 0.015384615398943424,
  "val/tnr_at_recall_90_mean": 0.015384615398943424,
  "val/tnr_at_recall_80_mean": 0.015384615398943424,
  "val/enrichment_factor_mean": 1.4850746393203735,
  "val/loss": 0.7031725645065308,
  "val/ppv_mean": 1.0,
  "val/auroc_mean": 0.48386910557746887,
  "val/recall_at_precision_95_mean": 0.05223880708217621,
  "val/optimal_threshold_mean": 0.835796594619751,
  "val/kendall_tau_top20_mean": -0.19981704652309418,
  "val/recall_at_precision_90_mean": 0.05223880708217621,
  "val/mcc_mean": 0.122800812125206,
  "val/auprc_mean": 0.6747418642044067,
  "val/average_precision_mean": 0.6747418642044067,
  "val/recall_at_precision_80_mean": 0.05223880708217621,
  "training_epochs": 10,
  "best_lr": 0.001,
  "best_weight_decay": 0.0
}