{
  "val/enrichment_factor_mean": 1.110109806060791,
  "val/recall_at_precision_95_mean": 0.02358490601181984,
  "val/tnr_at_recall_90_mean": 0.1875,
  "val/recall_mean": 0.6886792182922363,
  "val/auroc_mean": 0.6095013618469238,
  "val/ECE_mean": 0.15544527769088745,
  "val/mcc_mean": 0.19365578889846802,
  "val/recall_at_precision_75_mean": 0.5377358198165894,
  "val/tnr_at_recall_75_mean": 0.4285714328289032,
  "val/balanced_accuracy_mean": 0.5988039374351501,
  "val/supervised_loss": 0.7143767476081848,
  "val/cohen_kappa_mean": 0.1931341141462326,
  "val/spearman_rho_mean": 0.18040314316749573,
  "val/spearman_rho_top50_mean": -0.062049150466918945,
  "val/kendall_tau_top50_mean": -0.050819046795368195,
  "val/kendall_tau_top20_mean": 0.03560388460755348,
  "val/spearman_rho_top20_mean": 0.043268948793411255,
  "val/recall_at_precision_80_mean": 0.11320754885673523,
  "val/tnr_at_recall_80_mean": 0.3660714328289032,
  "val/recall_at_precision_90_mean": 0.02358490601181984,
  "val/loss": 0.7143767476081848,
  "val/sensitivity_mean": 0.6886792182922363,
  "val/precision_mean": 0.7263681888580322,
  "val/kendall_tau_mean": 0.14752568304538727,
  "val/tnr_at_recall_95_mean": 0.1160714253783226,
  "val/auprc_mean": 0.7273349761962891,
  "val/f1_mean": 0.7070217728614807,
  "val/optimal_threshold_mean": 0.5234747529029846,
  "val/recall_at_precision_85_mean": 0.028301887214183807,
  "val/spearman_rho_top10_mean": 0.09415245056152344,
  "val/ppv_mean": 0.7263681888580322,
  "val/pos_lr_mean": 1.402401328086853,
  "val/tnr_at_recall_85_mean": 0.2946428656578064,
  "val/kendall_tau_top10_mean": 0.07806708663702011,
  "val/average_precision_mean": 0.7273349761962891,
  "val/specificity_mean": 0.5089285969734192,
  "training_epochs": 105,
  "best_lr": 0.0001,
  "best_weight_decay": 1.0
}