{
  "val/specificity_mean": 0.7446808218955994,
  "val/optimal_threshold_mean": 0.7139425277709961,
  "val/recall_mean": 0.5370370149612427,
  "val/supervised_loss": 0.6552112698554993,
  "val/tnr_at_recall_80_mean": 0.2978723347187042,
  "val/spearman_rho_mean": 0.24683573842048645,
  "val/recall_at_precision_90_mean": 0.012345679104328156,
  "val/tnr_at_recall_85_mean": 0.2978723347187042,
  "val/pos_lr_mean": 2.1033949851989746,
  "val/tnr_at_recall_90_mean": 0.26595744490623474,
  "val/recall_at_precision_80_mean": 0.1666666716337204,
  "val/auprc_mean": 0.7494378089904785,
  "val/ppv_mean": 0.7837837934494019,
  "val/spearman_rho_top10_mean": -0.15362747013568878,
  "val/balanced_accuracy_mean": 0.6408589482307434,
  "val/tnr_at_recall_95_mean": 0.10638298094272614,
  "val/spearman_rho_top20_mean": 0.21090631186962128,
  "val/recall_at_precision_75_mean": 0.5679012537002563,
  "val/kendall_tau_top50_mean": 0.10439988225698471,
  "val/kendall_tau_mean": 0.20193378627300262,
  "val/auroc_mean": 0.6478198170661926,
  "val/spearman_rho_top50_mean": 0.12736666202545166,
  "val/recall_at_precision_85_mean": 0.14814814925193787,
  "val/kendall_tau_top10_mean": -0.12792043387889862,
  "val/ECE_mean": 0.0921722874045372,
  "val/loss": 0.6552112698554993,
  "val/kendall_tau_top20_mean": 0.17388436198234558,
  "val/f1_mean": 0.6373626589775085,
  "val/recall_at_precision_95_mean": 0.012345679104328156,
  "val/cohen_kappa_mean": 0.2529182732105255,
  "val/sensitivity_mean": 0.5370370149612427,
  "val/enrichment_factor_mean": 1.2385718822479248,
  "val/mcc_mean": 0.2740251123905182,
  "val/tnr_at_recall_75_mean": 0.43617022037506104,
  "val/precision_mean": 0.7837837934494019,
  "val/average_precision_mean": 0.7494378089904785,
  "training_epochs": 31,
  "best_lr": 0.0001,
  "best_weight_decay": 0.01
}