{
  "val/recall_at_precision_85_mean": 0.4135802388191223,
  "val/auroc_mean": 0.6949041485786438,
  "val/sensitivity_mean": 0.5925925970077515,
  "val/tnr_at_recall_80_mean": 0.3617021143436432,
  "val/spearman_rho_top10_mean": 0.3884838819503784,
  "val/tnr_at_recall_85_mean": 0.3297872245311737,
  "val/kendall_tau_mean": 0.2662547528743744,
  "val/recall_at_precision_75_mean": 0.7037037014961243,
  "val/tnr_at_recall_95_mean": 0.10638298094272614,
  "val/spearman_rho_top20_mean": 0.04927568882703781,
  "val/cohen_kappa_mean": 0.29924196004867554,
  "val/auprc_mean": 0.810894250869751,
  "val/enrichment_factor_mean": 1.2537496089935303,
  "val/specificity_mean": 0.7340425252914429,
  "val/recall_at_precision_90_mean": 0.29629629850387573,
  "val/kendall_tau_top50_mean": 0.1806909441947937,
  "val/spearman_rho_mean": 0.3254591226577759,
  "val/tnr_at_recall_75_mean": 0.478723406791687,
  "val/ppv_mean": 0.7933884263038635,
  "val/loss": 0.6063390374183655,
  "val/optimal_threshold_mean": 0.6899495720863342,
  "val/recall_at_precision_80_mean": 0.5,
  "val/supervised_loss": 0.6063390374183655,
  "val/mcc_mean": 0.31537318229675293,
  "val/balanced_accuracy_mean": 0.6633175611495972,
  "val/tnr_at_recall_90_mean": 0.24468085169792175,
  "val/precision_mean": 0.7933884263038635,
  "val/recall_mean": 0.5925925970077515,
  "val/kendall_tau_top20_mean": 0.04062596336007118,
  "val/spearman_rho_top50_mean": 0.22044089436531067,
  "val/average_precision_mean": 0.810894250869751,
  "val/recall_at_precision_95_mean": 0.1419753134250641,
  "val/f1_mean": 0.6784452199935913,
  "val/ECE_mean": 0.0719621479511261,
  "val/kendall_tau_top10_mean": 0.32347747683525085,
  "val/pos_lr_mean": 2.2281482219696045,
  "training_epochs": 21,
  "best_lr": 0.0005,
  "best_weight_decay": 0.0
}