{
  "val/tnr_at_recall_80_mean": 0.3035714328289032,
  "val/average_precision_mean": 0.7248260378837585,
  "val/mcc_mean": 0.19511230289936066,
  "val/pos_lr_mean": 1.396226406097412,
  "val/recall_at_precision_75_mean": 0.5235849022865295,
  "val/cohen_kappa_mean": 0.1948310136795044,
  "val/tnr_at_recall_75_mean": 0.4017857015132904,
  "val/supervised_loss": 0.6673048734664917,
  "val/enrichment_factor_mean": 1.1087679862976074,
  "val/recall_at_precision_80_mean": 0.04716981202363968,
  "val/specificity_mean": 0.5,
  "val/ppv_mean": 0.7254902124404907,
  "val/recall_mean": 0.698113203048706,
  "val/kendall_tau_mean": 0.1530866175889969,
  "val/kendall_tau_top50_mean": 0.020876392722129822,
  "val/precision_mean": 0.7254902124404907,
  "val/spearman_rho_top50_mean": 0.025413887575268745,
  "val/auroc_mean": 0.6134181022644043,
  "val/kendall_tau_top10_mean": 0.14242424070835114,
  "val/spearman_rho_top10_mean": 0.17161259055137634,
  "val/recall_at_precision_95_mean": 0.004716981202363968,
  "val/f1_mean": 0.7115384340286255,
  "val/loss": 0.6673048734664917,
  "val/tnr_at_recall_95_mean": 0.1339285671710968,
  "val/optimal_threshold_mean": 0.5135833024978638,
  "val/balanced_accuracy_mean": 0.599056601524353,
  "val/spearman_rho_top20_mean": -0.13087834417819977,
  "val/recall_at_precision_90_mean": 0.004716981202363968,
  "val/tnr_at_recall_85_mean": 0.2767857015132904,
  "val/ECE_mean": 0.10553433001041412,
  "val/recall_at_precision_85_mean": 0.03773584961891174,
  "val/sensitivity_mean": 0.698113203048706,
  "val/tnr_at_recall_90_mean": 0.2232142835855484,
  "val/kendall_tau_top20_mean": -0.10774433612823486,
  "val/auprc_mean": 0.7248260378837585,
  "val/spearman_rho_mean": 0.18686558306217194,
  "training_epochs": 21,
  "best_lr": 0.0005,
  "best_weight_decay": 0.0
}