{
  "val/recall_at_precision_85_mean": 0.0,
  "val/pos_lr_mean": 1.0,
  "val/tnr_at_recall_75_mean": 0.09090909361839294,
  "val/ECE_mean": 0.06478451937437057,
  "val/spearman_rho_top10_mean": 0.0,
  "val/tnr_at_recall_80_mean": 0.09090909361839294,
  "val/spearman_rho_top20_mean": -0.1523122489452362,
  "val/loss": 0.6999351978302002,
  "val/kendall_tau_top10_mean": 0.0,
  "val/sensitivity_mean": 1.0,
  "val/kendall_tau_top20_mean": -0.1523122489452362,
  "val/recall_at_precision_90_mean": 0.0,
  "val/kendall_tau_top50_mean": -0.13038010895252228,
  "val/auroc_mean": 0.45552462339401245,
  "val/ppv_mean": 0.6206896305084229,
  "val/recall_at_precision_75_mean": 0.0,
  "val/enrichment_factor_mean": 1.0,
  "val/precision_mean": 0.6206896305084229,
  "val/cohen_kappa_mean": 0.0,
  "val/f1_mean": 0.7659574747085571,
  "val/kendall_tau_mean": -0.06666282564401627,
  "val/auprc_mean": 0.5990132689476013,
  "val/average_precision_mean": 0.5990132689476013,
  "val/tnr_at_recall_90_mean": 0.025974025949835777,
  "val/spearman_rho_top50_mean": -0.14418023824691772,
  "val/balanced_accuracy_mean": 0.5,
  "val/tnr_at_recall_95_mean": 0.0,
  "val/supervised_loss": 0.6999351978302002,
  "val/specificity_mean": 0.0,
  "val/mcc_mean": 0.0,
  "val/recall_at_precision_80_mean": 0.0,
  "val/optimal_threshold_mean": 0.5,
  "val/tnr_at_recall_85_mean": 0.06493506580591202,
  "val/recall_mean": 1.0,
  "val/recall_at_precision_95_mean": 0.0,
  "val/spearman_rho_mean": -0.07631489634513855,
  "training_epochs": 14,
  "best_lr": 0.001,
  "best_weight_decay": 0.01
}