{
  "val/recall_at_precision_95_mean": 0.040697675198316574,
  "val/mcc_mean": 0.20334136486053467,
  "val/auprc_mean": 0.7362155914306641,
  "val/tnr_at_recall_90_mean": 0.08421052992343903,
  "val/loss": 0.7368759512901306,
  "val/ppv_mean": 0.7699999809265137,
  "val/optimal_threshold_mean": 0.7746702432632446,
  "val/average_precision_mean": 0.7362155914306641,
  "val/spearman_rho_top20_mean": -0.026524795219302177,
  "val/tnr_at_recall_80_mean": 0.28421053290367126,
  "val/kendall_tau_top20_mean": -0.021860765293240547,
  "val/kendall_tau_top10_mean": 0.13948595523834229,
  "val/recall_at_precision_80_mean": 0.075581394135952,
  "val/recall_at_precision_85_mean": 0.040697675198316574,
  "val/balanced_accuracy_mean": 0.6027845740318298,
  "val/ECE_mean": 0.14586156606674194,
  "val/pos_lr_mean": 1.8490899801254272,
  "val/cohen_kappa_mean": 0.17575345933437347,
  "val/kendall_tau_mean": 0.1461285948753357,
  "val/tnr_at_recall_95_mean": 0.021052632480859756,
  "val/sensitivity_mean": 0.447674423456192,
  "val/kendall_tau_top50_mean": 0.11354159563779831,
  "val/recall_mean": 0.447674423456192,
  "val/auroc_mean": 0.607711136341095,
  "val/spearman_rho_top50_mean": 0.1385396420955658,
  "val/specificity_mean": 0.75789475440979,
  "val/tnr_at_recall_75_mean": 0.378947377204895,
  "val/tnr_at_recall_85_mean": 0.20000000298023224,
  "val/precision_mean": 0.7699999809265137,
  "val/recall_at_precision_75_mean": 0.5058139562606812,
  "val/supervised_loss": 0.7368759512901306,
  "val/spearman_rho_top10_mean": 0.1676412671804428,
  "val/f1_mean": 0.5661764740943909,
  "val/enrichment_factor_mean": 1.1952906847000122,
  "val/spearman_rho_mean": 0.17863602936267853,
  "val/recall_at_precision_90_mean": 0.040697675198316574,
  "training_epochs": 49,
  "best_lr": 0.0005,
  "best_weight_decay": 0.0
}