{
  "val/tnr_at_recall_95_mean": 0.11864406615495682,
  "val/kendall_tau_mean": 0.25111642479896545,
  "val/mcc_mean": 0.31607216596603394,
  "val/kendall_tau_top20_mean": -0.024409709498286247,
  "val/loss": 0.6292062401771545,
  "val/auroc_mean": 0.6898708343505859,
  "val/sensitivity_mean": 0.6269841194152832,
  "val/precision_mean": 0.8229166865348816,
  "val/ppv_mean": 0.8229166865348816,
  "val/tnr_at_recall_80_mean": 0.508474588394165,
  "val/pos_lr_mean": 2.1760036945343018,
  "val/average_precision_mean": 0.7934097647666931,
  "val/spearman_rho_mean": 0.3065500855445862,
  "val/balanced_accuracy_mean": 0.669424295425415,
  "val/kendall_tau_top10_mean": 0.330911248922348,
  "val/tnr_at_recall_85_mean": 0.4576271176338196,
  "val/spearman_rho_top50_mean": -0.08332058787345886,
  "val/f1_mean": 0.7117117047309875,
  "val/recall_at_precision_90_mean": 0.0793650820851326,
  "val/enrichment_factor_mean": 1.2082507610321045,
  "val/tnr_at_recall_90_mean": 0.37288135290145874,
  "val/ECE_mean": 0.14068777859210968,
  "val/optimal_threshold_mean": 0.5613192915916443,
  "val/supervised_loss": 0.6292062401771545,
  "val/recall_at_precision_85_mean": 0.0793650820851326,
  "val/tnr_at_recall_75_mean": 0.5423728823661804,
  "val/recall_at_precision_95_mean": 0.0476190485060215,
  "val/spearman_rho_top10_mean": 0.3944723904132843,
  "val/auprc_mean": 0.7934097647666931,
  "val/recall_at_precision_80_mean": 0.7142857313156128,
  "val/spearman_rho_top20_mean": -0.029499679803848267,
  "val/cohen_kappa_mean": 0.2984950840473175,
  "val/specificity_mean": 0.7118644118309021,
  "val/recall_mean": 0.6269841194152832,
  "val/recall_at_precision_75_mean": 0.9047619104385376,
  "val/kendall_tau_top50_mean": -0.06854728609323502,
  "training_epochs": 52,
  "best_lr": 0.0005,
  "best_weight_decay": 0.1
}