{
  "val/supervised_loss": 0.751459538936615,
  "val/recall_at_precision_85_mean": 0.17469879984855652,
  "val/kendall_tau_top20_mean": 0.10659350454807281,
  "val/f1_mean": 0.6258992552757263,
  "val/sensitivity_mean": 0.5240963697433472,
  "val/ppv_mean": 0.7767857313156128,
  "val/pos_lr_mean": 1.9286746978759766,
  "val/tnr_at_recall_75_mean": 0.44565218687057495,
  "val/tnr_at_recall_80_mean": 0.3478260934352875,
  "val/average_precision_mean": 0.7712352871894836,
  "val/ECE_mean": 0.06130106747150421,
  "val/spearman_rho_mean": 0.25733548402786255,
  "val/recall_at_precision_95_mean": 0.012048192322254181,
  "val/kendall_tau_top10_mean": -0.22132669389247894,
  "val/recall_mean": 0.5240963697433472,
  "val/recall_at_precision_90_mean": 0.13855421543121338,
  "val/loss": 0.751459538936615,
  "val/tnr_at_recall_95_mean": 0.1195652186870575,
  "val/auprc_mean": 0.7712352871894836,
  "val/spearman_rho_top50_mean": 0.30746498703956604,
  "val/kendall_tau_top50_mean": 0.25201526284217834,
  "val/specificity_mean": 0.72826087474823,
  "val/kendall_tau_mean": 0.21052348613739014,
  "val/tnr_at_recall_90_mean": 0.22826087474822998,
  "val/spearman_rho_top10_mean": -0.2658047676086426,
  "val/balanced_accuracy_mean": 0.6261786222457886,
  "val/recall_at_precision_75_mean": 0.5361445546150208,
  "val/spearman_rho_top20_mean": 0.1292884647846222,
  "val/cohen_kappa_mean": 0.22316154837608337,
  "val/recall_at_precision_80_mean": 0.4397590458393097,
  "val/optimal_threshold_mean": 0.6240136623382568,
  "val/auroc_mean": 0.6550877690315247,
  "val/enrichment_factor_mean": 1.2072933912277222,
  "val/mcc_mean": 0.2438811957836151,
  "val/precision_mean": 0.7767857313156128,
  "val/tnr_at_recall_85_mean": 0.29347825050354004,
  "training_epochs": 27,
  "best_lr": 0.0005,
  "best_weight_decay": 0.1
}