{
  "val/pos_lr_mean": 1.8284202814102173,
  "val/loss": 0.6266236305236816,
  "val/sensitivity_mean": 0.6507936716079712,
  "val/specificity_mean": 0.6440678238868713,
  "val/spearman_rho_top10_mean": -0.5315631031990051,
  "val/kendall_tau_top20_mean": -0.17155008018016815,
  "val/recall_at_precision_80_mean": 0.5555555820465088,
  "val/spearman_rho_top50_mean": 0.1845695972442627,
  "val/supervised_loss": 0.6266236305236816,
  "val/tnr_at_recall_80_mean": 0.35593220591545105,
  "val/mcc_mean": 0.2766328454017639,
  "val/recall_at_precision_95_mean": 0.0,
  "val/enrichment_factor_mean": 1.1689012050628662,
  "val/cohen_kappa_mean": 0.2671704590320587,
  "val/kendall_tau_mean": 0.2160305678844452,
  "val/tnr_at_recall_85_mean": 0.2542372941970825,
  "val/auroc_mean": 0.6634382605552673,
  "val/balanced_accuracy_mean": 0.6474307179450989,
  "val/auprc_mean": 0.7820702195167542,
  "val/recall_at_precision_90_mean": 0.0,
  "val/average_precision_mean": 0.7820702195167542,
  "val/ppv_mean": 0.7961165308952332,
  "val/precision_mean": 0.7961165308952332,
  "val/spearman_rho_top20_mean": -0.2073221057653427,
  "val/tnr_at_recall_90_mean": 0.1525423675775528,
  "val/tnr_at_recall_75_mean": 0.5254237055778503,
  "val/recall_at_precision_75_mean": 0.761904776096344,
  "val/tnr_at_recall_95_mean": 0.06779661029577255,
  "val/f1_mean": 0.7161571979522705,
  "val/recall_at_precision_85_mean": 0.4285714328289032,
  "val/spearman_rho_mean": 0.26387012004852295,
  "val/kendall_tau_top50_mean": 0.15151725709438324,
  "val/recall_mean": 0.6507936716079712,
  "val/kendall_tau_top10_mean": -0.44591259956359863,
  "val/ECE_mean": 0.04806187003850937,
  "val/optimal_threshold_mean": 0.6731662750244141,
  "training_epochs": 30,
  "best_lr": 0.0005,
  "best_weight_decay": 0.1
}