{
  "val/kendall_tau_top10_mean": 0.14401645958423615,
  "val/optimal_threshold_mean": 0.6530198454856873,
  "val/spearman_rho_mean": 0.22418561577796936,
  "val/f1_mean": 0.6222222447395325,
  "val/kendall_tau_top50_mean": 0.10338327288627625,
  "val/recall_at_precision_75_mean": 0.5379746556282043,
  "val/kendall_tau_mean": 0.18340535461902618,
  "val/sensitivity_mean": 0.5316455960273743,
  "val/recall_mean": 0.5316455960273743,
  "val/spearman_rho_top50_mean": 0.12612256407737732,
  "val/kendall_tau_top20_mean": -0.14980708062648773,
  "val/tnr_at_recall_85_mean": 0.19587628543376923,
  "val/specificity_mean": 0.7113401889801025,
  "val/recall_at_precision_85_mean": 0.04430379718542099,
  "val/spearman_rho_top10_mean": 0.17295818030834198,
  "val/precision_mean": 0.75,
  "val/tnr_at_recall_90_mean": 0.0824742242693901,
  "val/ppv_mean": 0.75,
  "val/mcc_mean": 0.23769401013851166,
  "val/tnr_at_recall_95_mean": 0.07216494530439377,
  "val/auroc_mean": 0.6333028674125671,
  "val/recall_at_precision_95_mean": 0.0,
  "val/cohen_kappa_mean": 0.22260744869709015,
  "val/enrichment_factor_mean": 1.2104430198669434,
  "val/recall_at_precision_80_mean": 0.3291139304637909,
  "val/auprc_mean": 0.7281216979026794,
  "val/recall_at_precision_90_mean": 0.0,
  "val/tnr_at_recall_80_mean": 0.3195876181125641,
  "val/supervised_loss": 0.758073627948761,
  "val/balanced_accuracy_mean": 0.621492862701416,
  "val/loss": 0.758073627948761,
  "val/average_precision_mean": 0.7281216979026794,
  "val/spearman_rho_top20_mean": -0.18170270323753357,
  "val/pos_lr_mean": 1.841772198677063,
  "val/tnr_at_recall_75_mean": 0.4329896867275238,
  "val/ECE_mean": 0.14997366070747375,
  "training_epochs": 65,
  "best_lr": 0.0005,
  "best_weight_decay": 0.0
}