{
  "val/kendall_tau_top50_mean": 0.14460651576519012,
  "val/spearman_rho_top10_mean": 0.21525225043296814,
  "val/ECE_mean": 0.07971540093421936,
  "val/spearman_rho_top20_mean": 0.22616027295589447,
  "val/auprc_mean": 0.7721797227859497,
  "val/f1_mean": 0.6048110127449036,
  "val/specificity_mean": 0.8032786846160889,
  "val/spearman_rho_mean": 0.35084468126296997,
  "val/kendall_tau_mean": 0.28693893551826477,
  "val/kendall_tau_top20_mean": 0.18619155883789062,
  "val/supervised_loss": 0.6604663133621216,
  "val/tnr_at_recall_75_mean": 0.5327869057655334,
  "val/kendall_tau_top10_mean": 0.17865793406963348,
  "val/recall_at_precision_90_mean": 0.11731843650341034,
  "val/tnr_at_recall_90_mean": 0.3852458894252777,
  "val/tnr_at_recall_95_mean": 0.24590164422988892,
  "val/recall_mean": 0.49162012338638306,
  "val/loss": 0.6604663133621216,
  "val/balanced_accuracy_mean": 0.6474493741989136,
  "val/recall_at_precision_75_mean": 0.5195530652999878,
  "val/cohen_kappa_mean": 0.2711864411830902,
  "val/tnr_at_recall_80_mean": 0.46721312403678894,
  "val/tnr_at_recall_85_mean": 0.41803279519081116,
  "val/sensitivity_mean": 0.49162012338638306,
  "val/mcc_mean": 0.29952943325042725,
  "val/enrichment_factor_mean": 1.321229100227356,
  "val/recall_at_precision_95_mean": 0.0670391097664833,
  "val/optimal_threshold_mean": 0.800753116607666,
  "val/average_precision_mean": 0.7721797227859497,
  "val/pos_lr_mean": 2.4990689754486084,
  "val/auroc_mean": 0.7062917947769165,
  "val/precision_mean": 0.7857142686843872,
  "val/recall_at_precision_85_mean": 0.1955307275056839,
  "val/spearman_rho_top50_mean": 0.17651866376399994,
  "val/recall_at_precision_80_mean": 0.4301675856113434,
  "val/ppv_mean": 0.7857142686843872,
  "training_epochs": 29,
  "best_lr": 0.0005,
  "best_weight_decay": 1.0
}