{
  "val/precision_mean": 0.6491228342056274,
  "val/recall_at_precision_90_mean": 0.0117647061124444,
  "val/specificity_mean": 0.45945945382118225,
  "val/kendall_tau_top10_mean": 0.08888328820466995,
  "val/recall_at_precision_75_mean": 0.03529411926865578,
  "val/kendall_tau_top50_mean": -0.018179915845394135,
  "val/ECE_mean": 0.07234055548906326,
  "val/kendall_tau_top20_mean": 0.032731976360082626,
  "val/f1_mean": 0.6510263681411743,
  "val/spearman_rho_top20_mean": 0.03894715756177902,
  "val/optimal_threshold_mean": 0.6675132513046265,
  "val/spearman_rho_top10_mean": 0.1062154546380043,
  "val/recall_at_precision_85_mean": 0.0117647061124444,
  "val/auroc_mean": 0.5503179430961609,
  "val/tnr_at_recall_90_mean": 0.027027027681469917,
  "val/tnr_at_recall_85_mean": 0.027027027681469917,
  "val/sensitivity_mean": 0.6529411673545837,
  "val/cohen_kappa_mean": 0.11257663369178772,
  "val/enrichment_factor_mean": 1.0729618072509766,
  "val/pos_lr_mean": 1.2079411745071411,
  "val/kendall_tau_mean": 0.07596614211797714,
  "val/ppv_mean": 0.6491228342056274,
  "val/supervised_loss": 0.6923824548721313,
  "val/spearman_rho_top50_mean": -0.021449558436870575,
  "val/tnr_at_recall_75_mean": 0.027027027681469917,
  "val/tnr_at_recall_95_mean": 0.027027027681469917,
  "val/average_precision_mean": 0.6390587091445923,
  "val/recall_mean": 0.6529411673545837,
  "val/balanced_accuracy_mean": 0.5562003254890442,
  "val/mcc_mean": 0.11257976293563843,
  "val/auprc_mean": 0.6390587091445923,
  "val/recall_at_precision_95_mean": 0.0117647061124444,
  "val/spearman_rho_mean": 0.08721379935741425,
  "val/recall_at_precision_80_mean": 0.0117647061124444,
  "val/loss": 0.6923824548721313,
  "val/tnr_at_recall_80_mean": 0.027027027681469917,
  "training_epochs": 46,
  "best_lr": 0.001,
  "best_weight_decay": 0.01
}