{
  "val/tnr_at_recall_95_mean": 0.0,
  "val/optimal_threshold_mean": 0.7307332754135132,
  "val/cohen_kappa_mean": 0.16436931490898132,
  "val/f1_mean": 0.5970149040222168,
  "val/tnr_at_recall_75_mean": 0.39393940567970276,
  "val/average_precision_mean": 0.7800300121307373,
  "val/balanced_accuracy_mean": 0.6113460063934326,
  "val/ECE_mean": 0.05957209691405296,
  "val/loss": 0.6317256093025208,
  "val/tnr_at_recall_90_mean": 0.0,
  "val/spearman_rho_top10_mean": -0.6017805933952332,
  "val/tnr_at_recall_85_mean": 0.1515151560306549,
  "val/kendall_tau_mean": 0.14630983769893646,
  "val/specificity_mean": 0.7575757503509521,
  "val/precision_mean": 0.8333333134651184,
  "val/spearman_rho_mean": 0.17039254307746887,
  "val/supervised_loss": 0.6317256093025208,
  "val/spearman_rho_top20_mean": -0.2839650511741638,
  "val/recall_at_precision_80_mean": 0.569767415523529,
  "val/enrichment_factor_mean": 1.1531007289886475,
  "val/kendall_tau_top20_mean": -0.24217171967029572,
  "val/kendall_tau_top50_mean": 0.101534903049469,
  "val/auprc_mean": 0.7800300121307373,
  "val/pos_lr_mean": 1.9186046123504639,
  "val/recall_at_precision_95_mean": 0.0,
  "val/spearman_rho_top50_mean": 0.11408945173025131,
  "val/recall_mean": 0.4651162922382355,
  "val/mcc_mean": 0.2032174915075302,
  "val/recall_at_precision_75_mean": 0.7906976938247681,
  "val/recall_at_precision_90_mean": 0.0,
  "val/auroc_mean": 0.6085271239280701,
  "val/recall_at_precision_85_mean": 0.1627907007932663,
  "val/kendall_tau_top10_mean": -0.5229763388633728,
  "val/tnr_at_recall_80_mean": 0.27272728085517883,
  "val/ppv_mean": 0.8333333134651184,
  "val/sensitivity_mean": 0.4651162922382355,
  "training_epochs": 1,
  "best_lr": 0.001,
  "best_weight_decay": 0.1
}