{
  "val/ppv_mean": 0.7052631378173828,
  "val/spearman_rho_top10_mean": -0.05698028951883316,
  "val/spearman_rho_mean": 0.06567893922328949,
  "val/kendall_tau_top20_mean": 0.16378460824489594,
  "val/auprc_mean": 0.7002395391464233,
  "val/auroc_mean": 0.5402930378913879,
  "val/specificity_mean": 0.3777777850627899,
  "val/f1_mean": 0.7204301357269287,
  "val/recall_at_precision_95_mean": 0.0,
  "val/precision_mean": 0.7052631378173828,
  "val/average_precision_mean": 0.7002395391464233,
  "val/enrichment_factor_mean": 1.0540196895599365,
  "val/kendall_tau_top10_mean": -0.04828045517206192,
  "val/kendall_tau_top50_mean": 0.009881422854959965,
  "val/recall_at_precision_75_mean": 0.1428571492433548,
  "val/ECE_mean": 0.06667827814817429,
  "val/optimal_threshold_mean": 0.6680753827095032,
  "val/supervised_loss": 0.7295544147491455,
  "val/tnr_at_recall_90_mean": 0.20000000298023224,
  "val/tnr_at_recall_95_mean": 0.13333334028720856,
  "val/recall_at_precision_90_mean": 0.10989011079072952,
  "val/cohen_kappa_mean": 0.11666250228881836,
  "val/recall_mean": 0.7362637519836426,
  "val/spearman_rho_top20_mean": 0.19672897458076477,
  "val/recall_at_precision_85_mean": 0.10989011079072952,
  "val/spearman_rho_top50_mean": 0.01201168168336153,
  "val/tnr_at_recall_75_mean": 0.3333333432674408,
  "val/pos_lr_mean": 1.1832810640335083,
  "val/loss": 0.7295544147491455,
  "val/recall_at_precision_80_mean": 0.1428571492433548,
  "val/balanced_accuracy_mean": 0.5570207834243774,
  "val/kendall_tau_mean": 0.05384325236082077,
  "val/sensitivity_mean": 0.7362637519836426,
  "val/tnr_at_recall_85_mean": 0.24444444477558136,
  "val/tnr_at_recall_80_mean": 0.2666666805744171,
  "val/mcc_mean": 0.11693275719881058,
  "training_epochs": 11,
  "best_lr": 0.001,
  "best_weight_decay": 0.1
}