{
  "val/spearman_rho_top50_mean": 0.027107320725917816,
  "val/auprc_mean": 0.6908153891563416,
  "val/recall_mean": 0.024096384644508362,
  "val/sensitivity_mean": 0.024096384644508362,
  "val/recall_at_precision_85_mean": 0.01807228848338127,
  "val/tnr_at_recall_90_mean": 0.1304347813129425,
  "val/cohen_kappa_mean": 0.00951528549194336,
  "val/tnr_at_recall_95_mean": 0.043478261679410934,
  "val/spearman_rho_mean": 0.11733037233352661,
  "val/pos_lr_mean": 2.216867446899414,
  "val/recall_at_precision_95_mean": 0.01807228848338127,
  "val/recall_at_precision_75_mean": 0.024096384644508362,
  "val/loss": 0.6932834982872009,
  "val/spearman_rho_top10_mean": 0.06504272669553757,
  "val/mcc_mean": 0.04595768451690674,
  "val/kendall_tau_top50_mean": 0.02689804695546627,
  "val/ECE_mean": 0.026414671912789345,
  "val/kendall_tau_top10_mean": 0.06250996887683868,
  "val/recall_at_precision_80_mean": 0.024096384644508362,
  "val/recall_at_precision_90_mean": 0.01807228848338127,
  "val/f1_mean": 0.046783626079559326,
  "val/optimal_threshold_mean": 0.6870325207710266,
  "val/balanced_accuracy_mean": 0.5066134333610535,
  "val/tnr_at_recall_75_mean": 0.27173912525177,
  "val/precision_mean": 0.800000011920929,
  "val/tnr_at_recall_85_mean": 0.16304348409175873,
  "val/average_precision_mean": 0.6908153891563416,
  "val/supervised_loss": 0.6932834982872009,
  "val/tnr_at_recall_80_mean": 0.16304348409175873,
  "val/enrichment_factor_mean": 1.2433735132217407,
  "val/kendall_tau_top20_mean": 0.08455943316221237,
  "val/ppv_mean": 0.800000011920929,
  "val/spearman_rho_top20_mean": 0.08623122423887253,
  "val/auroc_mean": 0.5640714764595032,
  "val/specificity_mean": 0.989130437374115,
  "val/kendall_tau_mean": 0.10628362745046616,
  "training_epochs": 44,
  "best_lr": 0.001,
  "best_weight_decay": 0.0
}