{
  "val/recall_at_precision_95_mean": 0.07407407462596893,
  "val/balanced_accuracy_mean": 0.681310772895813,
  "val/specificity_mean": 0.7021276354789734,
  "val/kendall_tau_top20_mean": 0.015099608339369297,
  "val/tnr_at_recall_90_mean": 0.21276596188545227,
  "val/kendall_tau_top10_mean": 0.3695041835308075,
  "val/recall_at_precision_75_mean": 0.7469135522842407,
  "val/supervised_loss": 0.5964963436126709,
  "val/average_precision_mean": 0.7975330948829651,
  "val/mcc_mean": 0.3501187860965729,
  "val/kendall_tau_top50_mean": 0.0860241949558258,
  "val/recall_at_precision_80_mean": 0.604938268661499,
  "val/ECE_mean": 0.05797388777136803,
  "val/recall_at_precision_85_mean": 0.2530864179134369,
  "val/recall_at_precision_90_mean": 0.1111111119389534,
  "val/tnr_at_recall_85_mean": 0.41489362716674805,
  "val/precision_mean": 0.7925925850868225,
  "val/spearman_rho_mean": 0.34771928191185,
  "val/spearman_rho_top20_mean": 0.018314486369490623,
  "val/optimal_threshold_mean": 0.602260410785675,
  "val/recall_mean": 0.6604938507080078,
  "val/sensitivity_mean": 0.6604938507080078,
  "val/enrichment_factor_mean": 1.2524919509887695,
  "val/auprc_mean": 0.7975330948829651,
  "val/loss": 0.5964963436126709,
  "val/f1_mean": 0.7205387353897095,
  "val/tnr_at_recall_95_mean": 0.1595744639635086,
  "val/kendall_tau_mean": 0.28446558117866516,
  "val/spearman_rho_top10_mean": 0.4437601566314697,
  "val/tnr_at_recall_80_mean": 0.4680851101875305,
  "val/pos_lr_mean": 2.217372179031372,
  "val/cohen_kappa_mean": 0.3420042097568512,
  "val/spearman_rho_top50_mean": 0.10494852811098099,
  "val/auroc_mean": 0.7082348465919495,
  "val/tnr_at_recall_75_mean": 0.5531914830207825,
  "val/ppv_mean": 0.7925925850868225,
  "training_epochs": 20,
  "best_lr": 0.0005,
  "best_weight_decay": 1.0
}