{
  "val/recall_at_precision_75_mean": 0.5899280309677124,
  "val/specificity_mean": 0.609375,
  "val/ppv_mean": 0.7641509175300598,
  "val/optimal_threshold_mean": 0.7105156779289246,
  "val/supervised_loss": 0.6651991605758667,
  "val/recall_mean": 0.5827338099479675,
  "val/recall_at_precision_90_mean": 0.0,
  "val/kendall_tau_mean": 0.1366415023803711,
  "val/tnr_at_recall_90_mean": 0.125,
  "val/spearman_rho_mean": 0.1487666815519333,
  "val/recall_at_precision_95_mean": 0.0,
  "val/cohen_kappa_mean": 0.16864854097366333,
  "val/kendall_tau_top20_mean": 0.18463723361492157,
  "val/tnr_at_recall_85_mean": 0.171875,
  "val/spearman_rho_top50_mean": -0.004657539539039135,
  "val/kendall_tau_top10_mean": 0.36335259675979614,
  "val/recall_at_precision_85_mean": 0.0,
  "val/spearman_rho_top20_mean": 0.18811827898025513,
  "val/enrichment_factor_mean": 1.1159902811050415,
  "val/mcc_mean": 0.1786923110485077,
  "val/auroc_mean": 0.5854316353797913,
  "val/tnr_at_recall_80_mean": 0.21875,
  "val/balanced_accuracy_mean": 0.5960544347763062,
  "val/spearman_rho_top10_mean": 0.37706881761550903,
  "val/kendall_tau_top50_mean": -0.004623119253665209,
  "val/tnr_at_recall_75_mean": 0.21875,
  "val/ECE_mean": 0.07683921605348587,
  "val/tnr_at_recall_95_mean": 0.09375,
  "val/recall_at_precision_80_mean": 0.0,
  "val/pos_lr_mean": 1.4917985200881958,
  "val/f1_mean": 0.6612244844436646,
  "val/average_precision_mean": 0.7329656481742859,
  "val/loss": 0.6651991605758667,
  "val/sensitivity_mean": 0.5827338099479675,
  "val/auprc_mean": 0.7329656481742859,
  "val/precision_mean": 0.7641509175300598,
  "training_epochs": 110,
  "best_lr": 0.0005,
  "best_weight_decay": 0.0
}