{
  "val/ppv_mean": 0.8064516186714172,
  "val/average_precision_mean": 0.7637506723403931,
  "val/recall_at_precision_95_mean": 0.0,
  "val/pos_lr_mean": 1.6585760116577148,
  "val/recall_at_precision_90_mean": 0.08737864345312119,
  "val/recall_mean": 0.48543688654899597,
  "val/tnr_at_recall_90_mean": 0.12195122241973877,
  "val/auprc_mean": 0.7637506723403931,
  "val/f1_mean": 0.6060606241226196,
  "val/supervised_loss": 0.6583611965179443,
  "val/mcc_mean": 0.17567545175552368,
  "val/tnr_at_recall_75_mean": 0.2926829159259796,
  "val/ECE_mean": 0.0379323735833168,
  "val/enrichment_factor_mean": 1.1274663209915161,
  "val/recall_at_precision_75_mean": 0.5436893105506897,
  "val/recall_at_precision_80_mean": 0.49514561891555786,
  "val/auroc_mean": 0.5586076378822327,
  "val/balanced_accuracy_mean": 0.5963769555091858,
  "val/optimal_threshold_mean": 0.7137618064880371,
  "val/tnr_at_recall_80_mean": 0.1463414579629898,
  "val/spearman_rho_top20_mean": 0.0173161793500185,
  "val/recall_at_precision_85_mean": 0.13592232763767242,
  "val/spearman_rho_top10_mean": -0.1519109010696411,
  "val/precision_mean": 0.8064516186714172,
  "val/kendall_tau_top10_mean": -0.1283881515264511,
  "val/kendall_tau_top50_mean": 0.13957548141479492,
  "val/kendall_tau_mean": 0.07506895810365677,
  "val/spearman_rho_top50_mean": 0.16976946592330933,
  "val/tnr_at_recall_85_mean": 0.12195122241973877,
  "val/tnr_at_recall_95_mean": 0.0731707289814949,
  "val/kendall_tau_top20_mean": 0.014388861134648323,
  "val/cohen_kappa_mean": 0.1481616348028183,
  "val/specificity_mean": 0.707317054271698,
  "val/loss": 0.6583611965179443,
  "val/spearman_rho_mean": 0.0916227400302887,
  "val/sensitivity_mean": 0.48543688654899597,
  "training_epochs": 4,
  "best_lr": 0.001,
  "best_weight_decay": 1.0
}