{
  "val/optimal_threshold_mean": 0.673677921295166,
  "val/balanced_accuracy_mean": 0.574999988079071,
  "val/recall_at_precision_80_mean": 0.0,
  "val/pos_lr_mean": 1.600000023841858,
  "val/recall_at_precision_95_mean": 0.0,
  "val/recall_at_precision_85_mean": 0.0,
  "val/ppv_mean": 0.7123287916183472,
  "val/recall_mean": 0.4000000059604645,
  "val/tnr_at_recall_80_mean": 0.1547619104385376,
  "val/kendall_tau_top10_mean": -0.20367002487182617,
  "val/kendall_tau_top20_mean": -0.08621610701084137,
  "val/spearman_rho_mean": 0.07110218703746796,
  "val/spearman_rho_top20_mean": -0.10435768961906433,
  "val/kendall_tau_top50_mean": 0.11306815594434738,
  "val/specificity_mean": 0.75,
  "val/precision_mean": 0.7123287916183472,
  "val/tnr_at_recall_85_mean": 0.1071428582072258,
  "val/tnr_at_recall_90_mean": 0.095238097012043,
  "val/f1_mean": 0.5123152732849121,
  "val/auroc_mean": 0.5420329570770264,
  "val/tnr_at_recall_75_mean": 0.2261904776096344,
  "val/recall_at_precision_75_mean": 0.0,
  "val/sensitivity_mean": 0.4000000059604645,
  "val/tnr_at_recall_95_mean": 0.0595238097012043,
  "val/loss": 0.7634671926498413,
  "val/ECE_mean": 0.13696305453777313,
  "val/kendall_tau_mean": 0.05819017440080643,
  "val/mcc_mean": 0.15450111031532288,
  "val/spearman_rho_top10_mean": -0.24370871484279633,
  "val/enrichment_factor_mean": 1.172602653503418,
  "val/average_precision_mean": 0.6499186754226685,
  "val/supervised_loss": 0.7634671926498413,
  "val/auprc_mean": 0.6499186754226685,
  "val/recall_at_precision_90_mean": 0.0,
  "val/spearman_rho_top50_mean": 0.13783705234527588,
  "val/cohen_kappa_mean": 0.13392199575901031,
  "training_epochs": 10,
  "best_lr": 0.0005,
  "best_weight_decay": 0.1
}