{
  "val/kendall_tau_top20_mean": -0.16181915998458862,
  "val/tnr_at_recall_75_mean": 0.3636363744735718,
  "val/ECE_mean": 0.13789264857769012,
  "val/tnr_at_recall_95_mean": 0.06493506580591202,
  "val/supervised_loss": 0.7464185953140259,
  "val/spearman_rho_top20_mean": -0.195972740650177,
  "val/recall_at_precision_90_mean": 0.013605441898107529,
  "val/recall_at_precision_95_mean": 0.013605441898107529,
  "val/recall_at_precision_75_mean": 0.013605441898107529,
  "val/specificity_mean": 0.5844155550003052,
  "val/optimal_threshold_mean": 0.6013173460960388,
  "val/enrichment_factor_mean": 1.1337143182754517,
  "val/tnr_at_recall_85_mean": 0.27272728085517883,
  "val/recall_at_precision_80_mean": 0.013605441898107529,
  "val/spearman_rho_mean": 0.12537242472171783,
  "val/kendall_tau_top50_mean": -0.05865977331995964,
  "val/recall_at_precision_85_mean": 0.013605441898107529,
  "val/average_precision_mean": 0.6910403966903687,
  "val/auroc_mean": 0.5761992931365967,
  "val/loss": 0.7464185953140259,
  "val/tnr_at_recall_90_mean": 0.19480518996715546,
  "val/precision_mean": 0.7440000176429749,
  "val/kendall_tau_top10_mean": -0.13677529990673065,
  "val/sensitivity_mean": 0.6326530575752258,
  "val/ppv_mean": 0.7440000176429749,
  "val/tnr_at_recall_80_mean": 0.33766233921051025,
  "val/recall_mean": 0.6326530575752258,
  "val/mcc_mean": 0.20760056376457214,
  "val/balanced_accuracy_mean": 0.6085343360900879,
  "val/spearman_rho_top50_mean": -0.07152465730905533,
  "val/kendall_tau_mean": 0.10259439051151276,
  "val/cohen_kappa_mean": 0.20324261486530304,
  "val/auprc_mean": 0.6910403966903687,
  "val/pos_lr_mean": 1.5223214626312256,
  "val/spearman_rho_top10_mean": -0.16383275389671326,
  "val/f1_mean": 0.6838235259056091,
  "training_epochs": 25,
  "best_lr": 0.001,
  "best_weight_decay": 0.01
}