{
  "val/loss": 0.692054271697998,
  "val/tnr_at_recall_80_mean": 0.38947367668151855,
  "val/tnr_at_recall_90_mean": 0.15789473056793213,
  "val/supervised_loss": 0.692054271697998,
  "val/average_precision_mean": 0.7213670611381531,
  "val/cohen_kappa_mean": 0.23878513276576996,
  "val/ECE_mean": 0.0984531044960022,
  "val/enrichment_factor_mean": 1.1590697765350342,
  "val/kendall_tau_mean": 0.15169143676757812,
  "val/auprc_mean": 0.7213670611381531,
  "val/recall_at_precision_95_mean": 0.023255813866853714,
  "val/tnr_at_recall_85_mean": 0.2210526317358017,
  "val/mcc_mean": 0.24234986305236816,
  "val/tnr_at_recall_95_mean": 0.10526315867900848,
  "val/precision_mean": 0.746666669845581,
  "val/optimal_threshold_mean": 0.6541764736175537,
  "val/specificity_mean": 0.6000000238418579,
  "val/balanced_accuracy_mean": 0.6255813837051392,
  "val/recall_at_precision_80_mean": 0.06976744532585144,
  "val/kendall_tau_top50_mean": -0.059606026858091354,
  "val/spearman_rho_top50_mean": -0.07272926717996597,
  "val/recall_at_precision_85_mean": 0.023255813866853714,
  "val/spearman_rho_mean": 0.18543636798858643,
  "val/tnr_at_recall_75_mean": 0.42105263471603394,
  "val/sensitivity_mean": 0.6511628031730652,
  "val/auroc_mean": 0.6118115186691284,
  "val/kendall_tau_top10_mean": -0.05063696950674057,
  "val/recall_mean": 0.6511628031730652,
  "val/f1_mean": 0.695652186870575,
  "val/spearman_rho_top10_mean": -0.06085806339979172,
  "val/recall_at_precision_90_mean": 0.023255813866853714,
  "val/pos_lr_mean": 1.6279069185256958,
  "val/spearman_rho_top20_mean": 0.0465482734143734,
  "val/kendall_tau_top20_mean": 0.03836338222026825,
  "val/recall_at_precision_75_mean": 0.1627907007932663,
  "val/ppv_mean": 0.746666669845581,
  "training_epochs": 22,
  "best_lr": 0.0005,
  "best_weight_decay": 0.0
}