{
  "val/tnr_at_recall_95_mean": 0.06779661029577255,
  "val/average_precision_mean": 0.8058843016624451,
  "val/ppv_mean": 0.9056603908538818,
  "val/tnr_at_recall_80_mean": 0.2542372941970825,
  "val/enrichment_factor_mean": 1.3297394514083862,
  "val/tnr_at_recall_85_mean": 0.20338982343673706,
  "val/auprc_mean": 0.8058843016624451,
  "val/tnr_at_recall_90_mean": 0.10169491171836853,
  "val/supervised_loss": 0.6579957008361816,
  "val/kendall_tau_top20_mean": 0.006745371967554092,
  "val/spearman_rho_mean": 0.21348506212234497,
  "val/kendall_tau_mean": 0.17478029429912567,
  "val/pos_lr_mean": 4.495238304138184,
  "val/optimal_threshold_mean": 0.7921858429908752,
  "val/mcc_mean": 0.30533820390701294,
  "val/f1_mean": 0.5363128781318665,
  "val/balanced_accuracy_mean": 0.6481032967567444,
  "val/auroc_mean": 0.632230281829834,
  "val/precision_mean": 0.9056603908538818,
  "val/tnr_at_recall_75_mean": 0.2711864411830902,
  "val/specificity_mean": 0.9152542352676392,
  "val/kendall_tau_top50_mean": 0.23096032440662384,
  "val/recall_mean": 0.380952388048172,
  "val/sensitivity_mean": 0.380952388048172,
  "val/recall_at_precision_75_mean": 0.5952380895614624,
  "val/cohen_kappa_mean": 0.22288577258586884,
  "val/loss": 0.6579957008361816,
  "val/spearman_rho_top50_mean": 0.2813425660133362,
  "val/ECE_mean": 0.1275211125612259,
  "val/recall_at_precision_80_mean": 0.5158730149269104,
  "val/spearman_rho_top10_mean": -0.11687050014734268,
  "val/recall_at_precision_95_mean": 0.0476190485060215,
  "val/kendall_tau_top10_mean": -0.09803921729326248,
  "val/recall_at_precision_90_mean": 0.3888888955116272,
  "val/spearman_rho_top20_mean": 0.008151933550834656,
  "val/recall_at_precision_85_mean": 0.4126984179019928,
  "training_epochs": 82,
  "best_lr": 0.0001,
  "best_weight_decay": 1.0
}