{
  "val/average_precision_mean": 0.7127188444137573,
  "val/recall_at_precision_80_mean": 0.0555555559694767,
  "val/tnr_at_recall_80_mean": 0.27659574151039124,
  "val/precision_mean": 0.6931818127632141,
  "val/enrichment_factor_mean": 1.0953984260559082,
  "val/kendall_tau_top10_mean": 0.04325904697179794,
  "val/spearman_rho_top10_mean": 0.051952432841062546,
  "val/mcc_mean": 0.18575741350650787,
  "val/tnr_at_recall_95_mean": 0.06382978707551956,
  "val/recall_mean": 0.7530864477157593,
  "val/optimal_threshold_mean": 0.5492997169494629,
  "val/recall_at_precision_95_mean": 0.018518518656492233,
  "val/loss": 0.6762208342552185,
  "val/kendall_tau_top20_mean": 0.09597864747047424,
  "val/auroc_mean": 0.5914105772972107,
  "val/supervised_loss": 0.6762208342552185,
  "val/pos_lr_mean": 1.310928225517273,
  "val/kendall_tau_top50_mean": 0.08302702009677887,
  "val/cohen_kappa_mean": 0.18438178300857544,
  "val/spearman_rho_mean": 0.1526412069797516,
  "val/balanced_accuracy_mean": 0.5893091559410095,
  "val/tnr_at_recall_90_mean": 0.13829787075519562,
  "val/sensitivity_mean": 0.7530864477157593,
  "val/ppv_mean": 0.6931818127632141,
  "val/tnr_at_recall_75_mean": 0.42553192377090454,
  "val/recall_at_precision_75_mean": 0.2777777910232544,
  "val/ECE_mean": 0.0875546857714653,
  "val/recall_at_precision_90_mean": 0.0555555559694767,
  "val/kendall_tau_mean": 0.12487420439720154,
  "val/spearman_rho_top50_mean": 0.10129201412200928,
  "val/tnr_at_recall_85_mean": 0.21276596188545227,
  "val/spearman_rho_top20_mean": 0.11641358584165573,
  "val/specificity_mean": 0.42553192377090454,
  "val/f1_mean": 0.7218934893608093,
  "val/recall_at_precision_85_mean": 0.0555555559694767,
  "val/auprc_mean": 0.7127188444137573,
  "training_epochs": 20,
  "best_lr": 0.0005,
  "best_weight_decay": 0.01
}