{
  "val/recall_at_precision_95_mean": 0.02777777798473835,
  "val/pos_lr_mean": 1.313131332397461,
  "val/ECE_mean": 0.1946108490228653,
  "val/balanced_accuracy_mean": 0.6076388955116272,
  "val/spearman_rho_top10_mean": -0.13006649911403656,
  "val/recall_at_precision_90_mean": 0.02777777798473835,
  "val/supervised_loss": 0.76861971616745,
  "val/cohen_kappa_mean": 0.24750499427318573,
  "val/kendall_tau_top10_mean": -0.10882143676280975,
  "val/specificity_mean": 0.3125,
  "val/f1_mean": 0.8176100850105286,
  "val/optimal_threshold_mean": 0.2641884386539459,
  "val/recall_at_precision_75_mean": 0.875,
  "val/enrichment_factor_mean": 1.0791826248168945,
  "val/recall_at_precision_80_mean": 0.3055555522441864,
  "val/tnr_at_recall_75_mean": 0.390625,
  "val/spearman_rho_mean": 0.17851577699184418,
  "val/ppv_mean": 0.7471264600753784,
  "val/mcc_mean": 0.2686930000782013,
  "val/precision_mean": 0.7471264600753784,
  "val/loss": 0.76861971616745,
  "val/spearman_rho_top50_mean": 0.06065385416150093,
  "val/auroc_mean": 0.6116536259651184,
  "val/recall_mean": 0.9027777910232544,
  "val/recall_at_precision_85_mean": 0.02777777798473835,
  "val/tnr_at_recall_90_mean": 0.3125,
  "val/auprc_mean": 0.7620919942855835,
  "val/tnr_at_recall_85_mean": 0.34375,
  "val/tnr_at_recall_95_mean": 0.203125,
  "val/average_precision_mean": 0.7620919942855835,
  "val/kendall_tau_top20_mean": 0.0,
  "val/tnr_at_recall_80_mean": 0.375,
  "val/kendall_tau_mean": 0.14611081779003143,
  "val/kendall_tau_top50_mean": 0.049765702337026596,
  "val/spearman_rho_top20_mean": 0.0,
  "val/sensitivity_mean": 0.9027777910232544,
  "training_epochs": 82,
  "best_lr": 0.0005,
  "best_weight_decay": 0.1
}