{
  "val/tnr_at_recall_85_mean": 0.4038461446762085,
  "val/recall_at_precision_90_mean": 0.027397260069847107,
  "val/kendall_tau_top10_mean": -0.3079565763473511,
  "val/recall_mean": 0.8904109597206116,
  "val/tnr_at_recall_95_mean": 0.2884615361690521,
  "val/supervised_loss": 0.6518102884292603,
  "val/balanced_accuracy_mean": 0.6375131607055664,
  "val/recall_at_precision_75_mean": 0.465753436088562,
  "val/spearman_rho_mean": 0.31711772084236145,
  "val/specificity_mean": 0.38461539149284363,
  "val/optimal_threshold_mean": 0.5051087141036987,
  "val/tnr_at_recall_90_mean": 0.38461539149284363,
  "val/recall_at_precision_80_mean": 0.3835616409778595,
  "val/mcc_mean": 0.325141578912735,
  "val/kendall_tau_mean": 0.2599591910839081,
  "val/f1_mean": 0.7647058963775635,
  "val/enrichment_factor_mean": 1.1474368572235107,
  "val/ppv_mean": 0.6701030731201172,
  "val/loss": 0.6518102884292603,
  "val/kendall_tau_top50_mean": 0.11276406794786453,
  "val/auprc_mean": 0.7227542400360107,
  "val/sensitivity_mean": 0.8904109597206116,
  "val/auroc_mean": 0.6857218146324158,
  "val/cohen_kappa_mean": 0.29458239674568176,
  "val/spearman_rho_top50_mean": 0.1370067447423935,
  "val/tnr_at_recall_80_mean": 0.4038461446762085,
  "val/precision_mean": 0.6701030731201172,
  "val/recall_at_precision_85_mean": 0.027397260069847107,
  "val/recall_at_precision_95_mean": 0.027397260069847107,
  "val/average_precision_mean": 0.7227542400360107,
  "val/ECE_mean": 0.11342353373765945,
  "val/kendall_tau_top20_mean": -0.03244428336620331,
  "val/pos_lr_mean": 1.4469177722930908,
  "val/spearman_rho_top20_mean": -0.038964323699474335,
  "val/tnr_at_recall_75_mean": 0.4615384638309479,
  "val/spearman_rho_top10_mean": -0.3623715341091156,
  "training_epochs": 595,
  "best_lr": 1e-05,
  "best_weight_decay": 1.0
}