{
  "val/recall_mean": 0.6566265225410461,
  "val/specificity_mean": 0.554347813129425,
  "val/mcc_mean": 0.20484250783920288,
  "val/auprc_mean": 0.7547784447669983,
  "val/tnr_at_recall_75_mean": 0.42391303181648254,
  "val/tnr_at_recall_80_mean": 0.3804347813129425,
  "val/ppv_mean": 0.7266666889190674,
  "val/optimal_threshold_mean": 0.528681755065918,
  "val/supervised_loss": 0.6973584890365601,
  "val/recall_at_precision_80_mean": 0.20481927692890167,
  "val/loss": 0.6973584890365601,
  "val/enrichment_factor_mean": 1.1293976306915283,
  "val/spearman_rho_mean": 0.217490091919899,
  "val/sensitivity_mean": 0.6566265225410461,
  "val/ECE_mean": 0.0822761207818985,
  "val/tnr_at_recall_85_mean": 0.260869562625885,
  "val/recall_at_precision_85_mean": 0.17469879984855652,
  "val/recall_at_precision_90_mean": 0.07228915393352509,
  "val/average_precision_mean": 0.7547784447669983,
  "val/recall_at_precision_95_mean": 0.048192769289016724,
  "val/auroc_mean": 0.6310568451881409,
  "val/f1_mean": 0.6898733973503113,
  "val/kendall_tau_top10_mean": 0.06471973657608032,
  "val/kendall_tau_top20_mean": 0.21476420760154724,
  "val/precision_mean": 0.7266666889190674,
  "val/spearman_rho_top20_mean": 0.25800710916519165,
  "val/tnr_at_recall_95_mean": 0.1304347813129425,
  "val/kendall_tau_top50_mean": 0.06736346334218979,
  "val/spearman_rho_top50_mean": 0.08199306577444077,
  "val/recall_at_precision_75_mean": 0.5240963697433472,
  "val/kendall_tau_mean": 0.17838773131370544,
  "val/balanced_accuracy_mean": 0.6054871678352356,
  "val/cohen_kappa_mean": 0.20310136675834656,
  "val/pos_lr_mean": 1.4734058380126953,
  "val/spearman_rho_top10_mean": 0.07697673887014389,
  "val/tnr_at_recall_90_mean": 0.19565217196941376,
  "training_epochs": 43,
  "best_lr": 0.0005,
  "best_weight_decay": 0.1
}