{
  "val/f1_mean": 0.6835442781448364,
  "val/optimal_threshold_mean": 0.6685972213745117,
  "val/kendall_tau_top20_mean": -0.004821979906409979,
  "val/precision_mean": 0.7377049326896667,
  "val/enrichment_factor_mean": 1.1274358034133911,
  "val/recall_at_precision_75_mean": 0.5047169923782349,
  "val/spearman_rho_top20_mean": -0.005860090255737305,
  "val/spearman_rho_mean": 0.20038625597953796,
  "val/ECE_mean": 0.09147217124700546,
  "val/supervised_loss": 0.698884129524231,
  "val/recall_at_precision_80_mean": 0.0,
  "val/recall_at_precision_85_mean": 0.0,
  "val/tnr_at_recall_95_mean": 0.1607142835855484,
  "val/tnr_at_recall_90_mean": 0.2321428507566452,
  "val/auprc_mean": 0.7218199968338013,
  "val/tnr_at_recall_80_mean": 0.3571428656578064,
  "val/recall_at_precision_95_mean": 0.0,
  "val/ppv_mean": 0.7377049326896667,
  "val/recall_mean": 0.6367924809455872,
  "val/spearman_rho_top10_mean": -0.2657547891139984,
  "val/kendall_tau_top10_mean": -0.22035223245620728,
  "val/tnr_at_recall_75_mean": 0.4107142984867096,
  "val/specificity_mean": 0.5714285969734192,
  "val/pos_lr_mean": 1.4858490228652954,
  "val/average_precision_mean": 0.7218199968338013,
  "val/mcc_mean": 0.19974063336849213,
  "val/kendall_tau_mean": 0.16386698186397552,
  "val/cohen_kappa_mean": 0.1962372064590454,
  "val/kendall_tau_top50_mean": 0.047374844551086426,
  "val/auroc_mean": 0.6216307282447815,
  "val/sensitivity_mean": 0.6367924809455872,
  "val/balanced_accuracy_mean": 0.6041105389595032,
  "val/spearman_rho_top50_mean": 0.05784384533762932,
  "val/loss": 0.698884129524231,
  "val/tnr_at_recall_85_mean": 0.2678571343421936,
  "val/recall_at_precision_90_mean": 0.0,
  "training_epochs": 8,
  "best_lr": 0.0005,
  "best_weight_decay": 1.0
}