{
  "val/average_precision_mean": 0.809457540512085,
  "val/auprc_mean": 0.809457540512085,
  "val/f1_mean": 0.8110598921775818,
  "val/ppv_mean": 0.7719298005104065,
  "val/tnr_at_recall_95_mean": 0.17073170840740204,
  "val/spearman_rho_top10_mean": 0.4472135901451111,
  "val/tnr_at_recall_85_mean": 0.3658536672592163,
  "val/recall_mean": 0.8543689250946045,
  "val/precision_mean": 0.7719298005104065,
  "val/tnr_at_recall_80_mean": 0.3658536672592163,
  "val/loss": 0.6420988440513611,
  "val/spearman_rho_top50_mean": 0.18017713725566864,
  "val/kendall_tau_top20_mean": 0.32232919335365295,
  "val/pos_lr_mean": 1.3472740650177002,
  "val/optimal_threshold_mean": 0.523956835269928,
  "val/kendall_tau_top50_mean": 0.14813213050365448,
  "val/recall_at_precision_90_mean": 0.12621359527111053,
  "val/kendall_tau_mean": 0.15301935374736786,
  "val/tnr_at_recall_90_mean": 0.24390244483947754,
  "val/recall_at_precision_95_mean": 0.12621359527111053,
  "val/mcc_mean": 0.24471430480480194,
  "val/tnr_at_recall_75_mean": 0.4146341383457184,
  "val/spearman_rho_top20_mean": 0.38790491223335266,
  "val/sensitivity_mean": 0.8543689250946045,
  "val/recall_at_precision_85_mean": 0.18446601927280426,
  "val/cohen_kappa_mean": 0.23956723511219025,
  "val/recall_at_precision_75_mean": 0.9126213788986206,
  "val/kendall_tau_top10_mean": 0.37796446681022644,
  "val/specificity_mean": 0.3658536672592163,
  "val/supervised_loss": 0.6420988440513611,
  "val/recall_at_precision_80_mean": 0.42718446254730225,
  "val/spearman_rho_mean": 0.18676230311393738,
  "val/ECE_mean": 0.0737546980381012,
  "val/auroc_mean": 0.6194648146629333,
  "val/enrichment_factor_mean": 1.0792028903961182,
  "val/balanced_accuracy_mean": 0.6101112961769104,
  "training_epochs": 25,
  "best_lr": 0.001,
  "best_weight_decay": 1.0
}