{
  "val/auprc_mean": 0.7640852332115173,
  "val/recall_at_precision_90_mean": 0.032967034727334976,
  "val/spearman_rho_top20_mean": -0.05718862637877464,
  "val/tnr_at_recall_80_mean": 0.46666666865348816,
  "val/precision_mean": 0.7857142686843872,
  "val/kendall_tau_mean": 0.21991053223609924,
  "val/spearman_rho_top10_mean": 0.17817416787147522,
  "val/kendall_tau_top20_mean": -0.04755116626620293,
  "val/sensitivity_mean": 0.7252747416496277,
  "val/tnr_at_recall_85_mean": 0.31111112236976624,
  "val/spearman_rho_top50_mean": -0.025611745193600655,
  "val/tnr_at_recall_90_mean": 0.31111112236976624,
  "val/specificity_mean": 0.6000000238418579,
  "val/recall_at_precision_95_mean": 0.032967034727334976,
  "val/cohen_kappa_mean": 0.3129699230194092,
  "val/enrichment_factor_mean": 1.174254298210144,
  "val/spearman_rho_mean": 0.2668341398239136,
  "val/tnr_at_recall_95_mean": 0.24444444477558136,
  "val/loss": 0.7059558629989624,
  "val/auroc_mean": 0.6636141538619995,
  "val/recall_at_precision_85_mean": 0.032967034727334976,
  "val/tnr_at_recall_75_mean": 0.5111111402511597,
  "val/recall_mean": 0.7252747416496277,
  "val/f1_mean": 0.7542856931686401,
  "val/pos_lr_mean": 1.813186764717102,
  "val/recall_at_precision_80_mean": 0.3076923191547394,
  "val/optimal_threshold_mean": 0.673297107219696,
  "val/recall_at_precision_75_mean": 0.8021978139877319,
  "val/average_precision_mean": 0.7640852332115173,
  "val/kendall_tau_top10_mean": 0.15097026526927948,
  "val/balanced_accuracy_mean": 0.6626373529434204,
  "val/kendall_tau_top50_mean": -0.02106952853500843,
  "val/ppv_mean": 0.7857142686843872,
  "val/supervised_loss": 0.7059558629989624,
  "val/mcc_mean": 0.31494590640068054,
  "val/ECE_mean": 0.08047303557395935,
  "training_epochs": 14,
  "best_lr": 0.0005,
  "best_weight_decay": 0.01
}