{
  "val/recall_at_precision_75_mean": 0.5102040767669678,
  "val/kendall_tau_mean": 0.13102345168590546,
  "val/recall_at_precision_95_mean": 0.020408162847161293,
  "val/mcc_mean": 0.1791228950023651,
  "val/optimal_threshold_mean": 0.6663559079170227,
  "val/spearman_rho_top50_mean": 0.01808507740497589,
  "val/tnr_at_recall_95_mean": 0.06493506580591202,
  "val/precision_mean": 0.7202796936035156,
  "val/balanced_accuracy_mean": 0.5905998945236206,
  "val/recall_at_precision_90_mean": 0.020408162847161293,
  "val/kendall_tau_top50_mean": 0.014832178130745888,
  "val/recall_mean": 0.7006802558898926,
  "val/pos_lr_mean": 1.3488094806671143,
  "val/tnr_at_recall_75_mean": 0.37662336230278015,
  "val/specificity_mean": 0.48051947355270386,
  "val/ppv_mean": 0.7202796936035156,
  "val/auprc_mean": 0.7210394144058228,
  "val/spearman_rho_top20_mean": -0.12056070566177368,
  "val/tnr_at_recall_90_mean": 0.1428571492433548,
  "val/kendall_tau_top20_mean": -0.09954972565174103,
  "val/cohen_kappa_mean": 0.17898595333099365,
  "val/average_precision_mean": 0.7210394144058228,
  "val/enrichment_factor_mean": 1.0975691080093384,
  "val/tnr_at_recall_80_mean": 0.31168830394744873,
  "val/spearman_rho_top10_mean": -0.09652341902256012,
  "val/f1_mean": 0.7103448510169983,
  "val/supervised_loss": 0.6441515684127808,
  "val/recall_at_precision_80_mean": 0.040816325694322586,
  "val/recall_at_precision_85_mean": 0.040816325694322586,
  "val/kendall_tau_top10_mean": -0.08058229833841324,
  "val/ECE_mean": 0.04714006185531616,
  "val/auroc_mean": 0.5973142385482788,
  "val/spearman_rho_mean": 0.16011330485343933,
  "val/tnr_at_recall_85_mean": 0.25974026322364807,
  "val/sensitivity_mean": 0.7006802558898926,
  "val/loss": 0.6441515684127808,
  "training_epochs": 38,
  "best_lr": 0.001,
  "best_weight_decay": 1.0
}