{
  "val/balanced_accuracy_mean": 0.6374375224113464,
  "val/tnr_at_recall_85_mean": 0.29032257199287415,
  "val/optimal_threshold_mean": 0.6506114602088928,
  "val/kendall_tau_top50_mean": -0.0923299714922905,
  "val/auroc_mean": 0.6146069765090942,
  "val/enrichment_factor_mean": 1.144425868988037,
  "val/ppv_mean": 0.7966101765632629,
  "val/tnr_at_recall_80_mean": 0.4032258093357086,
  "val/pos_lr_mean": 1.7100938558578491,
  "val/spearman_rho_top10_mean": 0.08671099692583084,
  "val/tnr_at_recall_75_mean": 0.4354838728904724,
  "val/tnr_at_recall_90_mean": 0.22580644488334656,
  "val/sensitivity_mean": 0.6619718074798584,
  "val/average_precision_mean": 0.76748126745224,
  "val/ECE_mean": 0.10658103972673416,
  "val/specificity_mean": 0.6129032373428345,
  "val/recall_at_precision_90_mean": 0.06338027864694595,
  "val/spearman_rho_mean": 0.1826067417860031,
  "val/cohen_kappa_mean": 0.247849240899086,
  "val/supervised_loss": 0.6872354745864868,
  "val/loss": 0.6872354745864868,
  "val/f1_mean": 0.7230769395828247,
  "val/auprc_mean": 0.76748126745224,
  "val/kendall_tau_top10_mean": 0.07254762202501297,
  "val/spearman_rho_top50_mean": -0.11253038048744202,
  "val/recall_mean": 0.6619718074798584,
  "val/kendall_tau_mean": 0.1494627743959427,
  "val/precision_mean": 0.7966101765632629,
  "val/tnr_at_recall_95_mean": 0.12903225421905518,
  "val/recall_at_precision_95_mean": 0.04929577559232712,
  "val/recall_at_precision_75_mean": 0.8028169274330139,
  "val/mcc_mean": 0.25602662563323975,
  "val/recall_at_precision_85_mean": 0.06338027864694595,
  "val/spearman_rho_top20_mean": 0.21267148852348328,
  "val/kendall_tau_top20_mean": 0.17580270767211914,
  "val/recall_at_precision_80_mean": 0.14084507524967194,
  "training_epochs": 18,
  "best_lr": 0.0001,
  "best_weight_decay": 0.0
}