{
  "val/recall_at_precision_80_mean": 0.1428571492433548,
  "val/spearman_rho_top20_mean": 0.12041683495044708,
  "val/recall_at_precision_90_mean": 0.05042016878724098,
  "val/tnr_at_recall_80_mean": 0.3492063581943512,
  "val/average_precision_mean": 0.735728919506073,
  "val/kendall_tau_top10_mean": -0.03615507483482361,
  "val/optimal_threshold_mean": 0.5674188733100891,
  "val/tnr_at_recall_75_mean": 0.3650793731212616,
  "val/kendall_tau_mean": 0.13993509113788605,
  "val/mcc_mean": 0.19952304661273956,
  "val/kendall_tau_top20_mean": 0.09967613965272903,
  "val/specificity_mean": 0.3333333432674408,
  "val/recall_at_precision_75_mean": 0.26050421595573425,
  "val/recall_at_precision_85_mean": 0.05882352963089943,
  "val/tnr_at_recall_95_mean": 0.1587301641702652,
  "val/spearman_rho_mean": 0.170915886759758,
  "val/sensitivity_mean": 0.8403361439704895,
  "val/spearman_rho_top50_mean": 0.04445016011595726,
  "val/tnr_at_recall_90_mean": 0.2539682686328888,
  "val/f1_mean": 0.7662835121154785,
  "val/recall_at_precision_95_mean": 0.05042016878724098,
  "val/auprc_mean": 0.735728919506073,
  "val/enrichment_factor_mean": 1.0770505666732788,
  "val/supervised_loss": 0.6657186150550842,
  "val/pos_lr_mean": 1.2605042457580566,
  "val/auroc_mean": 0.6037081480026245,
  "val/recall_mean": 0.8403361439704895,
  "val/spearman_rho_top10_mean": -0.04309971258044243,
  "val/precision_mean": 0.7042253613471985,
  "val/tnr_at_recall_85_mean": 0.2857142984867096,
  "val/kendall_tau_top50_mean": 0.03649227321147919,
  "val/loss": 0.6657186150550842,
  "val/cohen_kappa_mean": 0.18998979032039642,
  "val/balanced_accuracy_mean": 0.586834728717804,
  "val/ECE_mean": 0.07010545581579208,
  "val/ppv_mean": 0.7042253613471985,
  "training_epochs": 26,
  "best_lr": 0.0005,
  "best_weight_decay": 0.01
}