{
  "val/tnr_at_recall_85_mean": 0.28688523173332214,
  "val/recall_at_precision_95_mean": 0.05586592108011246,
  "val/optimal_threshold_mean": 0.7444333434104919,
  "val/ECE_mean": 0.12787045538425446,
  "val/spearman_rho_mean": 0.18430057168006897,
  "val/spearman_rho_top20_mean": 0.1732291430234909,
  "val/precision_mean": 0.7200000286102295,
  "val/tnr_at_recall_95_mean": 0.07377049326896667,
  "val/ppv_mean": 0.7200000286102295,
  "val/recall_mean": 0.5027933120727539,
  "val/recall_at_precision_80_mean": 0.27374300360679626,
  "val/mcc_mean": 0.215111643075943,
  "val/balanced_accuracy_mean": 0.6079540252685547,
  "val/cohen_kappa_mean": 0.20169396698474884,
  "val/kendall_tau_top50_mean": 0.19902825355529785,
  "val/auprc_mean": 0.7203192710876465,
  "val/loss": 0.727755606174469,
  "val/average_precision_mean": 0.7203192710876465,
  "val/recall_at_precision_75_mean": 0.3240223526954651,
  "val/tnr_at_recall_80_mean": 0.31147539615631104,
  "val/supervised_loss": 0.727755606174469,
  "val/recall_at_precision_85_mean": 0.18435753881931305,
  "val/spearman_rho_top50_mean": 0.24295035004615784,
  "val/recall_at_precision_90_mean": 0.1731843501329422,
  "val/tnr_at_recall_90_mean": 0.10655737668275833,
  "val/tnr_at_recall_75_mean": 0.3688524663448334,
  "val/sensitivity_mean": 0.5027933120727539,
  "val/kendall_tau_top10_mean": 0.05860107019543648,
  "val/spearman_rho_top10_mean": 0.07060426473617554,
  "val/auroc_mean": 0.6083661317825317,
  "val/f1_mean": 0.5921052694320679,
  "val/pos_lr_mean": 1.752593755722046,
  "val/enrichment_factor_mean": 1.210726261138916,
  "val/kendall_tau_top20_mean": 0.14261481165885925,
  "val/kendall_tau_mean": 0.1507338583469391,
  "val/specificity_mean": 0.7131147384643555,
  "training_epochs": 3,
  "best_lr": 0.001,
  "best_weight_decay": 0.01
}