{
  "val/spearman_rho_top20_mean": 0.09113096445798874,
  "val/spearman_rho_mean": 0.17160256206989288,
  "val/sensitivity_mean": 0.43283581733703613,
  "val/optimal_threshold_mean": 0.7589967250823975,
  "val/recall_at_precision_85_mean": 0.05223880708217621,
  "val/supervised_loss": 0.7321407794952393,
  "val/spearman_rho_top50_mean": 0.051004037261009216,
  "val/precision_mean": 0.7837837934494019,
  "val/kendall_tau_mean": 0.14049239456653595,
  "val/recall_at_precision_95_mean": 0.014925372786819935,
  "val/tnr_at_recall_85_mean": 0.2769230902194977,
  "val/kendall_tau_top50_mean": 0.04185860604047775,
  "val/average_precision_mean": 0.7399224638938904,
  "val/mcc_mean": 0.18115094304084778,
  "val/enrichment_factor_mean": 1.1639773845672607,
  "val/tnr_at_recall_80_mean": 0.3076923191547394,
  "val/ppv_mean": 0.7837837934494019,
  "val/tnr_at_recall_90_mean": 0.26153847575187683,
  "val/spearman_rho_top10_mean": -0.1649915874004364,
  "val/ECE_mean": 0.09582627564668655,
  "val/kendall_tau_top10_mean": -0.13821473717689514,
  "val/recall_at_precision_75_mean": 0.4701492488384247,
  "val/kendall_tau_top20_mean": 0.07535603642463684,
  "val/recall_at_precision_90_mean": 0.014925372786819935,
  "val/specificity_mean": 0.7538461685180664,
  "val/tnr_at_recall_75_mean": 0.3692307770252228,
  "val/auroc_mean": 0.6056256890296936,
  "val/recall_mean": 0.43283581733703613,
  "val/f1_mean": 0.557692289352417,
  "val/pos_lr_mean": 1.7583955526351929,
  "val/balanced_accuracy_mean": 0.5933409929275513,
  "val/tnr_at_recall_95_mean": 0.16923077404499054,
  "val/cohen_kappa_mean": 0.15083487331867218,
  "val/loss": 0.7321407794952393,
  "val/recall_at_precision_80_mean": 0.05223880708217621,
  "val/auprc_mean": 0.7399224638938904,
  "training_epochs": 31,
  "best_lr": 0.0005,
  "best_weight_decay": 0.01
}