{
  "val/pos_lr_mean": 1.2101967334747314,
  "val/enrichment_factor_mean": 1.050602912902832,
  "val/recall_at_precision_85_mean": 0.12790697813034058,
  "val/auprc_mean": 0.7810183763504028,
  "val/supervised_loss": 0.6350023746490479,
  "val/tnr_at_recall_90_mean": 0.21212121844291687,
  "val/f1_mean": 0.8453608155250549,
  "val/recall_at_precision_95_mean": 0.04651162773370743,
  "val/recall_mean": 0.9534883499145508,
  "val/recall_at_precision_80_mean": 0.12790697813034058,
  "val/spearman_rho_mean": 0.2135075181722641,
  "val/kendall_tau_mean": 0.19714489579200745,
  "val/tnr_at_recall_95_mean": 0.21212121844291687,
  "val/loss": 0.6350023746490479,
  "val/optimal_threshold_mean": 0.6998507976531982,
  "val/auroc_mean": 0.6148696541786194,
  "val/kendall_tau_top20_mean": 0.7336129546165466,
  "val/sensitivity_mean": 0.9534883499145508,
  "val/spearman_rho_top50_mean": 0.295613557100296,
  "val/recall_at_precision_90_mean": 0.12790697813034058,
  "val/specificity_mean": 0.21212121844291687,
  "val/tnr_at_recall_75_mean": 0.3333333432674408,
  "val/mcc_mean": 0.2559666931629181,
  "val/tnr_at_recall_80_mean": 0.3333333432674408,
  "val/precision_mean": 0.7592592835426331,
  "val/ppv_mean": 0.7592592835426331,
  "val/spearman_rho_top10_mean": -0.10022804886102676,
  "val/balanced_accuracy_mean": 0.582804799079895,
  "val/spearman_rho_top20_mean": 0.820477306842804,
  "val/kendall_tau_top10_mean": -0.08606629818677902,
  "val/recall_at_precision_75_mean": 0.9883720874786377,
  "val/tnr_at_recall_85_mean": 0.24242424964904785,
  "val/kendall_tau_top50_mean": 0.2825266122817993,
  "val/average_precision_mean": 0.7810183763504028,
  "val/cohen_kappa_mean": 0.20842571556568146,
  "val/ECE_mean": 0.05104121193289757,
  "training_epochs": 7,
  "best_lr": 0.001,
  "best_weight_decay": 0.01
}