{
  "val/balanced_accuracy_mean": 0.6578754782676697,
  "val/spearman_rho_top10_mean": 0.30860671401023865,
  "val/tnr_at_recall_90_mean": 0.13333334028720856,
  "val/sensitivity_mean": 0.5824176073074341,
  "val/tnr_at_recall_95_mean": 0.08888889104127884,
  "val/tnr_at_recall_80_mean": 0.35555556416511536,
  "val/auroc_mean": 0.6573870778083801,
  "val/f1_mean": 0.6794871687889099,
  "val/precision_mean": 0.8153846263885498,
  "val/auprc_mean": 0.8071455955505371,
  "val/spearman_rho_top20_mean": 0.2275516241788864,
  "val/recall_at_precision_80_mean": 0.593406617641449,
  "val/specificity_mean": 0.7333333492279053,
  "val/kendall_tau_top10_mean": 0.2614881694316864,
  "val/optimal_threshold_mean": 0.6576850414276123,
  "val/tnr_at_recall_75_mean": 0.42222222685813904,
  "val/kendall_tau_top20_mean": 0.18920449912548065,
  "val/kendall_tau_mean": 0.21037235856056213,
  "val/ppv_mean": 0.8153846263885498,
  "val/ECE_mean": 0.029878374189138412,
  "val/supervised_loss": 0.6513058543205261,
  "val/tnr_at_recall_85_mean": 0.2222222238779068,
  "val/recall_at_precision_95_mean": 0.10989011079072952,
  "val/spearman_rho_mean": 0.25654929876327515,
  "val/kendall_tau_top50_mean": 0.11760839074850082,
  "val/cohen_kappa_mean": 0.27551671862602234,
  "val/recall_mean": 0.5824176073074341,
  "val/recall_at_precision_75_mean": 0.6703296899795532,
  "val/pos_lr_mean": 2.184065818786621,
  "val/average_precision_mean": 0.8071455955505371,
  "val/recall_at_precision_90_mean": 0.20879121124744415,
  "val/spearman_rho_top50_mean": 0.14270572364330292,
  "val/recall_at_precision_85_mean": 0.2527472674846649,
  "val/enrichment_factor_mean": 1.2185968160629272,
  "val/mcc_mean": 0.2974306344985962,
  "val/loss": 0.6513058543205261,
  "training_epochs": 5,
  "best_lr": 0.001,
  "best_weight_decay": 1.0
}