{
  "val/ECE_mean": 0.10308196395635605,
  "val/kendall_tau_top10_mean": -0.12242643535137177,
  "val/recall_mean": 0.4797687828540802,
  "val/mcc_mean": 0.1430697739124298,
  "val/tnr_at_recall_75_mean": 0.343137264251709,
  "val/precision_mean": 0.7094017267227173,
  "val/balanced_accuracy_mean": 0.5732177495956421,
  "val/tnr_at_recall_90_mean": 0.11764705926179886,
  "val/cohen_kappa_mean": 0.13160844147205353,
  "val/specificity_mean": 0.6666666865348816,
  "val/spearman_rho_top20_mean": 0.12401129305362701,
  "val/auprc_mean": 0.7030061483383179,
  "val/optimal_threshold_mean": 0.7300912141799927,
  "val/enrichment_factor_mean": 1.1276617050170898,
  "val/recall_at_precision_85_mean": 0.13294798135757446,
  "val/loss": 0.7112817168235779,
  "val/supervised_loss": 0.7112817168235779,
  "val/pos_lr_mean": 1.439306378364563,
  "val/f1_mean": 0.5724138021469116,
  "val/kendall_tau_top50_mean": 0.12535983324050903,
  "val/average_precision_mean": 0.7030061483383179,
  "val/spearman_rho_top50_mean": 0.15297652781009674,
  "val/recall_at_precision_75_mean": 0.2774566411972046,
  "val/spearman_rho_top10_mean": -0.14723928272724152,
  "val/recall_at_precision_95_mean": 0.0,
  "val/ppv_mean": 0.7094017267227173,
  "val/sensitivity_mean": 0.4797687828540802,
  "val/kendall_tau_mean": 0.11123190820217133,
  "val/tnr_at_recall_80_mean": 0.30392158031463623,
  "val/recall_at_precision_80_mean": 0.18497109413146973,
  "val/tnr_at_recall_85_mean": 0.18627451360225677,
  "val/auroc_mean": 0.581264853477478,
  "val/recall_at_precision_90_mean": 0.0,
  "val/kendall_tau_top20_mean": 0.1021711528301239,
  "val/spearman_rho_mean": 0.1359836906194687,
  "val/tnr_at_recall_95_mean": 0.05882352963089943,
  "training_epochs": 20,
  "best_lr": 0.0005,
  "best_weight_decay": 0.0
}