{
  "val/mcc_mean": 0.23814494907855988,
  "val/sensitivity_mean": 0.4615384638309479,
  "val/auroc_mean": 0.644413948059082,
  "val/ECE_mean": 0.15068010985851288,
  "val/kendall_tau_top20_mean": 0.04152785614132881,
  "val/spearman_rho_top50_mean": 0.2339523583650589,
  "val/spearman_rho_top20_mean": 0.05026613920927048,
  "val/pos_lr_mean": 2.0404858589172363,
  "val/loss": 0.7282068729400635,
  "val/tnr_at_recall_90_mean": 0.261904776096344,
  "val/balanced_accuracy_mean": 0.6176739931106567,
  "val/recall_at_precision_80_mean": 0.2461538463830948,
  "val/spearman_rho_mean": 0.24428790807724,
  "val/spearman_rho_top10_mean": -0.1348399668931961,
  "val/kendall_tau_top10_mean": -0.11268723756074905,
  "val/tnr_at_recall_80_mean": 0.380952388048172,
  "val/f1_mean": 0.5741626620292664,
  "val/average_precision_mean": 0.7319238781929016,
  "val/optimal_threshold_mean": 0.7923521995544434,
  "val/auprc_mean": 0.7319238781929016,
  "val/specificity_mean": 0.773809552192688,
  "val/enrichment_factor_mean": 1.2502434253692627,
  "val/recall_at_precision_75_mean": 0.4923076927661896,
  "val/recall_at_precision_85_mean": 0.14615385234355927,
  "val/cohen_kappa_mean": 0.21251964569091797,
  "val/recall_at_precision_90_mean": 0.03846153989434242,
  "val/recall_mean": 0.4615384638309479,
  "val/ppv_mean": 0.7594936490058899,
  "val/precision_mean": 0.7594936490058899,
  "val/tnr_at_recall_85_mean": 0.3214285671710968,
  "val/supervised_loss": 0.7282068729400635,
  "val/kendall_tau_top50_mean": 0.19191184639930725,
  "val/tnr_at_recall_95_mean": 0.0833333358168602,
  "val/kendall_tau_mean": 0.1999257206916809,
  "val/recall_at_precision_95_mean": 0.03846153989434242,
  "val/tnr_at_recall_75_mean": 0.4523809552192688,
  "training_epochs": 56,
  "best_lr": 0.0001,
  "best_weight_decay": 0.0
}