{
  "val/tnr_at_recall_90_mean": 0.2888889014720917,
  "val/kendall_tau_top50_mean": 0.07505176961421967,
  "val/balanced_accuracy_mean": 0.656532347202301,
  "val/kendall_tau_mean": 0.23535208404064178,
  "val/enrichment_factor_mean": 1.143754243850708,
  "val/recall_at_precision_75_mean": 0.8681318759918213,
  "val/f1_mean": 0.7936508059501648,
  "val/spearman_rho_mean": 0.28719234466552734,
  "val/recall_at_precision_90_mean": 0.21978022158145905,
  "val/recall_at_precision_80_mean": 0.5274725556373596,
  "val/tnr_at_recall_75_mean": 0.5111111402511597,
  "val/spearman_rho_top10_mean": -0.17094086110591888,
  "val/tnr_at_recall_95_mean": 0.08888889104127884,
  "val/specificity_mean": 0.4888888895511627,
  "val/precision_mean": 0.7653061151504517,
  "val/loss": 0.6310794949531555,
  "val/sensitivity_mean": 0.8241758346557617,
  "val/tnr_at_recall_85_mean": 0.4444444477558136,
  "val/spearman_rho_top20_mean": 0.18361994624137878,
  "val/kendall_tau_top10_mean": -0.14484135806560516,
  "val/average_precision_mean": 0.7833690643310547,
  "val/ECE_mean": 0.08273637294769287,
  "val/supervised_loss": 0.6310794949531555,
  "val/cohen_kappa_mean": 0.32587698101997375,
  "val/auprc_mean": 0.7833690643310547,
  "val/mcc_mean": 0.3282889425754547,
  "val/tnr_at_recall_80_mean": 0.4888888895511627,
  "val/optimal_threshold_mean": 0.5194349884986877,
  "val/pos_lr_mean": 1.6125179529190063,
  "val/auroc_mean": 0.6761904954910278,
  "val/recall_at_precision_85_mean": 0.21978022158145905,
  "val/spearman_rho_top50_mean": 0.09125076234340668,
  "val/recall_at_precision_95_mean": 0.0,
  "val/ppv_mean": 0.7653061151504517,
  "val/kendall_tau_top20_mean": 0.15267620980739594,
  "val/recall_mean": 0.8241758346557617,
  "training_epochs": 29,
  "best_lr": 0.0005,
  "best_weight_decay": 1.0
}