{
  "val/enrichment_factor_mean": 1.261281967163086,
  "val/ECE_mean": 0.06638203561306,
  "val/auprc_mean": 0.7965301275253296,
  "val/recall_at_precision_95_mean": 0.035971224308013916,
  "val/tnr_at_recall_75_mean": 0.375,
  "val/recall_mean": 0.4100719392299652,
  "val/f1_mean": 0.5560975670814514,
  "val/sensitivity_mean": 0.4100719392299652,
  "val/auroc_mean": 0.6426483988761902,
  "val/recall_at_precision_90_mean": 0.10071942210197449,
  "val/recall_at_precision_80_mean": 0.4892086386680603,
  "val/ppv_mean": 0.8636363744735718,
  "val/tnr_at_recall_90_mean": 0.234375,
  "val/average_precision_mean": 0.7965301275253296,
  "val/pos_lr_mean": 2.916067123413086,
  "val/mcc_mean": 0.267262727022171,
  "val/spearman_rho_top10_mean": 0.2549813389778137,
  "val/loss": 0.6492140889167786,
  "val/balanced_accuracy_mean": 0.6347234845161438,
  "val/optimal_threshold_mean": 0.7681620121002197,
  "val/kendall_tau_top50_mean": 0.2808157205581665,
  "val/precision_mean": 0.8636363744735718,
  "val/specificity_mean": 0.859375,
  "val/supervised_loss": 0.6492140889167786,
  "val/spearman_rho_mean": 0.22959588468074799,
  "val/kendall_tau_mean": 0.18792541325092316,
  "val/kendall_tau_top10_mean": 0.21333268284797668,
  "val/tnr_at_recall_85_mean": 0.296875,
  "val/tnr_at_recall_95_mean": 0.171875,
  "val/recall_at_precision_85_mean": 0.41726619005203247,
  "val/cohen_kappa_mean": 0.20604290068149567,
  "val/kendall_tau_top20_mean": 0.10130133479833603,
  "val/spearman_rho_top20_mean": 0.12254592031240463,
  "val/recall_at_precision_75_mean": 0.7050359845161438,
  "val/spearman_rho_top50_mean": 0.34223753213882446,
  "val/tnr_at_recall_80_mean": 0.328125,
  "training_epochs": 10,
  "best_lr": 0.0005,
  "best_weight_decay": 1.0
}