{
  "val/average_precision_mean": 0.7969217896461487,
  "val/tnr_at_recall_95_mean": 0.09375,
  "val/spearman_rho_top50_mean": 0.13560256361961365,
  "val/tnr_at_recall_90_mean": 0.3125,
  "val/optimal_threshold_mean": 0.8174715638160706,
  "val/tnr_at_recall_85_mean": 0.4375,
  "val/specificity_mean": 0.734375,
  "val/kendall_tau_mean": 0.2474292814731598,
  "val/spearman_rho_mean": 0.30225974321365356,
  "val/tnr_at_recall_75_mean": 0.515625,
  "val/kendall_tau_top10_mean": 0.20108310878276825,
  "val/enrichment_factor_mean": 1.2104274034500122,
  "val/recall_at_precision_90_mean": 0.03846153989434242,
  "val/precision_mean": 0.8111110925674438,
  "val/auroc_mean": 0.6855769157409668,
  "val/balanced_accuracy_mean": 0.6479567289352417,
  "val/f1_mean": 0.6636363863945007,
  "val/loss": 0.8178734183311462,
  "val/mcc_mean": 0.27898988127708435,
  "val/recall_at_precision_95_mean": 0.03846153989434242,
  "val/supervised_loss": 0.8178734183311462,
  "val/spearman_rho_top10_mean": 0.2400396764278412,
  "val/pos_lr_mean": 2.114027261734009,
  "val/spearman_rho_top20_mean": -0.25912442803382874,
  "val/recall_at_precision_80_mean": 0.5846154093742371,
  "val/ECE_mean": 0.13259154558181763,
  "val/recall_at_precision_85_mean": 0.36153846979141235,
  "val/recall_at_precision_75_mean": 0.8538461327552795,
  "val/sensitivity_mean": 0.5615384578704834,
  "val/tnr_at_recall_80_mean": 0.5,
  "val/auprc_mean": 0.7969217896461487,
  "val/cohen_kappa_mean": 0.25539419054985046,
  "val/ppv_mean": 0.8111110925674438,
  "val/recall_mean": 0.5615384578704834,
  "val/kendall_tau_top50_mean": 0.11128827929496765,
  "val/kendall_tau_top20_mean": -0.2143400013446808,
  "training_epochs": 188,
  "best_lr": 0.001,
  "best_weight_decay": 1.0
}