{
  "val/kendall_tau_top50_mean": -0.04800179973244667,
  "val/average_precision_mean": 0.7193447947502136,
  "val/mcc_mean": 0.24695830047130585,
  "val/precision_mean": 0.7453415989875793,
  "val/recall_at_precision_85_mean": 0.030927835032343864,
  "val/recall_at_precision_75_mean": 0.2010309249162674,
  "val/ECE_mean": 0.1524275690317154,
  "val/sensitivity_mean": 0.6185566782951355,
  "val/f1_mean": 0.6760563254356384,
  "val/spearman_rho_top20_mean": 0.078913614153862,
  "val/recall_at_precision_80_mean": 0.12371134012937546,
  "val/auroc_mean": 0.6270869374275208,
  "val/spearman_rho_mean": 0.21232227981090546,
  "val/recall_at_precision_95_mean": 0.015463917516171932,
  "val/auprc_mean": 0.7193447947502136,
  "val/cohen_kappa_mean": 0.24103015661239624,
  "val/spearman_rho_top10_mean": -0.14441782236099243,
  "val/pos_lr_mean": 1.7048026323318481,
  "val/tnr_at_recall_75_mean": 0.4159291982650757,
  "val/tnr_at_recall_95_mean": 0.13274335861206055,
  "val/recall_at_precision_90_mean": 0.015463917516171932,
  "val/ppv_mean": 0.7453415989875793,
  "val/tnr_at_recall_90_mean": 0.21238937973976135,
  "val/recall_mean": 0.6185566782951355,
  "val/tnr_at_recall_80_mean": 0.3451327383518219,
  "val/enrichment_factor_mean": 1.1794838905334473,
  "val/loss": 0.7570328116416931,
  "val/specificity_mean": 0.6371681690216064,
  "val/supervised_loss": 0.7570328116416931,
  "val/kendall_tau_top20_mean": 0.06495869159698486,
  "val/balanced_accuracy_mean": 0.6278623938560486,
  "val/kendall_tau_top10_mean": -0.11986582726240158,
  "val/spearman_rho_top50_mean": -0.05859877169132233,
  "val/tnr_at_recall_85_mean": 0.3008849620819092,
  "val/optimal_threshold_mean": 0.731481671333313,
  "val/kendall_tau_mean": 0.17364253103733063,
  "training_epochs": 74,
  "best_lr": 0.0005,
  "best_weight_decay": 0.1
}