{
  "val/specificity_mean": 0.4146341383457184,
  "val/tnr_at_recall_90_mean": 0.39024388790130615,
  "val/spearman_rho_top50_mean": 0.06664567440748215,
  "val/spearman_rho_top10_mean": 0.1961161345243454,
  "val/tnr_at_recall_85_mean": 0.4390243887901306,
  "val/auprc_mean": 0.7926084995269775,
  "val/kendall_tau_top20_mean": -0.14868490397930145,
  "val/spearman_rho_mean": 0.2385893166065216,
  "val/tnr_at_recall_75_mean": 0.4878048896789551,
  "val/auroc_mean": 0.6526166200637817,
  "val/recall_mean": 0.8834951519966125,
  "val/average_precision_mean": 0.7926084995269775,
  "val/recall_at_precision_95_mean": 0.009708737954497337,
  "val/precision_mean": 0.791304349899292,
  "val/recall_at_precision_85_mean": 0.009708737954497337,
  "val/recall_at_precision_80_mean": 0.5436893105506897,
  "val/kendall_tau_top50_mean": 0.054792553186416626,
  "val/tnr_at_recall_95_mean": 0.17073170840740204,
  "val/supervised_loss": 0.6362375617027283,
  "val/kendall_tau_mean": 0.19548259675502777,
  "val/ppv_mean": 0.791304349899292,
  "val/cohen_kappa_mean": 0.3269280791282654,
  "val/optimal_threshold_mean": 0.49324291944503784,
  "val/enrichment_factor_mean": 1.1062895059585571,
  "val/mcc_mean": 0.3354804813861847,
  "val/f1_mean": 0.8348624110221863,
  "val/kendall_tau_top10_mean": 0.16574838757514954,
  "val/pos_lr_mean": 1.509304165840149,
  "val/recall_at_precision_75_mean": 0.9320388436317444,
  "val/recall_at_precision_90_mean": 0.009708737954497337,
  "val/tnr_at_recall_80_mean": 0.4390243887901306,
  "val/balanced_accuracy_mean": 0.6490646600723267,
  "val/sensitivity_mean": 0.8834951519966125,
  "val/ECE_mean": 0.09414058923721313,
  "val/spearman_rho_top20_mean": -0.17893385887145996,
  "val/loss": 0.6362375617027283,
  "training_epochs": 35,
  "best_lr": 0.0005,
  "best_weight_decay": 0.01
}