{
  "val/f1_mean": 0.7820069193840027,
  "val/ppv_mean": 0.7793103456497192,
  "val/pos_lr_mean": 1.5694444179534912,
  "val/tnr_at_recall_90_mean": 0.203125,
  "val/tnr_at_recall_95_mean": 0.171875,
  "val/mcc_mean": 0.2859817445278168,
  "val/recall_at_precision_85_mean": 0.2013888955116272,
  "val/sensitivity_mean": 0.7847222089767456,
  "val/spearman_rho_top20_mean": -0.08765314519405365,
  "val/recall_at_precision_80_mean": 0.3333333432674408,
  "val/ECE_mean": 0.04752824082970619,
  "val/optimal_threshold_mean": 0.671061635017395,
  "val/recall_mean": 0.7847222089767456,
  "val/auprc_mean": 0.7740874290466309,
  "val/spearman_rho_top10_mean": -0.15174424648284912,
  "val/cohen_kappa_mean": 0.28596338629722595,
  "val/kendall_tau_top10_mean": -0.12695834040641785,
  "val/spearman_rho_top50_mean": 0.04333128780126572,
  "val/average_precision_mean": 0.7740874290466309,
  "val/kendall_tau_top20_mean": -0.07243601977825165,
  "val/auroc_mean": 0.6343315839767456,
  "val/precision_mean": 0.7793103456497192,
  "val/kendall_tau_mean": 0.17578327655792236,
  "val/recall_at_precision_75_mean": 0.8194444179534912,
  "val/balanced_accuracy_mean": 0.6423611044883728,
  "val/tnr_at_recall_80_mean": 0.421875,
  "val/recall_at_precision_90_mean": 0.013888888992369175,
  "val/kendall_tau_top50_mean": 0.03554953634738922,
  "val/tnr_at_recall_75_mean": 0.5,
  "val/spearman_rho_mean": 0.2147740125656128,
  "val/specificity_mean": 0.5,
  "val/enrichment_factor_mean": 1.1256704330444336,
  "val/loss": 0.6440414786338806,
  "val/tnr_at_recall_85_mean": 0.234375,
  "val/supervised_loss": 0.6440414786338806,
  "val/recall_at_precision_95_mean": 0.013888888992369175,
  "training_epochs": 8,
  "best_lr": 0.001,
  "best_weight_decay": 0.1
}