{
  "val/recall_at_precision_95_mean": 0.054794520139694214,
  "val/recall_mean": 0.6301369667053223,
  "val/spearman_rho_top20_mean": 0.3805212080478668,
  "val/recall_at_precision_90_mean": 0.054794520139694214,
  "val/pos_lr_mean": 1.6383562088012695,
  "val/precision_mean": 0.6969696879386902,
  "val/kendall_tau_mean": 0.1906367391347885,
  "val/spearman_rho_top50_mean": 0.034704700112342834,
  "val/kendall_tau_top50_mean": 0.02856387384235859,
  "val/tnr_at_recall_95_mean": 0.19230769574642181,
  "val/ECE_mean": 0.08122019469738007,
  "val/kendall_tau_top20_mean": 0.31684720516204834,
  "val/spearman_rho_top10_mean": 0.0,
  "val/cohen_kappa_mean": 0.24085798859596252,
  "val/tnr_at_recall_85_mean": 0.36538460850715637,
  "val/tnr_at_recall_80_mean": 0.38461539149284363,
  "val/balanced_accuracy_mean": 0.6227607727050781,
  "val/optimal_threshold_mean": 0.6462347507476807,
  "val/supervised_loss": 0.662847101688385,
  "val/recall_at_precision_80_mean": 0.19178082048892975,
  "val/auroc_mean": 0.6361960172653198,
  "val/mcc_mean": 0.24241240322589874,
  "val/recall_at_precision_75_mean": 0.21917808055877686,
  "val/sensitivity_mean": 0.6301369667053223,
  "val/tnr_at_recall_90_mean": 0.25,
  "val/tnr_at_recall_75_mean": 0.4423076808452606,
  "val/f1_mean": 0.6618704795837402,
  "val/loss": 0.662847101688385,
  "val/kendall_tau_top10_mean": 0.0,
  "val/auprc_mean": 0.7062627077102661,
  "val/ppv_mean": 0.6969696879386902,
  "val/recall_at_precision_85_mean": 0.16438356041908264,
  "val/spearman_rho_mean": 0.23255300521850586,
  "val/specificity_mean": 0.6153846383094788,
  "val/enrichment_factor_mean": 1.1934412717819214,
  "val/average_precision_mean": 0.7062627077102661,
  "training_epochs": 269,
  "best_lr": 0.0005,
  "best_weight_decay": 1.0
}