{
  "val/specificity_mean": 0.8484848737716675,
  "val/f1_mean": 0.5203251838684082,
  "val/recall_at_precision_90_mean": 0.151162788271904,
  "val/recall_at_precision_75_mean": 0.9418604373931885,
  "val/ppv_mean": 0.8648648858070374,
  "val/loss": 0.6416151523590088,
  "val/optimal_threshold_mean": 0.784049928188324,
  "val/recall_at_precision_85_mean": 0.38372093439102173,
  "val/supervised_loss": 0.6416151523590088,
  "val/kendall_tau_mean": 0.14203114807605743,
  "val/auprc_mean": 0.8152523040771484,
  "val/tnr_at_recall_85_mean": 0.24242424964904785,
  "val/tnr_at_recall_90_mean": 0.21212121844291687,
  "val/kendall_tau_top10_mean": 0.3411211371421814,
  "val/average_precision_mean": 0.8152523040771484,
  "val/auroc_mean": 0.6116983890533447,
  "val/kendall_tau_top50_mean": 0.12654191255569458,
  "val/enrichment_factor_mean": 1.1967315673828125,
  "val/tnr_at_recall_95_mean": 0.12121212482452393,
  "val/recall_at_precision_95_mean": 0.10465116053819656,
  "val/spearman_rho_top10_mean": 0.4000000059604645,
  "val/balanced_accuracy_mean": 0.6102889180183411,
  "val/spearman_rho_top20_mean": 0.13623730838298798,
  "val/kendall_tau_top20_mean": 0.1136297732591629,
  "val/ECE_mean": 0.11391770839691162,
  "val/recall_mean": 0.3720930218696594,
  "val/pos_lr_mean": 2.4558138847351074,
  "val/tnr_at_recall_75_mean": 0.39393940567970276,
  "val/mcc_mean": 0.2133341282606125,
  "val/spearman_rho_top50_mean": 0.1536846160888672,
  "val/recall_at_precision_80_mean": 0.38372093439102173,
  "val/precision_mean": 0.8648648858070374,
  "val/cohen_kappa_mean": 0.151335671544075,
  "val/sensitivity_mean": 0.3720930218696594,
  "val/spearman_rho_mean": 0.17322559654712677,
  "val/tnr_at_recall_80_mean": 0.3030303120613098,
  "training_epochs": 16,
  "best_lr": 0.0001,
  "best_weight_decay": 0.1
}