{
  "val/cohen_kappa_mean": 0.17111995816230774,
  "val/specificity_mean": 0.75,
  "val/recall_at_precision_85_mean": 0.004716981202363968,
  "val/f1_mean": 0.5714285969734192,
  "val/auroc_mean": 0.5927813053131104,
  "val/loss": 0.6501356959342957,
  "val/tnr_at_recall_95_mean": 0.125,
  "val/tnr_at_recall_85_mean": 0.2410714328289032,
  "val/recall_at_precision_90_mean": 0.004716981202363968,
  "val/kendall_tau_top20_mean": -0.22618873417377472,
  "val/kendall_tau_mean": 0.12513962388038635,
  "val/tnr_at_recall_75_mean": 0.3571428656578064,
  "val/spearman_rho_top20_mean": -0.2748192548751831,
  "val/mcc_mean": 0.19846490025520325,
  "val/balanced_accuracy_mean": 0.6014150977134705,
  "val/kendall_tau_top50_mean": 0.037551071494817734,
  "val/spearman_rho_top10_mean": 0.12748998403549194,
  "val/ECE_mean": 0.043559785932302475,
  "val/supervised_loss": 0.6501356959342957,
  "val/pos_lr_mean": 1.8113207817077637,
  "val/kendall_tau_top10_mean": 0.10570910573005676,
  "val/recall_at_precision_75_mean": 0.49528300762176514,
  "val/recall_at_precision_95_mean": 0.004716981202363968,
  "val/enrichment_factor_mean": 1.1832014322280884,
  "val/spearman_rho_top50_mean": 0.045827075839042664,
  "val/auprc_mean": 0.7054057121276855,
  "val/tnr_at_recall_90_mean": 0.2053571492433548,
  "val/average_precision_mean": 0.7054057121276855,
  "val/ppv_mean": 0.774193525314331,
  "val/sensitivity_mean": 0.4528301954269409,
  "val/optimal_threshold_mean": 0.6542575359344482,
  "val/precision_mean": 0.774193525314331,
  "val/recall_mean": 0.4528301954269409,
  "val/recall_at_precision_80_mean": 0.01886792480945587,
  "val/spearman_rho_mean": 0.1528622806072235,
  "val/tnr_at_recall_80_mean": 0.2946428656578064,
  "training_epochs": 0,
  "best_lr": 0.001,
  "best_weight_decay": 0.01
}