{
  "val/f1_mean": 0.773413896560669,
  "val/recall_at_precision_85_mean": 0.006802720949053764,
  "val/loss": 0.7244982719421387,
  "val/tnr_at_recall_85_mean": 0.27272728085517883,
  "val/tnr_at_recall_80_mean": 0.27272728085517883,
  "val/spearman_rho_top50_mean": 0.06285861879587173,
  "val/kendall_tau_top50_mean": 0.05156053975224495,
  "val/recall_at_precision_95_mean": 0.006802720949053764,
  "val/sensitivity_mean": 0.8707482814788818,
  "val/tnr_at_recall_90_mean": 0.20779220759868622,
  "val/mcc_mean": 0.17792750895023346,
  "val/specificity_mean": 0.27272728085517883,
  "val/ppv_mean": 0.695652186870575,
  "val/optimal_threshold_mean": 0.3516371548175812,
  "val/cohen_kappa_mean": 0.16201117634773254,
  "val/spearman_rho_mean": 0.11272621899843216,
  "val/kendall_tau_top10_mean": -0.02697780728340149,
  "val/auroc_mean": 0.5685130953788757,
  "val/precision_mean": 0.695652186870575,
  "val/recall_at_precision_75_mean": 0.10884353518486023,
  "val/tnr_at_recall_75_mean": 0.31168830394744873,
  "val/ECE_mean": 0.16519619524478912,
  "val/tnr_at_recall_95_mean": 0.12987013161182404,
  "val/supervised_loss": 0.7244982719421387,
  "val/spearman_rho_top10_mean": -0.0321926549077034,
  "val/average_precision_mean": 0.7007323503494263,
  "val/balanced_accuracy_mean": 0.5717377662658691,
  "val/recall_mean": 0.8707482814788818,
  "val/pos_lr_mean": 1.1972788572311401,
  "val/enrichment_factor_mean": 1.0600414276123047,
  "val/recall_at_precision_80_mean": 0.006802720949053764,
  "val/spearman_rho_top20_mean": -0.04420870915055275,
  "val/kendall_tau_top20_mean": -0.03654021397233009,
  "val/recall_at_precision_90_mean": 0.006802720949053764,
  "val/auprc_mean": 0.7007323503494263,
  "val/kendall_tau_mean": 0.09224943816661835,
  "training_epochs": 202,
  "best_lr": 0.0005,
  "best_weight_decay": 0.0
}