{
  "val/mcc_mean": 0.17542481422424316,
  "val/supervised_loss": 0.734592854976654,
  "val/loss": 0.734592854976654,
  "val/spearman_rho_top50_mean": 0.05507364869117737,
  "val/tnr_at_recall_90_mean": 0.1547619104385376,
  "val/auroc_mean": 0.5883699655532837,
  "val/tnr_at_recall_80_mean": 0.3214285671710968,
  "val/recall_mean": 0.607692301273346,
  "val/spearman_rho_top10_mean": 0.3307475447654724,
  "val/kendall_tau_top10_mean": 0.2764093279838562,
  "val/specificity_mean": 0.5714285969734192,
  "val/kendall_tau_mean": 0.12233882397413254,
  "val/tnr_at_recall_85_mean": 0.2261904776096344,
  "val/recall_at_precision_75_mean": 0.10769230872392654,
  "val/enrichment_factor_mean": 1.1308361291885376,
  "val/kendall_tau_top20_mean": 0.1308184415102005,
  "val/recall_at_precision_95_mean": 0.03076923079788685,
  "val/recall_at_precision_80_mean": 0.10000000149011612,
  "val/recall_at_precision_85_mean": 0.10000000149011612,
  "val/auprc_mean": 0.6861959099769592,
  "val/sensitivity_mean": 0.607692301273346,
  "val/balanced_accuracy_mean": 0.5895604491233826,
  "val/spearman_rho_top20_mean": 0.15834525227546692,
  "val/recall_at_precision_90_mean": 0.03076923079788685,
  "val/tnr_at_recall_95_mean": 0.1071428582072258,
  "val/precision_mean": 0.686956524848938,
  "val/ppv_mean": 0.686956524848938,
  "val/optimal_threshold_mean": 0.6969703435897827,
  "val/cohen_kappa_mean": 0.17363515496253967,
  "val/average_precision_mean": 0.6861959099769592,
  "val/tnr_at_recall_75_mean": 0.380952388048172,
  "val/spearman_rho_mean": 0.14948499202728271,
  "val/pos_lr_mean": 1.4179487228393555,
  "val/ECE_mean": 0.12835226953029633,
  "val/kendall_tau_top50_mean": 0.04517708346247673,
  "val/f1_mean": 0.6448979377746582,
  "training_epochs": 12,
  "best_lr": 0.0005,
  "best_weight_decay": 1.0
}