{
  "val/auroc_mean": 0.6251837611198425,
  "val/auprc_mean": 0.7664350271224976,
  "val/precision_mean": 0.767241358757019,
  "val/kendall_tau_top20_mean": 0.24990950524806976,
  "val/sensitivity_mean": 0.6449275612831116,
  "val/loss": 0.6756303906440735,
  "val/f1_mean": 0.7007874250411987,
  "val/kendall_tau_mean": 0.16731634736061096,
  "val/recall_at_precision_95_mean": 0.050724636763334274,
  "val/kendall_tau_top10_mean": 0.21333268284797668,
  "val/cohen_kappa_mean": 0.23489932715892792,
  "val/spearman_rho_top50_mean": -0.00304660783149302,
  "val/recall_mean": 0.6449275612831116,
  "val/spearman_rho_top10_mean": 0.2549813389778137,
  "val/tnr_at_recall_85_mean": 0.3188405930995941,
  "val/mcc_mean": 0.24088144302368164,
  "val/tnr_at_recall_95_mean": 0.05797101557254791,
  "val/recall_at_precision_80_mean": 0.2028985470533371,
  "val/enrichment_factor_mean": 1.1508619785308838,
  "val/spearman_rho_mean": 0.20442664623260498,
  "val/recall_at_precision_90_mean": 0.10144927352666855,
  "val/ppv_mean": 0.767241358757019,
  "val/optimal_threshold_mean": 0.706555962562561,
  "val/tnr_at_recall_75_mean": 0.4492753744125366,
  "val/recall_at_precision_85_mean": 0.17391304671764374,
  "val/spearman_rho_top20_mean": 0.30240967869758606,
  "val/tnr_at_recall_90_mean": 0.14492753148078918,
  "val/specificity_mean": 0.6086956262588501,
  "val/kendall_tau_top50_mean": -0.0024995910935103893,
  "val/tnr_at_recall_80_mean": 0.3913043439388275,
  "val/recall_at_precision_75_mean": 0.695652186870575,
  "val/average_precision_mean": 0.7664350271224976,
  "val/ECE_mean": 0.09096847474575043,
  "val/pos_lr_mean": 1.6481481790542603,
  "val/supervised_loss": 0.6756303906440735,
  "val/balanced_accuracy_mean": 0.6268116235733032,
  "training_epochs": 161,
  "best_lr": 0.001,
  "best_weight_decay": 1.0
}