{
  "val/tnr_at_recall_80_mean": 0.32307693362236023,
  "val/ppv_mean": 0.7109826803207397,
  "val/supervised_loss": 0.8368448615074158,
  "val/auprc_mean": 0.6857306361198425,
  "val/sensitivity_mean": 0.9179104566574097,
  "val/pos_lr_mean": 1.1932835578918457,
  "val/kendall_tau_mean": 0.08595778048038483,
  "val/spearman_rho_top20_mean": -0.1678321808576584,
  "val/kendall_tau_top20_mean": -0.1387801319360733,
  "val/recall_at_precision_85_mean": 0.0,
  "val/specificity_mean": 0.23076923191547394,
  "val/spearman_rho_top10_mean": -0.37848904728889465,
  "val/optimal_threshold_mean": 0.3249678313732147,
  "val/recall_mean": 0.9179104566574097,
  "val/recall_at_precision_95_mean": 0.0,
  "val/auroc_mean": 0.5646383762359619,
  "val/f1_mean": 0.8013029098510742,
  "val/balanced_accuracy_mean": 0.5743398666381836,
  "val/recall_at_precision_80_mean": 0.0,
  "val/tnr_at_recall_85_mean": 0.2461538463830948,
  "val/mcc_mean": 0.20689545571804047,
  "val/spearman_rho_top50_mean": -0.09182380139827728,
  "val/cohen_kappa_mean": 0.17584356665611267,
  "val/average_precision_mean": 0.6857306361198425,
  "val/tnr_at_recall_75_mean": 0.3692307770252228,
  "val/recall_at_precision_90_mean": 0.0,
  "val/enrichment_factor_mean": 1.055862307548523,
  "val/loss": 0.8368448615074158,
  "val/tnr_at_recall_90_mean": 0.23076923191547394,
  "val/recall_at_precision_75_mean": 0.0,
  "val/tnr_at_recall_95_mean": 0.16923077404499054,
  "val/spearman_rho_mean": 0.10501282662153244,
  "val/kendall_tau_top10_mean": -0.31706324219703674,
  "val/precision_mean": 0.7109826803207397,
  "val/ECE_mean": 0.17473779618740082,
  "val/kendall_tau_top50_mean": -0.0753515213727951,
  "training_epochs": 79,
  "best_lr": 0.0005,
  "best_weight_decay": 0.01
}