{
  "val/spearman_rho_top50_mean": 0.12245386093854904,
  "val/cohen_kappa_mean": 0.25533291697502136,
  "val/f1_mean": 0.7662337422370911,
  "val/sensitivity_mean": 0.8027210831642151,
  "val/pos_lr_mean": 1.437430739402771,
  "val/precision_mean": 0.7329192757606506,
  "val/auprc_mean": 0.7651349306106567,
  "val/ECE_mean": 0.07424241304397583,
  "val/kendall_tau_mean": 0.21726655960083008,
  "val/recall_at_precision_90_mean": 0.08163265138864517,
  "val/loss": 0.6311933994293213,
  "val/recall_mean": 0.8027210831642151,
  "val/tnr_at_recall_95_mean": 0.1428571492433548,
  "val/spearman_rho_top10_mean": 0.11145564168691635,
  "val/kendall_tau_top20_mean": 0.11284828186035156,
  "val/spearman_rho_mean": 0.2654988765716553,
  "val/tnr_at_recall_75_mean": 0.4545454680919647,
  "val/kendall_tau_top50_mean": 0.1004285216331482,
  "val/tnr_at_recall_85_mean": 0.37662336230278015,
  "val/recall_at_precision_80_mean": 0.40136054158210754,
  "val/mcc_mean": 0.25805240869522095,
  "val/optimal_threshold_mean": 0.546567440032959,
  "val/recall_at_precision_95_mean": 0.0,
  "val/tnr_at_recall_90_mean": 0.31168830394744873,
  "val/average_precision_mean": 0.7651349306106567,
  "val/ppv_mean": 0.7329192757606506,
  "val/recall_at_precision_85_mean": 0.095238097012043,
  "val/kendall_tau_top10_mean": 0.09304842352867126,
  "val/auroc_mean": 0.6613658666610718,
  "val/recall_at_precision_75_mean": 0.6666666865348816,
  "val/specificity_mean": 0.44155845046043396,
  "val/spearman_rho_top20_mean": 0.13666605949401855,
  "val/tnr_at_recall_80_mean": 0.44155845046043396,
  "val/balanced_accuracy_mean": 0.6221397519111633,
  "val/enrichment_factor_mean": 1.1168293952941895,
  "val/supervised_loss": 0.6311933994293213,
  "training_epochs": 43,
  "best_lr": 0.0005,
  "best_weight_decay": 0.1
}