{
  "val/supervised_loss": 0.6991808414459229,
  "val/kendall_tau_top20_mean": 0.10234925895929337,
  "val/specificity_mean": 0.6907216310501099,
  "val/recall_at_precision_75_mean": 0.5696202516555786,
  "val/sensitivity_mean": 0.5632911324501038,
  "val/kendall_tau_mean": 0.21096552908420563,
  "val/spearman_rho_top20_mean": 0.12414057552814484,
  "val/spearman_rho_top50_mean": 0.24579983949661255,
  "val/ECE_mean": 0.1519881784915924,
  "val/balanced_accuracy_mean": 0.6270064115524292,
  "val/precision_mean": 0.7478991746902466,
  "val/spearman_rho_mean": 0.2578738033771515,
  "val/tnr_at_recall_85_mean": 0.30927833914756775,
  "val/pos_lr_mean": 1.8213080167770386,
  "val/average_precision_mean": 0.7518461346626282,
  "val/cohen_kappa_mean": 0.23571796715259552,
  "val/recall_at_precision_95_mean": 0.018987340852618217,
  "val/ppv_mean": 0.7478991746902466,
  "val/loss": 0.6991808414459229,
  "val/tnr_at_recall_95_mean": 0.14432989060878754,
  "val/tnr_at_recall_75_mean": 0.41237112879753113,
  "val/recall_at_precision_80_mean": 0.33544304966926575,
  "val/tnr_at_recall_90_mean": 0.24742268025875092,
  "val/auroc_mean": 0.6533342003822327,
  "val/kendall_tau_top10_mean": 0.03779644891619682,
  "val/recall_at_precision_90_mean": 0.08227848261594772,
  "val/optimal_threshold_mean": 0.7517533302307129,
  "val/kendall_tau_top50_mean": 0.20148330926895142,
  "val/mcc_mean": 0.2471878081560135,
  "val/recall_at_precision_85_mean": 0.08860759437084198,
  "val/enrichment_factor_mean": 1.2070523500442505,
  "val/recall_mean": 0.5632911324501038,
  "val/auprc_mean": 0.7518461346626282,
  "val/tnr_at_recall_80_mean": 0.39175257086753845,
  "val/spearman_rho_top10_mean": 0.04539206624031067,
  "val/f1_mean": 0.6425992846488953,
  "training_epochs": 113,
  "best_lr": 0.0001,
  "best_weight_decay": 0.0
}