{
  "val/auprc_mean": 0.8399205207824707,
  "val/recall_at_precision_95_mean": 0.2460317462682724,
  "val/tnr_at_recall_90_mean": 0.2881355881690979,
  "val/recall_at_precision_80_mean": 0.7460317611694336,
  "val/supervised_loss": 0.5945282578468323,
  "val/recall_mean": 0.7301587462425232,
  "val/kendall_tau_top50_mean": 0.10345302522182465,
  "val/tnr_at_recall_75_mean": 0.5762711763381958,
  "val/kendall_tau_top20_mean": 0.2765602469444275,
  "val/specificity_mean": 0.6440678238868713,
  "val/loss": 0.5945282578468323,
  "val/spearman_rho_mean": 0.335647314786911,
  "val/ECE_mean": 0.0837608352303505,
  "val/recall_at_precision_75_mean": 0.8809523582458496,
  "val/spearman_rho_top20_mean": 0.3342292606830597,
  "val/cohen_kappa_mean": 0.35351672768592834,
  "val/f1_mean": 0.7698744535446167,
  "val/enrichment_factor_mean": 1.1953926086425781,
  "val/auroc_mean": 0.7078961730003357,
  "val/recall_at_precision_85_mean": 0.3571428656578064,
  "val/spearman_rho_top50_mean": 0.12602052092552185,
  "val/sensitivity_mean": 0.7301587462425232,
  "val/balanced_accuracy_mean": 0.6871132850646973,
  "val/ppv_mean": 0.8141592741012573,
  "val/spearman_rho_top10_mean": 0.16361869871616364,
  "val/average_precision_mean": 0.8399205207824707,
  "val/mcc_mean": 0.3577176630496979,
  "val/precision_mean": 0.8141592741012573,
  "val/tnr_at_recall_80_mean": 0.49152541160583496,
  "val/optimal_threshold_mean": 0.6059046387672424,
  "val/kendall_tau_top10_mean": 0.13725490868091583,
  "val/tnr_at_recall_85_mean": 0.4406779706478119,
  "val/tnr_at_recall_95_mean": 0.08474576473236084,
  "val/pos_lr_mean": 2.051398277282715,
  "val/kendall_tau_mean": 0.2748025059700012,
  "val/recall_at_precision_90_mean": 0.261904776096344,
  "training_epochs": 24,
  "best_lr": 0.0005,
  "best_weight_decay": 0.0
}