{
  "val/enrichment_factor_mean": 1.109167456626892,
  "val/average_precision_mean": 0.7465125322341919,
  "val/supervised_loss": 0.6622665524482727,
  "val/tnr_at_recall_75_mean": 0.4545454680919647,
  "val/spearman_rho_top50_mean": 0.06236233189702034,
  "val/recall_mean": 0.7278911471366882,
  "val/tnr_at_recall_95_mean": 0.09090909361839294,
  "val/kendall_tau_top20_mean": -0.1494351625442505,
  "val/optimal_threshold_mean": 0.5572887063026428,
  "val/recall_at_precision_95_mean": 0.0476190485060215,
  "val/auprc_mean": 0.7465125322341919,
  "val/specificity_mean": 0.48051947355270386,
  "val/precision_mean": 0.7278911471366882,
  "val/balanced_accuracy_mean": 0.604205310344696,
  "val/tnr_at_recall_85_mean": 0.31168830394744873,
  "val/auroc_mean": 0.6200194358825684,
  "val/recall_at_precision_85_mean": 0.0476190485060215,
  "val/sensitivity_mean": 0.7278911471366882,
  "val/recall_at_precision_90_mean": 0.0476190485060215,
  "val/cohen_kappa_mean": 0.20841063559055328,
  "val/kendall_tau_top10_mean": 0.24174688756465912,
  "val/tnr_at_recall_80_mean": 0.3896103799343109,
  "val/kendall_tau_mean": 0.16159360110759735,
  "val/ppv_mean": 0.7278911471366882,
  "val/spearman_rho_mean": 0.19747065007686615,
  "val/tnr_at_recall_90_mean": 0.2467532455921173,
  "val/recall_at_precision_80_mean": 0.2789115607738495,
  "val/ECE_mean": 0.11474650353193283,
  "val/recall_at_precision_75_mean": 0.3945578336715698,
  "val/spearman_rho_top10_mean": 0.28957024216651917,
  "val/mcc_mean": 0.20841063559055328,
  "val/pos_lr_mean": 1.4011905193328857,
  "val/kendall_tau_top50_mean": 0.051145441830158234,
  "val/loss": 0.6622665524482727,
  "val/f1_mean": 0.7278911471366882,
  "val/spearman_rho_top20_mean": -0.18097496032714844,
  "training_epochs": 86,
  "best_lr": 5e-05,
  "best_weight_decay": 0.0
}