{
  "val/tnr_at_recall_90_mean": 0.0,
  "val/auroc_mean": 0.49421966075897217,
  "val/precision_mean": 0.6263736486434937,
  "val/loss": 0.6747515797615051,
  "val/recall_at_precision_90_mean": 0.0,
  "val/recall_mean": 0.9884393215179443,
  "val/tnr_at_recall_80_mean": 0.0,
  "val/enrichment_factor_mean": 0.9956806302070618,
  "val/mcc_mean": -0.06572198867797852,
  "val/spearman_rho_top10_mean": 0.0,
  "val/ECE_mean": 0.022536061704158783,
  "val/tnr_at_recall_75_mean": 0.0,
  "val/pos_lr_mean": 0.9884393215179443,
  "val/specificity_mean": 0.0,
  "val/kendall_tau_mean": -0.06566188484430313,
  "val/recall_at_precision_85_mean": 0.0,
  "val/kendall_tau_top20_mean": 0.0,
  "val/sensitivity_mean": 0.9884393215179443,
  "val/average_precision_mean": 0.6263971924781799,
  "val/tnr_at_recall_95_mean": 0.0,
  "val/cohen_kappa_mean": -0.014472190290689468,
  "val/supervised_loss": 0.6747515797615051,
  "val/kendall_tau_top10_mean": 0.0,
  "val/recall_at_precision_80_mean": 0.0,
  "val/spearman_rho_top50_mean": 0.0,
  "val/f1_mean": 0.7668161392211914,
  "val/optimal_threshold_mean": 0.5,
  "val/recall_at_precision_75_mean": 0.0,
  "val/recall_at_precision_95_mean": 0.0,
  "val/ppv_mean": 0.6263736486434937,
  "val/spearman_rho_mean": -0.0657215565443039,
  "val/balanced_accuracy_mean": 0.49421966075897217,
  "val/spearman_rho_top20_mean": 0.0,
  "val/tnr_at_recall_85_mean": 0.0,
  "val/kendall_tau_top50_mean": 0.0,
  "val/auprc_mean": 0.6263971924781799,
  "training_epochs": 118,
  "best_lr": 0.001,
  "best_weight_decay": 0.1
}