{
  "val/ppv_mean": 0.7175572514533997,
  "val/cohen_kappa_mean": 0.21212121844291687,
  "val/spearman_rho_top10_mean": -0.04309971258044243,
  "val/specificity_mean": 0.4126984179019928,
  "val/optimal_threshold_mean": 0.5705391764640808,
  "val/spearman_rho_top50_mean": 0.014526697807013988,
  "val/average_precision_mean": 0.7380700707435608,
  "val/recall_at_precision_90_mean": 0.07563025504350662,
  "val/tnr_at_recall_90_mean": 0.2539682686328888,
  "val/recall_mean": 0.7899159789085388,
  "val/recall_at_precision_95_mean": 0.016806723549962044,
  "val/enrichment_factor_mean": 1.097440481185913,
  "val/precision_mean": 0.7175572514533997,
  "val/ECE_mean": 0.06314162909984589,
  "val/mcc_mean": 0.21463140845298767,
  "val/auprc_mean": 0.7380700707435608,
  "val/f1_mean": 0.7519999742507935,
  "val/tnr_at_recall_80_mean": 0.3968254029750824,
  "val/kendall_tau_top20_mean": 0.2223747968673706,
  "val/spearman_rho_top20_mean": 0.2686467468738556,
  "val/tnr_at_recall_95_mean": 0.1587301641702652,
  "val/kendall_tau_top50_mean": 0.011927400715649128,
  "val/tnr_at_recall_85_mean": 0.3333333432674408,
  "val/balanced_accuracy_mean": 0.601307213306427,
  "val/tnr_at_recall_75_mean": 0.4285714328289032,
  "val/recall_at_precision_85_mean": 0.1428571492433548,
  "val/loss": 0.6412558555603027,
  "val/kendall_tau_mean": 0.158127561211586,
  "val/recall_at_precision_80_mean": 0.18487395346164703,
  "val/spearman_rho_mean": 0.19311875104904175,
  "val/supervised_loss": 0.6412558555603027,
  "val/kendall_tau_top10_mean": -0.03615507483482361,
  "val/auroc_mean": 0.6171802282333374,
  "val/recall_at_precision_75_mean": 0.21008403599262238,
  "val/sensitivity_mean": 0.7899159789085388,
  "val/pos_lr_mean": 1.3449920415878296,
  "training_epochs": 17,
  "best_lr": 0.0005,
  "best_weight_decay": 0.1
}