{
  "val/recall_mean": 0.54347825050354,
  "val/precision_mean": 0.7352941036224365,
  "val/f1_mean": 0.625,
  "val/pos_lr_mean": 1.3888888359069824,
  "val/spearman_rho_mean": 0.14457353949546814,
  "val/recall_at_precision_80_mean": 0.09420289844274521,
  "val/kendall_tau_mean": 0.11832859367132187,
  "val/auroc_mean": 0.5885317921638489,
  "val/balanced_accuracy_mean": 0.5760869383811951,
  "val/cohen_kappa_mean": 0.13461539149284363,
  "val/tnr_at_recall_75_mean": 0.37681159377098083,
  "val/tnr_at_recall_85_mean": 0.23188406229019165,
  "val/auprc_mean": 0.7370097041130066,
  "val/mcc_mean": 0.14348600804805756,
  "val/recall_at_precision_85_mean": 0.05797101557254791,
  "val/sensitivity_mean": 0.54347825050354,
  "val/loss": 0.6843849420547485,
  "val/ECE_mean": 0.1050494834780693,
  "val/tnr_at_recall_90_mean": 0.15942029654979706,
  "val/recall_at_precision_95_mean": 0.014492753893136978,
  "val/kendall_tau_top50_mean": 0.035331789404153824,
  "val/tnr_at_recall_95_mean": 0.05797101557254791,
  "val/tnr_at_recall_80_mean": 0.2753623127937317,
  "val/specificity_mean": 0.6086956262588501,
  "val/spearman_rho_top10_mean": 0.19023793935775757,
  "val/kendall_tau_top10_mean": 0.15916448831558228,
  "val/optimal_threshold_mean": 0.6707413196563721,
  "val/spearman_rho_top50_mean": 0.04306388273835182,
  "val/recall_at_precision_75_mean": 0.4420289993286133,
  "val/supervised_loss": 0.6843849420547485,
  "val/spearman_rho_top20_mean": 0.06720215082168579,
  "val/recall_at_precision_90_mean": 0.014492753893136978,
  "val/kendall_tau_top20_mean": 0.0555354468524456,
  "val/average_precision_mean": 0.7370097041130066,
  "val/enrichment_factor_mean": 1.1029411554336548,
  "val/ppv_mean": 0.7352941036224365,
  "training_epochs": 8,
  "best_lr": 0.0005,
  "best_weight_decay": 0.0
}