{
  "val/recall_at_precision_90_mean": 0.23255814611911774,
  "val/auroc_mean": 0.58439040184021,
  "val/spearman_rho_top20_mean": 0.4281744062900543,
  "val/spearman_rho_top10_mean": 0.0,
  "val/tnr_at_recall_75_mean": 0.3030303120613098,
  "val/spearman_rho_top50_mean": 0.05366729199886322,
  "val/recall_at_precision_95_mean": 0.1627907007932663,
  "val/pos_lr_mean": 1.6046512126922607,
  "val/mcc_mean": 0.18061614036560059,
  "val/recall_at_precision_80_mean": 0.5465116500854492,
  "val/supervised_loss": 0.6214908957481384,
  "val/tnr_at_recall_80_mean": 0.1515151560306549,
  "val/kendall_tau_top50_mean": 0.04420122131705284,
  "val/tnr_at_recall_90_mean": 0.06060606241226196,
  "val/ECE_mean": 0.06433141231536865,
  "val/kendall_tau_top20_mean": 0.35712215304374695,
  "val/enrichment_factor_mean": 1.1166870594024658,
  "val/balanced_accuracy_mean": 0.6007751822471619,
  "val/cohen_kappa_mean": 0.1586025208234787,
  "val/specificity_mean": 0.6666666865348816,
  "val/spearman_rho_mean": 0.13138052821159363,
  "val/optimal_threshold_mean": 0.6489766240119934,
  "val/recall_at_precision_85_mean": 0.2906976640224457,
  "val/sensitivity_mean": 0.5348837375640869,
  "val/average_precision_mean": 0.8113304376602173,
  "val/tnr_at_recall_85_mean": 0.09090909361839294,
  "val/auprc_mean": 0.8113304376602173,
  "val/f1_mean": 0.6433566212654114,
  "val/loss": 0.6214908957481384,
  "val/kendall_tau_mean": 0.10964357107877731,
  "val/ppv_mean": 0.8070175647735596,
  "val/kendall_tau_top10_mean": 0.0,
  "val/precision_mean": 0.8070175647735596,
  "val/recall_at_precision_75_mean": 0.5465116500854492,
  "val/tnr_at_recall_95_mean": 0.06060606241226196,
  "val/recall_mean": 0.5348837375640869,
  "training_epochs": 12,
  "best_lr": 0.001,
  "best_weight_decay": 1.0
}