{
  "val/average_precision_mean": 0.7184581756591797,
  "val/enrichment_factor_mean": 1.1126495599746704,
  "val/recall_at_precision_80_mean": 0.19767442345619202,
  "val/spearman_rho_mean": 0.1572200059890747,
  "val/f1_mean": 0.7188405990600586,
  "val/tnr_at_recall_75_mean": 0.4526315927505493,
  "val/recall_at_precision_90_mean": 0.01744186133146286,
  "val/kendall_tau_top50_mean": 0.012079738080501556,
  "val/mcc_mean": 0.20563215017318726,
  "val/precision_mean": 0.7167630195617676,
  "val/auprc_mean": 0.7184581756591797,
  "val/sensitivity_mean": 0.7209302186965942,
  "val/kendall_tau_mean": 0.128609761595726,
  "val/recall_at_precision_85_mean": 0.13372093439102173,
  "val/recall_at_precision_75_mean": 0.21511627733707428,
  "val/ECE_mean": 0.11149927228689194,
  "val/recall_mean": 0.7209302186965942,
  "val/kendall_tau_top10_mean": -0.2838299572467804,
  "val/spearman_rho_top20_mean": 0.20422956347465515,
  "val/tnr_at_recall_80_mean": 0.2947368323802948,
  "val/pos_lr_mean": 1.3977218866348267,
  "val/balanced_accuracy_mean": 0.6025703549385071,
  "val/recall_at_precision_95_mean": 0.01744186133146286,
  "val/tnr_at_recall_85_mean": 0.17894737422466278,
  "val/ppv_mean": 0.7167630195617676,
  "val/auroc_mean": 0.5947980284690857,
  "val/optimal_threshold_mean": 0.5811781287193298,
  "val/spearman_rho_top10_mean": -0.3411211371421814,
  "val/kendall_tau_top20_mean": 0.16831852495670319,
  "val/cohen_kappa_mean": 0.2056252509355545,
  "val/loss": 0.7028910517692566,
  "val/tnr_at_recall_90_mean": 0.15789473056793213,
  "val/spearman_rho_top50_mean": 0.014739290811121464,
  "val/supervised_loss": 0.7028910517692566,
  "val/tnr_at_recall_95_mean": 0.09473684430122375,
  "val/specificity_mean": 0.4842105209827423,
  "training_epochs": 38,
  "best_lr": 0.0001,
  "best_weight_decay": 0.0
}