{
  "val/ECE_mean": 0.05277710035443306,
  "val/kendall_tau_top10_mean": 0.08559209853410721,
  "val/tnr_at_recall_90_mean": 0.17073170840740204,
  "val/spearman_rho_mean": 0.20157001912593842,
  "val/spearman_rho_top50_mean": 0.0709204226732254,
  "val/spearman_rho_top20_mean": 0.11371470987796783,
  "val/loss": 0.6366705894470215,
  "val/average_precision_mean": 0.809646487236023,
  "val/supervised_loss": 0.6366705894470215,
  "val/f1_mean": 0.70652174949646,
  "val/cohen_kappa_mean": 0.20733945071697235,
  "val/tnr_at_recall_95_mean": 0.12195122241973877,
  "val/spearman_rho_top10_mean": 0.10127393901348114,
  "val/optimal_threshold_mean": 0.6503782868385315,
  "val/tnr_at_recall_80_mean": 0.31707316637039185,
  "val/balanced_accuracy_mean": 0.6204120516777039,
  "val/sensitivity_mean": 0.6310679316520691,
  "val/auprc_mean": 0.809646487236023,
  "val/tnr_at_recall_75_mean": 0.4146341383457184,
  "val/recall_at_precision_95_mean": 0.058252427726984024,
  "val/recall_mean": 0.6310679316520691,
  "val/ppv_mean": 0.8024691343307495,
  "val/mcc_mean": 0.21907742321491241,
  "val/kendall_tau_top20_mean": 0.09449111670255661,
  "val/kendall_tau_mean": 0.1651517152786255,
  "val/recall_at_precision_85_mean": 0.2330097109079361,
  "val/kendall_tau_top50_mean": 0.05830702185630798,
  "val/recall_at_precision_90_mean": 0.20388349890708923,
  "val/tnr_at_recall_85_mean": 0.2926829159259796,
  "val/recall_at_precision_75_mean": 0.8834951519966125,
  "val/auroc_mean": 0.628936767578125,
  "val/pos_lr_mean": 1.6171116828918457,
  "val/specificity_mean": 0.6097561120986938,
  "val/enrichment_factor_mean": 1.1218985319137573,
  "val/precision_mean": 0.8024691343307495,
  "val/recall_at_precision_80_mean": 0.6407766938209534,
  "training_epochs": 21,
  "best_lr": 0.0005,
  "best_weight_decay": 1.0
}