{
  "val/spearman_rho_mean": 0.3391585350036621,
  "val/average_precision_mean": 0.7342641353607178,
  "val/spearman_rho_top50_mean": -0.05366622656583786,
  "val/mcc_mean": 0.34281066060066223,
  "val/tnr_at_recall_85_mean": 0.38461539149284363,
  "val/recall_at_precision_95_mean": 0.027397260069847107,
  "val/supervised_loss": 0.6881471872329712,
  "val/balanced_accuracy_mean": 0.6736037731170654,
  "val/f1_mean": 0.6818181872367859,
  "val/auprc_mean": 0.7342641353607178,
  "val/recall_at_precision_85_mean": 0.2054794579744339,
  "val/recall_at_precision_90_mean": 0.027397260069847107,
  "val/tnr_at_recall_90_mean": 0.32692307233810425,
  "val/ppv_mean": 0.7627118825912476,
  "val/kendall_tau_mean": 0.2780272662639618,
  "val/recall_mean": 0.6164383292198181,
  "val/precision_mean": 0.7627118825912476,
  "val/auroc_mean": 0.698630154132843,
  "val/specificity_mean": 0.7307692170143127,
  "val/recall_at_precision_80_mean": 0.2054794579744339,
  "val/ECE_mean": 0.1331547647714615,
  "val/sensitivity_mean": 0.6164383292198181,
  "val/kendall_tau_top50_mean": -0.04417024925351143,
  "val/kendall_tau_top10_mean": -0.2752409279346466,
  "val/spearman_rho_top10_mean": -0.3238751292228699,
  "val/tnr_at_recall_75_mean": 0.557692289352417,
  "val/enrichment_factor_mean": 1.3060134649276733,
  "val/cohen_kappa_mean": 0.33426326513290405,
  "val/spearman_rho_top20_mean": 0.3805212080478668,
  "val/tnr_at_recall_80_mean": 0.48076921701431274,
  "val/tnr_at_recall_95_mean": 0.25,
  "val/optimal_threshold_mean": 0.7667199373245239,
  "val/loss": 0.6881471872329712,
  "val/pos_lr_mean": 2.289628267288208,
  "val/recall_at_precision_75_mean": 0.6575342416763306,
  "val/kendall_tau_top20_mean": 0.31684720516204834,
  "training_epochs": 153,
  "best_lr": 5e-05,
  "best_weight_decay": 0.01
}