{
  "val/auprc_mean": 0.67292320728302,
  "val/mcc_mean": 0.2560643255710602,
  "val/sensitivity_mean": 0.7765362858772278,
  "val/specificity_mean": 0.46721312403678894,
  "val/precision_mean": 0.6813725233078003,
  "val/balanced_accuracy_mean": 0.6218746900558472,
  "val/tnr_at_recall_90_mean": 0.2540983557701111,
  "val/kendall_tau_top50_mean": -0.01699490286409855,
  "val/spearman_rho_top50_mean": -0.02074538543820381,
  "val/tnr_at_recall_75_mean": 0.4836065471172333,
  "val/spearman_rho_mean": 0.21549105644226074,
  "val/f1_mean": 0.7258485555648804,
  "val/ppv_mean": 0.6813725233078003,
  "val/enrichment_factor_mean": 1.1457717418670654,
  "val/tnr_at_recall_80_mean": 0.4262295067310333,
  "val/average_precision_mean": 0.67292320728302,
  "val/ECE_mean": 0.13696087896823883,
  "val/cohen_kappa_mean": 0.2519703805446625,
  "val/spearman_rho_top10_mean": -0.05993753671646118,
  "val/recall_at_precision_75_mean": 0.03351955488324165,
  "val/auroc_mean": 0.6267057657241821,
  "val/recall_mean": 0.7765362858772278,
  "val/kendall_tau_top10_mean": -0.04974775388836861,
  "val/spearman_rho_top20_mean": -0.04448047652840614,
  "val/recall_at_precision_95_mean": 0.005586592014878988,
  "val/supervised_loss": 0.7708321809768677,
  "val/recall_at_precision_85_mean": 0.005586592014878988,
  "val/recall_at_precision_80_mean": 0.02793296054005623,
  "val/optimal_threshold_mean": 0.6489349603652954,
  "val/recall_at_precision_90_mean": 0.005586592014878988,
  "val/tnr_at_recall_95_mean": 0.10655737668275833,
  "val/tnr_at_recall_85_mean": 0.39344263076782227,
  "val/pos_lr_mean": 1.4574989080429077,
  "val/kendall_tau_mean": 0.1762397438287735,
  "val/loss": 0.7708321809768677,
  "val/kendall_tau_top20_mean": -0.036619558930397034,
  "training_epochs": 71,
  "best_lr": 0.0005,
  "best_weight_decay": 1.0
}