{
  "val/tnr_at_recall_95_mean": 0.09909909963607788,
  "val/ppv_mean": 0.7166666388511658,
  "val/tnr_at_recall_75_mean": 0.3513513505458832,
  "val/f1_mean": 0.5931034684181213,
  "val/recall_at_precision_80_mean": 0.0,
  "val/spearman_rho_top20_mean": -0.13011763989925385,
  "val/tnr_at_recall_85_mean": 0.21621622145175934,
  "val/supervised_loss": 0.6825718283653259,
  "val/auroc_mean": 0.5923953652381897,
  "val/average_precision_mean": 0.6607770919799805,
  "val/auprc_mean": 0.6607770919799805,
  "val/spearman_rho_mean": 0.15647751092910767,
  "val/kendall_tau_mean": 0.12816782295703888,
  "val/pos_lr_mean": 1.6515570878982544,
  "val/balanced_accuracy_mean": 0.5997880101203918,
  "val/kendall_tau_top10_mean": -0.24878652393817902,
  "val/loss": 0.6825718283653259,
  "val/mcc_mean": 0.19723810255527496,
  "val/enrichment_factor_mean": 1.1846078634262085,
  "val/tnr_at_recall_80_mean": 0.2522522509098053,
  "val/kendall_tau_top20_mean": -0.10728220641613007,
  "val/spearman_rho_top50_mean": 0.00019166448328178376,
  "val/recall_at_precision_75_mean": 0.01764705963432789,
  "val/recall_at_precision_85_mean": 0.0,
  "val/precision_mean": 0.7166666388511658,
  "val/recall_mean": 0.5058823823928833,
  "val/kendall_tau_top50_mean": 0.0001577362563693896,
  "val/sensitivity_mean": 0.5058823823928833,
  "val/cohen_kappa_mean": 0.18510690331459045,
  "val/optimal_threshold_mean": 0.6781002283096313,
  "val/recall_at_precision_90_mean": 0.0,
  "val/tnr_at_recall_90_mean": 0.19819819927215576,
  "val/recall_at_precision_95_mean": 0.0,
  "val/spearman_rho_top10_mean": -0.29837337136268616,
  "val/ECE_mean": 0.06226092204451561,
  "val/specificity_mean": 0.6936936974525452,
  "training_epochs": 3,
  "best_lr": 0.0005,
  "best_weight_decay": 0.01
}