{
  "val/cohen_kappa_mean": 0.1635381430387497,
  "val/recall_at_precision_80_mean": 0.4100719392299652,
  "val/tnr_at_recall_90_mean": 0.203125,
  "val/auroc_mean": 0.6053282618522644,
  "val/supervised_loss": 0.707102358341217,
  "val/spearman_rho_top50_mean": 0.09836118668317795,
  "val/kendall_tau_mean": 0.13875974714756012,
  "val/tnr_at_recall_80_mean": 0.328125,
  "val/sensitivity_mean": 0.48201438784599304,
  "val/ECE_mean": 0.14328314363956451,
  "val/loss": 0.707102358341217,
  "val/tnr_at_recall_75_mean": 0.375,
  "val/specificity_mean": 0.71875,
  "val/optimal_threshold_mean": 0.6384808421134949,
  "val/recall_at_precision_90_mean": 0.028776979073882103,
  "val/recall_mean": 0.48201438784599304,
  "val/precision_mean": 0.7882353067398071,
  "val/spearman_rho_top20_mean": -0.0803888812661171,
  "val/f1_mean": 0.5982142686843872,
  "val/recall_at_precision_75_mean": 0.5611510872840881,
  "val/spearman_rho_top10_mean": 0.15137512981891632,
  "val/average_precision_mean": 0.7563790082931519,
  "val/mcc_mean": 0.1890747845172882,
  "val/enrichment_factor_mean": 1.1511638164520264,
  "val/balanced_accuracy_mean": 0.6003822088241577,
  "val/kendall_tau_top10_mean": 0.12664951384067535,
  "val/ppv_mean": 0.7882353067398071,
  "val/auprc_mean": 0.7563790082931519,
  "val/spearman_rho_mean": 0.16952824592590332,
  "val/recall_at_precision_95_mean": 0.028776979073882103,
  "val/recall_at_precision_85_mean": 0.057553958147764206,
  "val/kendall_tau_top50_mean": 0.08070817589759827,
  "val/tnr_at_recall_85_mean": 0.28125,
  "val/kendall_tau_top20_mean": -0.06645264476537704,
  "val/pos_lr_mean": 1.7138289213180542,
  "val/tnr_at_recall_95_mean": 0.09375,
  "training_epochs": 26,
  "best_lr": 0.0005,
  "best_weight_decay": 1.0
}