{
  "val/loss": 0.6766982078552246,
  "val/tnr_at_recall_80_mean": 0.37837839126586914,
  "val/kendall_tau_top50_mean": -0.02035048045217991,
  "val/recall_at_precision_75_mean": 0.0,
  "val/pos_lr_mean": 1.3159276247024536,
  "val/spearman_rho_top10_mean": -0.17531824111938477,
  "val/ppv_mean": 0.668367326259613,
  "val/cohen_kappa_mean": 0.19284096360206604,
  "val/precision_mean": 0.668367326259613,
  "val/recall_at_precision_80_mean": 0.0,
  "val/sensitivity_mean": 0.770588219165802,
  "val/tnr_at_recall_85_mean": 0.28828829526901245,
  "val/ECE_mean": 0.056921083480119705,
  "val/tnr_at_recall_95_mean": 0.14414414763450623,
  "val/auprc_mean": 0.6539905071258545,
  "val/recall_at_precision_90_mean": 0.0,
  "val/mcc_mean": 0.19689124822616577,
  "val/average_precision_mean": 0.6539905071258545,
  "val/spearman_rho_top50_mean": -0.024835605174303055,
  "val/enrichment_factor_mean": 1.1047719717025757,
  "val/recall_at_precision_85_mean": 0.0,
  "val/f1_mean": 0.7158470153808594,
  "val/spearman_rho_mean": 0.15767863392829895,
  "val/supervised_loss": 0.6766982078552246,
  "val/optimal_threshold_mean": 0.52591872215271,
  "val/tnr_at_recall_75_mean": 0.4234234094619751,
  "val/kendall_tau_top20_mean": -0.070152647793293,
  "val/recall_at_precision_95_mean": 0.0,
  "val/kendall_tau_mean": 0.12897294759750366,
  "val/spearman_rho_top20_mean": -0.08516208827495575,
  "val/specificity_mean": 0.4144144058227539,
  "val/balanced_accuracy_mean": 0.5925013422966003,
  "val/recall_mean": 0.770588219165802,
  "val/auroc_mean": 0.5931107401847839,
  "val/tnr_at_recall_90_mean": 0.2432432472705841,
  "val/kendall_tau_top10_mean": -0.1456805020570755,
  "training_epochs": 11,
  "best_lr": 0.0005,
  "best_weight_decay": 1.0
}