{
  "val/tnr_at_recall_90_mean": 0.190476194024086,
  "val/recall_at_precision_95_mean": 0.02521008439362049,
  "val/spearman_rho_top10_mean": 0.02577030472457409,
  "val/recall_at_precision_90_mean": 0.02521008439362049,
  "val/balanced_accuracy_mean": 0.5961717963218689,
  "val/cohen_kappa_mean": 0.1636219173669815,
  "val/kendall_tau_top50_mean": 0.16261978447437286,
  "val/enrichment_factor_mean": 1.1683006286621094,
  "val/auroc_mean": 0.5832332968711853,
  "val/precision_mean": 0.7638888955116272,
  "val/tnr_at_recall_85_mean": 0.2539682686328888,
  "val/ECE_mean": 0.08974896371364594,
  "val/kendall_tau_top20_mean": -0.045398108661174774,
  "val/recall_mean": 0.462184876203537,
  "val/kendall_tau_top10_mean": 0.02167774923145771,
  "val/spearman_rho_top50_mean": 0.1976248025894165,
  "val/auprc_mean": 0.7267361879348755,
  "val/spearman_rho_top20_mean": -0.05468427762389183,
  "val/specificity_mean": 0.7301587462425232,
  "val/tnr_at_recall_95_mean": 0.095238097012043,
  "val/recall_at_precision_80_mean": 0.10084033757448196,
  "val/average_precision_mean": 0.7267361879348755,
  "val/f1_mean": 0.5759162306785583,
  "val/tnr_at_recall_80_mean": 0.30158731341362,
  "val/mcc_mean": 0.1871366798877716,
  "val/pos_lr_mean": 1.712802767753601,
  "val/ppv_mean": 0.7638888955116272,
  "val/spearman_rho_mean": 0.1371774822473526,
  "val/optimal_threshold_mean": 0.5856816172599792,
  "val/supervised_loss": 0.6631603240966797,
  "val/recall_at_precision_85_mean": 0.02521008439362049,
  "val/loss": 0.6631603240966797,
  "val/kendall_tau_mean": 0.1124480813741684,
  "val/recall_at_precision_75_mean": 0.5042017102241516,
  "val/tnr_at_recall_75_mean": 0.30158731341362,
  "val/sensitivity_mean": 0.462184876203537,
  "training_epochs": 76,
  "best_lr": 0.0005,
  "best_weight_decay": 0.01
}