{
  "val/recall_mean": 0.20987653732299805,
  "val/tnr_at_recall_85_mean": 0.13829787075519562,
  "val/spearman_rho_mean": 0.08463546633720398,
  "val/mcc_mean": 0.16240546107292175,
  "val/cohen_kappa_mean": 0.09840480983257294,
  "val/enrichment_factor_mean": 1.279247522354126,
  "val/kendall_tau_mean": 0.07643666118383408,
  "val/tnr_at_recall_80_mean": 0.19148936867713928,
  "val/precision_mean": 0.8095238208770752,
  "val/optimal_threshold_mean": 0.6806598901748657,
  "val/spearman_rho_top20_mean": -0.11246702075004578,
  "val/spearman_rho_top50_mean": 0.5360912680625916,
  "val/tnr_at_recall_90_mean": 0.08510638028383255,
  "val/sensitivity_mean": 0.20987653732299805,
  "val/auprc_mean": 0.6571565866470337,
  "val/balanced_accuracy_mean": 0.562385082244873,
  "val/pos_lr_mean": 2.4660494327545166,
  "val/recall_at_precision_85_mean": 0.0,
  "val/auroc_mean": 0.5454097986221313,
  "val/recall_at_precision_90_mean": 0.0,
  "val/supervised_loss": 0.6623517274856567,
  "val/ppv_mean": 0.8095238208770752,
  "val/tnr_at_recall_75_mean": 0.21276596188545227,
  "val/average_precision_mean": 0.6571565866470337,
  "val/kendall_tau_top20_mean": -0.0946040228009224,
  "val/spearman_rho_top10_mean": -0.1803532838821411,
  "val/kendall_tau_top50_mean": 0.48770207166671753,
  "val/specificity_mean": 0.914893627166748,
  "val/ECE_mean": 0.041870102286338806,
  "val/tnr_at_recall_95_mean": 0.06382978707551956,
  "val/recall_at_precision_75_mean": 0.2469135820865631,
  "val/f1_mean": 0.3333333432674408,
  "val/loss": 0.6623517274856567,
  "val/recall_at_precision_80_mean": 0.2222222238779068,
  "val/recall_at_precision_95_mean": 0.0,
  "val/kendall_tau_top10_mean": -0.15303483605384827,
  "training_epochs": 36,
  "best_lr": 0.001,
  "best_weight_decay": 0.0
}