{
  "val/loss": 0.6915895938873291,
  "val/cohen_kappa_mean": 0.20749279856681824,
  "val/balanced_accuracy_mean": 0.5989459156990051,
  "val/recall_mean": 0.7861271500587463,
  "val/ppv_mean": 0.6938775777816772,
  "val/tnr_at_recall_80_mean": 0.37254902720451355,
  "val/kendall_tau_top50_mean": 0.049566205590963364,
  "val/kendall_tau_top20_mean": -0.056322790682315826,
  "val/recall_at_precision_95_mean": 0.023121386766433716,
  "val/average_precision_mean": 0.7113998532295227,
  "val/pos_lr_mean": 1.336416244506836,
  "val/recall_at_precision_90_mean": 0.023121386766433716,
  "val/tnr_at_recall_95_mean": 0.0784313753247261,
  "val/tnr_at_recall_75_mean": 0.4313725531101227,
  "val/auroc_mean": 0.6145302057266235,
  "val/recall_at_precision_85_mean": 0.023121386766433716,
  "val/auprc_mean": 0.7113998532295227,
  "val/enrichment_factor_mean": 1.1029845476150513,
  "val/spearman_rho_top10_mean": -0.22875450551509857,
  "val/spearman_rho_top50_mean": 0.0604856051504612,
  "val/ECE_mean": 0.0829756036400795,
  "val/specificity_mean": 0.4117647111415863,
  "val/recall_at_precision_80_mean": 0.028901733458042145,
  "val/kendall_tau_top10_mean": -0.1902046650648117,
  "val/optimal_threshold_mean": 0.5446147918701172,
  "val/recall_at_precision_75_mean": 0.19075144827365875,
  "val/spearman_rho_top20_mean": -0.06836237013339996,
  "val/sensitivity_mean": 0.7861271500587463,
  "val/precision_mean": 0.6938775777816772,
  "val/mcc_mean": 0.2112562209367752,
  "val/kendall_tau_mean": 0.15676407516002655,
  "val/tnr_at_recall_85_mean": 0.28431373834609985,
  "val/supervised_loss": 0.6915895938873291,
  "val/spearman_rho_mean": 0.19164785742759705,
  "val/tnr_at_recall_90_mean": 0.20588235557079315,
  "val/f1_mean": 0.7371273636817932,
  "training_epochs": 28,
  "best_lr": 0.0005,
  "best_weight_decay": 0.01
}