{
  "val/spearman_rho_top10_mean": 0.004201940260827541,
  "val/recall_at_precision_80_mean": 0.022346368059515953,
  "val/tnr_at_recall_90_mean": 0.23770491778850555,
  "val/pos_lr_mean": 1.4399244785308838,
  "val/tnr_at_recall_80_mean": 0.4262295067310333,
  "val/tnr_at_recall_85_mean": 0.3852458894252777,
  "val/sensitivity_mean": 0.8379888534545898,
  "val/cohen_kappa_mean": 0.2708686590194702,
  "val/ECE_mean": 0.058204494416713715,
  "val/spearman_rho_mean": 0.22662775218486786,
  "val/kendall_tau_top10_mean": 0.003487582318484783,
  "val/average_precision_mean": 0.6835052371025085,
  "val/recall_at_precision_85_mean": 0.005586592014878988,
  "val/spearman_rho_top50_mean": 0.030035143718123436,
  "val/spearman_rho_top20_mean": 0.05275591462850571,
  "val/recall_at_precision_95_mean": 0.005586592014878988,
  "val/auroc_mean": 0.6332539319992065,
  "val/enrichment_factor_mean": 1.1413332223892212,
  "val/kendall_tau_top20_mean": 0.04343250021338463,
  "val/f1_mean": 0.75,
  "val/kendall_tau_top50_mean": 0.024605201557278633,
  "val/balanced_accuracy_mean": 0.6280108094215393,
  "val/specificity_mean": 0.41803279519081116,
  "val/auprc_mean": 0.6835052371025085,
  "val/loss": 0.6700198650360107,
  "val/tnr_at_recall_95_mean": 0.12295082211494446,
  "val/recall_at_precision_90_mean": 0.005586592014878988,
  "val/recall_at_precision_75_mean": 0.08938547223806381,
  "val/ppv_mean": 0.6787330508232117,
  "val/supervised_loss": 0.6700198650360107,
  "val/tnr_at_recall_75_mean": 0.49180328845977783,
  "val/optimal_threshold_mean": 0.5594973564147949,
  "val/kendall_tau_mean": 0.18534789979457855,
  "val/recall_mean": 0.8379888534545898,
  "val/precision_mean": 0.6787330508232117,
  "val/mcc_mean": 0.2845390737056732,
  "training_epochs": 113,
  "best_lr": 0.001,
  "best_weight_decay": 1.0
}