{
  "val/f1_mean": 0.6461538672447205,
  "val/balanced_accuracy_mean": 0.6434404850006104,
  "val/spearman_rho_top50_mean": 0.10722266882658005,
  "val/spearman_rho_mean": 0.2941772937774658,
  "val/auroc_mean": 0.6722866296768188,
  "val/kendall_tau_mean": 0.24115362763404846,
  "val/precision_mean": 0.7368420958518982,
  "val/auprc_mean": 0.7248644232749939,
  "val/ECE_mean": 0.09563400596380234,
  "val/enrichment_factor_mean": 1.2617160081863403,
  "val/pos_lr_mean": 1.9945205450057983,
  "val/tnr_at_recall_95_mean": 0.19230769574642181,
  "val/spearman_rho_top20_mean": -0.194145068526268,
  "val/recall_mean": 0.5753424763679504,
  "val/optimal_threshold_mean": 0.7273111939430237,
  "val/ppv_mean": 0.7368420958518982,
  "val/kendall_tau_top10_mean": 0.07106690853834152,
  "val/recall_at_precision_80_mean": 0.27397260069847107,
  "val/sensitivity_mean": 0.5753424763679504,
  "val/kendall_tau_top20_mean": -0.16165807843208313,
  "val/tnr_at_recall_80_mean": 0.42307692766189575,
  "val/recall_at_precision_90_mean": 0.04109589010477066,
  "val/mcc_mean": 0.28390491008758545,
  "val/loss": 0.6686204671859741,
  "val/kendall_tau_top50_mean": 0.08825013786554337,
  "val/specificity_mean": 0.7115384340286255,
  "val/cohen_kappa_mean": 0.27472251653671265,
  "val/recall_at_precision_85_mean": 0.04109589010477066,
  "val/supervised_loss": 0.6686204671859741,
  "val/recall_at_precision_75_mean": 0.45205479860305786,
  "val/tnr_at_recall_75_mean": 0.48076921701431274,
  "val/tnr_at_recall_85_mean": 0.3076923191547394,
  "val/tnr_at_recall_90_mean": 0.3076923191547394,
  "val/recall_at_precision_95_mean": 0.04109589010477066,
  "val/spearman_rho_top10_mean": 0.08362419903278351,
  "val/average_precision_mean": 0.7248644232749939,
  "training_epochs": 40,
  "best_lr": 0.0005,
  "best_weight_decay": 0.1
}