{
  "val/recall_at_precision_90_mean": 0.0972222238779068,
  "val/ECE_mean": 0.0684860423207283,
  "val/tnr_at_recall_80_mean": 0.328125,
  "val/tnr_at_recall_95_mean": 0.0625,
  "val/kendall_tau_top50_mean": 0.15417084097862244,
  "val/pos_lr_mean": 2.190476179122925,
  "val/spearman_rho_top50_mean": 0.18791866302490234,
  "val/spearman_rho_top20_mean": 0.058321185410022736,
  "val/sensitivity_mean": 0.4791666567325592,
  "val/supervised_loss": 0.6289584040641785,
  "val/precision_mean": 0.8313252925872803,
  "val/kendall_tau_top10_mean": 0.3352370858192444,
  "val/balanced_accuracy_mean": 0.6302083134651184,
  "val/kendall_tau_mean": 0.1754993051290512,
  "val/average_precision_mean": 0.8035458326339722,
  "val/tnr_at_recall_75_mean": 0.375,
  "val/tnr_at_recall_90_mean": 0.15625,
  "val/recall_at_precision_85_mean": 0.3541666567325592,
  "val/ppv_mean": 0.8313252925872803,
  "val/auroc_mean": 0.6341145634651184,
  "val/spearman_rho_mean": 0.21442703902721405,
  "val/mcc_mean": 0.24544034898281097,
  "val/recall_at_precision_75_mean": 0.6944444179534912,
  "val/recall_at_precision_80_mean": 0.5069444179534912,
  "val/optimal_threshold_mean": 0.6892054677009583,
  "val/f1_mean": 0.607929527759552,
  "val/auprc_mean": 0.8035458326339722,
  "val/specificity_mean": 0.78125,
  "val/spearman_rho_top10_mean": 0.4006849527359009,
  "val/enrichment_factor_mean": 1.2008031606674194,
  "val/recall_mean": 0.4791666567325592,
  "val/recall_at_precision_95_mean": 0.0972222238779068,
  "val/kendall_tau_top20_mean": 0.04819627106189728,
  "val/tnr_at_recall_85_mean": 0.265625,
  "val/loss": 0.6289584040641785,
  "val/cohen_kappa_mean": 0.20590254664421082,
  "training_epochs": 10,
  "best_lr": 0.001,
  "best_weight_decay": 0.1
}