{
  "val/loss": 0.7096986770629883,
  "val/recall_at_precision_95_mean": 0.0117647061124444,
  "val/kendall_tau_top10_mean": 0.095238097012043,
  "val/spearman_rho_top50_mean": 0.04071049019694328,
  "val/f1_mean": 0.7108753323554993,
  "val/mcc_mean": 0.1449284702539444,
  "val/tnr_at_recall_75_mean": 0.36036035418510437,
  "val/spearman_rho_top20_mean": 0.10294982045888901,
  "val/recall_at_precision_90_mean": 0.0117647061124444,
  "val/ECE_mean": 0.1094546690583229,
  "val/optimal_threshold_mean": 0.7208701968193054,
  "val/tnr_at_recall_95_mean": 0.0810810774564743,
  "val/supervised_loss": 0.7096986770629883,
  "val/enrichment_factor_mean": 1.0700199604034424,
  "val/spearman_rho_top10_mean": 0.09956534951925278,
  "val/auprc_mean": 0.6387400031089783,
  "val/spearman_rho_mean": 0.10927983373403549,
  "val/recall_mean": 0.7882353067398071,
  "val/recall_at_precision_75_mean": 0.0117647061124444,
  "val/average_precision_mean": 0.6387400031089783,
  "val/balanced_accuracy_mean": 0.5652888417243958,
  "val/kendall_tau_mean": 0.10104203224182129,
  "val/pos_lr_mean": 1.198549509048462,
  "val/sensitivity_mean": 0.7882353067398071,
  "val/tnr_at_recall_80_mean": 0.3333333432674408,
  "val/auroc_mean": 0.5536301136016846,
  "val/precision_mean": 0.6473429799079895,
  "val/recall_at_precision_80_mean": 0.0117647061124444,
  "val/recall_at_precision_85_mean": 0.0117647061124444,
  "val/tnr_at_recall_85_mean": 0.19819819927215576,
  "val/kendall_tau_top20_mean": 0.10067783296108246,
  "val/ppv_mean": 0.6473429799079895,
  "val/cohen_kappa_mean": 0.1385943740606308,
  "val/kendall_tau_top50_mean": 0.04034850373864174,
  "val/specificity_mean": 0.342342346906662,
  "val/tnr_at_recall_90_mean": 0.12612612545490265,
  "training_epochs": 1,
  "best_lr": 0.001,
  "best_weight_decay": 0.01
}