{
  "val/spearman_rho_top10_mean": -0.15018784999847412,
  "val/sensitivity_mean": 0.7753623127937317,
  "val/average_precision_mean": 0.755150556564331,
  "val/mcc_mean": 0.2311888337135315,
  "val/specificity_mean": 0.4492753744125366,
  "val/enrichment_factor_mean": 1.1068965196609497,
  "val/recall_at_precision_85_mean": 0.25362318754196167,
  "val/tnr_at_recall_85_mean": 0.30434781312942505,
  "val/auroc_mean": 0.6298046708106995,
  "val/recall_mean": 0.7753623127937317,
  "val/cohen_kappa_mean": 0.230483278632164,
  "val/kendall_tau_top50_mean": 0.06248977780342102,
  "val/precision_mean": 0.7379310131072998,
  "val/spearman_rho_mean": 0.21197259426116943,
  "val/tnr_at_recall_75_mean": 0.4492753744125366,
  "val/spearman_rho_top50_mean": 0.07616519927978516,
  "val/tnr_at_recall_80_mean": 0.4202898442745209,
  "val/recall_at_precision_90_mean": 0.021739130839705467,
  "val/loss": 0.6551616787910461,
  "val/spearman_rho_top20_mean": -0.2799416780471802,
  "val/recall_at_precision_95_mean": 0.021739130839705467,
  "val/recall_at_precision_75_mean": 0.5724637508392334,
  "val/kendall_tau_mean": 0.1734924614429474,
  "val/ppv_mean": 0.7379310131072998,
  "val/kendall_tau_top10_mean": -0.12565617263317108,
  "val/balanced_accuracy_mean": 0.6123188138008118,
  "val/ECE_mean": 0.06470376253128052,
  "val/tnr_at_recall_90_mean": 0.15942029654979706,
  "val/auprc_mean": 0.755150556564331,
  "val/supervised_loss": 0.6551616787910461,
  "val/pos_lr_mean": 1.4078947305679321,
  "val/tnr_at_recall_95_mean": 0.043478261679410934,
  "val/kendall_tau_top20_mean": -0.23134209215641022,
  "val/f1_mean": 0.7561837434768677,
  "val/optimal_threshold_mean": 0.6381956338882446,
  "val/recall_at_precision_80_mean": 0.34057971835136414,
  "training_epochs": 183,
  "best_lr": 0.001,
  "best_weight_decay": 1.0
}