{
  "val/recall_at_precision_85_mean": 0.0,
  "val/tnr_at_recall_85_mean": 0.1340206116437912,
  "val/f1_mean": 0.6259542107582092,
  "val/optimal_threshold_mean": 0.7166426181793213,
  "val/mcc_mean": 0.28864532709121704,
  "val/balanced_accuracy_mean": 0.6460915803909302,
  "val/recall_mean": 0.5189873576164246,
  "val/pos_lr_mean": 2.288262367248535,
  "val/loss": 0.668906033039093,
  "val/ECE_mean": 0.13538941740989685,
  "val/recall_at_precision_80_mean": 0.2278480976819992,
  "val/ppv_mean": 0.7884615659713745,
  "val/sensitivity_mean": 0.5189873576164246,
  "val/enrichment_factor_mean": 1.2725169658660889,
  "val/spearman_rho_top50_mean": 0.19474133849143982,
  "val/spearman_rho_mean": 0.1740124672651291,
  "val/cohen_kappa_mean": 0.2638307809829712,
  "val/specificity_mean": 0.7731958627700806,
  "val/tnr_at_recall_75_mean": 0.19587628543376923,
  "val/precision_mean": 0.7884615659713745,
  "val/auroc_mean": 0.603386402130127,
  "val/spearman_rho_top10_mean": -0.1200881227850914,
  "val/recall_at_precision_90_mean": 0.0,
  "val/auprc_mean": 0.7171287536621094,
  "val/kendall_tau_top50_mean": 0.1618301272392273,
  "val/recall_at_precision_95_mean": 0.0,
  "val/kendall_tau_mean": 0.14366908371448517,
  "val/tnr_at_recall_95_mean": 0.05154639109969139,
  "val/average_precision_mean": 0.7171287536621094,
  "val/kendall_tau_top10_mean": -0.10522735863924026,
  "val/tnr_at_recall_90_mean": 0.09278350323438644,
  "val/supervised_loss": 0.668906033039093,
  "val/spearman_rho_top20_mean": -0.09395599365234375,
  "val/tnr_at_recall_80_mean": 0.19587628543376923,
  "val/kendall_tau_top20_mean": -0.08084436506032944,
  "val/recall_at_precision_75_mean": 0.5443037748336792,
  "training_epochs": 64,
  "best_lr": 0.0005,
  "best_weight_decay": 0.0
}