{
  "val/spearman_rho_top10_mean": -0.1845916360616684,
  "val/tnr_at_recall_90_mean": 0.2526315748691559,
  "val/recall_at_precision_90_mean": 0.0,
  "val/kendall_tau_top50_mean": 0.16263265907764435,
  "val/recall_at_precision_85_mean": 0.25581395626068115,
  "val/sensitivity_mean": 0.25,
  "val/precision_mean": 0.8600000143051147,
  "val/mcc_mean": 0.21637265384197235,
  "val/tnr_at_recall_80_mean": 0.34736841917037964,
  "val/supervised_loss": 0.6554785966873169,
  "val/tnr_at_recall_85_mean": 0.2947368323802948,
  "val/cohen_kappa_mean": 0.13694918155670166,
  "val/f1_mean": 0.38738739490509033,
  "val/spearman_rho_mean": 0.165745809674263,
  "val/tnr_at_recall_75_mean": 0.35789474844932556,
  "val/specificity_mean": 0.9263157844543457,
  "val/auprc_mean": 0.7313792109489441,
  "val/pos_lr_mean": 3.392857074737549,
  "val/enrichment_factor_mean": 1.334999918937683,
  "val/recall_at_precision_95_mean": 0.0,
  "val/ECE_mean": 0.09438257664442062,
  "val/kendall_tau_mean": 0.13558408617973328,
  "val/tnr_at_recall_95_mean": 0.10526315867900848,
  "val/recall_at_precision_80_mean": 0.26744186878204346,
  "val/auroc_mean": 0.5999388098716736,
  "val/kendall_tau_top10_mean": -0.15358953177928925,
  "val/recall_mean": 0.25,
  "val/kendall_tau_top20_mean": 0.0595635361969471,
  "val/loss": 0.6554785966873169,
  "val/average_precision_mean": 0.7313792109489441,
  "val/spearman_rho_top50_mean": 0.19843891263008118,
  "val/balanced_accuracy_mean": 0.5881578922271729,
  "val/recall_at_precision_75_mean": 0.2848837077617645,
  "val/spearman_rho_top20_mean": 0.07227151840925217,
  "val/ppv_mean": 0.8600000143051147,
  "val/optimal_threshold_mean": 0.7724162340164185,
  "training_epochs": 67,
  "best_lr": 0.001,
  "best_weight_decay": 1.0
}