{
  "val/auroc_mean": 0.6506290435791016,
  "val/mcc_mean": 0.24120862782001495,
  "val/kendall_tau_top10_mean": 0.0,
  "val/recall_at_precision_80_mean": 0.04624277353286743,
  "val/ppv_mean": 0.7894737124443054,
  "val/recall_mean": 0.43352600932121277,
  "val/sensitivity_mean": 0.43352600932121277,
  "val/ECE_mean": 0.06832781434059143,
  "val/f1_mean": 0.5597015023231506,
  "val/kendall_tau_top20_mean": -0.0043325223959982395,
  "val/recall_at_precision_95_mean": 0.005780346691608429,
  "val/optimal_threshold_mean": 0.7188093662261963,
  "val/recall_at_precision_85_mean": 0.04624277353286743,
  "val/average_precision_mean": 0.731584370136261,
  "val/cohen_kappa_mean": 0.20524124801158905,
  "val/spearman_rho_mean": 0.252053439617157,
  "val/kendall_tau_mean": 0.20617462694644928,
  "val/kendall_tau_top50_mean": 0.12468460947275162,
  "val/tnr_at_recall_85_mean": 0.30392158031463623,
  "val/pos_lr_mean": 2.21098256111145,
  "val/balanced_accuracy_mean": 0.6187238097190857,
  "val/supervised_loss": 0.6438012719154358,
  "val/loss": 0.6438012719154358,
  "val/tnr_at_recall_90_mean": 0.27450981736183167,
  "val/tnr_at_recall_80_mean": 0.4019607901573181,
  "val/spearman_rho_top10_mean": 0.0,
  "val/tnr_at_recall_95_mean": 0.23529411852359772,
  "val/recall_at_precision_75_mean": 0.5202311873435974,
  "val/enrichment_factor_mean": 1.2549437284469604,
  "val/spearman_rho_top50_mean": 0.15215255320072174,
  "val/tnr_at_recall_75_mean": 0.4215686321258545,
  "val/specificity_mean": 0.8039215803146362,
  "val/recall_at_precision_90_mean": 0.005780346691608429,
  "val/precision_mean": 0.7894737124443054,
  "val/spearman_rho_top20_mean": -0.005258643999695778,
  "val/auprc_mean": 0.731584370136261,
  "training_epochs": 4,
  "best_lr": 0.0005,
  "best_weight_decay": 1.0
}