{
  "val/recall_at_precision_75_mean": 0.3478260934352875,
  "val/specificity_mean": 0.52173912525177,
  "val/loss": 0.6766597032546997,
  "val/tnr_at_recall_75_mean": 0.3188405930995941,
  "val/ECE_mean": 0.0777311772108078,
  "val/recall_at_precision_85_mean": 0.1666666716337204,
  "val/auroc_mean": 0.5845410823822021,
  "val/auprc_mean": 0.7459300756454468,
  "val/tnr_at_recall_90_mean": 0.11594203114509583,
  "val/recall_at_precision_95_mean": 0.036231882870197296,
  "val/kendall_tau_top10_mean": -0.09142829477787018,
  "val/f1_mean": 0.694656491279602,
  "val/enrichment_factor_mean": 1.100806474685669,
  "val/kendall_tau_top20_mean": 0.030089790001511574,
  "val/recall_mean": 0.6594203114509583,
  "val/recall_at_precision_80_mean": 0.25362318754196167,
  "val/tnr_at_recall_95_mean": 0.08695652335882187,
  "val/spearman_rho_top20_mean": 0.03641095384955406,
  "val/supervised_loss": 0.6766597032546997,
  "val/average_precision_mean": 0.7459300756454468,
  "val/ppv_mean": 0.7338709831237793,
  "val/optimal_threshold_mean": 0.6689628958702087,
  "val/kendall_tau_top50_mean": 0.07015908509492874,
  "val/pos_lr_mean": 1.378787875175476,
  "val/precision_mean": 0.7338709831237793,
  "val/spearman_rho_top50_mean": 0.08550496399402618,
  "val/tnr_at_recall_85_mean": 0.14492753148078918,
  "val/mcc_mean": 0.17425093054771423,
  "val/spearman_rho_top10_mean": -0.10927771031856537,
  "val/sensitivity_mean": 0.6594203114509583,
  "val/recall_at_precision_90_mean": 0.036231882870197296,
  "val/tnr_at_recall_80_mean": 0.24637681245803833,
  "val/cohen_kappa_mean": 0.17241379618644714,
  "val/kendall_tau_mean": 0.11301853507757187,
  "val/spearman_rho_mean": 0.13805709779262543,
  "val/balanced_accuracy_mean": 0.5905796885490417,
  "training_epochs": 20,
  "best_lr": 0.0005,
  "best_weight_decay": 0.0
}