{
  "val/tnr_at_recall_75_mean": 0.510869562625885,
  "val/kendall_tau_top50_mean": 0.05059773102402687,
  "val/average_precision_mean": 0.736127495765686,
  "val/spearman_rho_top20_mean": -0.21580877900123596,
  "val/balanced_accuracy_mean": 0.6339706778526306,
  "val/tnr_at_recall_90_mean": 0.239130437374115,
  "val/tnr_at_recall_85_mean": 0.29347825050354004,
  "val/tnr_at_recall_95_mean": 0.07608695328235626,
  "val/ppv_mean": 0.772357702255249,
  "val/enrichment_factor_mean": 1.2004114389419556,
  "val/auroc_mean": 0.651813805103302,
  "val/kendall_tau_top10_mean": -0.1354103833436966,
  "val/recall_at_precision_95_mean": 0.0,
  "val/recall_at_precision_80_mean": 0.0,
  "val/auprc_mean": 0.736127495765686,
  "val/precision_mean": 0.772357702255249,
  "val/mcc_mean": 0.2569616138935089,
  "val/sensitivity_mean": 0.5722891688346863,
  "val/f1_mean": 0.6574394702911377,
  "val/specificity_mean": 0.695652186870575,
  "val/recall_mean": 0.5722891688346863,
  "val/supervised_loss": 0.7023636102676392,
  "val/kendall_tau_top20_mean": -0.18344444036483765,
  "val/recall_at_precision_90_mean": 0.0,
  "val/tnr_at_recall_80_mean": 0.42391303181648254,
  "val/spearman_rho_top50_mean": 0.0607173927128315,
  "val/recall_at_precision_75_mean": 0.6024096608161926,
  "val/spearman_rho_mean": 0.2520555555820465,
  "val/recall_at_precision_85_mean": 0.0,
  "val/cohen_kappa_mean": 0.24266144633293152,
  "val/pos_lr_mean": 1.8803786039352417,
  "val/kendall_tau_mean": 0.20774656534194946,
  "val/loss": 0.7023636102676392,
  "val/optimal_threshold_mean": 0.6795362830162048,
  "val/spearman_rho_top10_mean": -0.1623825877904892,
  "val/ECE_mean": 0.05621324107050896,
  "training_epochs": 101,
  "best_lr": 0.0005,
  "best_weight_decay": 0.0
}