{
  "val/tnr_at_recall_80_mean": 0.3451327383518219,
  "val/average_precision_mean": 0.6723703145980835,
  "val/ECE_mean": 0.1593339592218399,
  "val/mcc_mean": 0.21810759603977203,
  "val/balanced_accuracy_mean": 0.5933993458747864,
  "val/optimal_threshold_mean": 0.4206787347793579,
  "val/spearman_rho_mean": 0.12567101418972015,
  "val/kendall_tau_top50_mean": -0.1152128204703331,
  "val/spearman_rho_top10_mean": 0.1318625807762146,
  "val/recall_at_precision_75_mean": 0.020618556067347527,
  "val/supervised_loss": 0.7192829251289368,
  "val/recall_mean": 0.8505154848098755,
  "val/kendall_tau_mean": 0.10277693718671799,
  "val/recall_at_precision_95_mean": 0.020618556067347527,
  "val/f1_mean": 0.7603686451911926,
  "val/precision_mean": 0.6875,
  "val/loss": 0.7192829251289368,
  "val/kendall_tau_top20_mean": 0.0838155522942543,
  "val/spearman_rho_top50_mean": -0.14064742624759674,
  "val/recall_at_precision_90_mean": 0.020618556067347527,
  "val/auprc_mean": 0.6723703145980835,
  "val/auroc_mean": 0.5752212405204773,
  "val/recall_at_precision_80_mean": 0.020618556067347527,
  "val/recall_at_precision_85_mean": 0.020618556067347527,
  "val/enrichment_factor_mean": 1.0879510641098022,
  "val/cohen_kappa_mean": 0.20414777100086212,
  "val/spearman_rho_top20_mean": 0.10182145982980728,
  "val/ppv_mean": 0.6875,
  "val/tnr_at_recall_75_mean": 0.389380544424057,
  "val/sensitivity_mean": 0.8505154848098755,
  "val/pos_lr_mean": 1.2814433574676514,
  "val/tnr_at_recall_85_mean": 0.3362831771373749,
  "val/specificity_mean": 0.3362831771373749,
  "val/tnr_at_recall_95_mean": 0.12389380484819412,
  "val/tnr_at_recall_90_mean": 0.2743362784385681,
  "val/kendall_tau_top10_mean": 0.10944505780935287,
  "training_epochs": 41,
  "best_lr": 0.0005,
  "best_weight_decay": 0.1
}