{
  "val/recall_at_precision_75_mean": 0.03703703731298447,
  "val/spearman_rho_top50_mean": 0.045407552272081375,
  "val/recall_at_precision_80_mean": 0.02469135820865631,
  "val/specificity_mean": 0.6808510422706604,
  "val/spearman_rho_top10_mean": 0.06933752447366714,
  "val/recall_at_precision_95_mean": 0.02469135820865631,
  "val/sensitivity_mean": 0.4135802388191223,
  "val/ppv_mean": 0.6907216310501099,
  "val/recall_mean": 0.4135802388191223,
  "val/enrichment_factor_mean": 1.0915107727050781,
  "val/mcc_mean": 0.09383244067430496,
  "val/auprc_mean": 0.6556041836738586,
  "val/tnr_at_recall_80_mean": 0.1489361673593521,
  "val/spearman_rho_top20_mean": -0.02787473425269127,
  "val/loss": 0.7564567923545837,
  "val/kendall_tau_top20_mean": -0.02298167534172535,
  "val/tnr_at_recall_85_mean": 0.09574468433856964,
  "val/average_precision_mean": 0.6556041836738586,
  "val/ECE_mean": 0.1872224360704422,
  "val/tnr_at_recall_95_mean": 0.042553190141916275,
  "val/kendall_tau_top10_mean": 0.05773502588272095,
  "val/precision_mean": 0.6907216310501099,
  "val/cohen_kappa_mean": 0.0824635848402977,
  "val/supervised_loss": 0.7564567923545837,
  "val/recall_at_precision_85_mean": 0.02469135820865631,
  "val/auroc_mean": 0.5066325068473816,
  "val/balanced_accuracy_mean": 0.5472156405448914,
  "val/tnr_at_recall_90_mean": 0.08510638028383255,
  "val/tnr_at_recall_75_mean": 0.21276596188545227,
  "val/kendall_tau_mean": 0.009060556069016457,
  "val/f1_mean": 0.5173745155334473,
  "val/kendall_tau_top50_mean": 0.03721965476870537,
  "val/spearman_rho_mean": 0.011075259186327457,
  "val/recall_at_precision_90_mean": 0.02469135820865631,
  "val/pos_lr_mean": 1.2958847284317017,
  "val/optimal_threshold_mean": 0.7534076571464539,
  "training_epochs": 11,
  "best_lr": 0.0001,
  "best_weight_decay": 0.0
}