{
  "val/recall_mean": 0.7075471878051758,
  "val/tnr_at_recall_80_mean": 0.4464285671710968,
  "val/enrichment_factor_mean": 1.1696187257766724,
  "val/ppv_mean": 0.7653061151504517,
  "val/kendall_tau_top10_mean": 0.03369749337434769,
  "val/spearman_rho_mean": 0.27310261130332947,
  "val/loss": 0.6671982407569885,
  "val/tnr_at_recall_85_mean": 0.4107142984867096,
  "val/sensitivity_mean": 0.7075471878051758,
  "val/recall_at_precision_85_mean": 0.15566037595272064,
  "val/pos_lr_mean": 1.7227236032485962,
  "val/supervised_loss": 0.6671982407569885,
  "val/spearman_rho_top20_mean": 0.20255820453166962,
  "val/f1_mean": 0.7352941036224365,
  "val/ECE_mean": 0.10054418444633484,
  "val/tnr_at_recall_75_mean": 0.5357142686843872,
  "val/recall_at_precision_80_mean": 0.23113207519054413,
  "val/auroc_mean": 0.6657682061195374,
  "val/recall_at_precision_75_mean": 0.75,
  "val/tnr_at_recall_90_mean": 0.2589285671710968,
  "val/balanced_accuracy_mean": 0.6484164595603943,
  "val/recall_at_precision_90_mean": 0.13679245114326477,
  "val/auprc_mean": 0.7769935131072998,
  "val/spearman_rho_top50_mean": 0.0014149481430649757,
  "val/precision_mean": 0.7653061151504517,
  "val/cohen_kappa_mean": 0.28715774416923523,
  "val/kendall_tau_mean": 0.22333118319511414,
  "val/optimal_threshold_mean": 0.6097353100776672,
  "val/specificity_mean": 0.5892857313156128,
  "val/kendall_tau_top50_mean": 0.0011588606284931302,
  "val/average_precision_mean": 0.7769935131072998,
  "val/spearman_rho_top10_mean": 0.040640704333782196,
  "val/recall_at_precision_95_mean": 0.05188679322600365,
  "val/tnr_at_recall_95_mean": 0.1696428507566452,
  "val/mcc_mean": 0.2887725532054901,
  "val/kendall_tau_top20_mean": 0.1666751652956009,
  "training_epochs": 126,
  "best_lr": 5e-05,
  "best_weight_decay": 0.0
}