{
  "val/average_precision_mean": 0.8181626796722412,
  "val/optimal_threshold_mean": 0.5388919115066528,
  "val/tnr_at_recall_75_mean": 0.47457626461982727,
  "val/enrichment_factor_mean": 1.1518199443817139,
  "val/supervised_loss": 0.6120842695236206,
  "val/kendall_tau_top50_mean": 0.22843782603740692,
  "val/loss": 0.6120842695236206,
  "val/kendall_tau_top20_mean": 0.35296136140823364,
  "val/recall_at_precision_90_mean": 0.2222222238779068,
  "val/recall_at_precision_85_mean": 0.420634925365448,
  "val/tnr_at_recall_80_mean": 0.38983049988746643,
  "val/specificity_mean": 0.5762711763381958,
  "val/sensitivity_mean": 0.7222222089767456,
  "val/spearman_rho_top50_mean": 0.27826979756355286,
  "val/recall_mean": 0.7222222089767456,
  "val/recall_at_precision_95_mean": 0.1746031790971756,
  "val/spearman_rho_top20_mean": 0.42656171321868896,
  "val/spearman_rho_top10_mean": 0.16361869871616364,
  "val/mcc_mean": 0.2876686155796051,
  "val/kendall_tau_top10_mean": 0.13725490868091583,
  "val/ppv_mean": 0.7844827771186829,
  "val/auprc_mean": 0.8181626796722412,
  "val/tnr_at_recall_95_mean": 0.050847455859184265,
  "val/f1_mean": 0.7520661354064941,
  "val/precision_mean": 0.7844827771186829,
  "val/recall_at_precision_80_mean": 0.5396825671195984,
  "val/recall_at_precision_75_mean": 0.7857142686843872,
  "val/tnr_at_recall_85_mean": 0.32203391194343567,
  "val/cohen_kappa_mean": 0.28562235832214355,
  "val/spearman_rho_mean": 0.2765892744064331,
  "val/pos_lr_mean": 1.704444408416748,
  "val/auroc_mean": 0.6713075041770935,
  "val/kendall_tau_mean": 0.2267119437456131,
  "val/balanced_accuracy_mean": 0.6492466926574707,
  "val/ECE_mean": 0.08119221031665802,
  "val/tnr_at_recall_90_mean": 0.23728813230991364,
  "training_epochs": 83,
  "best_lr": 0.0005,
  "best_weight_decay": 0.1
}