{
  "val/mcc_mean": 0.3030969202518463,
  "val/cohen_kappa_mean": 0.2991059422492981,
  "val/auprc_mean": 0.7952542304992676,
  "val/kendall_tau_mean": 0.23008590936660767,
  "val/recall_at_precision_75_mean": 0.7835820913314819,
  "val/auroc_mean": 0.673019528388977,
  "val/supervised_loss": 0.6469719409942627,
  "val/spearman_rho_top50_mean": 0.11299016326665878,
  "val/loss": 0.6469719409942627,
  "val/spearman_rho_mean": 0.28109118342399597,
  "val/recall_mean": 0.7014925479888916,
  "val/specificity_mean": 0.6153846383094788,
  "val/recall_at_precision_90_mean": 0.03731343150138855,
  "val/tnr_at_recall_85_mean": 0.38461539149284363,
  "val/average_precision_mean": 0.7952542304992676,
  "val/kendall_tau_top20_mean": -0.05071529373526573,
  "val/precision_mean": 0.7899159789085388,
  "val/recall_at_precision_85_mean": 0.2761194109916687,
  "val/kendall_tau_top10_mean": -0.13114824891090393,
  "val/spearman_rho_top20_mean": -0.061331965029239655,
  "val/tnr_at_recall_80_mean": 0.38461539149284363,
  "val/enrichment_factor_mean": 1.1730841398239136,
  "val/kendall_tau_top50_mean": 0.09272085130214691,
  "val/ppv_mean": 0.7899159789085388,
  "val/tnr_at_recall_95_mean": 0.2153846174478531,
  "val/recall_at_precision_80_mean": 0.38805970549583435,
  "val/tnr_at_recall_75_mean": 0.5076923370361328,
  "val/sensitivity_mean": 0.7014925479888916,
  "val/balanced_accuracy_mean": 0.6584385633468628,
  "val/ECE_mean": 0.08968091011047363,
  "val/tnr_at_recall_90_mean": 0.26153847575187683,
  "val/pos_lr_mean": 1.8238805532455444,
  "val/spearman_rho_top10_mean": -0.15655606985092163,
  "val/f1_mean": 0.7430830001831055,
  "val/recall_at_precision_95_mean": 0.03731343150138855,
  "val/optimal_threshold_mean": 0.6414495706558228,
  "training_epochs": 78,
  "best_lr": 0.0001,
  "best_weight_decay": 0.0
}