{
  "val/kendall_tau_top50_mean": 0.07625830918550491,
  "val/loss": 0.7657991051673889,
  "val/supervised_loss": 0.7657991051673889,
  "val/auroc_mean": 0.6273572444915771,
  "val/kendall_tau_top10_mean": -0.11338934302330017,
  "val/pos_lr_mean": 1.595472812652588,
  "val/optimal_threshold_mean": 0.6323515772819519,
  "val/tnr_at_recall_95_mean": 0.06521739065647125,
  "val/recall_at_precision_75_mean": 0.5421686768531799,
  "val/spearman_rho_mean": 0.21132254600524902,
  "val/f1_mean": 0.646258533000946,
  "val/recall_at_precision_80_mean": 0.3674698770046234,
  "val/recall_mean": 0.5722891688346863,
  "val/specificity_mean": 0.6413043737411499,
  "val/tnr_at_recall_75_mean": 0.41304346919059753,
  "val/cohen_kappa_mean": 0.19558699429035187,
  "val/mcc_mean": 0.20462530851364136,
  "val/recall_at_precision_95_mean": 0.0,
  "val/tnr_at_recall_80_mean": 0.33695653080940247,
  "val/recall_at_precision_85_mean": 0.10240963846445084,
  "val/auprc_mean": 0.7404035925865173,
  "val/tnr_at_recall_85_mean": 0.25,
  "val/kendall_tau_top20_mean": 0.1424015313386917,
  "val/average_precision_mean": 0.7404035925865173,
  "val/ppv_mean": 0.7421875,
  "val/kendall_tau_mean": 0.1728781908750534,
  "val/ECE_mean": 0.0977296233177185,
  "val/spearman_rho_top50_mean": 0.09303706139326096,
  "val/recall_at_precision_90_mean": 0.0,
  "val/spearman_rho_top10_mean": -0.136176198720932,
  "val/sensitivity_mean": 0.5722891688346863,
  "val/enrichment_factor_mean": 1.1535203456878662,
  "val/tnr_at_recall_90_mean": 0.18478260934352875,
  "val/spearman_rho_top20_mean": 0.17272043228149414,
  "val/balanced_accuracy_mean": 0.6067967414855957,
  "val/precision_mean": 0.7421875,
  "training_epochs": 54,
  "best_lr": 0.0005,
  "best_weight_decay": 0.1
}