{
  "val/pos_lr_mean": 1.6362006664276123,
  "val/tnr_at_recall_75_mean": 0.4457831382751465,
  "val/recall_at_precision_85_mean": 0.02380952425301075,
  "val/specificity_mean": 0.6265060305595398,
  "val/tnr_at_recall_90_mean": 0.1325301229953766,
  "val/recall_at_precision_75_mean": 0.341269850730896,
  "val/tnr_at_recall_95_mean": 0.012048192322254181,
  "val/precision_mean": 0.7129629850387573,
  "val/kendall_tau_top10_mean": 0.01702512986958027,
  "val/recall_at_precision_90_mean": 0.02380952425301075,
  "val/cohen_kappa_mean": 0.2291378527879715,
  "val/tnr_at_recall_85_mean": 0.2650602459907532,
  "val/optimal_threshold_mean": 0.7461452484130859,
  "val/ppv_mean": 0.7129629850387573,
  "val/sensitivity_mean": 0.6111111044883728,
  "val/spearman_rho_top10_mean": 0.020100755617022514,
  "val/recall_at_precision_95_mean": 0.02380952425301075,
  "val/balanced_accuracy_mean": 0.6188085675239563,
  "val/kendall_tau_mean": 0.18589253723621368,
  "val/recall_mean": 0.6111111044883728,
  "val/enrichment_factor_mean": 1.1826131343841553,
  "val/recall_at_precision_80_mean": 0.0714285746216774,
  "val/spearman_rho_top50_mean": 0.11117228120565414,
  "val/mcc_mean": 0.23266416788101196,
  "val/spearman_rho_mean": 0.22533363103866577,
  "val/auprc_mean": 0.7085486650466919,
  "val/tnr_at_recall_80_mean": 0.3012048304080963,
  "val/ECE_mean": 0.14308494329452515,
  "val/f1_mean": 0.6581196784973145,
  "val/auroc_mean": 0.632864773273468,
  "val/spearman_rho_top20_mean": 0.016309065744280815,
  "val/average_precision_mean": 0.7085486650466919,
  "val/kendall_tau_top50_mean": 0.09238258004188538,
  "val/kendall_tau_top20_mean": 0.013589799404144287,
  "val/loss": 0.7437922954559326,
  "val/supervised_loss": 0.7437922954559326,
  "training_epochs": 11,
  "best_lr": 0.001,
  "best_weight_decay": 0.1
}