{
  "val/loss": 0.7486457228660583,
  "val/auprc_mean": 0.752023458480835,
  "val/mcc_mean": 0.2350119799375534,
  "val/sensitivity_mean": 0.561855673789978,
  "val/spearman_rho_top50_mean": 0.1744832545518875,
  "val/tnr_at_recall_85_mean": 0.24778760969638824,
  "val/kendall_tau_top50_mean": 0.1429297924041748,
  "val/tnr_at_recall_80_mean": 0.3097345232963562,
  "val/recall_at_precision_95_mean": 0.04123711213469505,
  "val/kendall_tau_mean": 0.17189738154411316,
  "val/spearman_rho_top20_mean": 0.08476290851831436,
  "val/auroc_mean": 0.6258096694946289,
  "val/enrichment_factor_mean": 1.1895840167999268,
  "val/ppv_mean": 0.751724123954773,
  "val/kendall_tau_top20_mean": 0.0697735995054245,
  "val/spearman_rho_top10_mean": 0.3668462932109833,
  "val/optimal_threshold_mean": 0.7887812256813049,
  "val/recall_at_precision_80_mean": 0.25773194432258606,
  "val/tnr_at_recall_90_mean": 0.1592920422554016,
  "val/f1_mean": 0.6430678367614746,
  "val/recall_mean": 0.561855673789978,
  "val/ECE_mean": 0.1656990796327591,
  "val/average_precision_mean": 0.752023458480835,
  "val/balanced_accuracy_mean": 0.6216357946395874,
  "val/pos_lr_mean": 1.7636024951934814,
  "val/spearman_rho_mean": 0.2101883888244629,
  "val/specificity_mean": 0.6814159154891968,
  "val/recall_at_precision_90_mean": 0.11340206116437912,
  "val/recall_at_precision_85_mean": 0.12886597216129303,
  "val/tnr_at_recall_75_mean": 0.389380544424057,
  "val/kendall_tau_top10_mean": 0.3044799566268921,
  "val/recall_at_precision_75_mean": 0.5670102834701538,
  "val/tnr_at_recall_95_mean": 0.0796460211277008,
  "val/precision_mean": 0.751724123954773,
  "val/cohen_kappa_mean": 0.22307740151882172,
  "val/supervised_loss": 0.7486457228660583,
  "training_epochs": 43,
  "best_lr": 0.0005,
  "best_weight_decay": 0.01
}