{
  "val/sensitivity_mean": 0.5873016119003296,
  "val/pos_lr_mean": 1.6248676776885986,
  "val/spearman_rho_top50_mean": -0.017357757315039635,
  "val/kendall_tau_mean": 0.12610161304473877,
  "val/precision_mean": 0.7115384340286255,
  "val/loss": 0.7191175818443298,
  "val/recall_at_precision_80_mean": 0.0,
  "val/specificity_mean": 0.6385542154312134,
  "val/recall_at_precision_75_mean": 0.0,
  "val/recall_mean": 0.5873016119003296,
  "val/spearman_rho_top20_mean": 0.0,
  "val/f1_mean": 0.643478274345398,
  "val/cohen_kappa_mean": 0.21608270704746246,
  "val/kendall_tau_top50_mean": -0.01681983284652233,
  "val/recall_at_precision_85_mean": 0.0,
  "val/kendall_tau_top10_mean": 0.0,
  "val/tnr_at_recall_90_mean": 0.03614457696676254,
  "val/recall_at_precision_90_mean": 0.0,
  "val/auroc_mean": 0.5805603265762329,
  "val/optimal_threshold_mean": 0.7169755101203918,
  "val/spearman_rho_mean": 0.1425321400165558,
  "val/tnr_at_recall_75_mean": 0.3012048304080963,
  "val/spearman_rho_top10_mean": 0.0,
  "val/tnr_at_recall_80_mean": 0.22891566157341003,
  "val/ppv_mean": 0.7115384340286255,
  "val/ECE_mean": 0.09598667174577713,
  "val/mcc_mean": 0.2210264503955841,
  "val/balanced_accuracy_mean": 0.6129279136657715,
  "val/average_precision_mean": 0.6690381169319153,
  "val/tnr_at_recall_95_mean": 0.012048192322254181,
  "val/supervised_loss": 0.7191175818443298,
  "val/auprc_mean": 0.6690381169319153,
  "val/kendall_tau_top20_mean": 0.0,
  "val/tnr_at_recall_85_mean": 0.03614457696676254,
  "val/recall_at_precision_95_mean": 0.0,
  "val/enrichment_factor_mean": 1.1802502870559692,
  "training_epochs": 1,
  "best_lr": 0.001,
  "best_weight_decay": 0.1
}