{
  "val/spearman_rho_mean": 0.161185160279274,
  "val/recall_mean": 0.8298969268798828,
  "val/recall_at_precision_75_mean": 0.24742268025875092,
  "val/recall_at_precision_95_mean": 0.010309278033673763,
  "val/pos_lr_mean": 1.3208218812942505,
  "val/ECE_mean": 0.1256030797958374,
  "val/kendall_tau_top10_mean": -0.007991055026650429,
  "val/sensitivity_mean": 0.8298969268798828,
  "val/average_precision_mean": 0.7083200812339783,
  "val/spearman_rho_top50_mean": 0.0542362779378891,
  "val/auprc_mean": 0.7083200812339783,
  "val/tnr_at_recall_80_mean": 0.37168142199516296,
  "val/kendall_tau_mean": 0.13182684779167175,
  "val/enrichment_factor_mean": 1.0981825590133667,
  "val/supervised_loss": 0.7250532507896423,
  "val/recall_at_precision_90_mean": 0.010309278033673763,
  "val/ppv_mean": 0.693965494632721,
  "val/auroc_mean": 0.5964784026145935,
  "val/specificity_mean": 0.37168142199516296,
  "val/kendall_tau_top50_mean": 0.04442821815609932,
  "val/loss": 0.7250532507896423,
  "val/recall_at_precision_85_mean": 0.010309278033673763,
  "val/precision_mean": 0.693965494632721,
  "val/balanced_accuracy_mean": 0.6007891893386841,
  "val/tnr_at_recall_75_mean": 0.4247787594795227,
  "val/spearman_rho_top10_mean": -0.009627854451537132,
  "val/tnr_at_recall_95_mean": 0.10619468986988068,
  "val/f1_mean": 0.7558685541152954,
  "val/spearman_rho_top20_mean": 0.22225022315979004,
  "val/optimal_threshold_mean": 0.5229938626289368,
  "val/mcc_mean": 0.22626078128814697,
  "val/tnr_at_recall_85_mean": 0.32743361592292786,
  "val/recall_at_precision_80_mean": 0.19072164595127106,
  "val/cohen_kappa_mean": 0.2167983055114746,
  "val/tnr_at_recall_90_mean": 0.2300885021686554,
  "val/kendall_tau_top20_mean": 0.18294793367385864,
  "training_epochs": 58,
  "best_lr": 0.0005,
  "best_weight_decay": 0.1
}