{
  "val/recall_at_precision_80_mean": 0.6386554837226868,
  "val/spearman_rho_top20_mean": 0.17401401698589325,
  "val/recall_mean": 0.6218487620353699,
  "val/kendall_tau_top50_mean": 0.09228864312171936,
  "val/balanced_accuracy_mean": 0.668067216873169,
  "val/pos_lr_mean": 2.1764705181121826,
  "val/recall_at_precision_85_mean": 0.3781512677669525,
  "val/optimal_threshold_mean": 0.6410828828811646,
  "val/cohen_kappa_mean": 0.30534350872039795,
  "val/kendall_tau_top20_mean": 0.14434871077537537,
  "val/recall_at_precision_95_mean": 0.11764705926179886,
  "val/supervised_loss": 0.6147204041481018,
  "val/loss": 0.6147204041481018,
  "val/tnr_at_recall_75_mean": 0.4920634925365448,
  "val/ECE_mean": 0.028015948832035065,
  "val/enrichment_factor_mean": 1.2301790714263916,
  "val/precision_mean": 0.804347813129425,
  "val/spearman_rho_top10_mean": 0.4438701570034027,
  "val/tnr_at_recall_85_mean": 0.2857142984867096,
  "val/tnr_at_recall_80_mean": 0.4285714328289032,
  "val/recall_at_precision_75_mean": 0.7142857313156128,
  "val/average_precision_mean": 0.8101713061332703,
  "val/kendall_tau_mean": 0.2456882894039154,
  "val/ppv_mean": 0.804347813129425,
  "val/sensitivity_mean": 0.6218487620353699,
  "val/auprc_mean": 0.8101713061332703,
  "val/spearman_rho_top50_mean": 0.1123746782541275,
  "val/spearman_rho_mean": 0.29995837807655334,
  "val/tnr_at_recall_95_mean": 0.0634920671582222,
  "val/specificity_mean": 0.7142857313156128,
  "val/tnr_at_recall_90_mean": 0.1111111119389534,
  "val/kendall_tau_top10_mean": 0.37527766823768616,
  "val/auroc_mean": 0.6820061206817627,
  "val/mcc_mean": 0.319846510887146,
  "val/f1_mean": 0.7014217972755432,
  "val/recall_at_precision_90_mean": 0.11764705926179886,
  "training_epochs": 25,
  "best_lr": 0.0005,
  "best_weight_decay": 0.1
}