{
  "val/recall_mean": 0.3537735939025879,
  "val/kendall_tau_top50_mean": 0.18383881449699402,
  "val/auprc_mean": 0.7122769951820374,
  "val/optimal_threshold_mean": 0.6368076801300049,
  "val/enrichment_factor_mean": 1.146226406097412,
  "val/pos_lr_mean": 1.5849056243896484,
  "val/spearman_rho_top50_mean": 0.22413617372512817,
  "val/spearman_rho_mean": 0.10490652918815613,
  "val/mcc_mean": 0.1344190239906311,
  "val/precision_mean": 0.75,
  "val/tnr_at_recall_85_mean": 0.2232142835855484,
  "val/kendall_tau_top20_mean": 0.0578637570142746,
  "val/average_precision_mean": 0.7122769951820374,
  "val/supervised_loss": 0.6642053723335266,
  "val/ECE_mean": 0.0703381896018982,
  "val/sensitivity_mean": 0.3537735939025879,
  "val/balanced_accuracy_mean": 0.5652796626091003,
  "val/kendall_tau_top10_mean": -0.08627959340810776,
  "val/loss": 0.6642053723335266,
  "val/ppv_mean": 0.75,
  "val/cohen_kappa_mean": 0.10564339905977249,
  "val/tnr_at_recall_95_mean": 0.1339285671710968,
  "val/auroc_mean": 0.5634055137634277,
  "val/tnr_at_recall_90_mean": 0.1696428507566452,
  "val/spearman_rho_top20_mean": 0.07032108306884766,
  "val/recall_at_precision_75_mean": 0.35849055647850037,
  "val/recall_at_precision_95_mean": 0.014150943607091904,
  "val/tnr_at_recall_80_mean": 0.25,
  "val/f1_mean": 0.48076921701431274,
  "val/specificity_mean": 0.7767857313156128,
  "val/recall_at_precision_80_mean": 0.15094339847564697,
  "val/recall_at_precision_90_mean": 0.014150943607091904,
  "val/spearman_rho_top10_mean": -0.10405711084604263,
  "val/tnr_at_recall_75_mean": 0.25,
  "val/kendall_tau_mean": 0.08729840070009232,
  "val/recall_at_precision_85_mean": 0.014150943607091904,
  "training_epochs": 3,
  "best_lr": 0.001,
  "best_weight_decay": 0.1
}