{
  "val/optimal_threshold_mean": 0.7007638216018677,
  "val/tnr_at_recall_75_mean": 0.2380952388048172,
  "val/average_precision_mean": 0.6208420991897583,
  "val/specificity_mean": 0.6666666865348816,
  "val/ppv_mean": 0.6315789222717285,
  "val/recall_at_precision_85_mean": 0.0,
  "val/spearman_rho_top50_mean": -0.0470389686524868,
  "val/enrichment_factor_mean": 1.0396760702133179,
  "val/tnr_at_recall_85_mean": 0.190476194024086,
  "val/recall_at_precision_75_mean": 0.0,
  "val/tnr_at_recall_80_mean": 0.2380952388048172,
  "val/sensitivity_mean": 0.3692307770252228,
  "val/spearman_rho_top10_mean": 0.3514675199985504,
  "val/balanced_accuracy_mean": 0.5179487466812134,
  "val/kendall_tau_top20_mean": -0.05410287156701088,
  "val/pos_lr_mean": 1.1076923608779907,
  "val/ECE_mean": 0.09586480259895325,
  "val/cohen_kappa_mean": 0.032231539487838745,
  "val/recall_at_precision_90_mean": 0.0,
  "val/recall_at_precision_95_mean": 0.0,
  "val/tnr_at_recall_95_mean": 0.0,
  "val/loss": 0.7134642004966736,
  "val/tnr_at_recall_90_mean": 0.0833333358168602,
  "val/mcc_mean": 0.03662928193807602,
  "val/auprc_mean": 0.6208420991897583,
  "val/auroc_mean": 0.5215659141540527,
  "val/kendall_tau_top50_mean": -0.04230476915836334,
  "val/f1_mean": 0.4660194218158722,
  "val/spearman_rho_top20_mean": -0.05458289757370949,
  "val/recall_at_precision_80_mean": 0.0,
  "val/kendall_tau_mean": 0.03212001174688339,
  "val/precision_mean": 0.6315789222717285,
  "val/kendall_tau_top10_mean": 0.3454042077064514,
  "val/recall_mean": 0.3692307770252228,
  "val/supervised_loss": 0.7134642004966736,
  "val/spearman_rho_mean": 0.037163276225328445,
  "training_epochs": 39,
  "best_lr": 0.0005,
  "best_weight_decay": 0.01
}