{
  "val/recall_at_precision_75_mean": 0.7777777910232544,
  "val/pos_lr_mean": 1.8666666746139526,
  "val/auprc_mean": 0.8164135217666626,
  "val/f1_mean": 0.6774193644523621,
  "val/spearman_rho_top20_mean": 0.025197630748152733,
  "val/spearman_rho_top10_mean": -0.019892867654561996,
  "val/supervised_loss": 0.6229506731033325,
  "val/specificity_mean": 0.6875,
  "val/ppv_mean": 0.807692289352417,
  "val/tnr_at_recall_95_mean": 0.125,
  "val/mcc_mean": 0.25,
  "val/balanced_accuracy_mean": 0.6354166865348816,
  "val/sensitivity_mean": 0.5833333134651184,
  "val/kendall_tau_mean": 0.2100028097629547,
  "val/precision_mean": 0.807692289352417,
  "val/recall_at_precision_90_mean": 0.1319444477558136,
  "val/optimal_threshold_mean": 0.5963178277015686,
  "val/tnr_at_recall_85_mean": 0.25,
  "val/kendall_tau_top50_mean": 0.10134414583444595,
  "val/loss": 0.6229506731033325,
  "val/spearman_rho_top50_mean": 0.12352825701236725,
  "val/kendall_tau_top10_mean": -0.016643567010760307,
  "val/ECE_mean": 0.10947351157665253,
  "val/tnr_at_recall_75_mean": 0.453125,
  "val/recall_at_precision_80_mean": 0.5902777910232544,
  "val/tnr_at_recall_80_mean": 0.328125,
  "val/cohen_kappa_mean": 0.23076923191547394,
  "val/spearman_rho_mean": 0.2565838098526001,
  "val/average_precision_mean": 0.8164135217666626,
  "val/recall_at_precision_95_mean": 0.1319444477558136,
  "val/enrichment_factor_mean": 1.1666666269302368,
  "val/recall_mean": 0.5833333134651184,
  "val/auroc_mean": 0.6604817509651184,
  "val/kendall_tau_top20_mean": 0.020823167636990547,
  "val/recall_at_precision_85_mean": 0.375,
  "val/tnr_at_recall_90_mean": 0.234375,
  "training_epochs": 52,
  "best_lr": 0.0005,
  "best_weight_decay": 1.0
}