{
  "val/enrichment_factor_mean": 1.1159039735794067,
  "val/kendall_tau_top50_mean": 0.22697371244430542,
  "val/recall_at_precision_90_mean": 0.12790697813034058,
  "val/sensitivity_mean": 0.8720930218696594,
  "val/mcc_mean": 0.35387134552001953,
  "val/auroc_mean": 0.6719520688056946,
  "val/balanced_accuracy_mean": 0.6633192300796509,
  "val/tnr_at_recall_85_mean": 0.4545454680919647,
  "val/recall_mean": 0.8720930218696594,
  "val/spearman_rho_top20_mean": 0.17335739731788635,
  "val/kendall_tau_top20_mean": 0.14597374200820923,
  "val/specificity_mean": 0.4545454680919647,
  "val/recall_at_precision_95_mean": 0.08139535039663315,
  "val/cohen_kappa_mean": 0.34948161244392395,
  "val/auprc_mean": 0.826709508895874,
  "val/spearman_rho_mean": 0.2684640884399414,
  "val/pos_lr_mean": 1.5988372564315796,
  "val/recall_at_precision_75_mean": 0.9767441749572754,
  "val/kendall_tau_mean": 0.22546179592609406,
  "val/tnr_at_recall_90_mean": 0.3333333432674408,
  "val/recall_at_precision_80_mean": 0.8837209343910217,
  "val/average_precision_mean": 0.826709508895874,
  "val/f1_mean": 0.8379888534545898,
  "val/spearman_rho_top10_mean": 0.20184335112571716,
  "val/loss": 0.5930747389793396,
  "val/ppv_mean": 0.8064516186714172,
  "val/supervised_loss": 0.5930747389793396,
  "val/precision_mean": 0.8064516186714172,
  "val/kendall_tau_top10_mean": 0.17541159689426422,
  "val/ECE_mean": 0.04896126687526703,
  "val/spearman_rho_top50_mean": 0.2678694725036621,
  "val/tnr_at_recall_80_mean": 0.4848484992980957,
  "val/tnr_at_recall_95_mean": 0.24242424964904785,
  "val/optimal_threshold_mean": 0.6692082285881042,
  "val/recall_at_precision_85_mean": 0.3720930218696594,
  "val/tnr_at_recall_75_mean": 0.4848484992980957,
  "training_epochs": 38,
  "best_lr": 0.0005,
  "best_weight_decay": 0.1
}