{
  "val/recall_at_precision_75_mean": 0.6338028311729431,
  "val/loss": 0.7172333002090454,
  "val/recall_at_precision_95_mean": 0.0422535203397274,
  "val/ppv_mean": 0.7437499761581421,
  "val/ECE_mean": 0.09031284600496292,
  "val/kendall_tau_top20_mean": 0.07073991745710373,
  "val/enrichment_factor_mean": 1.068485975265503,
  "val/sensitivity_mean": 0.8380281925201416,
  "val/spearman_rho_mean": 0.1576317846775055,
  "val/optimal_threshold_mean": 0.5410423874855042,
  "val/balanced_accuracy_mean": 0.5883689522743225,
  "val/mcc_mean": 0.19764381647109985,
  "val/recall_at_precision_80_mean": 0.3380281627178192,
  "val/recall_mean": 0.8380281925201416,
  "val/kendall_tau_top10_mean": 0.32670605182647705,
  "val/tnr_at_recall_80_mean": 0.3709677457809448,
  "val/auroc_mean": 0.5989323258399963,
  "val/average_precision_mean": 0.7686203718185425,
  "val/tnr_at_recall_85_mean": 0.32258063554763794,
  "val/recall_at_precision_85_mean": 0.09154929220676422,
  "val/tnr_at_recall_90_mean": 0.19354838132858276,
  "val/kendall_tau_mean": 0.12902088463306427,
  "val/supervised_loss": 0.7172333002090454,
  "val/precision_mean": 0.7437499761581421,
  "val/f1_mean": 0.7880794405937195,
  "val/recall_at_precision_90_mean": 0.0845070406794548,
  "val/auprc_mean": 0.7686203718185425,
  "val/kendall_tau_top50_mean": 0.08700576424598694,
  "val/spearman_rho_top20_mean": 0.08557526022195816,
  "val/tnr_at_recall_95_mean": 0.11290322244167328,
  "val/spearman_rho_top10_mean": 0.3904884159564972,
  "val/spearman_rho_top50_mean": 0.106041319668293,
  "val/pos_lr_mean": 1.2672621011734009,
  "val/tnr_at_recall_75_mean": 0.4032258093357086,
  "val/cohen_kappa_mean": 0.1924789696931839,
  "val/specificity_mean": 0.33870968222618103,
  "training_epochs": 57,
  "best_lr": 0.001,
  "best_weight_decay": 1.0
}