{
  "val/spearman_rho_mean": 0.3956393599510193,
  "val/tnr_at_recall_95_mean": 0.296875,
  "val/sensitivity_mean": 0.7538461685180664,
  "val/tnr_at_recall_85_mean": 0.515625,
  "val/enrichment_factor_mean": 1.2187179327011108,
  "val/spearman_rho_top20_mean": 0.1942521184682846,
  "val/recall_at_precision_90_mean": 0.07692307978868484,
  "val/optimal_threshold_mean": 0.6370437741279602,
  "val/tnr_at_recall_90_mean": 0.4375,
  "val/kendall_tau_top10_mean": 0.044151078909635544,
  "val/recall_mean": 0.7538461685180664,
  "val/pos_lr_mean": 2.193006992340088,
  "val/auroc_mean": 0.7429086565971375,
  "val/mcc_mean": 0.39695462584495544,
  "val/recall_at_precision_95_mean": 0.03846153989434242,
  "val/supervised_loss": 0.7003018856048584,
  "val/kendall_tau_mean": 0.3238781988620758,
  "val/spearman_rho_top50_mean": -0.0069444673135876656,
  "val/kendall_tau_top50_mean": -0.005699879955500364,
  "val/average_precision_mean": 0.8223996758460999,
  "val/recall_at_precision_85_mean": 0.5846154093742371,
  "val/kendall_tau_top20_mean": 0.16067956387996674,
  "val/ECE_mean": 0.0794210433959961,
  "val/recall_at_precision_80_mean": 0.7923076748847961,
  "val/recall_at_precision_75_mean": 0.9307692050933838,
  "val/f1_mean": 0.7839999794960022,
  "val/balanced_accuracy_mean": 0.7050480842590332,
  "val/precision_mean": 0.8166666626930237,
  "val/ppv_mean": 0.8166666626930237,
  "val/spearman_rho_top10_mean": 0.05270462855696678,
  "val/cohen_kappa_mean": 0.3944508731365204,
  "val/specificity_mean": 0.65625,
  "val/auprc_mean": 0.8223996758460999,
  "val/tnr_at_recall_75_mean": 0.65625,
  "val/tnr_at_recall_80_mean": 0.578125,
  "val/loss": 0.7003018856048584,
  "training_epochs": 2,
  "best_lr": 0.001,
  "best_weight_decay": 0.01
}