{
  "val/kendall_tau_top50_mean": 0.18878209590911865,
  "val/loss": 0.6750648617744446,
  "val/ECE_mean": 0.1554219275712967,
  "val/balanced_accuracy_mean": 0.5976039171218872,
  "val/tnr_at_recall_95_mean": 0.06060606241226196,
  "val/pos_lr_mean": 4.220930099487305,
  "val/spearman_rho_mean": 0.15246038138866425,
  "val/recall_at_precision_95_mean": 0.151162788271904,
  "val/cohen_kappa_mean": 0.12363311648368835,
  "val/f1_mean": 0.4000000059604645,
  "val/tnr_at_recall_90_mean": 0.24242424964904785,
  "val/kendall_tau_mean": 0.1250053197145462,
  "val/tnr_at_recall_85_mean": 0.27272728085517883,
  "val/recall_mean": 0.25581395626068115,
  "val/recall_at_precision_75_mean": 0.9069767594337463,
  "val/kendall_tau_top10_mean": 0.0,
  "val/supervised_loss": 0.6750648617744446,
  "val/recall_at_precision_90_mean": 0.26744186878204346,
  "val/sensitivity_mean": 0.25581395626068115,
  "val/spearman_rho_top10_mean": 0.0,
  "val/enrichment_factor_mean": 1.2684108018875122,
  "val/auroc_mean": 0.5983086824417114,
  "val/auprc_mean": 0.8190675973892212,
  "val/mcc_mean": 0.21778909862041473,
  "val/kendall_tau_top20_mean": 0.1940193772315979,
  "val/recall_at_precision_80_mean": 0.3488371968269348,
  "val/spearman_rho_top20_mean": 0.23262105882167816,
  "val/optimal_threshold_mean": 0.8752011656761169,
  "val/precision_mean": 0.9166666865348816,
  "val/specificity_mean": 0.939393937587738,
  "val/average_precision_mean": 0.8190675973892212,
  "val/recall_at_precision_85_mean": 0.3255814015865326,
  "val/tnr_at_recall_75_mean": 0.3636363744735718,
  "val/spearman_rho_top50_mean": 0.22927504777908325,
  "val/ppv_mean": 0.9166666865348816,
  "val/tnr_at_recall_80_mean": 0.3636363744735718,
  "training_epochs": 24,
  "best_lr": 0.0001,
  "best_weight_decay": 0.01
}