{
  "val/precision_mean": 0.8414633870124817,
  "val/average_precision_mean": 0.8341696262359619,
  "val/auprc_mean": 0.8341696262359619,
  "val/supervised_loss": 0.6184030771255493,
  "val/spearman_rho_top50_mean": 0.263105571269989,
  "val/tnr_at_recall_80_mean": 0.4354838728904724,
  "val/cohen_kappa_mean": 0.21706533432006836,
  "val/mcc_mean": 0.25914135575294495,
  "val/f1_mean": 0.6160714030265808,
  "val/pos_lr_mean": 2.3174431324005127,
  "val/tnr_at_recall_90_mean": 0.30645161867141724,
  "val/tnr_at_recall_95_mean": 0.16129031777381897,
  "val/kendall_tau_top20_mean": 0.03738383948802948,
  "val/specificity_mean": 0.7903226017951965,
  "val/sensitivity_mean": 0.48591548204421997,
  "val/spearman_rho_top20_mean": 0.04522385448217392,
  "val/auroc_mean": 0.6758291721343994,
  "val/recall_at_precision_90_mean": 0.3239436745643616,
  "val/balanced_accuracy_mean": 0.6381190419197083,
  "val/spearman_rho_top10_mean": 0.13925006985664368,
  "val/optimal_threshold_mean": 0.7306622862815857,
  "val/kendall_tau_mean": 0.22930462658405304,
  "val/spearman_rho_mean": 0.28015387058258057,
  "val/recall_at_precision_80_mean": 0.5704225301742554,
  "val/enrichment_factor_mean": 1.2088629007339478,
  "val/tnr_at_recall_85_mean": 0.4032258093357086,
  "val/recall_at_precision_95_mean": 0.14788731932640076,
  "val/ECE_mean": 0.10881359875202179,
  "val/kendall_tau_top10_mean": 0.116504967212677,
  "val/kendall_tau_top50_mean": 0.2158752828836441,
  "val/ppv_mean": 0.8414633870124817,
  "val/tnr_at_recall_75_mean": 0.4516128897666931,
  "val/recall_mean": 0.48591548204421997,
  "val/recall_at_precision_85_mean": 0.3802816867828369,
  "val/loss": 0.6184030771255493,
  "val/recall_at_precision_75_mean": 0.908450722694397,
  "training_epochs": 13,
  "best_lr": 0.0001,
  "best_weight_decay": 0.0
}