{
  "val/precision_mean": 0.7980769276618958,
  "val/kendall_tau_top10_mean": 0.38692066073417664,
  "val/auroc_mean": 0.6302816867828369,
  "val/cohen_kappa_mean": 0.20960867404937744,
  "val/specificity_mean": 0.6612903475761414,
  "val/mcc_mean": 0.22615207731723785,
  "val/spearman_rho_top50_mean": 0.1618160903453827,
  "val/average_precision_mean": 0.8128359913825989,
  "val/tnr_at_recall_80_mean": 0.29032257199287415,
  "val/recall_at_precision_85_mean": 0.30281689763069153,
  "val/recall_mean": 0.5845070481300354,
  "val/kendall_tau_top20_mean": 0.1955384761095047,
  "val/kendall_tau_top50_mean": 0.13276836276054382,
  "val/f1_mean": 0.6747967600822449,
  "val/ppv_mean": 0.7980769276618958,
  "val/spearman_rho_mean": 0.20758207142353058,
  "val/recall_at_precision_90_mean": 0.1619718372821808,
  "val/tnr_at_recall_75_mean": 0.33870968222618103,
  "val/enrichment_factor_mean": 1.1465330123901367,
  "val/ECE_mean": 0.07414041459560394,
  "val/kendall_tau_mean": 0.16992107033729553,
  "val/loss": 0.6325163841247559,
  "val/optimal_threshold_mean": 0.6321628093719482,
  "val/tnr_at_recall_85_mean": 0.16129031777381897,
  "val/pos_lr_mean": 1.7256875038146973,
  "val/auprc_mean": 0.8128359913825989,
  "val/recall_at_precision_80_mean": 0.591549277305603,
  "val/tnr_at_recall_95_mean": 0.08064515888690948,
  "val/balanced_accuracy_mean": 0.6228986978530884,
  "val/sensitivity_mean": 0.5845070481300354,
  "val/supervised_loss": 0.6325163841247559,
  "val/recall_at_precision_75_mean": 0.6971830725669861,
  "val/recall_at_precision_95_mean": 0.11971831321716309,
  "val/tnr_at_recall_90_mean": 0.12903225421905518,
  "val/spearman_rho_top20_mean": 0.23654617369174957,
  "val/spearman_rho_top10_mean": 0.46245864033699036,
  "training_epochs": 0,
  "best_lr": 0.001,
  "best_weight_decay": 1.0
}