{
  "val/mcc_mean": 0.3154977262020111,
  "val/kendall_tau_top20_mean": 0.17789983749389648,
  "val/recall_at_precision_85_mean": 0.10084033757448196,
  "val/specificity_mean": 0.3333333432674408,
  "val/average_precision_mean": 0.7490363717079163,
  "val/tnr_at_recall_90_mean": 0.3333333432674408,
  "val/auprc_mean": 0.7490363717079163,
  "val/recall_at_precision_80_mean": 0.13445378839969635,
  "val/f1_mean": 0.8074073791503906,
  "val/supervised_loss": 0.643164873123169,
  "val/balanced_accuracy_mean": 0.6246498823165894,
  "val/auroc_mean": 0.6331865787506104,
  "val/kendall_tau_top10_mean": 0.10846523195505142,
  "val/recall_at_precision_90_mean": 0.09243697673082352,
  "val/loss": 0.643164873123169,
  "val/cohen_kappa_mean": 0.2831389307975769,
  "val/spearman_rho_mean": 0.21949777007102966,
  "val/recall_at_precision_95_mean": 0.03361344709992409,
  "val/ECE_mean": 0.09063518047332764,
  "val/tnr_at_recall_95_mean": 0.1746031790971756,
  "val/sensitivity_mean": 0.9159663915634155,
  "val/recall_mean": 0.9159663915634155,
  "val/tnr_at_recall_75_mean": 0.4761904776096344,
  "val/pos_lr_mean": 1.3739495277404785,
  "val/tnr_at_recall_85_mean": 0.3650793731212616,
  "val/tnr_at_recall_80_mean": 0.4285714328289032,
  "val/optimal_threshold_mean": 0.41222715377807617,
  "val/kendall_tau_top50_mean": 0.043856699019670486,
  "val/spearman_rho_top20_mean": 0.21491739153862,
  "val/enrichment_factor_mean": 1.1040124893188477,
  "val/spearman_rho_top10_mean": 0.129299134016037,
  "val/ppv_mean": 0.7218543291091919,
  "val/spearman_rho_top50_mean": 0.053420547395944595,
  "val/kendall_tau_mean": 0.17971086502075195,
  "val/recall_at_precision_75_mean": 0.3025210201740265,
  "val/precision_mean": 0.7218543291091919,
  "training_epochs": 316,
  "best_lr": 0.001,
  "best_weight_decay": 1.0
}