{
  "val/average_precision_mean": 0.7325899004936218,
  "val/loss": 0.6619897484779358,
  "val/recall_at_precision_90_mean": 0.0,
  "val/f1_mean": 0.7383512258529663,
  "val/tnr_at_recall_90_mean": 0.18840579688549042,
  "val/mcc_mean": 0.19790977239608765,
  "val/tnr_at_recall_85_mean": 0.260869562625885,
  "val/enrichment_factor_mean": 1.0957446098327637,
  "val/recall_mean": 0.7463768124580383,
  "val/recall_at_precision_95_mean": 0.0,
  "val/kendall_tau_mean": 0.15384121239185333,
  "val/optimal_threshold_mean": 0.6735211610794067,
  "val/spearman_rho_top20_mean": -0.1976594626903534,
  "val/spearman_rho_top50_mean": 0.047356802970170975,
  "val/recall_at_precision_75_mean": 0.52173912525177,
  "val/sensitivity_mean": 0.7463768124580383,
  "val/balanced_accuracy_mean": 0.5978260636329651,
  "val/supervised_loss": 0.6619897484779358,
  "val/pos_lr_mean": 1.355263113975525,
  "val/spearman_rho_top10_mean": -0.11353134363889694,
  "val/ppv_mean": 0.7304964661598206,
  "val/precision_mean": 0.7304964661598206,
  "val/auprc_mean": 0.7325899004936218,
  "val/recall_at_precision_80_mean": 0.3188405930995941,
  "val/auroc_mean": 0.6151018738746643,
  "val/kendall_tau_top10_mean": -0.09498713910579681,
  "val/kendall_tau_top20_mean": -0.1633445769548416,
  "val/recall_at_precision_85_mean": 0.0,
  "val/specificity_mean": 0.4492753744125366,
  "val/ECE_mean": 0.05740709230303764,
  "val/spearman_rho_mean": 0.18796275556087494,
  "val/tnr_at_recall_75_mean": 0.4492753744125366,
  "val/tnr_at_recall_95_mean": 0.08695652335882187,
  "val/kendall_tau_top50_mean": 0.03885391727089882,
  "val/tnr_at_recall_80_mean": 0.37681159377098083,
  "val/cohen_kappa_mean": 0.19780220091342926,
  "training_epochs": 131,
  "best_lr": 0.001,
  "best_weight_decay": 1.0
}