{
  "val/auroc_mean": 0.6343831419944763,
  "val/recall_mean": 0.6116504669189453,
  "val/kendall_tau_mean": 0.17212781310081482,
  "val/recall_at_precision_75_mean": 0.7281553149223328,
  "val/ppv_mean": 0.8399999737739563,
  "val/spearman_rho_top20_mean": -0.02526993490755558,
  "val/pos_lr_mean": 2.089805841445923,
  "val/recall_at_precision_80_mean": 0.6310679316520691,
  "val/ECE_mean": 0.04796319454908371,
  "val/kendall_tau_top20_mean": -0.0209980271756649,
  "val/f1_mean": 0.7078651785850525,
  "val/tnr_at_recall_75_mean": 0.3414634168148041,
  "val/optimal_threshold_mean": 0.7222110033035278,
  "val/tnr_at_recall_90_mean": 0.19512194395065308,
  "val/tnr_at_recall_80_mean": 0.31707316637039185,
  "val/average_precision_mean": 0.8068742156028748,
  "val/balanced_accuracy_mean": 0.659483790397644,
  "val/recall_at_precision_85_mean": 0.25242719054222107,
  "val/tnr_at_recall_85_mean": 0.24390244483947754,
  "val/cohen_kappa_mean": 0.26458457112312317,
  "val/auprc_mean": 0.8068742156028748,
  "val/precision_mean": 0.8399999737739563,
  "val/kendall_tau_top50_mean": -0.01769149675965309,
  "val/spearman_rho_top10_mean": -0.10127393901348114,
  "val/mcc_mean": 0.28813889622688293,
  "val/specificity_mean": 0.707317054271698,
  "val/kendall_tau_top10_mean": -0.08559209853410721,
  "val/spearman_rho_top50_mean": -0.021518649533391,
  "val/tnr_at_recall_95_mean": 0.17073170840740204,
  "val/loss": 0.6414587497711182,
  "val/recall_at_precision_90_mean": 0.029126213863492012,
  "val/recall_at_precision_95_mean": 0.029126213863492012,
  "val/enrichment_factor_mean": 1.1743688583374023,
  "val/supervised_loss": 0.6414587497711182,
  "val/sensitivity_mean": 0.6116504669189453,
  "val/spearman_rho_mean": 0.2100844532251358,
  "training_epochs": 22,
  "best_lr": 0.0005,
  "best_weight_decay": 1.0
}