{
  "val/average_precision_mean": 0.7330135107040405,
  "val/ECE_mean": 0.12316130101680756,
  "val/recall_at_precision_85_mean": 0.14150942862033844,
  "val/kendall_tau_top10_mean": -0.08888328820466995,
  "val/kendall_tau_top20_mean": 0.24458321928977966,
  "val/enrichment_factor_mean": 1.1228339672088623,
  "val/cohen_kappa_mean": 0.14180928468704224,
  "val/optimal_threshold_mean": 0.6989379525184631,
  "val/pos_lr_mean": 1.4629898071289062,
  "val/precision_mean": 0.7346938848495483,
  "val/recall_mean": 0.5094339847564697,
  "val/sensitivity_mean": 0.5094339847564697,
  "val/specificity_mean": 0.6517857313156128,
  "val/spearman_rho_mean": 0.16312606632709503,
  "val/recall_at_precision_80_mean": 0.18867924809455872,
  "val/loss": 0.712219774723053,
  "val/tnr_at_recall_75_mean": 0.3482142984867096,
  "val/auprc_mean": 0.7330135107040405,
  "val/f1_mean": 0.6016713380813599,
  "val/kendall_tau_mean": 0.13339726626873016,
  "val/tnr_at_recall_80_mean": 0.3035714328289032,
  "val/tnr_at_recall_95_mean": 0.1696428507566452,
  "val/kendall_tau_top50_mean": 0.08897485584020615,
  "val/supervised_loss": 0.712219774723053,
  "val/spearman_rho_top50_mean": 0.10863672196865082,
  "val/tnr_at_recall_90_mean": 0.2321428507566452,
  "val/balanced_accuracy_mean": 0.5806098580360413,
  "val/recall_at_precision_90_mean": 0.04245283082127571,
  "val/ppv_mean": 0.7346938848495483,
  "val/auroc_mean": 0.5990144610404968,
  "val/recall_at_precision_95_mean": 0.009433962404727936,
  "val/recall_at_precision_75_mean": 0.3396226465702057,
  "val/mcc_mean": 0.15401026606559753,
  "val/tnr_at_recall_85_mean": 0.25,
  "val/spearman_rho_top10_mean": -0.10719727724790573,
  "val/spearman_rho_top20_mean": 0.29723885655403137,
  "training_epochs": 115,
  "best_lr": 5e-05,
  "best_weight_decay": 0.01
}