{
  "val/f1_mean": 0.7704917788505554,
  "val/spearman_rho_top50_mean": 0.07966221868991852,
  "val/recall_at_precision_75_mean": 0.7983193397521973,
  "val/supervised_loss": 0.6472578644752502,
  "val/enrichment_factor_mean": 1.1501176357269287,
  "val/tnr_at_recall_85_mean": 0.3968254029750824,
  "val/kendall_tau_top20_mean": 0.18146167695522308,
  "val/recall_at_precision_90_mean": 0.1596638709306717,
  "val/tnr_at_recall_95_mean": 0.1269841343164444,
  "val/kendall_tau_top50_mean": 0.06540033966302872,
  "val/tnr_at_recall_80_mean": 0.4761904776096344,
  "val/tnr_at_recall_75_mean": 0.5396825671195984,
  "val/recall_at_precision_80_mean": 0.19327731430530548,
  "val/spearman_rho_top20_mean": 0.21922039985656738,
  "val/spearman_rho_mean": 0.2540106773376465,
  "val/tnr_at_recall_90_mean": 0.30158731341362,
  "val/average_precision_mean": 0.7488865256309509,
  "val/ppv_mean": 0.7519999742507935,
  "val/recall_at_precision_95_mean": 0.0,
  "val/kendall_tau_mean": 0.2079678475856781,
  "val/pos_lr_mean": 1.6053130626678467,
  "val/balanced_accuracy_mean": 0.6489262580871582,
  "val/cohen_kappa_mean": 0.3046800494194031,
  "val/spearman_rho_top10_mean": -0.44295307993888855,
  "val/precision_mean": 0.7519999742507935,
  "val/ECE_mean": 0.10523153841495514,
  "val/auprc_mean": 0.7488865256309509,
  "val/mcc_mean": 0.30552905797958374,
  "val/recall_at_precision_85_mean": 0.1764705926179886,
  "val/kendall_tau_top10_mean": -0.3715802729129791,
  "val/auroc_mean": 0.6541283130645752,
  "val/recall_mean": 0.7899159789085388,
  "val/sensitivity_mean": 0.7899159789085388,
  "val/specificity_mean": 0.5079365372657776,
  "val/optimal_threshold_mean": 0.5793845057487488,
  "val/loss": 0.6472578644752502,
  "training_epochs": 14,
  "best_lr": 0.0005,
  "best_weight_decay": 0.0
}