{
  "val/tnr_at_recall_85_mean": 0.35555556416511536,
  "val/recall_at_precision_90_mean": 0.34065935015678406,
  "val/f1_mean": 0.7471264600753784,
  "val/specificity_mean": 0.6000000238418579,
  "val/cohen_kappa_mean": 0.30077120661735535,
  "val/recall_mean": 0.7142857313156128,
  "val/precision_mean": 0.7831325531005859,
  "val/ppv_mean": 0.7831325531005859,
  "val/ECE_mean": 0.0690164566040039,
  "val/spearman_rho_top50_mean": 0.2321925312280655,
  "val/tnr_at_recall_90_mean": 0.2888889014720917,
  "val/optimal_threshold_mean": 0.610426127910614,
  "val/tnr_at_recall_80_mean": 0.46666666865348816,
  "val/enrichment_factor_mean": 1.170395851135254,
  "val/kendall_tau_top50_mean": 0.19097332656383514,
  "val/auprc_mean": 0.8270547986030579,
  "val/kendall_tau_top20_mean": 0.04529108107089996,
  "val/tnr_at_recall_75_mean": 0.5333333611488342,
  "val/tnr_at_recall_95_mean": 0.20000000298023224,
  "val/mcc_mean": 0.30323171615600586,
  "val/sensitivity_mean": 0.7142857313156128,
  "val/spearman_rho_top10_mean": -0.07715167850255966,
  "val/kendall_tau_top10_mean": -0.0653720423579216,
  "val/average_precision_mean": 0.8270547986030579,
  "val/spearman_rho_mean": 0.3265991806983948,
  "val/spearman_rho_top20_mean": 0.0544704794883728,
  "val/recall_at_precision_95_mean": 0.2527472674846649,
  "val/recall_at_precision_85_mean": 0.35164836049079895,
  "val/pos_lr_mean": 1.7857142686843872,
  "val/kendall_tau_mean": 0.2676457166671753,
  "val/balanced_accuracy_mean": 0.6571428775787354,
  "val/recall_at_precision_75_mean": 0.8351648449897766,
  "val/supervised_loss": 0.5962613224983215,
  "val/recall_at_precision_80_mean": 0.450549453496933,
  "val/loss": 0.5962613224983215,
  "val/auroc_mean": 0.7003663182258606,
  "training_epochs": 10,
  "best_lr": 0.0005,
  "best_weight_decay": 1.0
}