{
  "val/spearman_rho_top20_mean": 0.025852223858237267,
  "val/auroc_mean": 0.6716437935829163,
  "val/f1_mean": 0.7673469185829163,
  "val/precision_mean": 0.7899159789085388,
  "val/tnr_at_recall_85_mean": 0.38983049988746643,
  "val/auprc_mean": 0.7813590168952942,
  "val/sensitivity_mean": 0.7460317611694336,
  "val/recall_at_precision_75_mean": 0.8571428656578064,
  "val/kendall_tau_mean": 0.22687655687332153,
  "val/recall_at_precision_95_mean": 0.0,
  "val/ECE_mean": 0.11184224486351013,
  "val/ppv_mean": 0.7899159789085388,
  "val/enrichment_factor_mean": 1.1597973108291626,
  "val/kendall_tau_top50_mean": 0.045231398195028305,
  "val/recall_at_precision_80_mean": 0.3571428656578064,
  "val/kendall_tau_top10_mean": -0.012051692232489586,
  "val/supervised_loss": 0.6351701021194458,
  "val/specificity_mean": 0.5762711763381958,
  "val/recall_mean": 0.7460317611694336,
  "val/loss": 0.6351701021194458,
  "val/recall_at_precision_85_mean": 0.1587301641702652,
  "val/tnr_at_recall_80_mean": 0.47457626461982727,
  "val/pos_lr_mean": 1.7606348991394043,
  "val/mcc_mean": 0.31356680393218994,
  "val/spearman_rho_top50_mean": 0.0550982840359211,
  "val/tnr_at_recall_75_mean": 0.5762711763381958,
  "val/optimal_threshold_mean": 0.5417628288269043,
  "val/recall_at_precision_90_mean": 0.0,
  "val/spearman_rho_top10_mean": -0.014366570860147476,
  "val/balanced_accuracy_mean": 0.6611514687538147,
  "val/cohen_kappa_mean": 0.3124470114707947,
  "val/tnr_at_recall_95_mean": 0.22033898532390594,
  "val/spearman_rho_mean": 0.27711793780326843,
  "val/average_precision_mean": 0.7813590168952942,
  "val/tnr_at_recall_90_mean": 0.2711864411830902,
  "val/kendall_tau_top20_mean": 0.021391598507761955,
  "training_epochs": 44,
  "best_lr": 0.0005,
  "best_weight_decay": 0.1
}