{
  "val/sensitivity_mean": 0.6312848925590515,
  "val/recall_at_precision_85_mean": 0.07262569665908813,
  "val/recall_at_precision_95_mean": 0.03351955488324165,
  "val/supervised_loss": 0.6795935034751892,
  "val/kendall_tau_top10_mean": 0.04794633015990257,
  "val/ECE_mean": 0.08299621194601059,
  "val/average_precision_mean": 0.7150593400001526,
  "val/spearman_rho_top20_mean": 0.15472684800624847,
  "val/enrichment_factor_mean": 1.158638834953308,
  "val/spearman_rho_top50_mean": 0.1302810162305832,
  "val/loss": 0.6795935034751892,
  "val/spearman_rho_mean": 0.21915139257907867,
  "val/auprc_mean": 0.7150593400001526,
  "val/kendall_tau_top20_mean": 0.12738236784934998,
  "val/tnr_at_recall_80_mean": 0.3360655605792999,
  "val/tnr_at_recall_75_mean": 0.39344263076782227,
  "val/mcc_mean": 0.21024109423160553,
  "val/pos_lr_mean": 1.5101325511932373,
  "val/auroc_mean": 0.6288579702377319,
  "val/specificity_mean": 0.5819672346115112,
  "val/ppv_mean": 0.6890243887901306,
  "val/recall_at_precision_75_mean": 0.27374300360679626,
  "val/tnr_at_recall_95_mean": 0.10655737668275833,
  "val/recall_at_precision_80_mean": 0.2402234673500061,
  "val/f1_mean": 0.6588921546936035,
  "val/recall_mean": 0.6312848925590515,
  "val/balanced_accuracy_mean": 0.6066260933876038,
  "val/cohen_kappa_mean": 0.20915766060352325,
  "val/kendall_tau_top50_mean": 0.10672799497842789,
  "val/kendall_tau_mean": 0.1792353242635727,
  "val/precision_mean": 0.6890243887901306,
  "val/tnr_at_recall_85_mean": 0.23770491778850555,
  "val/recall_at_precision_90_mean": 0.05027933046221733,
  "val/tnr_at_recall_90_mean": 0.19672131538391113,
  "val/optimal_threshold_mean": 0.5898323655128479,
  "val/spearman_rho_top10_mean": 0.05776713043451309,
  "training_epochs": 10,
  "best_lr": 0.0005,
  "best_weight_decay": 0.01
}