{
  "val/balanced_accuracy_mean": 0.6695205569267273,
  "val/recall_at_precision_75_mean": 0.6164383292198181,
  "val/recall_at_precision_95_mean": 0.08219178020954132,
  "val/kendall_tau_top10_mean": 0.3079565763473511,
  "val/enrichment_factor_mean": 1.314823865890503,
  "val/tnr_at_recall_90_mean": 0.2884615361690521,
  "val/tnr_at_recall_85_mean": 0.32692307233810425,
  "val/spearman_rho_top20_mean": 0.07792864739894867,
  "val/sensitivity_mean": 0.5890411138534546,
  "val/recall_at_precision_85_mean": 0.09589041024446487,
  "val/tnr_at_recall_95_mean": 0.21153846383094788,
  "val/spearman_rho_top10_mean": 0.3623715341091156,
  "val/recall_at_precision_80_mean": 0.09589041024446487,
  "val/auprc_mean": 0.73726487159729,
  "val/cohen_kappa_mean": 0.3238143026828766,
  "val/precision_mean": 0.7678571343421936,
  "val/mcc_mean": 0.336044579744339,
  "val/supervised_loss": 0.6502600312232971,
  "val/f1_mean": 0.6666666865348816,
  "val/kendall_tau_top50_mean": 0.073996901512146,
  "val/tnr_at_recall_80_mean": 0.42307692766189575,
  "val/recall_at_precision_90_mean": 0.08219178020954132,
  "val/pos_lr_mean": 2.3561644554138184,
  "val/kendall_tau_mean": 0.25147825479507446,
  "val/average_precision_mean": 0.73726487159729,
  "val/spearman_rho_mean": 0.30677205324172974,
  "val/recall_mean": 0.5890411138534546,
  "val/optimal_threshold_mean": 0.7111977338790894,
  "val/specificity_mean": 0.75,
  "val/loss": 0.6502600312232971,
  "val/ECE_mean": 0.09468064457178116,
  "val/tnr_at_recall_75_mean": 0.5,
  "val/auroc_mean": 0.679662823677063,
  "val/spearman_rho_top50_mean": 0.08990518003702164,
  "val/ppv_mean": 0.7678571343421936,
  "val/kendall_tau_top20_mean": 0.06488856673240662,
  "training_epochs": 43,
  "best_lr": 0.0005,
  "best_weight_decay": 0.0
}