{
  "val/recall_at_precision_95_mean": 0.006802720949053764,
  "val/spearman_rho_top20_mean": 0.018599845468997955,
  "val/average_precision_mean": 0.7162636518478394,
  "val/recall_at_precision_80_mean": 0.12925170361995697,
  "val/recall_at_precision_85_mean": 0.054421767592430115,
  "val/pos_lr_mean": 1.5190476179122925,
  "val/recall_at_precision_75_mean": 0.2448979616165161,
  "val/tnr_at_recall_95_mean": 0.07792207598686218,
  "val/balanced_accuracy_mean": 0.5674088001251221,
  "val/kendall_tau_top10_mean": -0.17058877646923065,
  "val/spearman_rho_mean": 0.11883124709129333,
  "val/optimal_threshold_mean": 0.7751331925392151,
  "val/tnr_at_recall_75_mean": 0.31168830394744873,
  "val/auprc_mean": 0.7162636518478394,
  "val/spearman_rho_top10_mean": -0.20433534681797028,
  "val/tnr_at_recall_85_mean": 0.1818181872367859,
  "val/specificity_mean": 0.7402597665786743,
  "val/enrichment_factor_mean": 1.1330891847610474,
  "val/f1_mean": 0.5155555605888367,
  "val/loss": 0.6845073699951172,
  "val/tnr_at_recall_80_mean": 0.2467532455921173,
  "val/recall_mean": 0.3945578336715698,
  "val/cohen_kappa_mean": 0.1111111119389534,
  "val/ppv_mean": 0.7435897588729858,
  "val/kendall_tau_mean": 0.09724164009094238,
  "val/kendall_tau_top20_mean": 0.015358316712081432,
  "val/recall_at_precision_90_mean": 0.006802720949053764,
  "val/tnr_at_recall_90_mean": 0.12987013161182404,
  "val/spearman_rho_top50_mean": 0.08268982172012329,
  "val/kendall_tau_top50_mean": 0.06781669706106186,
  "val/ECE_mean": 0.10186589509248734,
  "val/supervised_loss": 0.6845073699951172,
  "val/mcc_mean": 0.13440851867198944,
  "val/sensitivity_mean": 0.3945578336715698,
  "val/auroc_mean": 0.5722237229347229,
  "val/precision_mean": 0.7435897588729858,
  "training_epochs": 48,
  "best_lr": 0.0005,
  "best_weight_decay": 0.0
}