{
  "val/loss": 0.695055365562439,
  "val/balanced_accuracy_mean": 0.6395667195320129,
  "val/spearman_rho_top20_mean": 0.01193985529243946,
  "val/recall_at_precision_90_mean": 0.03164556995034218,
  "val/spearman_rho_top10_mean": 0.1358957141637802,
  "val/kendall_tau_top20_mean": 0.009843964129686356,
  "val/ECE_mean": 0.09198213368654251,
  "val/kendall_tau_top10_mean": 0.1131557896733284,
  "val/auprc_mean": 0.7288920879364014,
  "val/spearman_rho_top50_mean": 0.0358964204788208,
  "val/recall_at_precision_75_mean": 0.5569620132446289,
  "val/optimal_threshold_mean": 0.6457805037498474,
  "val/mcc_mean": 0.27332767844200134,
  "val/tnr_at_recall_85_mean": 0.3298968970775604,
  "val/recall_mean": 0.6708860993385315,
  "val/specificity_mean": 0.6082473993301392,
  "val/enrichment_factor_mean": 1.1880273818969727,
  "val/f1_mean": 0.7019867300987244,
  "val/cohen_kappa_mean": 0.27156731486320496,
  "val/recall_at_precision_85_mean": 0.03164556995034218,
  "val/ppv_mean": 0.7361111044883728,
  "val/tnr_at_recall_75_mean": 0.49484536051750183,
  "val/supervised_loss": 0.695055365562439,
  "val/tnr_at_recall_95_mean": 0.11340206116437912,
  "val/kendall_tau_top50_mean": 0.02942446991801262,
  "val/auroc_mean": 0.6523554921150208,
  "val/average_precision_mean": 0.7288920879364014,
  "val/tnr_at_recall_80_mean": 0.44329896569252014,
  "val/recall_at_precision_95_mean": 0.03164556995034218,
  "val/sensitivity_mean": 0.6708860993385315,
  "val/recall_at_precision_80_mean": 0.08227848261594772,
  "val/spearman_rho_mean": 0.2562277913093567,
  "val/kendall_tau_mean": 0.20961894094944,
  "val/precision_mean": 0.7361111044883728,
  "val/pos_lr_mean": 1.7125250101089478,
  "val/tnr_at_recall_90_mean": 0.2164948433637619,
  "training_epochs": 154,
  "best_lr": 5e-05,
  "best_weight_decay": 0.1
}