{
  "val/recall_at_precision_90_mean": 0.1304347813129425,
  "val/spearman_rho_top50_mean": 0.10617474466562271,
  "val/sensitivity_mean": 0.37681159377098083,
  "val/auroc_mean": 0.6037597060203552,
  "val/loss": 0.6593843102455139,
  "val/balanced_accuracy_mean": 0.5869565010070801,
  "val/supervised_loss": 0.6593843102455139,
  "val/kendall_tau_top50_mean": 0.08711113035678864,
  "val/ppv_mean": 0.7878788113594055,
  "val/spearman_rho_top20_mean": 0.23040737211704254,
  "val/pos_lr_mean": 1.8571428060531616,
  "val/recall_at_precision_75_mean": 0.5144927501678467,
  "val/enrichment_factor_mean": 1.1818181276321411,
  "val/tnr_at_recall_85_mean": 0.28985506296157837,
  "val/tnr_at_recall_90_mean": 0.1304347813129425,
  "val/tnr_at_recall_80_mean": 0.3333333432674408,
  "val/precision_mean": 0.7878788113594055,
  "val/ECE_mean": 0.04951853305101395,
  "val/recall_at_precision_85_mean": 0.13768115639686584,
  "val/specificity_mean": 0.7971014380455017,
  "val/mcc_mean": 0.1759198009967804,
  "val/spearman_rho_mean": 0.1694408804178238,
  "val/recall_at_precision_95_mean": 0.043478261679410934,
  "val/tnr_at_recall_75_mean": 0.37681159377098083,
  "val/f1_mean": 0.5098039507865906,
  "val/kendall_tau_top20_mean": 0.19040724635124207,
  "val/tnr_at_recall_95_mean": 0.07246376574039459,
  "val/spearman_rho_top10_mean": 0.08671099692583084,
  "val/auprc_mean": 0.7590068578720093,
  "val/recall_mean": 0.37681159377098083,
  "val/average_precision_mean": 0.7590068578720093,
  "val/cohen_kappa_mean": 0.13793103396892548,
  "val/recall_at_precision_80_mean": 0.15942029654979706,
  "val/kendall_tau_top10_mean": 0.07254762202501297,
  "val/kendall_tau_mean": 0.13868166506290436,
  "val/optimal_threshold_mean": 0.6891424059867859,
  "training_epochs": 69,
  "best_lr": 0.001,
  "best_weight_decay": 1.0
}