{
  "val/ECE_mean": 0.1714635193347931,
  "val/balanced_accuracy_mean": 0.5839850306510925,
  "val/loss": 0.7304020524024963,
  "val/auroc_mean": 0.5871018767356873,
  "val/recall_mean": 0.8150289058685303,
  "val/spearman_rho_top10_mean": -0.07295127213001251,
  "val/pos_lr_mean": 1.2595901489257812,
  "val/kendall_tau_top10_mean": -0.06095951423048973,
  "val/auprc_mean": 0.6825444102287292,
  "val/spearman_rho_top20_mean": 0.01261118147522211,
  "val/tnr_at_recall_80_mean": 0.3529411852359772,
  "val/tnr_at_recall_75_mean": 0.36274510622024536,
  "val/kendall_tau_top20_mean": 0.010416395030915737,
  "val/tnr_at_recall_90_mean": 0.21568627655506134,
  "val/spearman_rho_mean": 0.1457512080669403,
  "val/recall_at_precision_90_mean": 0.0,
  "val/tnr_at_recall_85_mean": 0.2647058963775635,
  "val/supervised_loss": 0.7304020524024963,
  "val/kendall_tau_mean": 0.11923402547836304,
  "val/f1_mean": 0.74210524559021,
  "val/tnr_at_recall_95_mean": 0.11764705926179886,
  "val/spearman_rho_top50_mean": 0.07787267863750458,
  "val/optimal_threshold_mean": 0.351435124874115,
  "val/recall_at_precision_95_mean": 0.0,
  "val/sensitivity_mean": 0.8150289058685303,
  "val/average_precision_mean": 0.6825444102287292,
  "val/recall_at_precision_75_mean": 0.1791907548904419,
  "val/specificity_mean": 0.3529411852359772,
  "val/kendall_tau_top50_mean": 0.0638410821557045,
  "val/enrichment_factor_mean": 1.0827678442001343,
  "val/recall_at_precision_80_mean": 0.0,
  "val/mcc_mean": 0.188068225979805,
  "val/ppv_mean": 0.6811594367027283,
  "val/cohen_kappa_mean": 0.1803029328584671,
  "val/precision_mean": 0.6811594367027283,
  "val/recall_at_precision_85_mean": 0.0,
  "training_epochs": 25,
  "best_lr": 0.001,
  "best_weight_decay": 0.1
}