{
  "val/tnr_at_recall_80_mean": 0.515625,
  "val/spearman_rho_top20_mean": -0.04161251708865166,
  "val/pos_lr_mean": 1.6339869499206543,
  "val/supervised_loss": 0.6125211715698242,
  "val/mcc_mean": 0.3663142919540405,
  "val/spearman_rho_mean": 0.2846883237361908,
  "val/kendall_tau_mean": 0.23300513625144958,
  "val/spearman_rho_top50_mean": -0.00470554968342185,
  "val/recall_at_precision_85_mean": 0.0069444444961845875,
  "val/ECE_mean": 0.08671125024557114,
  "val/kendall_tau_top50_mean": -0.0038604922592639923,
  "val/enrichment_factor_mean": 1.135569453239441,
  "val/f1_mean": 0.8250824809074402,
  "val/average_precision_mean": 0.7823581695556641,
  "val/spearman_rho_top10_mean": -0.3685217499732971,
  "val/kendall_tau_top10_mean": -0.30832740664482117,
  "val/recall_at_precision_90_mean": 0.0069444444961845875,
  "val/tnr_at_recall_90_mean": 0.4375,
  "val/cohen_kappa_mean": 0.3602599799633026,
  "val/auroc_mean": 0.6780598759651184,
  "val/kendall_tau_top20_mean": -0.034388329833745956,
  "val/tnr_at_recall_95_mean": 0.328125,
  "val/loss": 0.6125211715698242,
  "val/auprc_mean": 0.7823581695556641,
  "val/optimal_threshold_mean": 0.5999658703804016,
  "val/recall_at_precision_95_mean": 0.0069444444961845875,
  "val/ppv_mean": 0.7861635088920593,
  "val/tnr_at_recall_75_mean": 0.546875,
  "val/recall_at_precision_80_mean": 0.3333333432674408,
  "val/precision_mean": 0.7861635088920593,
  "val/recall_mean": 0.8680555820465088,
  "val/balanced_accuracy_mean": 0.6684027910232544,
  "val/recall_at_precision_75_mean": 0.9513888955116272,
  "val/tnr_at_recall_85_mean": 0.46875,
  "val/specificity_mean": 0.46875,
  "val/sensitivity_mean": 0.8680555820465088,
  "training_epochs": 226,
  "best_lr": 0.001,
  "best_weight_decay": 1.0
}