{
  "val/ECE_mean": 0.11977378278970718,
  "val/pos_lr_mean": 1.8417266607284546,
  "val/tnr_at_recall_75_mean": 0.328125,
  "val/spearman_rho_top10_mean": -0.2167774885892868,
  "val/tnr_at_recall_95_mean": 0.078125,
  "val/auroc_mean": 0.5596897602081299,
  "val/specificity_mean": 0.84375,
  "val/spearman_rho_top50_mean": 0.17019085586071014,
  "val/balanced_accuracy_mean": 0.5657598972320557,
  "val/average_precision_mean": 0.7293745875358582,
  "val/precision_mean": 0.800000011920929,
  "val/recall_at_precision_85_mean": 0.0,
  "val/sensitivity_mean": 0.28776979446411133,
  "val/recall_at_precision_90_mean": 0.0,
  "val/enrichment_factor_mean": 1.168345332145691,
  "val/tnr_at_recall_90_mean": 0.109375,
  "val/spearman_rho_mean": 0.09607203304767609,
  "val/tnr_at_recall_80_mean": 0.28125,
  "val/recall_at_precision_75_mean": 0.3884892165660858,
  "val/kendall_tau_top20_mean": -0.010718168690800667,
  "val/recall_at_precision_80_mean": 0.2949640154838562,
  "val/ppv_mean": 0.800000011920929,
  "val/loss": 0.7122179865837097,
  "val/cohen_kappa_mean": 0.09563902765512466,
  "val/tnr_at_recall_85_mean": 0.171875,
  "val/mcc_mean": 0.14182661473751068,
  "val/kendall_tau_mean": 0.07863546162843704,
  "val/supervised_loss": 0.7122179865837097,
  "val/kendall_tau_top50_mean": 0.1396464854478836,
  "val/f1_mean": 0.42328041791915894,
  "val/kendall_tau_top10_mean": -0.18136906623840332,
  "val/auprc_mean": 0.7293745875358582,
  "val/recall_mean": 0.28776979446411133,
  "val/recall_at_precision_95_mean": 0.0,
  "val/spearman_rho_top20_mean": -0.012965948320925236,
  "val/optimal_threshold_mean": 0.8062688112258911,
  "training_epochs": 67,
  "best_lr": 0.001,
  "best_weight_decay": 1.0
}