{
  "val/loss": 0.6598338484764099,
  "val/sensitivity_mean": 0.5289855003356934,
  "val/precision_mean": 0.7604166865348816,
  "val/kendall_tau_top10_mean": 0.34346020221710205,
  "val/ECE_mean": 0.06891363859176636,
  "val/kendall_tau_mean": 0.13012544810771942,
  "val/mcc_mean": 0.1849488615989685,
  "val/tnr_at_recall_90_mean": 0.14492753148078918,
  "val/recall_at_precision_75_mean": 0.5362318754196167,
  "val/kendall_tau_top20_mean": 0.09465742111206055,
  "val/supervised_loss": 0.6598338484764099,
  "val/recall_at_precision_95_mean": 0.06521739065647125,
  "val/cohen_kappa_mean": 0.16981132328510284,
  "val/kendall_tau_top50_mean": 0.06030770763754845,
  "val/tnr_at_recall_80_mean": 0.260869562625885,
  "val/recall_at_precision_85_mean": 0.08695652335882187,
  "val/spearman_rho_top10_mean": 0.4105134606361389,
  "val/tnr_at_recall_85_mean": 0.18840579688549042,
  "val/f1_mean": 0.6239316463470459,
  "val/average_precision_mean": 0.7525076270103455,
  "val/ppv_mean": 0.7604166865348816,
  "val/spearman_rho_top50_mean": 0.07350559532642365,
  "val/auroc_mean": 0.5973535180091858,
  "val/auprc_mean": 0.7525076270103455,
  "val/spearman_rho_top20_mean": 0.11454274505376816,
  "val/enrichment_factor_mean": 1.140625,
  "val/recall_at_precision_80_mean": 0.23188406229019165,
  "val/optimal_threshold_mean": 0.6184633374214172,
  "val/pos_lr_mean": 1.58695650100708,
  "val/tnr_at_recall_75_mean": 0.28985506296157837,
  "val/recall_mean": 0.5289855003356934,
  "val/balanced_accuracy_mean": 0.5978260636329651,
  "val/specificity_mean": 0.6666666865348816,
  "val/spearman_rho_mean": 0.15897956490516663,
  "val/tnr_at_recall_95_mean": 0.11594203114509583,
  "val/recall_at_precision_90_mean": 0.06521739065647125,
  "training_epochs": 4,
  "best_lr": 0.001,
  "best_weight_decay": 1.0
}