{
  "val/optimal_threshold_mean": 0.6157407164573669,
  "val/cohen_kappa_mean": 0.12361317127943039,
  "val/recall_mean": 0.4365079402923584,
  "val/recall_at_precision_95_mean": 0.007936508394777775,
  "val/pos_lr_mean": 1.4492063522338867,
  "val/kendall_tau_top10_mean": -0.3333333432674408,
  "val/tnr_at_recall_75_mean": 0.16867469251155853,
  "val/f1_mean": 0.5339806079864502,
  "val/average_precision_mean": 0.6486630439758301,
  "val/loss": 0.7043440341949463,
  "val/recall_at_precision_75_mean": 0.2857142984867096,
  "val/tnr_at_recall_85_mean": 0.16867469251155853,
  "val/tnr_at_recall_80_mean": 0.16867469251155853,
  "val/spearman_rho_top10_mean": -0.3975091874599457,
  "val/kendall_tau_top50_mean": 0.04932960122823715,
  "val/enrichment_factor_mean": 1.1403769254684448,
  "val/precision_mean": 0.6875,
  "val/recall_at_precision_85_mean": 0.007936508394777775,
  "val/sensitivity_mean": 0.4365079402923584,
  "val/recall_at_precision_90_mean": 0.007936508394777775,
  "val/supervised_loss": 0.7043440341949463,
  "val/balanced_accuracy_mean": 0.5676515698432922,
  "val/kendall_tau_mean": 0.0873844251036644,
  "val/specificity_mean": 0.6987951993942261,
  "val/tnr_at_recall_90_mean": 0.024096384644508362,
  "val/auprc_mean": 0.6486630439758301,
  "val/tnr_at_recall_95_mean": 0.024096384644508362,
  "val/spearman_rho_mean": 0.10369046777486801,
  "val/spearman_rho_top20_mean": -0.16287730634212494,
  "val/spearman_rho_top50_mean": 0.0596812479197979,
  "val/mcc_mean": 0.13620474934577942,
  "val/auroc_mean": 0.560766875743866,
  "val/recall_at_precision_80_mean": 0.007936508394777775,
  "val/ppv_mean": 0.6875,
  "val/kendall_tau_top20_mean": -0.1349777728319168,
  "val/ECE_mean": 0.03834839165210724,
  "training_epochs": 132,
  "best_lr": 0.001,
  "best_weight_decay": 0.01
}