{
  "val/precision_mean": 0.7009345889091492,
  "val/pos_lr_mean": 1.5438988208770752,
  "val/ECE_mean": 0.10226748138666153,
  "val/auprc_mean": 0.6596842408180237,
  "val/spearman_rho_top10_mean": 0.05309942364692688,
  "val/tnr_at_recall_85_mean": 0.3012048304080963,
  "val/loss": 0.7503257393836975,
  "val/tnr_at_recall_75_mean": 0.42168673872947693,
  "val/recall_at_precision_85_mean": 0.02380952425301075,
  "val/recall_at_precision_90_mean": 0.02380952425301075,
  "val/kendall_tau_top20_mean": -0.15009154379367828,
  "val/recall_at_precision_75_mean": 0.0396825410425663,
  "val/average_precision_mean": 0.6596842408180237,
  "val/optimal_threshold_mean": 0.7142213582992554,
  "val/auroc_mean": 0.5882577896118164,
  "val/kendall_tau_top10_mean": 0.04442616552114487,
  "val/ppv_mean": 0.7009345889091492,
  "val/spearman_rho_top20_mean": -0.18162229657173157,
  "val/recall_at_precision_95_mean": 0.02380952425301075,
  "val/kendall_tau_mean": 0.12243837863206863,
  "val/enrichment_factor_mean": 1.1626613140106201,
  "val/recall_at_precision_80_mean": 0.0396825410425663,
  "val/balanced_accuracy_mean": 0.6048479676246643,
  "val/tnr_at_recall_95_mean": 0.09638553857803345,
  "val/sensitivity_mean": 0.5952380895614624,
  "val/supervised_loss": 0.7503257393836975,
  "val/cohen_kappa_mean": 0.20181290805339813,
  "val/recall_mean": 0.5952380895614624,
  "val/spearman_rho_mean": 0.14959831535816193,
  "val/tnr_at_recall_90_mean": 0.1927710771560669,
  "val/mcc_mean": 0.2052685171365738,
  "val/f1_mean": 0.6437768340110779,
  "val/specificity_mean": 0.6144578456878662,
  "val/kendall_tau_top50_mean": -0.13607124984264374,
  "val/tnr_at_recall_80_mean": 0.33734938502311707,
  "val/spearman_rho_top50_mean": -0.16585707664489746,
  "training_epochs": 7,
  "best_lr": 0.001,
  "best_weight_decay": 1.0
}