{
  "val/recall_at_precision_90_mean": 0.058139536529779434,
  "val/auroc_mean": 0.5401691198348999,
  "val/recall_at_precision_75_mean": 0.6627907156944275,
  "val/tnr_at_recall_85_mean": 0.09090909361839294,
  "val/recall_at_precision_95_mean": 0.058139536529779434,
  "val/average_precision_mean": 0.771432638168335,
  "val/mcc_mean": 0.1321353018283844,
  "val/spearman_rho_top10_mean": 0.2981424033641815,
  "val/tnr_at_recall_90_mean": 0.06060606241226196,
  "val/ECE_mean": 0.13013406097888947,
  "val/kendall_tau_top50_mean": 0.06775408983230591,
  "val/specificity_mean": 0.8181818127632141,
  "val/loss": 0.677051305770874,
  "val/kendall_tau_top10_mean": 0.2542566955089569,
  "val/kendall_tau_top20_mean": -0.07211621850728989,
  "val/recall_at_precision_80_mean": 0.3488371968269348,
  "val/cohen_kappa_mean": 0.08839128166437149,
  "val/kendall_tau_mean": 0.05107744410634041,
  "val/spearman_rho_top20_mean": -0.0864643082022667,
  "val/auprc_mean": 0.771432638168335,
  "val/spearman_rho_top50_mean": 0.08228705823421478,
  "val/enrichment_factor_mean": 1.132135272026062,
  "val/balanced_accuracy_mean": 0.566067636013031,
  "val/spearman_rho_mean": 0.062295641750097275,
  "val/ppv_mean": 0.8181818127632141,
  "val/recall_mean": 0.3139534890651703,
  "val/pos_lr_mean": 1.7267441749572754,
  "val/optimal_threshold_mean": 0.8116664290428162,
  "val/f1_mean": 0.45378151535987854,
  "val/recall_at_precision_85_mean": 0.09302325546741486,
  "val/precision_mean": 0.8181818127632141,
  "val/tnr_at_recall_95_mean": 0.06060606241226196,
  "val/sensitivity_mean": 0.3139534890651703,
  "val/tnr_at_recall_80_mean": 0.24242424964904785,
  "val/supervised_loss": 0.677051305770874,
  "val/tnr_at_recall_75_mean": 0.24242424964904785,
  "training_epochs": 16,
  "best_lr": 0.0005,
  "best_weight_decay": 0.01
}