{
  "val/ppv_mean": 0.7809523940086365,
  "val/recall_at_precision_75_mean": 0.9417475461959839,
  "val/precision_mean": 0.7809523940086365,
  "val/spearman_rho_top20_mean": 0.11371470987796783,
  "val/spearman_rho_top10_mean": -0.10127393901348114,
  "val/tnr_at_recall_95_mean": 0.17073170840740204,
  "val/balanced_accuracy_mean": 0.6175704598426819,
  "val/tnr_at_recall_80_mean": 0.4390243887901306,
  "val/kendall_tau_top50_mean": 0.09118946641683578,
  "val/recall_at_precision_90_mean": 0.223300963640213,
  "val/tnr_at_recall_75_mean": 0.46341463923454285,
  "val/mcc_mean": 0.23878759145736694,
  "val/kendall_tau_mean": 0.17364436388015747,
  "val/recall_at_precision_95_mean": 0.03883495181798935,
  "val/kendall_tau_top10_mean": -0.08559209853410721,
  "val/specificity_mean": 0.4390243887901306,
  "val/recall_mean": 0.7961165308952332,
  "val/ECE_mean": 0.11051784455776215,
  "val/pos_lr_mean": 1.4191641807556152,
  "val/recall_at_precision_80_mean": 0.40776699781417847,
  "val/spearman_rho_mean": 0.21193543076515198,
  "val/cohen_kappa_mean": 0.2386445552110672,
  "val/enrichment_factor_mean": 1.0918169021606445,
  "val/supervised_loss": 0.6330616474151611,
  "val/kendall_tau_top20_mean": 0.09449111670255661,
  "val/sensitivity_mean": 0.7961165308952332,
  "val/recall_at_precision_85_mean": 0.2330097109079361,
  "val/tnr_at_recall_85_mean": 0.3658536672592163,
  "val/tnr_at_recall_90_mean": 0.26829269528388977,
  "val/loss": 0.6330616474151611,
  "val/spearman_rho_top50_mean": 0.11091623455286026,
  "val/auroc_mean": 0.6355671286582947,
  "val/auprc_mean": 0.8047215342521667,
  "val/optimal_threshold_mean": 0.517552375793457,
  "val/average_precision_mean": 0.8047215342521667,
  "val/f1_mean": 0.7884615659713745,
  "training_epochs": 310,
  "best_lr": 0.001,
  "best_weight_decay": 1.0
}