{
  "val/tnr_at_recall_75_mean": 0.5192307829856873,
  "val/balanced_accuracy_mean": 0.6431770324707031,
  "val/recall_at_precision_75_mean": 0.013698630034923553,
  "val/kendall_tau_top10_mean": 0.1872563362121582,
  "val/kendall_tau_top20_mean": -0.08374357968568802,
  "val/specificity_mean": 0.5192307829856873,
  "val/kendall_tau_top50_mean": -0.1777307689189911,
  "val/tnr_at_recall_95_mean": 0.17307692766189575,
  "val/tnr_at_recall_90_mean": 0.2884615361690521,
  "val/auprc_mean": 0.6350471377372742,
  "val/recall_at_precision_95_mean": 0.013698630034923553,
  "val/supervised_loss": 0.7072136998176575,
  "val/tnr_at_recall_80_mean": 0.4615384638309479,
  "val/auroc_mean": 0.6103793382644653,
  "val/recall_mean": 0.767123281955719,
  "val/cohen_kappa_mean": 0.2928340435028076,
  "val/enrichment_factor_mean": 1.1838322877883911,
  "val/f1_mean": 0.7272727489471436,
  "val/average_precision_mean": 0.6350471377372742,
  "val/loss": 0.7072136998176575,
  "val/spearman_rho_top10_mean": 0.2203439325094223,
  "val/recall_at_precision_85_mean": 0.013698630034923553,
  "val/recall_at_precision_80_mean": 0.013698630034923553,
  "val/spearman_rho_top20_mean": -0.10057278722524643,
  "val/recall_at_precision_90_mean": 0.013698630034923553,
  "val/precision_mean": 0.6913580298423767,
  "val/kendall_tau_mean": 0.1545005589723587,
  "val/tnr_at_recall_85_mean": 0.36538460850715637,
  "val/spearman_rho_mean": 0.18847139179706573,
  "val/mcc_mean": 0.29552727937698364,
  "val/sensitivity_mean": 0.767123281955719,
  "val/pos_lr_mean": 1.5956164598464966,
  "val/optimal_threshold_mean": 0.612334668636322,
  "val/ppv_mean": 0.6913580298423767,
  "val/ECE_mean": 0.0882808119058609,
  "val/spearman_rho_top50_mean": -0.21594035625457764,
  "training_epochs": 104,
  "best_lr": 5e-05,
  "best_weight_decay": 1.0
}