{
  "val/recall_at_precision_75_mean": 0.011627906933426857,
  "val/specificity_mean": 0.2947368323802948,
  "val/kendall_tau_top20_mean": 0.030945995822548866,
  "val/spearman_rho_mean": 0.04790693521499634,
  "val/ECE_mean": 0.13640566170215607,
  "val/auroc_mean": 0.5288861393928528,
  "val/recall_mean": 0.8313953280448914,
  "val/tnr_at_recall_75_mean": 0.3684210479259491,
  "val/mcc_mean": 0.14736858010292053,
  "val/kendall_tau_top50_mean": -0.025518059730529785,
  "val/pos_lr_mean": 1.1788440942764282,
  "val/precision_mean": 0.6809523701667786,
  "val/tnr_at_recall_90_mean": 0.17894737422466278,
  "val/sensitivity_mean": 0.8313953280448914,
  "val/recall_at_precision_95_mean": 0.011627906933426857,
  "val/supervised_loss": 0.7312827706336975,
  "val/auprc_mean": 0.6507701277732849,
  "val/kendall_tau_mean": 0.03918902948498726,
  "val/optimal_threshold_mean": 0.5100572109222412,
  "val/cohen_kappa_mean": 0.1385359913110733,
  "val/tnr_at_recall_80_mean": 0.3052631616592407,
  "val/recall_at_precision_80_mean": 0.011627906933426857,
  "val/tnr_at_recall_95_mean": 0.08421052992343903,
  "val/enrichment_factor_mean": 1.0570597648620605,
  "val/loss": 0.7312827706336975,
  "val/recall_at_precision_90_mean": 0.011627906933426857,
  "val/f1_mean": 0.7486910820007324,
  "val/spearman_rho_top20_mean": 0.03754837438464165,
  "val/recall_at_precision_85_mean": 0.011627906933426857,
  "val/spearman_rho_top50_mean": -0.031136278063058853,
  "val/ppv_mean": 0.6809523701667786,
  "val/average_precision_mean": 0.6507701277732849,
  "val/kendall_tau_top10_mean": -0.07893522083759308,
  "val/balanced_accuracy_mean": 0.5630661249160767,
  "val/spearman_rho_top10_mean": -0.09486833214759827,
  "val/tnr_at_recall_85_mean": 0.27368420362472534,
  "training_epochs": 86,
  "best_lr": 0.0005,
  "best_weight_decay": 1.0
}