{
  "val/kendall_tau_top50_mean": -0.012645497918128967,
  "val/sensitivity_mean": 0.6884058117866516,
  "val/precision_mean": 0.7364341020584106,
  "val/balanced_accuracy_mean": 0.5978260636329651,
  "val/kendall_tau_top20_mean": 0.03743979334831238,
  "val/pos_lr_mean": 1.3970588445663452,
  "val/spearman_rho_mean": 0.12931014597415924,
  "val/optimal_threshold_mean": 0.6462168097496033,
  "val/recall_at_precision_75_mean": 0.4420289993286133,
  "val/kendall_tau_top10_mean": 0.12664951384067535,
  "val/mcc_mean": 0.19032971560955048,
  "val/ppv_mean": 0.7364341020584106,
  "val/kendall_tau_mean": 0.10583601146936417,
  "val/recall_at_precision_80_mean": 0.050724636763334274,
  "val/tnr_at_recall_95_mean": 0.028985507786273956,
  "val/auroc_mean": 0.5791850686073303,
  "val/specificity_mean": 0.5072463750839233,
  "val/recall_at_precision_95_mean": 0.043478261679410934,
  "val/spearman_rho_top10_mean": 0.15137512981891632,
  "val/loss": 0.7194170355796814,
  "val/recall_at_precision_90_mean": 0.043478261679410934,
  "val/tnr_at_recall_75_mean": 0.3333333432674408,
  "val/spearman_rho_top50_mean": -0.015412869863212109,
  "val/tnr_at_recall_85_mean": 0.21739129722118378,
  "val/supervised_loss": 0.7194170355796814,
  "val/tnr_at_recall_80_mean": 0.28985506296157837,
  "val/spearman_rho_top20_mean": 0.045305024832487106,
  "val/auprc_mean": 0.7254776954650879,
  "val/ECE_mean": 0.07755178958177567,
  "val/f1_mean": 0.7116104960441589,
  "val/recall_mean": 0.6884058117866516,
  "val/enrichment_factor_mean": 1.1046510934829712,
  "val/tnr_at_recall_90_mean": 0.14492753148078918,
  "val/cohen_kappa_mean": 0.1894736886024475,
  "val/recall_at_precision_85_mean": 0.050724636763334274,
  "val/average_precision_mean": 0.7254776954650879,
  "training_epochs": 11,
  "best_lr": 0.0005,
  "best_weight_decay": 1.0
}