{
  "val/auroc_mean": 0.5307692289352417,
  "val/optimal_threshold_mean": 0.627747654914856,
  "val/balanced_accuracy_mean": 0.5486263632774353,
  "val/average_precision_mean": 0.6123083233833313,
  "val/kendall_tau_mean": 0.04814198613166809,
  "val/recall_at_precision_95_mean": 0.0,
  "val/tnr_at_recall_90_mean": 0.0,
  "val/tnr_at_recall_75_mean": 0.0,
  "val/cohen_kappa_mean": 0.09370037168264389,
  "val/kendall_tau_top10_mean": 0.17230260372161865,
  "val/precision_mean": 0.6517857313156128,
  "val/spearman_rho_top10_mean": 0.20496326684951782,
  "val/recall_at_precision_75_mean": 0.0,
  "val/tnr_at_recall_80_mean": 0.0,
  "val/specificity_mean": 0.5357142686843872,
  "val/tnr_at_recall_95_mean": 0.0,
  "val/mcc_mean": 0.09508326649665833,
  "val/recall_mean": 0.5615384578704834,
  "val/auprc_mean": 0.6123083233833313,
  "val/kendall_tau_top20_mean": -0.15420983731746674,
  "val/spearman_rho_top20_mean": -0.17312416434288025,
  "val/supervised_loss": 0.6952179670333862,
  "val/enrichment_factor_mean": 1.0729395151138306,
  "val/sensitivity_mean": 0.5615384578704834,
  "val/kendall_tau_top50_mean": -0.07691701501607895,
  "val/loss": 0.6952179670333862,
  "val/ECE_mean": 0.052525464445352554,
  "val/recall_at_precision_80_mean": 0.0,
  "val/ppv_mean": 0.6517857313156128,
  "val/tnr_at_recall_85_mean": 0.0,
  "val/recall_at_precision_90_mean": 0.0,
  "val/recall_at_precision_85_mean": 0.0,
  "val/spearman_rho_mean": 0.05438188835978508,
  "val/pos_lr_mean": 1.2094674110412598,
  "val/f1_mean": 0.6033057570457458,
  "val/spearman_rho_top50_mean": -0.08900373429059982,
  "training_epochs": 46,
  "best_lr": 0.001,
  "best_weight_decay": 0.01
}