{
  "val/recall_at_precision_85_mean": 0.2846153974533081,
  "val/tnr_at_recall_90_mean": 0.328125,
  "val/optimal_threshold_mean": 0.5334415435791016,
  "val/recall_at_precision_90_mean": 0.015384615398943424,
  "val/ppv_mean": 0.7730496525764465,
  "val/tnr_at_recall_85_mean": 0.421875,
  "val/supervised_loss": 0.6917869448661804,
  "val/kendall_tau_top20_mean": -0.13212740421295166,
  "val/tnr_at_recall_75_mean": 0.53125,
  "val/recall_at_precision_95_mean": 0.015384615398943424,
  "val/spearman_rho_top10_mean": 0.02357022650539875,
  "val/ECE_mean": 0.0898541510105133,
  "val/f1_mean": 0.8044280409812927,
  "val/recall_at_precision_80_mean": 0.3153846263885498,
  "val/mcc_mean": 0.35712766647338867,
  "val/cohen_kappa_mean": 0.3539022207260132,
  "val/tnr_at_recall_95_mean": 0.109375,
  "val/specificity_mean": 0.5,
  "val/kendall_tau_mean": 0.2304425686597824,
  "val/auprc_mean": 0.7822097539901733,
  "val/sensitivity_mean": 0.8384615182876587,
  "val/kendall_tau_top10_mean": 0.019744962453842163,
  "val/recall_at_precision_75_mean": 0.8538461327552795,
  "val/spearman_rho_mean": 0.28150874376296997,
  "val/kendall_tau_top50_mean": 0.033914029598236084,
  "val/pos_lr_mean": 1.6769230365753174,
  "val/auroc_mean": 0.6728365421295166,
  "val/average_precision_mean": 0.7822097539901733,
  "val/loss": 0.6917869448661804,
  "val/recall_mean": 0.8384615182876587,
  "val/spearman_rho_top20_mean": -0.15973423421382904,
  "val/tnr_at_recall_80_mean": 0.515625,
  "val/balanced_accuracy_mean": 0.6692307591438293,
  "val/precision_mean": 0.7730496525764465,
  "val/enrichment_factor_mean": 1.1536279916763306,
  "val/spearman_rho_top50_mean": 0.041323572397232056,
  "training_epochs": 85,
  "best_lr": 0.001,
  "best_weight_decay": 1.0
}