{
  "val/tnr_at_recall_75_mean": 0.4444444477558136,
  "val/recall_at_precision_95_mean": 0.07692307978868484,
  "val/kendall_tau_mean": 0.10911333560943604,
  "val/enrichment_factor_mean": 1.0970306396484375,
  "val/average_precision_mean": 0.7331147193908691,
  "val/recall_at_precision_90_mean": 0.07692307978868484,
  "val/tnr_at_recall_80_mean": 0.35555556416511536,
  "val/sensitivity_mean": 0.7582417726516724,
  "val/balanced_accuracy_mean": 0.6013430953025818,
  "val/recall_at_precision_80_mean": 0.07692307978868484,
  "val/tnr_at_recall_90_mean": 0.20000000298023224,
  "val/spearman_rho_top20_mean": -0.10850778967142105,
  "val/ECE_mean": 0.02336152270436287,
  "val/pos_lr_mean": 1.3648351430892944,
  "val/spearman_rho_top10_mean": 0.48997893929481506,
  "val/kendall_tau_top50_mean": 0.07936180382966995,
  "val/spearman_rho_top50_mean": 0.09649105370044708,
  "val/kendall_tau_top20_mean": -0.09022199362516403,
  "val/tnr_at_recall_85_mean": 0.31111112236976624,
  "val/ppv_mean": 0.7340425252914429,
  "val/f1_mean": 0.745945930480957,
  "val/cohen_kappa_mean": 0.20615996420383453,
  "val/kendall_tau_top10_mean": 0.41516825556755066,
  "val/supervised_loss": 0.7083934545516968,
  "val/recall_at_precision_75_mean": 0.35164836049079895,
  "val/mcc_mean": 0.20642513036727905,
  "val/spearman_rho_mean": 0.13314737379550934,
  "val/auprc_mean": 0.7331147193908691,
  "val/auroc_mean": 0.5816850066184998,
  "val/specificity_mean": 0.4444444477558136,
  "val/tnr_at_recall_95_mean": 0.1111111119389534,
  "val/optimal_threshold_mean": 0.6881251931190491,
  "val/loss": 0.7083934545516968,
  "val/precision_mean": 0.7340425252914429,
  "val/recall_mean": 0.7582417726516724,
  "val/recall_at_precision_85_mean": 0.07692307978868484,
  "training_epochs": 119,
  "best_lr": 0.001,
  "best_weight_decay": 1.0
}