{
  "val/tnr_at_recall_75_mean": 0.4769230782985687,
  "val/kendall_tau_top10_mean": -0.19049225747585297,
  "val/auprc_mean": 0.741989016532898,
  "val/specificity_mean": 0.4769230782985687,
  "val/tnr_at_recall_90_mean": 0.2461538463830948,
  "val/recall_at_precision_75_mean": 0.8134328126907349,
  "val/spearman_rho_mean": 0.23688505589962006,
  "val/mcc_mean": 0.28424814343452454,
  "val/cohen_kappa_mean": 0.28328511118888855,
  "val/recall_at_precision_95_mean": 0.0,
  "val/recall_at_precision_80_mean": 0.02985074557363987,
  "val/kendall_tau_top20_mean": -0.15100452303886414,
  "val/tnr_at_recall_95_mean": 0.20000000298023224,
  "val/spearman_rho_top20_mean": -0.18261559307575226,
  "val/spearman_rho_top10_mean": -0.22739700973033905,
  "val/ppv_mean": 0.758865237236023,
  "val/average_precision_mean": 0.741989016532898,
  "val/recall_mean": 0.7985074520111084,
  "val/pos_lr_mean": 1.5265583992004395,
  "val/spearman_rho_top50_mean": -0.07311716675758362,
  "val/ECE_mean": 0.10998053103685379,
  "val/f1_mean": 0.778181791305542,
  "val/optimal_threshold_mean": 0.602349042892456,
  "val/enrichment_factor_mean": 1.1269714832305908,
  "val/supervised_loss": 0.7690731883049011,
  "val/kendall_tau_mean": 0.1939011961221695,
  "val/balanced_accuracy_mean": 0.6377152800559998,
  "val/recall_at_precision_90_mean": 0.0,
  "val/auroc_mean": 0.6458094120025635,
  "val/kendall_tau_top50_mean": -0.060000669211149216,
  "val/tnr_at_recall_80_mean": 0.4769230782985687,
  "val/loss": 0.7690731883049011,
  "val/precision_mean": 0.758865237236023,
  "val/tnr_at_recall_85_mean": 0.38461539149284363,
  "val/recall_at_precision_85_mean": 0.0,
  "val/sensitivity_mean": 0.7985074520111084,
  "training_epochs": 8,
  "best_lr": 0.0005,
  "best_weight_decay": 0.0
}