{
  "val/kendall_tau_top10_mean": 0.0,
  "val/kendall_tau_top20_mean": -0.1633138358592987,
  "val/pos_lr_mean": 2.240000009536743,
  "val/loss": 0.7591674327850342,
  "val/spearman_rho_top20_mean": -0.19743679463863373,
  "val/precision_mean": 0.8198198080062866,
  "val/tnr_at_recall_90_mean": 0.34375,
  "val/kendall_tau_top50_mean": 0.023318197578191757,
  "val/recall_at_precision_85_mean": 0.3076923191547394,
  "val/tnr_at_recall_85_mean": 0.421875,
  "val/spearman_rho_mean": 0.33788880705833435,
  "val/enrichment_factor_mean": 1.2234234809875488,
  "val/spearman_rho_top10_mean": 0.0,
  "val/auprc_mean": 0.7922440767288208,
  "val/recall_at_precision_95_mean": 0.0,
  "val/tnr_at_recall_75_mean": 0.59375,
  "val/ECE_mean": 0.05207690969109535,
  "val/kendall_tau_mean": 0.27659517526626587,
  "val/auroc_mean": 0.7074519395828247,
  "val/cohen_kappa_mean": 0.360344260931015,
  "val/f1_mean": 0.7551867365837097,
  "val/mcc_mean": 0.3682415783405304,
  "val/supervised_loss": 0.7591674327850342,
  "val/tnr_at_recall_95_mean": 0.171875,
  "val/recall_at_precision_75_mean": 0.8769230842590332,
  "val/recall_at_precision_80_mean": 0.7384615540504456,
  "val/specificity_mean": 0.6875,
  "val/recall_at_precision_90_mean": 0.0,
  "val/balanced_accuracy_mean": 0.6937500238418579,
  "val/optimal_threshold_mean": 0.6403455138206482,
  "val/ppv_mean": 0.8198198080062866,
  "val/recall_mean": 0.699999988079071,
  "val/spearman_rho_top50_mean": 0.02841275930404663,
  "val/tnr_at_recall_80_mean": 0.484375,
  "val/sensitivity_mean": 0.699999988079071,
  "val/average_precision_mean": 0.7922440767288208,
  "training_epochs": 22,
  "best_lr": 0.0001,
  "best_weight_decay": 1.0
}