{
  "val/tnr_at_recall_75_mean": 0.4464285671710968,
  "val/auprc_mean": 0.7249536514282227,
  "val/ECE_mean": 0.12388668209314346,
  "val/supervised_loss": 0.7700256109237671,
  "val/ppv_mean": 0.7280701994895935,
  "val/recall_at_precision_90_mean": 0.04716981202363968,
  "val/specificity_mean": 0.4464285671710968,
  "val/kendall_tau_top20_mean": -0.01142517663538456,
  "val/sensitivity_mean": 0.7830188870429993,
  "val/mcc_mean": 0.2389775514602661,
  "val/kendall_tau_mean": 0.15280255675315857,
  "val/pos_lr_mean": 1.4144856929779053,
  "val/recall_mean": 0.7830188870429993,
  "val/auroc_mean": 0.6134181022644043,
  "val/recall_at_precision_75_mean": 0.12735849618911743,
  "val/precision_mean": 0.7280701994895935,
  "val/f1_mean": 0.7545454502105713,
  "val/kendall_tau_top10_mean": 0.07802144438028336,
  "val/tnr_at_recall_80_mean": 0.4196428656578064,
  "val/cohen_kappa_mean": 0.23744769394397736,
  "val/optimal_threshold_mean": 0.5504490733146667,
  "val/spearman_rho_top50_mean": -0.062028929591178894,
  "val/recall_at_precision_80_mean": 0.056603774428367615,
  "val/tnr_at_recall_95_mean": 0.1428571492433548,
  "val/kendall_tau_top50_mean": -0.05080248415470123,
  "val/enrichment_factor_mean": 1.112710952758789,
  "val/spearman_rho_mean": 0.18685601651668549,
  "val/spearman_rho_top20_mean": -0.013884872198104858,
  "val/recall_at_precision_95_mean": 0.028301887214183807,
  "val/balanced_accuracy_mean": 0.6147237420082092,
  "val/spearman_rho_top10_mean": 0.09409740567207336,
  "val/loss": 0.7700256109237671,
  "val/tnr_at_recall_85_mean": 0.3392857015132904,
  "val/average_precision_mean": 0.7249536514282227,
  "val/tnr_at_recall_90_mean": 0.2232142835855484,
  "val/recall_at_precision_85_mean": 0.04716981202363968,
  "training_epochs": 131,
  "best_lr": 0.0001,
  "best_weight_decay": 0.0
}