{
  "val/balanced_accuracy_mean": 0.5966137647628784,
  "val/kendall_tau_top50_mean": 0.11967005580663681,
  "val/kendall_tau_mean": 0.15089619159698486,
  "val/tnr_at_recall_80_mean": 0.3658536672592163,
  "val/specificity_mean": 0.8048780560493469,
  "val/spearman_rho_mean": 0.18417096138000488,
  "val/recall_at_precision_80_mean": 0.4660194218158722,
  "val/auroc_mean": 0.6178072690963745,
  "val/recall_at_precision_85_mean": 0.009708737954497337,
  "val/mcc_mean": 0.1849794089794159,
  "val/optimal_threshold_mean": 0.846778154373169,
  "val/tnr_at_recall_75_mean": 0.4146341383457184,
  "val/auprc_mean": 0.7818753123283386,
  "val/sensitivity_mean": 0.3883495032787323,
  "val/kendall_tau_top20_mean": -0.017907176166772842,
  "val/recall_at_precision_90_mean": 0.009708737954497337,
  "val/enrichment_factor_mean": 1.1650484800338745,
  "val/ECE_mean": 0.09709616750478745,
  "val/spearman_rho_top20_mean": -0.021550273522734642,
  "val/pos_lr_mean": 1.9902912378311157,
  "val/cohen_kappa_mean": 0.13765181601047516,
  "val/spearman_rho_top10_mean": -0.0647750273346901,
  "val/average_precision_mean": 0.7818753123283386,
  "val/f1_mean": 0.5298013091087341,
  "val/spearman_rho_top50_mean": 0.1455579549074173,
  "val/recall_at_precision_75_mean": 0.8834951519966125,
  "val/loss": 0.6952409148216248,
  "val/kendall_tau_top10_mean": -0.054744891822338104,
  "val/ppv_mean": 0.8333333134651184,
  "val/recall_mean": 0.3883495032787323,
  "val/tnr_at_recall_90_mean": 0.2195121943950653,
  "val/precision_mean": 0.8333333134651184,
  "val/recall_at_precision_95_mean": 0.009708737954497337,
  "val/tnr_at_recall_95_mean": 0.12195122241973877,
  "val/tnr_at_recall_85_mean": 0.26829269528388977,
  "val/supervised_loss": 0.6952409148216248,
  "training_epochs": 62,
  "best_lr": 0.0005,
  "best_weight_decay": 0.0
}