{
  "val/optimal_threshold_mean": 0.6533787846565247,
  "val/recall_at_precision_85_mean": 0.005586592014878988,
  "val/tnr_at_recall_85_mean": 0.24590164422988892,
  "val/spearman_rho_top20_mean": 0.030004167929291725,
  "val/supervised_loss": 0.6758902072906494,
  "val/kendall_tau_top50_mean": 0.0476871058344841,
  "val/recall_mean": 0.6536312699317932,
  "val/f1_mean": 0.6862170100212097,
  "val/spearman_rho_mean": 0.25481992959976196,
  "val/ECE_mean": 0.07962767779827118,
  "val/pos_lr_mean": 1.7720670700073242,
  "val/cohen_kappa_mean": 0.2785978317260742,
  "val/mcc_mean": 0.28044599294662476,
  "val/tnr_at_recall_75_mean": 0.4262295067310333,
  "val/enrichment_factor_mean": 1.2144631147384644,
  "val/balanced_accuracy_mean": 0.6423894166946411,
  "val/kendall_tau_top20_mean": 0.02470160834491253,
  "val/kendall_tau_mean": 0.20840492844581604,
  "val/recall_at_precision_90_mean": 0.005586592014878988,
  "val/tnr_at_recall_80_mean": 0.35245901346206665,
  "val/precision_mean": 0.7222222089767456,
  "val/tnr_at_recall_95_mean": 0.1147540956735611,
  "val/recall_at_precision_80_mean": 0.20111732184886932,
  "val/ppv_mean": 0.7222222089767456,
  "val/kendall_tau_top10_mean": 0.06505363434553146,
  "val/spearman_rho_top50_mean": 0.0582108236849308,
  "val/loss": 0.6758902072906494,
  "val/tnr_at_recall_90_mean": 0.19672131538391113,
  "val/auprc_mean": 0.7126782536506653,
  "val/recall_at_precision_95_mean": 0.005586592014878988,
  "val/auroc_mean": 0.6498305797576904,
  "val/sensitivity_mean": 0.6536312699317932,
  "val/average_precision_mean": 0.7126782536506653,
  "val/specificity_mean": 0.631147563457489,
  "val/recall_at_precision_75_mean": 0.4189944267272949,
  "val/spearman_rho_top10_mean": 0.07837849855422974,
  "training_epochs": 336,
  "best_lr": 0.001,
  "best_weight_decay": 1.0
}