{
  "val/sensitivity_mean": 0.5,
  "val/recall_at_precision_75_mean": 0.895348846912384,
  "val/spearman_rho_top20_mean": 0.03892494738101959,
  "val/tnr_at_recall_80_mean": 0.3636363744735718,
  "val/supervised_loss": 0.6058829426765442,
  "val/auprc_mean": 0.8217616677284241,
  "val/pos_lr_mean": 2.0625,
  "val/spearman_rho_mean": 0.22076700627803802,
  "val/kendall_tau_top50_mean": 0.1791629046201706,
  "val/tnr_at_recall_75_mean": 0.4545454680919647,
  "val/optimal_threshold_mean": 0.6985943913459778,
  "val/recall_at_precision_95_mean": 0.03488372266292572,
  "val/recall_mean": 0.5,
  "val/recall_at_precision_90_mean": 0.1627907007932663,
  "val/average_precision_mean": 0.8217616677284241,
  "val/mcc_mean": 0.23300842940807343,
  "val/spearman_rho_top10_mean": -0.20000000298023224,
  "val/ppv_mean": 0.843137264251709,
  "val/kendall_tau_top10_mean": -0.1705605685710907,
  "val/kendall_tau_top20_mean": 0.032465651631355286,
  "val/tnr_at_recall_85_mean": 0.3636363744735718,
  "val/kendall_tau_mean": 0.18101128935813904,
  "val/specificity_mean": 0.7575757503509521,
  "val/cohen_kappa_mean": 0.19413092732429504,
  "val/ECE_mean": 0.08586695045232773,
  "val/balanced_accuracy_mean": 0.6287878751754761,
  "val/auroc_mean": 0.6423537731170654,
  "val/tnr_at_recall_90_mean": 0.1818181872367859,
  "val/f1_mean": 0.6277372241020203,
  "val/loss": 0.6058829426765442,
  "val/enrichment_factor_mean": 1.1666666269302368,
  "val/recall_at_precision_85_mean": 0.44186046719551086,
  "val/recall_at_precision_80_mean": 0.5465116500854492,
  "val/tnr_at_recall_95_mean": 0.12121212482452393,
  "val/spearman_rho_top50_mean": 0.21759259700775146,
  "val/precision_mean": 0.843137264251709,
  "training_epochs": 6,
  "best_lr": 0.0005,
  "best_weight_decay": 0.0
}