{
  "val/optimal_threshold_mean": 0.7488607168197632,
  "val/sensitivity_mean": 0.5054945349693298,
  "val/cohen_kappa_mean": 0.20148330926895142,
  "val/precision_mean": 0.7931034564971924,
  "val/supervised_loss": 0.6877967119216919,
  "val/kendall_tau_mean": 0.20697282254695892,
  "val/spearman_rho_mean": 0.2525620758533478,
  "val/recall_at_precision_80_mean": 0.48351648449897766,
  "val/tnr_at_recall_80_mean": 0.3777777850627899,
  "val/auprc_mean": 0.7839295864105225,
  "val/tnr_at_recall_90_mean": 0.2222222238779068,
  "val/mcc_mean": 0.22722211480140686,
  "val/recall_at_precision_75_mean": 0.5714285969734192,
  "val/spearman_rho_top50_mean": 0.18369626998901367,
  "val/spearman_rho_top10_mean": -0.05698028951883316,
  "val/average_precision_mean": 0.7839295864105225,
  "val/specificity_mean": 0.7333333492279053,
  "val/spearman_rho_top20_mean": 0.2203439325094223,
  "val/kendall_tau_top10_mean": -0.04828045517206192,
  "val/ECE_mean": 0.04289564862847328,
  "val/auroc_mean": 0.6549450755119324,
  "val/recall_at_precision_95_mean": 0.010989011265337467,
  "val/balanced_accuracy_mean": 0.6194139122962952,
  "val/kendall_tau_top50_mean": 0.1510862112045288,
  "val/f1_mean": 0.6174496412277222,
  "val/loss": 0.6877967119216919,
  "val/tnr_at_recall_95_mean": 0.17777778208255768,
  "val/kendall_tau_top20_mean": 0.18321144580841064,
  "val/ppv_mean": 0.7931034564971924,
  "val/enrichment_factor_mean": 1.1852974891662598,
  "val/tnr_at_recall_75_mean": 0.46666666865348816,
  "val/recall_mean": 0.5054945349693298,
  "val/recall_at_precision_85_mean": 0.23076923191547394,
  "val/pos_lr_mean": 1.8956043720245361,
  "val/recall_at_precision_90_mean": 0.23076923191547394,
  "val/tnr_at_recall_85_mean": 0.31111112236976624,
  "training_epochs": 1,
  "best_lr": 0.001,
  "best_weight_decay": 0.0
}