{
  "val/specificity_mean": 0.6307692527770996,
  "val/auroc_mean": 0.5853042602539062,
  "val/auprc_mean": 0.7538160085678101,
  "val/mcc_mean": 0.17167438566684723,
  "val/spearman_rho_mean": 0.138587087392807,
  "val/kendall_tau_mean": 0.11343983560800552,
  "val/ECE_mean": 0.15190182626247406,
  "val/recall_at_precision_75_mean": 0.5597015023231506,
  "val/loss": 0.778225839138031,
  "val/ppv_mean": 0.7551020383834839,
  "val/tnr_at_recall_85_mean": 0.2153846174478531,
  "val/cohen_kappa_mean": 0.1601688116788864,
  "val/spearman_rho_top20_mean": 0.05051568150520325,
  "val/recall_mean": 0.5522388219833374,
  "val/balanced_accuracy_mean": 0.5915040373802185,
  "val/kendall_tau_top20_mean": 0.04177132993936539,
  "val/supervised_loss": 0.778225839138031,
  "val/recall_at_precision_85_mean": 0.2537313401699066,
  "val/tnr_at_recall_75_mean": 0.26153847575187683,
  "val/tnr_at_recall_90_mean": 0.20000000298023224,
  "val/recall_at_precision_95_mean": 0.014925372786819935,
  "val/sensitivity_mean": 0.5522388219833374,
  "val/spearman_rho_top10_mean": -0.06262242794036865,
  "val/kendall_tau_top50_mean": 0.0013536553597077727,
  "val/pos_lr_mean": 1.4956467151641846,
  "val/recall_at_precision_90_mean": 0.13432836532592773,
  "val/enrichment_factor_mean": 1.1213828325271606,
  "val/kendall_tau_top10_mean": -0.05245929956436157,
  "val/f1_mean": 0.6379310488700867,
  "val/tnr_at_recall_95_mean": 0.13846154510974884,
  "val/precision_mean": 0.7551020383834839,
  "val/tnr_at_recall_80_mean": 0.26153847575187683,
  "val/recall_at_precision_80_mean": 0.26865673065185547,
  "val/spearman_rho_top50_mean": 0.0016495721647515893,
  "val/average_precision_mean": 0.7538160085678101,
  "val/optimal_threshold_mean": 0.7286112904548645,
  "training_epochs": 71,
  "best_lr": 5e-05,
  "best_weight_decay": 0.01
}