{
  "val/enrichment_factor_mean": 1.0707719326019287,
  "val/supervised_loss": 0.7583710551261902,
  "val/recall_at_precision_90_mean": 0.0,
  "val/cohen_kappa_mean": 0.13724252581596375,
  "val/spearman_rho_mean": 0.09633967280387878,
  "val/tnr_at_recall_95_mean": 0.016393441706895828,
  "val/auroc_mean": 0.5495008826255798,
  "val/kendall_tau_mean": 0.09053590893745422,
  "val/optimal_threshold_mean": 0.7266316413879395,
  "val/loss": 0.7583710551261902,
  "val/tnr_at_recall_90_mean": 0.016393441706895828,
  "val/mcc_mean": 0.14494802057743073,
  "val/recall_at_precision_85_mean": 0.0,
  "val/balanced_accuracy_mean": 0.564680814743042,
  "val/kendall_tau_top20_mean": -0.025415457785129547,
  "val/auprc_mean": 0.6130848526954651,
  "val/tnr_at_recall_75_mean": 0.3606557250022888,
  "val/recall_at_precision_75_mean": 0.0,
  "val/precision_mean": 0.6367713212966919,
  "val/pos_lr_mean": 1.1948410272598267,
  "val/specificity_mean": 0.3360655605792999,
  "val/spearman_rho_top20_mean": -0.027479881420731544,
  "val/recall_mean": 0.7932960987091064,
  "val/tnr_at_recall_85_mean": 0.016393441706895828,
  "val/f1_mean": 0.7064676880836487,
  "val/kendall_tau_top10_mean": -0.21397697925567627,
  "val/spearman_rho_top10_mean": -0.23932476341724396,
  "val/tnr_at_recall_80_mean": 0.32786884903907776,
  "val/kendall_tau_top50_mean": 0.009250959381461143,
  "val/recall_at_precision_80_mean": 0.0,
  "val/sensitivity_mean": 0.7932960987091064,
  "val/ppv_mean": 0.6367713212966919,
  "val/recall_at_precision_95_mean": 0.0,
  "val/spearman_rho_top50_mean": 0.009554709307849407,
  "val/average_precision_mean": 0.6130848526954651,
  "val/ECE_mean": 0.14348429441452026,
  "training_epochs": 15,
  "best_lr": 0.001,
  "best_weight_decay": 0.01
}