{
  "val/ECE_mean": 0.08067426830530167,
  "val/enrichment_factor_mean": 1.1475576162338257,
  "val/auprc_mean": 0.7591770887374878,
  "val/kendall_tau_top10_mean": 0.2566845118999481,
  "val/kendall_tau_top50_mean": 0.10282313823699951,
  "val/recall_at_precision_95_mean": 0.05970149114727974,
  "val/recall_at_precision_85_mean": 0.0746268630027771,
  "val/sensitivity_mean": 0.5074626803398132,
  "val/ppv_mean": 0.7727272510528564,
  "val/supervised_loss": 0.679631233215332,
  "val/specificity_mean": 0.692307710647583,
  "val/loss": 0.679631233215332,
  "val/spearman_rho_top20_mean": 0.09733285009860992,
  "val/f1_mean": 0.6126126050949097,
  "val/cohen_kappa_mean": 0.16898125410079956,
  "val/tnr_at_recall_75_mean": 0.4000000059604645,
  "val/recall_at_precision_90_mean": 0.0746268630027771,
  "val/mcc_mean": 0.18864154815673828,
  "val/balanced_accuracy_mean": 0.5998851656913757,
  "val/average_precision_mean": 0.7591770887374878,
  "val/pos_lr_mean": 1.6492537260055542,
  "val/optimal_threshold_mean": 0.6791872382164001,
  "val/recall_at_precision_80_mean": 0.3208955228328705,
  "val/tnr_at_recall_90_mean": 0.13846154510974884,
  "val/recall_mean": 0.5074626803398132,
  "val/precision_mean": 0.7727272510528564,
  "val/spearman_rho_top10_mean": 0.306412935256958,
  "val/auroc_mean": 0.5997703671455383,
  "val/spearman_rho_top50_mean": 0.12530086934566498,
  "val/recall_at_precision_75_mean": 0.5223880410194397,
  "val/spearman_rho_mean": 0.16208906471729279,
  "val/kendall_tau_mean": 0.13267728686332703,
  "val/tnr_at_recall_95_mean": 0.0923076942563057,
  "val/tnr_at_recall_85_mean": 0.23076923191547394,
  "val/kendall_tau_top20_mean": 0.08048436045646667,
  "val/tnr_at_recall_80_mean": 0.2769230902194977,
  "training_epochs": 16,
  "best_lr": 0.0005,
  "best_weight_decay": 0.01
}