{
  "val/balanced_accuracy_mean": 0.6301793456077576,
  "val/optimal_threshold_mean": 0.6581391096115112,
  "val/kendall_tau_mean": 0.18669205904006958,
  "val/tnr_at_recall_90_mean": 0.27272728085517883,
  "val/recall_at_precision_95_mean": 0.006802720949053764,
  "val/loss": 0.6712836027145386,
  "val/enrichment_factor_mean": 1.1806092262268066,
  "val/auroc_mean": 0.6386606693267822,
  "val/mcc_mean": 0.2473292052745819,
  "val/sensitivity_mean": 0.5850340127944946,
  "val/auprc_mean": 0.7401455044746399,
  "val/tnr_at_recall_75_mean": 0.4285714328289032,
  "val/kendall_tau_top50_mean": -0.03671543300151825,
  "val/cohen_kappa_mean": 0.2342793494462967,
  "val/recall_mean": 0.5850340127944946,
  "val/recall_at_precision_80_mean": 0.06122449040412903,
  "val/spearman_rho_top50_mean": -0.044767625629901886,
  "val/kendall_tau_top20_mean": -0.02901015430688858,
  "val/pos_lr_mean": 1.8019047975540161,
  "val/spearman_rho_top10_mean": 0.0,
  "val/ECE_mean": 0.11287780106067657,
  "val/precision_mean": 0.7747747898101807,
  "val/specificity_mean": 0.6753246784210205,
  "val/recall_at_precision_75_mean": 0.6190476417541504,
  "val/recall_at_precision_90_mean": 0.006802720949053764,
  "val/recall_at_precision_85_mean": 0.006802720949053764,
  "val/supervised_loss": 0.6712836027145386,
  "val/f1_mean": 0.6666666865348816,
  "val/average_precision_mean": 0.7401455044746399,
  "val/spearman_rho_top20_mean": -0.03513304144144058,
  "val/ppv_mean": 0.7747747898101807,
  "val/tnr_at_recall_95_mean": 0.1428571492433548,
  "val/tnr_at_recall_85_mean": 0.350649356842041,
  "val/spearman_rho_mean": 0.22814145684242249,
  "val/tnr_at_recall_80_mean": 0.3896103799343109,
  "val/kendall_tau_top10_mean": 0.0,
  "training_epochs": 59,
  "best_lr": 0.0005,
  "best_weight_decay": 0.01
}