{
  "val/recall_at_precision_85_mean": 0.22535210847854614,
  "val/average_precision_mean": 0.7816019654273987,
  "val/kendall_tau_mean": 0.14753708243370056,
  "val/ECE_mean": 0.175757497549057,
  "val/specificity_mean": 0.4516128897666931,
  "val/spearman_rho_top50_mean": 0.11995476484298706,
  "val/optimal_threshold_mean": 0.5560553669929504,
  "val/enrichment_factor_mean": 1.0926403999328613,
  "val/recall_mean": 0.7605633735656738,
  "val/auroc_mean": 0.6131303906440735,
  "val/spearman_rho_mean": 0.1802540421485901,
  "val/recall_at_precision_80_mean": 0.2535211145877838,
  "val/tnr_at_recall_80_mean": 0.4032258093357086,
  "val/recall_at_precision_75_mean": 0.8169013857841492,
  "val/sensitivity_mean": 0.7605633735656738,
  "val/spearman_rho_top10_mean": 0.012141968123614788,
  "val/tnr_at_recall_85_mean": 0.25806450843811035,
  "val/tnr_at_recall_95_mean": 0.12903225421905518,
  "val/tnr_at_recall_75_mean": 0.4516128897666931,
  "val/spearman_rho_top20_mean": 0.30320367217063904,
  "val/tnr_at_recall_90_mean": 0.20967741310596466,
  "val/recall_at_precision_95_mean": 0.035211268812417984,
  "val/mcc_mean": 0.21217627823352814,
  "val/supervised_loss": 0.7492849230766296,
  "val/auprc_mean": 0.7816019654273987,
  "val/kendall_tau_top50_mean": 0.0984215959906578,
  "val/cohen_kappa_mean": 0.21217627823352814,
  "val/kendall_tau_top20_mean": 0.25064021348953247,
  "val/f1_mean": 0.7605633735656738,
  "val/kendall_tau_top10_mean": 0.010158699005842209,
  "val/loss": 0.7492849230766296,
  "val/balanced_accuracy_mean": 0.6060881614685059,
  "val/ppv_mean": 0.7605633735656738,
  "val/precision_mean": 0.7605633735656738,
  "val/recall_at_precision_90_mean": 0.21830986440181732,
  "val/pos_lr_mean": 1.3869097232818604,
  "training_epochs": 178,
  "best_lr": 5e-05,
  "best_weight_decay": 0.1
}