{
  "val/recall_at_precision_85_mean": 0.025316456332802773,
  "val/ppv_mean": 0.7534246444702148,
  "val/tnr_at_recall_90_mean": 0.19587628543376923,
  "val/loss": 0.6709656715393066,
  "val/spearman_rho_mean": 0.28892838954925537,
  "val/auprc_mean": 0.7443971037864685,
  "val/specificity_mean": 0.6288659572601318,
  "val/tnr_at_recall_85_mean": 0.3195876181125641,
  "val/f1_mean": 0.7236841917037964,
  "val/recall_at_precision_75_mean": 0.702531635761261,
  "val/kendall_tau_top20_mean": 0.10336162149906158,
  "val/recall_at_precision_95_mean": 0.025316456332802773,
  "val/sensitivity_mean": 0.6962025165557861,
  "val/recall_at_precision_80_mean": 0.07594936341047287,
  "val/tnr_at_recall_95_mean": 0.12371134012937546,
  "val/enrichment_factor_mean": 1.2159701585769653,
  "val/kendall_tau_mean": 0.23637115955352783,
  "val/cohen_kappa_mean": 0.31748661398887634,
  "val/recall_mean": 0.6962025165557861,
  "val/recall_at_precision_90_mean": 0.025316456332802773,
  "val/precision_mean": 0.7534246444702148,
  "val/spearman_rho_top50_mean": -0.01995505578815937,
  "val/mcc_mean": 0.3190065622329712,
  "val/tnr_at_recall_75_mean": 0.5463917255401611,
  "val/kendall_tau_top10_mean": 0.010814761742949486,
  "val/spearman_rho_top20_mean": 0.12536847591400146,
  "val/optimal_threshold_mean": 0.5608264207839966,
  "val/auroc_mean": 0.6717995405197144,
  "val/kendall_tau_top50_mean": -0.01635725609958172,
  "val/supervised_loss": 0.6709656715393066,
  "val/pos_lr_mean": 1.8758790493011475,
  "val/balanced_accuracy_mean": 0.662534236907959,
  "val/spearman_rho_top10_mean": 0.012988108210265636,
  "val/tnr_at_recall_80_mean": 0.4329896867275238,
  "val/average_precision_mean": 0.7443971037864685,
  "val/ECE_mean": 0.09486569464206696,
  "training_epochs": 63,
  "best_lr": 0.0005,
  "best_weight_decay": 0.1
}