{
  "val/cohen_kappa_mean": 0.28375107049942017,
  "val/kendall_tau_mean": 0.12519605457782745,
  "val/auroc_mean": 0.5941446423530579,
  "val/ppv_mean": 0.739393949508667,
  "val/precision_mean": 0.739393949508667,
  "val/enrichment_factor_mean": 1.098055124282837,
  "val/kendall_tau_top10_mean": -0.26700061559677124,
  "val/recall_mean": 0.9104477763175964,
  "val/ECE_mean": 0.11449475586414337,
  "val/tnr_at_recall_90_mean": 0.3384615480899811,
  "val/spearman_rho_top20_mean": -0.3182728886604309,
  "val/average_precision_mean": 0.704703152179718,
  "val/f1_mean": 0.8160535097122192,
  "val/tnr_at_recall_80_mean": 0.3692307770252228,
  "val/recall_at_precision_95_mean": 0.0,
  "val/tnr_at_recall_85_mean": 0.3692307770252228,
  "val/recall_at_precision_90_mean": 0.0,
  "val/balanced_accuracy_mean": 0.62445467710495,
  "val/optimal_threshold_mean": 0.5161595344543457,
  "val/spearman_rho_top50_mean": -0.009417825378477573,
  "val/spearman_rho_top10_mean": -0.31872764229774475,
  "val/sensitivity_mean": 0.9104477763175964,
  "val/specificity_mean": 0.3384615480899811,
  "val/pos_lr_mean": 1.3762582540512085,
  "val/supervised_loss": 0.7626482248306274,
  "val/loss": 0.7626482248306274,
  "val/tnr_at_recall_75_mean": 0.38461539149284363,
  "val/recall_at_precision_85_mean": 0.0,
  "val/auprc_mean": 0.704703152179718,
  "val/spearman_rho_mean": 0.15294940769672394,
  "val/kendall_tau_top20_mean": -0.26317930221557617,
  "val/recall_at_precision_75_mean": 0.2985074520111084,
  "val/tnr_at_recall_95_mean": 0.23076923191547394,
  "val/kendall_tau_top50_mean": -0.0077283610589802265,
  "val/mcc_mean": 0.31014785170555115,
  "val/recall_at_precision_80_mean": 0.0,
  "training_epochs": 12,
  "best_lr": 0.0005,
  "best_weight_decay": 0.0
}