{
  "val/precision_mean": 0.6569037437438965,
  "val/average_precision_mean": 0.658716082572937,
  "val/ppv_mean": 0.6569037437438965,
  "val/optimal_threshold_mean": 0.5678322911262512,
  "val/cohen_kappa_mean": 0.06618407368659973,
  "val/spearman_rho_mean": 0.10896182805299759,
  "val/tnr_at_recall_90_mean": 0.10869564861059189,
  "val/recall_mean": 0.9457831382751465,
  "val/recall_at_precision_95_mean": 0.0060240961611270905,
  "val/tnr_at_recall_80_mean": 0.10869564861059189,
  "val/pos_lr_mean": 1.0611225366592407,
  "val/kendall_tau_top20_mean": 0.20916500687599182,
  "val/tnr_at_recall_75_mean": 0.10869564861059189,
  "val/tnr_at_recall_95_mean": 0.10869564861059189,
  "val/auroc_mean": 0.5304479002952576,
  "val/tnr_at_recall_85_mean": 0.10869564861059189,
  "val/sensitivity_mean": 0.9457831382751465,
  "val/supervised_loss": 0.6809865236282349,
  "val/specificity_mean": 0.10869564861059189,
  "val/balanced_accuracy_mean": 0.5272393822669983,
  "val/enrichment_factor_mean": 1.0209709405899048,
  "val/kendall_tau_mean": 0.10713599622249603,
  "val/spearman_rho_top10_mean": 0.1666666716337204,
  "val/spearman_rho_top20_mean": 0.20916500687599182,
  "val/ECE_mean": 0.04248801991343498,
  "val/recall_at_precision_80_mean": 0.0060240961611270905,
  "val/mcc_mean": 0.09990785270929337,
  "val/kendall_tau_top10_mean": 0.1666666716337204,
  "val/recall_at_precision_85_mean": 0.0060240961611270905,
  "val/auprc_mean": 0.658716082572937,
  "val/f1_mean": 0.7753086686134338,
  "val/recall_at_precision_75_mean": 0.0060240961611270905,
  "val/loss": 0.6809865236282349,
  "val/spearman_rho_top50_mean": 0.09188329428434372,
  "val/recall_at_precision_90_mean": 0.0060240961611270905,
  "val/kendall_tau_top50_mean": 0.09188329428434372,
  "training_epochs": 54,
  "best_lr": 0.001,
  "best_weight_decay": 0.01
}