{
  "val/kendall_tau_top50_mean": 0.173537015914917,
  "val/tnr_at_recall_90_mean": 0.2526315748691559,
  "val/recall_mean": 0.4127906858921051,
  "val/average_precision_mean": 0.7668649554252625,
  "val/spearman_rho_top10_mean": -0.27005425095558167,
  "val/spearman_rho_mean": 0.28236672282218933,
  "val/recall_at_precision_95_mean": 0.0,
  "val/tnr_at_recall_85_mean": 0.3368421196937561,
  "val/kendall_tau_mean": 0.23098279535770416,
  "val/recall_at_precision_85_mean": 0.39534884691238403,
  "val/precision_mean": 0.8452380895614624,
  "val/recall_at_precision_80_mean": 0.48255813121795654,
  "val/auroc_mean": 0.670257031917572,
  "val/pos_lr_mean": 3.016547441482544,
  "val/auprc_mean": 0.7668649554252625,
  "val/spearman_rho_top20_mean": 0.02299548126757145,
  "val/recall_at_precision_90_mean": 0.0,
  "val/optimal_threshold_mean": 0.7967924475669861,
  "val/enrichment_factor_mean": 1.312084674835205,
  "val/kendall_tau_top10_mean": -0.22469870746135712,
  "val/recall_at_precision_75_mean": 0.680232584476471,
  "val/loss": 0.638228178024292,
  "val/sensitivity_mean": 0.4127906858921051,
  "val/balanced_accuracy_mean": 0.6379743218421936,
  "val/specificity_mean": 0.8631578683853149,
  "val/cohen_kappa_mean": 0.22855839133262634,
  "val/tnr_at_recall_95_mean": 0.0736842080950737,
  "val/mcc_mean": 0.28450441360473633,
  "val/ECE_mean": 0.08182584494352341,
  "val/supervised_loss": 0.638228178024292,
  "val/kendall_tau_top20_mean": 0.018952034413814545,
  "val/ppv_mean": 0.8452380895614624,
  "val/f1_mean": 0.5546875,
  "val/tnr_at_recall_75_mean": 0.42105263471603394,
  "val/tnr_at_recall_80_mean": 0.38947367668151855,
  "val/spearman_rho_top50_mean": 0.211744025349617,
  "training_epochs": 530,
  "best_lr": 1e-05,
  "best_weight_decay": 0.01
}