{
  "val/spearman_rho_mean": 0.18558435142040253,
  "val/kendall_tau_mean": 0.15191902220249176,
  "val/spearman_rho_top20_mean": 0.09260134398937225,
  "val/average_precision_mean": 0.7354822754859924,
  "val/specificity_mean": 0.6875,
  "val/tnr_at_recall_85_mean": 0.21875,
  "val/recall_mean": 0.5846154093742371,
  "val/kendall_tau_top20_mean": 0.07659707218408585,
  "val/recall_at_precision_80_mean": 0.5307692289352417,
  "val/kendall_tau_top50_mean": -0.1269731968641281,
  "val/tnr_at_recall_75_mean": 0.421875,
  "val/kendall_tau_top10_mean": -0.054840847849845886,
  "val/tnr_at_recall_95_mean": 0.03125,
  "val/recall_at_precision_95_mean": 0.0,
  "val/tnr_at_recall_80_mean": 0.3125,
  "val/balanced_accuracy_mean": 0.6360576748847961,
  "val/ppv_mean": 0.7916666865348816,
  "val/mcc_mean": 0.25589752197265625,
  "val/recall_at_precision_85_mean": 0.0,
  "val/loss": 0.7332067489624023,
  "val/auroc_mean": 0.6139423251152039,
  "val/cohen_kappa_mean": 0.23977971076965332,
  "val/spearman_rho_top10_mean": -0.06546536833047867,
  "val/auprc_mean": 0.7354822754859924,
  "val/ECE_mean": 0.1308552473783493,
  "val/enrichment_factor_mean": 1.181410312652588,
  "val/precision_mean": 0.7916666865348816,
  "val/recall_at_precision_75_mean": 0.7230769395828247,
  "val/sensitivity_mean": 0.5846154093742371,
  "val/tnr_at_recall_90_mean": 0.140625,
  "val/f1_mean": 0.6725663542747498,
  "val/recall_at_precision_90_mean": 0.0,
  "val/pos_lr_mean": 1.8707692623138428,
  "val/supervised_loss": 0.7332067489624023,
  "val/optimal_threshold_mean": 0.7022798657417297,
  "val/spearman_rho_top50_mean": -0.15471433103084564,
  "training_epochs": 21,
  "best_lr": 0.0005,
  "best_weight_decay": 1.0
}