{
  "val/pos_lr_mean": 1.734375,
  "val/spearman_rho_top20_mean": 0.05357997119426727,
  "val/auroc_mean": 0.6208797097206116,
  "val/enrichment_factor_mean": 1.200854778289795,
  "val/ppv_mean": 0.7264957427978516,
  "val/sensitivity_mean": 0.5,
  "val/cohen_kappa_mean": 0.19551226496696472,
  "val/tnr_at_recall_75_mean": 0.4144144058227539,
  "val/recall_mean": 0.5,
  "val/auprc_mean": 0.6980480551719666,
  "val/ECE_mean": 0.051354050636291504,
  "val/supervised_loss": 0.6632184386253357,
  "val/kendall_tau_top50_mean": 0.0723903551697731,
  "val/optimal_threshold_mean": 0.6632127165794373,
  "val/spearman_rho_top10_mean": -0.1378430426120758,
  "val/tnr_at_recall_90_mean": 0.2522522509098053,
  "val/balanced_accuracy_mean": 0.6058558821678162,
  "val/tnr_at_recall_85_mean": 0.27927929162979126,
  "val/recall_at_precision_85_mean": 0.0058823530562222,
  "val/tnr_at_recall_80_mean": 0.30630630254745483,
  "val/recall_at_precision_75_mean": 0.25882354378700256,
  "val/precision_mean": 0.7264957427978516,
  "val/spearman_rho_top50_mean": 0.08831403404474258,
  "val/average_precision_mean": 0.6980480551719666,
  "val/loss": 0.6632184386253357,
  "val/recall_at_precision_90_mean": 0.0058823530562222,
  "val/kendall_tau_top10_mean": -0.11454053223133087,
  "val/kendall_tau_top20_mean": 0.044136740267276764,
  "val/spearman_rho_mean": 0.20470444858074188,
  "val/specificity_mean": 0.7117117047309875,
  "val/tnr_at_recall_95_mean": 0.13513512909412384,
  "val/kendall_tau_mean": 0.16745856404304504,
  "val/recall_at_precision_95_mean": 0.0058823530562222,
  "val/f1_mean": 0.592334508895874,
  "val/recall_at_precision_80_mean": 0.19411765038967133,
  "val/mcc_mean": 0.2099500447511673,
  "training_epochs": 5,
  "best_lr": 0.001,
  "best_weight_decay": 1.0
}