{
  "val/tnr_at_recall_75_mean": 0.2926829159259796,
  "val/spearman_rho_mean": 0.11420450359582901,
  "val/auroc_mean": 0.5730523467063904,
  "val/recall_at_precision_80_mean": 0.42718446254730225,
  "val/recall_at_precision_85_mean": 0.0,
  "val/mcc_mean": 0.19297055900096893,
  "val/f1_mean": 0.5135135054588318,
  "val/kendall_tau_top20_mean": -0.11990717798471451,
  "val/ppv_mean": 0.8444444537162781,
  "val/enrichment_factor_mean": 1.1805825233459473,
  "val/spearman_rho_top50_mean": 0.21607282757759094,
  "val/average_precision_mean": 0.7622801661491394,
  "val/optimal_threshold_mean": 0.6880970597267151,
  "val/kendall_tau_top10_mean": -0.3102210462093353,
  "val/tnr_at_recall_95_mean": 0.0,
  "val/precision_mean": 0.8444444537162781,
  "val/supervised_loss": 0.64654141664505,
  "val/tnr_at_recall_80_mean": 0.2195121943950653,
  "val/cohen_kappa_mean": 0.13901345431804657,
  "val/balanced_accuracy_mean": 0.5991001725196838,
  "val/recall_at_precision_75_mean": 0.6699029207229614,
  "val/loss": 0.64654141664505,
  "val/specificity_mean": 0.8292682766914368,
  "val/auprc_mean": 0.7622801661491394,
  "val/spearman_rho_top20_mean": -0.14430148899555206,
  "val/recall_at_precision_90_mean": 0.0,
  "val/spearman_rho_top10_mean": -0.36705848574638367,
  "val/recall_mean": 0.3689320385456085,
  "val/kendall_tau_top50_mean": 0.17764365673065186,
  "val/tnr_at_recall_90_mean": 0.17073170840740204,
  "val/sensitivity_mean": 0.3689320385456085,
  "val/tnr_at_recall_85_mean": 0.17073170840740204,
  "val/pos_lr_mean": 2.1608877182006836,
  "val/kendall_tau_mean": 0.09357080608606339,
  "val/recall_at_precision_95_mean": 0.0,
  "val/ECE_mean": 0.07962439209222794,
  "training_epochs": 2,
  "best_lr": 0.001,
  "best_weight_decay": 0.0
}