{
  "val/spearman_rho_mean": 0.1528933048248291,
  "val/spearman_rho_top50_mean": 0.010155160911381245,
  "val/tnr_at_recall_75_mean": 0.380952388048172,
  "val/recall_mean": 0.45384615659713745,
  "val/kendall_tau_top20_mean": 0.07229440659284592,
  "val/supervised_loss": 0.7018836736679077,
  "val/kendall_tau_mean": 0.12514711916446686,
  "val/recall_at_precision_90_mean": 0.0,
  "val/auroc_mean": 0.5903846025466919,
  "val/f1_mean": 0.5592417120933533,
  "val/tnr_at_recall_90_mean": 0.1428571492433548,
  "val/ECE_mean": 0.0976627990603447,
  "val/loss": 0.7018836736679077,
  "val/sensitivity_mean": 0.45384615659713745,
  "val/recall_at_precision_80_mean": 0.10769230872392654,
  "val/kendall_tau_top50_mean": 0.008331738412380219,
  "val/enrichment_factor_mean": 1.1990503072738647,
  "val/mcc_mean": 0.1932464987039566,
  "val/tnr_at_recall_95_mean": 0.095238097012043,
  "val/tnr_at_recall_80_mean": 0.2738095223903656,
  "val/specificity_mean": 0.738095223903656,
  "val/recall_at_precision_85_mean": 0.0,
  "val/average_precision_mean": 0.672240674495697,
  "val/recall_at_precision_75_mean": 0.11538461595773697,
  "val/precision_mean": 0.7283950448036194,
  "val/cohen_kappa_mean": 0.17398522794246674,
  "val/optimal_threshold_mean": 0.7234745025634766,
  "val/auprc_mean": 0.672240674495697,
  "val/spearman_rho_top10_mean": 0.06963106244802475,
  "val/ppv_mean": 0.7283950448036194,
  "val/pos_lr_mean": 1.7328671216964722,
  "val/balanced_accuracy_mean": 0.5959706902503967,
  "val/spearman_rho_top20_mean": 0.08750658482313156,
  "val/kendall_tau_top10_mean": 0.058191437274217606,
  "val/tnr_at_recall_85_mean": 0.1785714328289032,
  "val/recall_at_precision_95_mean": 0.0,
  "training_epochs": 35,
  "best_lr": 0.0005,
  "best_weight_decay": 0.01
}