accuracy,balanced_accuracy,f1_macro,f1_weighted,mae,adjacent_accuracy,kappa_linear,kappa_quadratic,spearman_r,roc_auc_macro_ovr,roc_auc_weighted_ovr,fold,n_train,n_val,best_penalty,best_C,best_solver,inner_auc_score
0.4961832061068702,0.5122193805058255,0.48801043218316265,0.47998733187314585,0.5877862595419847,0.916030534351145,0.3448723777359225,0.4406297174897563,0.413686901675266,0.6308657640555102,0.6208337576787226,1,736,131,l2,0.001,lbfgs,0.6386801666260796
0.4603174603174603,0.45258268301746557,0.43982838424607884,0.4519268541100753,0.7301587301587301,0.8095238095238095,0.19708164019209462,0.21405940594059403,0.17814641383569707,0.6206783588971528,0.6203434886230585,2,678,189,l2,0.001,lbfgs,0.6389072940741464
0.40625,0.4141176470588235,0.405949778153804,0.40642347353342767,0.76875,0.825,0.14151108009073443,0.17387792777200872,0.2722310408989234,0.6038130243187246,0.6028613418637369,3,707,160,l2,0.001,lbfgs,0.6276857933429326
0.47863247863247865,0.49018893387314444,0.4656990148319628,0.48714123800829007,0.6623931623931624,0.8589743589743589,0.21986578336057816,0.231841002941089,0.2636382422706782,0.6603601130802627,0.648925132024852,4,633,234,l2,0.001,lbfgs,0.6199279237175764
0.5098039215686274,0.5221830899797002,0.5002543206173025,0.5163157789822928,0.6143790849673203,0.8758169934640523,0.27216599190283397,0.2871161313095658,0.2872082394427886,0.6610080591879716,0.6591920424157274,5,714,153,l2,0.001,lbfgs,0.6180286502581931
