roc_auc,pr_auc,accuracy,f1,balanced_accuracy,matthews_corrcoef,sensitivity,specificity,precision,pos_LR,sensitivity_at_spec100,fold,n_train,n_val,threshold,best_penalty,best_C,best_solver,best_inner_score
0.7125180931036094,0.766192033633891,0.6442953020134228,0.66875,0.6534995564271373,0.3017745222199528,0.6045197740112994,0.7024793388429752,0.7482517482517482,2.0318581293157565,0.011299435028248588,1,595,298,0.5381176727111922,l2,0.001,lbfgs,0.6952224369854845
0.7070015220700153,0.7631748064237509,0.6685082872928176,0.7247706422018348,0.6534119736174531,0.30827410362465973,0.7314814814814815,0.5753424657534246,0.7181818181818181,1.722520908004779,0.027777777777777776,2,712,181,0.4484148961951907,l1,0.1,liblinear,0.684876097997787
0.621123595505618,0.6941648544403218,0.6115107913669064,0.7,0.5739325842696629,0.1492466436652669,0.7078651685393258,0.44,0.6923076923076923,1.2640449438202246,0.0,3,754,139,0.5585716678545257,l2,0.001,liblinear,0.7358691167684812
0.6885714285714286,0.7312674143525624,0.6666666666666666,0.7247706422018348,0.6519480519480519,0.30240736837950305,0.7181818181818181,0.5857142857142857,0.7314814814814815,1.7335423197492164,0.0,4,713,180,0.5219753185637904,l2,0.001,lbfgs,0.7033027977631842
0.7348690153568203,0.7440789715805073,0.6631578947368421,0.6923076923076923,0.6626016260162602,0.3225911354182047,0.6666666666666666,0.6585365853658537,0.72,1.9523809523809526,0.037037037037037035,5,798,95,0.5247490792438343,l2,0.001,liblinear,0.6901745089492637
