roc_auc,pr_auc,accuracy,f1,balanced_accuracy,matthews_corrcoef,sensitivity,specificity,precision,pos_LR,sensitivity_at_spec100,fold,n_train,n_val,threshold,best_penalty,best_C,best_solver,best_inner_score
0.6581832733093237,0.629324769135303,0.6428571428571429,0.6638655462184874,0.6414565826330532,0.28291316526610644,0.6638655462184874,0.6190476190476191,0.6638655462184874,1.7426470588235294,0.025210084033613446,1,669,224,0.49603743767885655,l2,0.0001,lbfgs,0.6719555503349948
0.5966124661246612,0.7054204947747018,0.6666666666666666,0.7644787644787645,0.5941056910569106,0.2022347030514004,0.8048780487804879,0.38333333333333336,0.7279411764705882,1.3052076466710614,0.0,2,710,183,0.4650117152130522,l2,0.0001,liblinear,0.705103307718048
0.6718716113641293,0.757427669300472,0.65,0.7262569832402235,0.6188462372587291,0.2428837506307413,0.7471264367816092,0.49056603773584906,0.7065217391304348,1.4665815240527884,0.11494252873563218,3,753,140,0.4648407895927476,l2,0.0001,liblinear,0.6499892598954335
0.6343201754385965,0.7011841634177061,0.6405228758169934,0.7342995169082126,0.5888157894736842,0.19244520117739514,0.7916666666666666,0.38596491228070173,0.6846846846846847,1.2892857142857141,0.0,4,740,153,0.4543824696549437,l2,0.0001,liblinear,0.6497697325376738
0.7066371681415928,0.7736973072098541,0.6269430051813472,0.6470588235294118,0.6357853982300885,0.26800722326181015,0.584070796460177,0.6875,0.7252747252747253,1.8690265486725663,0.09734513274336283,5,700,193,0.5011329937480227,l2,0.0001,liblinear,0.6771711134215176
