roc_auc,pr_auc,accuracy,f1,balanced_accuracy,matthews_corrcoef,sensitivity,specificity,precision,pos_LR,sensitivity_at_spec100,fold,n_train,n_val,threshold,best_penalty,best_C,best_solver,best_inner_score
0.6196302699827105,0.6962530025145626,0.5795454545454546,0.5934065934065934,0.5909030456177683,0.18008977661650427,0.5242718446601942,0.6575342465753424,0.6835443037974683,1.5308737864077668,0.04854368932038835,1,655,176,0.504042526199435,l2,0.01,lbfgs,0.6718550442239742
0.6940530212562694,0.7398613866596504,0.696969696969697,0.7590361445783133,0.6723190828755672,0.35640925045971156,0.7974683544303798,0.5471698113207547,0.7241379310344828,1.7610759493670887,0.012658227848101266,2,699,132,0.4913505013305392,l2,0.001,lbfgs,0.6349018606081799
0.6402994791666666,0.7055061113965819,0.6205357142857143,0.7038327526132404,0.5924479166666666,0.20161019292672908,0.7890625,0.3958333333333333,0.6352201257861635,1.3060344827586206,0.09375,3,607,224,0.44067250837107524,l2,0.01,lbfgs,0.694714839854897
0.6474673202614379,0.8050317316138776,0.6133333333333333,0.6704545454545454,0.6329656862745099,0.2481233428947476,0.5784313725490197,0.6875,0.7972972972972973,1.8509803921568628,0.049019607843137254,4,681,150,0.5198200294562006,l2,0.01,lbfgs,0.6537245314368433
0.7126239511823036,0.7838669195004309,0.6711409395973155,0.7134502923976608,0.6736270022883295,0.3381551754215711,0.6630434782608695,0.6842105263157895,0.7721518987341772,2.0996376811594204,0.043478260869565216,5,682,149,0.5186849973857908,l2,0.01,lbfgs,0.6357902189499581
