roc_auc,pr_auc,accuracy,f1,balanced_accuracy,matthews_corrcoef,sensitivity,specificity,precision,pos_LR,sensitivity_at_spec100,fold,n_train,n_val,threshold,best_penalty,best_C,best_solver,best_inner_score
0.6210585585585586,0.6852004133361457,0.680327868852459,0.7636363636363637,0.634009009009009,0.30074535385791534,0.8513513513513513,0.4166666666666667,0.6923076923076923,1.4594594594594597,0.02702702702702703,1,745,122,0.4828800541626071,l2,0.0001,liblinear,0.6928506722389628
0.7322222222222221,0.7828798970623038,0.672,0.7388535031847133,0.6513888888888888,0.29881972812756175,0.725,0.5777777777777777,0.7532467532467533,1.7171052631578945,0.025,2,742,125,0.49210676530749453,l2,0.0001,liblinear,0.6787626897247063
0.7217241894516658,0.7530699828159748,0.6638297872340425,0.6827309236947792,0.6739503959360525,0.34309034420777207,0.6159420289855072,0.7319587628865979,0.7657657657657657,2.2979375696766997,0.007246376811594203,3,632,235,0.505896974307292,l1,0.01,liblinear,0.6725882759057662
0.6301327807199324,0.669526584081208,0.6086956521739131,0.6538461538461539,0.6017345920638575,0.20393930763828358,0.6589147286821705,0.5445544554455446,0.648854961832061,1.446747556454331,0.015503875968992248,4,637,230,0.5005428410849497,l2,0.0001,lbfgs,0.7027875525089058
0.7514035087719299,0.7871402873446485,0.7032258064516129,0.75,0.6964912280701754,0.3871182264352896,0.7263157894736842,0.6666666666666666,0.7752808988764045,2.1789473684210523,0.042105263157894736,5,712,155,0.49748502774189757,l2,0.0001,liblinear,0.6819535773760469
