roc_auc,pr_auc,accuracy,f1,balanced_accuracy,matthews_corrcoef,sensitivity,specificity,precision,pos_LR,sensitivity_at_spec100,fold,n_train,n_val,threshold,best_penalty,best_C,best_solver,best_inner_score
0.7088145896656536,0.7681433889806561,0.6495726495726496,0.7354838709677419,0.6092705167173252,0.2403513077090871,0.8142857142857143,0.40425531914893614,0.6705882352941176,1.3668367346938777,0.04285714285714286,1,714,117,0.4532736661514361,l1,0.1,liblinear,0.6988181959907789
0.7494553376906318,0.7732175928383345,0.6193181818181818,0.6492146596858639,0.6326252723311547,0.25872720564139534,0.5740740740740741,0.6911764705882353,0.7469879518072289,1.8589065255731922,0.037037037037037035,2,655,176,0.5035530019023593,l2,0.001,liblinear,0.6786200315200427
0.7181818181818181,0.8070790989531778,0.6687116564417178,0.7428571428571429,0.6429292929292929,0.27930548215285045,0.7222222222222222,0.5636363636363636,0.7647058823529411,1.6550925925925923,0.05555555555555555,3,668,163,0.5226169725756507,l1,0.1,liblinear,0.6730611976772811
0.7086627140974968,0.7539836746221266,0.6708860759493671,0.7045454545454546,0.6702898550724637,0.33661165574838264,0.6739130434782609,0.6666666666666666,0.7380952380952381,2.0217391304347823,0.07608695652173914,4,673,158,0.5390235567614454,l2,0.001,liblinear,0.6901025303629968
0.6875109017966161,0.7150682637398681,0.6820276497695853,0.7453874538745388,0.6590354090354091,0.3333339473420025,0.8015873015873016,0.5164835164835165,0.696551724137931,1.657828282828283,0.015873015873015872,5,614,217,0.46003959207635864,l2,0.001,lbfgs,0.7253326382353265
