roc_auc,pr_auc,accuracy,f1,balanced_accuracy,matthews_corrcoef,sensitivity,specificity,precision,pos_LR,sensitivity_at_spec100,fold,n_train,n_val,threshold,best_penalty,best_C,best_solver,best_inner_score
0.6503378378378378,0.7067233168650703,0.6311475409836066,0.6896551724137931,0.6190878378378378,0.23589548143442027,0.6756756756756757,0.5625,0.704225352112676,1.5444015444015444,0.013513513513513514,1,745,122,0.5257169622835867,l2,0.0001,liblinear,0.6939427121485362
0.7527777777777778,0.7804207496291629,0.712,0.7631578947368421,0.7069444444444444,0.4020044263645343,0.725,0.6888888888888889,0.8055555555555556,2.330357142857143,0.0,2,742,125,0.504229187341365,l2,0.001,liblinear,0.6651008373872735
0.688032272523532,0.716584746867601,0.6510638297872341,0.7210884353741497,0.6263260122516061,0.26331302847210253,0.7681159420289855,0.4845360824742268,0.6794871794871795,1.490144927536232,0.007246376811594203,3,632,235,0.2708621102800812,l1,1.0,liblinear,0.6908752383015464
0.6213063166781795,0.6525827798417208,0.6260869565217392,0.6742424242424242,0.6172384680328498,0.23633442451116254,0.689922480620155,0.5445544554455446,0.6592592592592592,1.5148297944051232,0.007751937984496124,4,637,230,0.4849920484955809,l2,0.01,liblinear,0.7250707217294643
0.6947368421052632,0.7375653351500513,0.6580645161290323,0.7039106145251397,0.656578947368421,0.3061483867218064,0.6631578947368421,0.65,0.75,1.894736842105263,0.0,5,712,155,0.5405800292680251,l2,0.0001,liblinear,0.691744199134604
