accuracy,balanced_accuracy,f1_macro,f1_weighted,mae,adjacent_accuracy,kappa_linear,kappa_quadratic,spearman_r,roc_auc_macro_ovr,roc_auc_weighted_ovr,fold,n_train,n_val,best_penalty,best_C,best_solver,inner_auc_score
0.45703125,0.45225024899821653,0.44270636317744955,0.46125877986394315,0.7109375,0.83203125,0.17313835451125148,0.18658857562895692,0.20686053273288355,0.6406173930536487,0.6348854443093027,1,611,256,l2,0.001,lbfgs,0.6619520464979524
0.4375,0.4451530372293395,0.43379431765375775,0.4410835265464137,0.7265625,0.8359375,0.1697586832194169,0.180421172453045,0.25140242755676934,0.6434855766143603,0.6427476058095576,2,739,128,l2,0.001,lbfgs,0.6609853705249907
0.4601226993865031,0.4550125313283208,0.45253120563011784,0.4606029317369155,0.6503067484662577,0.8895705521472392,0.20031472739053968,0.23686119353775148,0.3740305923432552,0.6600306337106949,0.6513116170886429,3,704,163,l2,0.001,lbfgs,0.6528596159078035
0.5029585798816568,0.5211247086247086,0.5018421122700513,0.50748792697759,0.6804733727810651,0.8165680473372781,0.24215246636771304,0.21794033830949844,0.37638769989539245,0.7139302714545432,0.7054226953032031,4,698,169,l2,0.01,lbfgs,0.6359776469813981
0.5165562913907285,0.5114245907349356,0.5069052102950408,0.5181651513450818,0.5960264900662252,0.8874172185430463,0.29056170390478187,0.32316367842683635,0.32470675166413243,0.6790012597124077,0.6694125897830742,5,716,151,l2,0.001,lbfgs,0.6578939131978511
