roc_auc,pr_auc,accuracy,f1,balanced_accuracy,matthews_corrcoef,sensitivity,specificity,precision,pos_LR,sensitivity_at_spec100,fold,n_train,n_val,threshold,best_penalty,best_C,best_solver,best_inner_score
0.708152958152958,0.8061549557190608,0.6548672566371682,0.7194244604316546,0.6580086580086579,0.2958874604594949,0.6493506493506493,0.6666666666666666,0.8064516129032258,1.9480519480519478,0.012987012987012988,1,718,113,0.5180677030903978,l2,0.0001,liblinear,0.684526003559474
0.659298245614035,0.7252627359469468,0.7433628318584071,0.8198757763975155,0.6768421052631579,0.3918383999831389,0.88,0.47368421052631576,0.7674418604651163,1.6719999999999997,0.0,2,718,113,0.4840018733822588,l2,0.0001,liblinear,0.7031515173769114
0.7550771110093144,0.7969057349539084,0.7470588235294118,0.8071748878923767,0.7189647274393037,0.4397123297940174,0.8108108108108109,0.6271186440677966,0.8035714285714286,2.1744471744471747,0.02702702702702703,3,661,170,0.4828934159411953,l2,0.0001,liblinear,0.6544701479391588
0.6159412955465586,0.6364173110271562,0.5815602836879432,0.6066666666666667,0.5801113360323886,0.15993156370912526,0.5986842105263158,0.5615384615384615,0.6148648648648649,1.3654201292705448,0.0,4,549,282,0.4740545911901564,l1,0.01,liblinear,0.717933627405795
0.6462429775280899,0.6475162474461433,0.6666666666666666,0.7182320441988951,0.6542310393258427,0.31076202303241074,0.7303370786516854,0.578125,0.7065217391304348,1.73116937161881,0.0,5,678,153,0.4990253578786756,l2,0.0001,liblinear,0.7037499899171848
