accuracy,balanced_accuracy,f1_macro,f1_weighted,mae,adjacent_accuracy,kappa_linear,kappa_quadratic,spearman_r,roc_auc_macro_ovr,roc_auc_weighted_ovr,fold,n_train,n_val,best_penalty,best_C,best_solver,inner_auc_score
0.484375,0.4620403184088821,0.45740618732700183,0.4942453295343655,0.66015625,0.85546875,0.2273457870486123,0.2503253796095445,0.2692081189929469,0.630938069127469,0.6347637476043049,1,611,256,l2,0.0001,lbfgs,0.6426347805645373
0.4375,0.44211486727994426,0.43116109363745364,0.43535372673503303,0.7109375,0.8515625,0.17705242334322457,0.2047774995183972,0.21872231822649602,0.6114260852706533,0.6102529775090082,2,739,128,l2,0.001,lbfgs,0.6852915627085207
0.49079754601226994,0.48781676413255354,0.482266599948445,0.498694613154783,0.6319018404907976,0.8773006134969326,0.24662328920798748,0.2649553782599098,0.3473899951677398,0.6618118872261767,0.6615162004487686,3,704,163,l2,0.001,lbfgs,0.6566074337570658
0.5029585798816568,0.539080710955711,0.5022766404309847,0.49515671758189095,0.6331360946745562,0.863905325443787,0.307774757876201,0.3454089769879244,0.41753811855429673,0.7083135819039478,0.6944906484718055,4,698,169,l2,0.0001,lbfgs,0.6457977854397601
0.5298013245033113,0.523301985370951,0.5222023235523717,0.5313997056862045,0.5562913907284768,0.9139072847682119,0.31916264090177127,0.367527225649227,0.4182455519352411,0.6951511062962581,0.6863172908762907,5,716,151,l2,0.0001,lbfgs,0.6411141561491782
