accuracy,balanced_accuracy,f1_macro,f1_weighted,mae,adjacent_accuracy,kappa_linear,kappa_quadratic,spearman_r,roc_auc_macro_ovr,roc_auc_weighted_ovr,fold,n_train,n_val,best_penalty,best_C,best_solver,inner_auc_score
0.45871559633027525,0.47695035460992913,0.36951176677204073,0.3739329666186522,0.7064220183486238,0.8348623853211009,0.27540360873694203,0.3491677675033025,0.4177485877720638,0.6767195282565922,0.6730067993918283,1,758,109,l1,0.1,liblinear,0.6148150239671589
0.35537190082644626,0.42917337400096023,0.311624649859944,0.26284811445239253,0.8429752066115702,0.8016528925619835,0.1491796498000828,0.18777409827262137,0.1703084682978488,0.6368741809998455,0.6401688202802109,2,746,121,l1,0.1,liblinear,0.6254226446582829
0.3950617283950617,0.43414472594800463,0.33599373314653286,0.3194704865905963,0.8024691358024691,0.8024691358024691,0.18118195956454108,0.22644481638279024,0.2691658570316742,0.6535919859640648,0.6517431587409981,3,705,162,l1,0.1,liblinear,0.6036074308500962
0.43171806167400884,0.4083333333333334,0.32903459788689954,0.3587712733800216,0.788546255506608,0.7797356828193832,0.1355600468035315,0.1628045314544806,0.24496060677876053,0.6084867235921101,0.6072621426664077,4,640,227,l2,0.01,lbfgs,0.6225085007439931
0.4596774193548387,0.4571802519234975,0.395262091726414,0.3985693234506988,0.7298387096774194,0.8104838709677419,0.222233773434522,0.26403936634005265,0.2640835961671139,0.6292112548416507,0.6230799628319069,5,619,248,l1,0.1,liblinear,0.6381015236150065
