roc_auc,pr_auc,accuracy,f1,balanced_accuracy,matthews_corrcoef,sensitivity,specificity,precision,pos_LR,sensitivity_at_spec100,fold,n_train,n_val,threshold,best_penalty,best_C,best_solver,best_inner_score
0.7288856304985337,0.8490299056807528,0.6480446927374302,0.7096774193548387,0.6650293255131965,0.3047843111146417,0.6209677419354839,0.7090909090909091,0.8279569892473119,2.134576612903226,0.1532258064516129,1,714,179,0.5224553861244182,l2,0.01,lbfgs,0.6655323515633043
0.6546974913920315,0.6932224639462935,0.6153846153846154,0.62882096069869,0.6148548942449581,0.22978515259577936,0.631578947368421,0.5981308411214953,0.6260869565217392,1.5716034271725823,0.09649122807017543,2,672,221,0.4746364925231664,l2,0.01,lbfgs,0.6540098748578143
0.6191359660747416,0.732356159017546,0.5634920634920635,0.5801526717557252,0.5834879406307978,0.16448792373994225,0.4935064935064935,0.673469387755102,0.7037037037037037,1.5113636363636362,0.06493506493506493,3,767,126,0.556335207300824,l2,0.01,lbfgs,0.6806314392113768
0.6580748507354012,0.7269544056120394,0.6802325581395349,0.7533632286995515,0.6472258628221932,0.3000759606527454,0.7706422018348624,0.5238095238095238,0.7368421052631579,1.6183486238532112,0.0,4,721,172,0.47707875281065326,l2,0.01,lbfgs,0.6669010956869745
0.6764132553606238,0.7306568394058524,0.6615384615384615,0.7130434782608696,0.649772579597141,0.3006870334617579,0.7192982456140351,0.5802469135802469,0.7068965517241379,1.7136222910216719,0.05263157894736842,5,698,195,0.48144679346081787,l2,0.001,lbfgs,0.671551301023554
