roc_auc,pr_auc,accuracy,f1,balanced_accuracy,matthews_corrcoef,sensitivity,specificity,precision,pos_LR,sensitivity_at_spec100,fold,n_train,n_val,threshold,best_penalty,best_C,best_solver,best_inner_score
0.5875563063063063,0.6497552286049858,0.5737704918032787,0.6388888888888888,0.5608108108108107,0.12014247556220253,0.6216216216216216,0.5,0.6571428571428571,1.2432432432432432,0.013513513513513514,1,745,122,0.510881948413604,l2,0.0001,liblinear,0.6918095514490699
0.7402777777777778,0.7752896145362884,0.68,0.7222222222222222,0.6916666666666667,0.3681060298070759,0.65,0.7333333333333333,0.8125,2.4374999999999996,0.0125,2,742,125,0.5172468356761513,l2,0.001,liblinear,0.6791123099578741
0.7395786642761093,0.7712804311099205,0.6468085106382979,0.6584362139917695,0.6609890930823248,0.3188493486480833,0.5797101449275363,0.7422680412371134,0.7619047619047619,2.249275362318841,0.007246376811594203,3,632,235,0.49794783928549136,l2,0.0001,liblinear,0.6691009405171512
0.6259881802133702,0.670855012849974,0.591304347826087,0.6328125,0.5862307160948653,0.1721183038090439,0.627906976744186,0.5445544554455446,0.6377952755905512,1.3786653185035391,0.015503875968992248,4,637,230,0.526423665188474,l2,0.0001,lbfgs,0.6908143312333934
0.7429824561403509,0.7765389941101868,0.7290322580645161,0.7835051546391752,0.7083333333333334,0.4224881918424138,0.8,0.6166666666666667,0.7676767676767676,2.086956521739131,0.010526315789473684,5,712,155,0.49625442782123524,l2,0.0001,liblinear,0.6804960399055302
