accuracy,balanced_accuracy,f1_macro,f1_weighted,mae,adjacent_accuracy,kappa_linear,kappa_quadratic,spearman_r,roc_auc_macro_ovr,roc_auc_weighted_ovr,fold,n_train,n_val,best_penalty,best_C,best_solver,inner_auc_score
0.42578125,0.41562820898864256,0.40791262357170127,0.43043337642138746,0.70703125,0.8671875,0.1733685374817141,0.23809523809523814,0.20810525660805565,0.6125985218984246,0.6055737171513342,1,611,256,l2,0.01,lbfgs,0.6560776161093145
0.4609375,0.4745517993867224,0.4591624591624592,0.4630141817641818,0.6953125,0.84375,0.2074579101154863,0.2195121951219512,0.22809888967990774,0.6034548103060436,0.5940166236561522,2,739,128,l2,0.01,lbfgs,0.6505915142777481
0.48466257668711654,0.48957115009746593,0.4782177283451298,0.48648408567866164,0.6073619631901841,0.9079754601226994,0.2844219768524676,0.351558886113424,0.35621366087656775,0.6304469762872577,0.6263861082724672,3,704,163,l2,0.001,lbfgs,0.6306202647993694
0.5088757396449705,0.5368225524475525,0.5089807852965748,0.5117119722382881,0.6627218934911243,0.8284023668639053,0.277557251908397,0.2734675298401781,0.37411375528699925,0.6952365188852306,0.6818765491799328,4,698,169,l2,0.001,lbfgs,0.6221263611632424
0.543046357615894,0.5613026819923371,0.5456217243387379,0.5440860036085174,0.5298013245033113,0.9271523178807947,0.37564606160843494,0.4467274947912925,0.37440367636677213,0.6784061337086356,0.6641201152297217,5,716,151,l2,0.001,lbfgs,0.6318253150640644
