accuracy,balanced_accuracy,f1_macro,f1_weighted,mae,adjacent_accuracy,kappa_linear,kappa_quadratic,spearman_r,roc_auc_macro_ovr,roc_auc_weighted_ovr,fold,n_train,n_val,best_penalty,best_C,best_solver,inner_auc_score
0.33587786259541985,0.3699914748508099,0.2805860805860806,0.2603472863014848,0.9236641221374046,0.7404580152671756,0.07794776336455134,0.10433021017979249,0.19660063404536113,0.5308493582701271,0.5213142709669057,1,736,131,l2,0.01,lbfgs,0.6571455959376948
0.4497354497354497,0.43756967670011154,0.3469477382520861,0.355940355940356,0.7566137566137566,0.7936507936507936,0.2071636011616651,0.2526971177070474,0.3278387413868754,0.6368157244033822,0.6348141106205623,2,678,189,l2,0.001,liblinear,0.644278902873574
0.4625,0.4598506069094304,0.36470217225963236,0.3776003116478379,0.7625,0.775,0.23282502751139755,0.27625443014362994,0.34042037423893334,0.6652234810093841,0.6614197427480405,3,707,160,l2,0.001,lbfgs,0.6249974744435551
0.4358974358974359,0.4807692307692308,0.34445291650781545,0.332482868510318,0.7222222222222222,0.8418803418803419,0.23154949282966064,0.2953379433415123,0.3207232320296436,0.6655355048913051,0.6547190214503896,4,633,234,l2,0.001,liblinear,0.6244716042949798
0.3790849673202614,0.42091006921515395,0.30901707596874145,0.2897829794259217,0.8169934640522876,0.803921568627451,0.14433358686412256,0.18153427984848047,0.2845468922921274,0.6469722268921443,0.6374087340976987,5,714,153,l2,0.01,lbfgs,0.6388551696186898
