n_pairs,pairwise_accuracy,both_correct_rate,mean_delta,median_delta,std_delta,n_positive_delta,per_drug_accuracy,per_drug_roc_auc,per_drug_pr_auc,n_train,n_test,best_penalty,best_C,best_solver,inner_cv_score,threshold,seed
38,0.5789473684210527,0.18421052631578946,0.039317644456795656,0.0228043048241455,0.1348192840739874,22,0.5645161290322581,0.5630252100840336,0.654183305047385,831,62,l2,0.01,lbfgs,0.6677354773735802,0.5112973964668658,0
