roc_auc,pr_auc,accuracy,f1,balanced_accuracy,matthews_corrcoef,sensitivity,specificity,precision,pos_LR,sensitivity_at_spec100,fold,n_train,n_val,threshold,best_penalty,best_C,best_solver,best_inner_score
0.7117604617604617,0.8148710397527769,0.6194690265486725,0.6861313868613139,0.6246392496392497,0.23273830892378963,0.6103896103896104,0.6388888888888888,0.7833333333333333,1.69030969030969,0.012987012987012988,1,718,113,0.49872138652790393,l2,0.01,liblinear,0.6397593098910662
0.6652631578947369,0.7931421447303815,0.7168141592920354,0.7974683544303798,0.6568421052631579,0.3355949486545654,0.84,0.47368421052631576,0.7590361445783133,1.5959999999999996,0.08,2,718,113,0.4806850766200426,l2,0.001,lbfgs,0.6509901434295328
0.6787295770346619,0.7475451056459232,0.6588235294117647,0.7410714285714286,0.6196365857382806,0.2412708485766318,0.7477477477477478,0.4915254237288136,0.7345132743362832,1.4705705705705707,0.0,3,661,170,0.4558359895467695,l1,0.1,liblinear,0.6436881244379346
0.560576923076923,0.589613362619611,0.49645390070921985,0.42276422764227645,0.5095141700404858,0.020121090914638345,0.34210526315789475,0.676923076923077,0.5531914893617021,1.0588972431077697,0.006578947368421052,4,549,282,0.5204724527327181,l1,0.1,liblinear,0.687223213698012
0.6409761235955056,0.6907787327335795,0.6470588235294118,0.7096774193548387,0.6285990168539326,0.2633739115112423,0.7415730337078652,0.515625,0.6804123711340206,1.5309894889452702,0.011235955056179775,5,678,153,0.43636514604494164,l2,0.01,liblinear,0.6484216180373901
