roc_auc,pr_auc,accuracy,f1,balanced_accuracy,matthews_corrcoef,sensitivity,specificity,precision,pos_LR,sensitivity_at_spec100,fold,n_train,n_val,threshold,best_penalty,best_C,best_solver,best_inner_score
0.6223140495867769,0.6954598021262772,0.5654450261780105,0.6175115207373272,0.5697166469893743,0.13437261633499936,0.5537190082644629,0.5857142857142857,0.6979166666666666,1.3365631233969795,0.008264462809917356,1,702,191,0.5100747951729808,l1,0.01,liblinear,0.6836134745164287
0.6656056024192265,0.7056784721496854,0.6524390243902439,0.7076923076923077,0.6464268661467452,0.2852161618324144,0.6699029126213593,0.6229508196721312,0.75,1.776699029126214,0.0,2,729,164,0.5169562366462753,l1,0.01,liblinear,0.65542718073216
0.6948610769609049,0.6974430660973272,0.6243093922651933,0.6730769230769231,0.6161790017211703,0.23712874521269886,0.7142857142857143,0.5180722891566265,0.6363636363636364,1.4821428571428572,0.01020408163265306,3,712,181,0.4696455555131094,l1,0.01,liblinear,0.621780531880696
0.6671035386631718,0.729854297132335,0.6802325581395349,0.7577092511013216,0.6405271588757827,0.2917668198399698,0.7889908256880734,0.49206349206349204,0.7288135593220338,1.5533256880733948,0.009174311926605505,4,721,172,0.4810706946608185,l2,0.0001,liblinear,0.6702351164343454
0.7244188832973879,0.7404469634265679,0.6702702702702703,0.7162790697674418,0.6610951353942007,0.32277089888741844,0.719626168224299,0.6025641025641025,0.7129629629629629,1.8106722942417846,0.028037383177570093,5,708,185,0.4769800683823457,l2,0.0001,liblinear,0.6226399454942725
