roc_auc,pr_auc,accuracy,f1,balanced_accuracy,matthews_corrcoef,sensitivity,specificity,precision,pos_LR,sensitivity_at_spec100,fold,n_train,n_val,threshold,best_penalty,best_C,best_solver,best_inner_score
0.7165501165501167,0.7695987198363459,0.6382978723404256,0.66,0.6461538461538461,0.28830328818091694,0.6,0.6923076923076923,0.7333333333333333,1.9499999999999997,0.07272727272727272,1,679,188,0.480286419515579,l1,0.01,liblinear,0.6725189020761515
0.6532234324403886,0.7255756307433899,0.5737704918032787,0.6285714285714286,0.5808065940535767,0.15441686675075683,0.5569620253164557,0.6046511627906976,0.7213114754098361,1.4087862993298583,0.012658227848101266,2,745,122,0.540343785430055,l2,0.001,liblinear,0.6997950816032258
0.6312312312312313,0.7203538133006431,0.6257309941520468,0.7037037037037037,0.6006756756756757,0.19738995405742907,0.6846846846846847,0.5166666666666667,0.7238095238095238,1.4165890027958996,0.018018018018018018,3,696,171,0.5280645438525368,l2,0.001,lbfgs,0.722578265516011
0.6870117833973256,0.6657081128277778,0.6609195402298851,0.6810810810810811,0.6594068582020389,0.3195124754292433,0.6923076923076923,0.6265060240963856,0.6702127659574468,1.8535980148883375,0.0,4,693,174,0.5158099817795938,l2,0.0001,liblinear,0.6695291170727521
0.7257011494252874,0.7542447936438534,0.6745283018867925,0.7434944237918215,0.6471264367816092,0.3100984840206437,0.8,0.4942528735632184,0.6944444444444444,1.5818181818181818,0.008,5,655,212,0.4744415517165487,l2,0.0001,lbfgs,0.6888196323898432
