accuracy,balanced_accuracy,f1_macro,f1_weighted,mae,adjacent_accuracy,kappa_linear,kappa_quadratic,spearman_r,roc_auc_macro_ovr,roc_auc_weighted_ovr,fold,n_train,n_val,best_penalty,best_C,best_solver,inner_auc_score
0.4198473282442748,0.46291560102301793,0.37369390696103705,0.35274261448295124,0.7709923664122137,0.8091603053435115,0.22548732658198212,0.2757130826406943,0.37895435058046056,0.6125414355941091,0.5975632641110273,1,736,131,l2,0.001,liblinear,0.6544183727311338
0.4444444444444444,0.4418060200668896,0.3690398598368914,0.37598390472483806,0.7777777777777778,0.7777777777777778,0.19247202441505584,0.22437776474977345,0.29950724467989676,0.6173302398407587,0.6176959214593624,2,678,189,l2,0.001,liblinear,0.6688518903120825
0.55625,0.5553314659197012,0.5087910287025331,0.5187780938334036,0.60625,0.8375,0.3746978243352136,0.4165442976015663,0.3634488021059988,0.6596934753490954,0.6573941515374824,3,707,160,l2,0.001,lbfgs,0.643148717399668
0.4658119658119658,0.5197435897435897,0.36904101140918905,0.35978873629197405,0.6623931623931624,0.8717948717948718,0.30993150684931503,0.3930510314875135,0.3972539643682222,0.7055133910599758,0.6901845899417531,4,633,234,l2,0.0001,liblinear,0.6233795425977411
0.41830065359477125,0.46372318829945947,0.3791178965224767,0.3782387866087911,0.7647058823529411,0.8169934640522876,0.2153846153846154,0.25108225108225113,0.37083971582213926,0.650451026968057,0.6420847579269745,5,714,153,l2,0.001,liblinear,0.6329458745844805
