roc_auc,pr_auc,accuracy,f1,balanced_accuracy,matthews_corrcoef,sensitivity,specificity,precision,pos_LR,sensitivity_at_spec100,fold,n_train,n_val,threshold,best_penalty,best_C,best_solver,best_inner_score
0.6318772136953955,0.6974407690148586,0.5863874345549738,0.6291079812206573,0.5982880755608029,0.18956625120090514,0.5537190082644629,0.6428571428571429,0.7282608695652174,1.5504132231404961,0.01652892561983471,1,702,191,0.5102840202184481,l2,0.0001,liblinear,0.6712814093953458
0.6636956867738342,0.7264168607177117,0.6585365853658537,0.7307692307692307,0.6312271208021646,0.2643117501665713,0.7378640776699029,0.5245901639344263,0.7238095238095238,1.5520589219953131,0.019417475728155338,2,729,164,0.4943761113676973,l2,0.0001,lbfgs,0.6435281567149391
0.6872387509220557,0.6974743628122462,0.6408839779005525,0.7004608294930875,0.6287189574625031,0.27030573983233436,0.7755102040816326,0.4819277108433735,0.6386554621848739,1.4969150450878026,0.01020408163265306,3,712,181,0.46914816323927494,l2,0.0001,lbfgs,0.6301463149755431
0.6506480267948158,0.7431905265491217,0.6627906976744186,0.7542372881355932,0.6066695791466433,0.23385463585014263,0.8165137614678899,0.3968253968253968,0.7007874015748031,1.3536938676967647,0.07339449541284404,4,721,172,0.45860889483644685,l2,0.0001,liblinear,0.6773046980539692
0.6834411694224779,0.7154771601903852,0.6162162162162163,0.6502463054187192,0.6161035226455787,0.22950067260960508,0.616822429906542,0.6153846153846154,0.6875,1.6037383177570095,0.009345794392523364,5,708,185,0.4989858730003345,l2,0.0001,liblinear,0.6106624882681969
