accuracy,balanced_accuracy,f1_macro,f1_weighted,mae,adjacent_accuracy,kappa_linear,kappa_quadratic,spearman_r,roc_auc_macro_ovr,roc_auc_weighted_ovr,fold,n_train,n_val,best_penalty,best_C,best_solver,inner_auc_score
0.44881889763779526,0.4527706000574218,0.4436668811668812,0.45426711863719743,0.7086614173228346,0.84251968503937,0.2070209518523658,0.2386793322881121,0.35231629819093757,0.6334628080150272,0.6349961135877644,1,740,127,l2,0.01,lbfgs,0.6187348558810569
0.44559585492227977,0.43093290659080136,0.4216260347839295,0.4474216039391932,0.7202072538860104,0.8341968911917098,0.14907856757699756,0.14577564591736625,0.2055673524060229,0.6375619618400242,0.633053259984802,2,674,193,l2,0.01,lbfgs,0.6230471847587917
0.45348837209302323,0.4588867805186591,0.45208333333333334,0.4543604651162791,0.6976744186046512,0.8488372093023255,0.18816865953429818,0.20025951557093424,0.2188999138524213,0.5860126695990073,0.57837859814604,3,695,172,l2,0.01,lbfgs,0.6404075135010332
0.5207373271889401,0.5253506311360449,0.49508771929824563,0.5337658662785997,0.6359447004608295,0.8433179723502304,0.2981625574200806,0.32766815064372523,0.3798074310331731,0.6760625659454599,0.6759856696695504,4,650,217,l2,0.01,lbfgs,0.6075797952714745
0.46835443037974683,0.47903357903357907,0.4640490930813512,0.4728233746200264,0.6708860759493671,0.8607594936708861,0.2120812946932631,0.2183377308707123,0.20825426444687908,0.6165353674776065,0.6130731583840527,5,709,158,l2,0.01,lbfgs,0.636754173305361
