n_pairs,pairwise_accuracy,both_correct_rate,mean_delta,median_delta,std_delta,n_positive_delta,per_drug_accuracy,per_drug_roc_auc,per_drug_pr_auc,n_train,n_test,best_penalty,best_C,best_solver,inner_cv_score,threshold,seed
38,0.5789473684210527,0.21052631578947367,0.05164707035235048,0.06434797952665072,0.16896469090622043,22,0.532258064516129,0.5703781512605042,0.6538699393315883,831,62,l1,0.1,liblinear,0.6779208574339044,0.47517726165653595,4
