roc_auc,pr_auc,accuracy,f1,balanced_accuracy,matthews_corrcoef,sensitivity,specificity,precision,pos_LR,sensitivity_at_spec100,fold,n_train,n_val,threshold,best_penalty,best_C,best_solver,best_inner_score
0.6854256854256854,0.7846027997248852,0.6481481481481481,0.7246376811594203,0.6168831168831168,0.24174688920761409,0.7575757575757576,0.47619047619047616,0.6944444444444444,1.446280991735537,0.13636363636363635,1,723,108,0.47603167946778213,l2,0.001,lbfgs,0.6755226699863734
0.6132831471588149,0.6840659833994509,0.6203208556149733,0.6952789699570815,0.5956168042739194,0.19176989844995865,0.6982758620689655,0.49295774647887325,0.6923076923076923,1.3771551724137931,0.0,2,644,187,0.44563339452767486,l2,0.01,lbfgs,0.6958395389445073
0.6010859150431173,0.69878752163848,0.5644444444444444,0.6259541984732825,0.5534174385180454,0.10911524055631863,0.6612903225806451,0.44554455445544555,0.5942028985507246,1.1926843317972349,0.12096774193548387,3,606,225,0.4376826509239658,l2,0.01,liblinear,0.6830219770033509
0.6204906204906204,0.7188362005947171,0.632258064516129,0.7046632124352331,0.6112914862914862,0.21886418766367222,0.6868686868686869,0.5357142857142857,0.723404255319149,1.4794094794094794,0.04040404040404041,4,676,155,0.473570469238336,l2,0.01,lbfgs,0.6795439534806015
0.7940811625022152,0.8410655634680236,0.7307692307692307,0.7692307692307693,0.7395002658160552,0.46226450171919303,0.7070707070707071,0.7719298245614035,0.8433734939759037,3.1002331002331,0.030303030303030304,5,675,156,0.5045987317691439,l2,0.001,lbfgs,0.620141867440395
