accuracy,balanced_accuracy,f1_macro,f1_weighted,mae,adjacent_accuracy,kappa_linear,kappa_quadratic,spearman_r,roc_auc_macro_ovr,roc_auc_weighted_ovr,fold,n_train,n_val,best_penalty,best_C,best_solver,inner_auc_score
0.4453125,0.44126151375473865,0.3514973278942542,0.3878063187790532,0.80078125,0.75390625,0.190198438416196,0.22037391432356834,0.28095362379820366,0.6196916692842004,0.6234586811698364,1,611,256,l2,0.0001,lbfgs,0.6370785439191193
0.3515625,0.3868540361570442,0.3187323975369289,0.305929789943447,0.90625,0.7421875,0.07408331254676981,0.07818930041152261,0.1785961080361604,0.6294473518063337,0.6281369524927638,2,739,128,l2,0.001,liblinear,0.6467741817929589
0.4110429447852761,0.47709551656920074,0.34784411276948596,0.3112352348686018,0.7361963190184049,0.852760736196319,0.2639975918121613,0.3432463545663852,0.4171268574340202,0.6738698188855318,0.6642741449622267,3,704,163,l2,0.0001,liblinear,0.6222065403020849
0.47928994082840237,0.5280812937062936,0.4196919277771814,0.3979105337987964,0.6686390532544378,0.8520710059171598,0.31993162636658246,0.3854271244673493,0.3953239403769823,0.6928502939471946,0.6775266718306873,4,698,169,l2,0.001,liblinear,0.6389310654185264
0.44370860927152317,0.49533263671194705,0.3778360273773118,0.36093380665954944,0.7417218543046358,0.8145695364238411,0.25713783712553806,0.30884917175239746,0.40003959985722815,0.6621101720666208,0.6407147328814073,5,716,151,l2,0.0001,liblinear,0.6457106146554672
