roc_auc,pr_auc,accuracy,f1,balanced_accuracy,matthews_corrcoef,sensitivity,specificity,precision,pos_LR,sensitivity_at_spec100,fold,n_train,n_val,threshold,best_penalty,best_C,best_solver,best_inner_score
0.7188902007083825,0.7642586964274415,0.6230366492146597,0.6666666666666666,0.6332349468713105,0.2567984716918658,0.5950413223140496,0.6714285714285714,0.7578947368421053,1.8109953287818898,0.0,1,702,191,0.5402369287441697,l2,0.001,liblinear,0.6959681531515223
0.6681521566130829,0.7237966163269867,0.6402439024390244,0.700507614213198,0.6300334235237943,0.2541297888001063,0.6699029126213593,0.5901639344262295,0.7340425531914894,1.6345631067961166,0.0,2,729,164,0.5670358492665285,l1,0.1,liblinear,0.6848694018806994
0.7128104253749693,0.7456561863592086,0.6353591160220995,0.6451612903225806,0.6374477501844111,0.27405447930593996,0.6122448979591837,0.6626506024096386,0.6818181818181818,1.8148688046647232,0.0,3,712,181,0.5284967263753494,l1,0.1,liblinear,0.6886580655250606
0.7182175622542596,0.7923411175013182,0.6918604651162791,0.7725321888412017,0.6430027668559779,0.30720373989283833,0.8256880733944955,0.4603174603174603,0.7258064516129032,1.5299514301133297,0.027522935779816515,4,721,172,0.4507152868103537,l2,0.001,liblinear,0.7132739801909287
0.7449077402348431,0.7505587852017696,0.654054054054054,0.6521739130434783,0.6713994728013419,0.3434167131710317,0.5607476635514018,0.782051282051282,0.7792207792207793,2.5728422210005495,0.009345794392523364,5,708,185,0.5482397529481451,l2,0.0001,liblinear,0.6661805642462948
