accuracy,balanced_accuracy,f1_macro,f1_weighted,mae,adjacent_accuracy,kappa_linear,kappa_quadratic,spearman_r,roc_auc_macro_ovr,roc_auc_weighted_ovr,fold,n_train,n_val,best_penalty,best_C,best_solver,inner_auc_score
0.44036697247706424,0.4491725768321513,0.3477656059815684,0.3547592042229592,0.7614678899082569,0.7981651376146789,0.2147383039666696,0.2662850479673503,0.3938408393784469,0.6669594390110424,0.6605448193224244,1,758,109,l2,0.01,lbfgs,0.6095209957448442
0.32231404958677684,0.39065209410036994,0.2843732767408051,0.23910068121778158,0.9090909090909091,0.768595041322314,0.08143547273982066,0.09984762929102797,0.21975521352307376,0.642991197850132,0.6396372222818504,2,746,121,l2,0.01,liblinear,0.6118148504429016
0.4074074074074074,0.451950417524188,0.3652945254893143,0.35436882338672826,0.8024691358024691,0.7901234567901234,0.19335069710433572,0.2241679566563467,0.2724043227396323,0.6347443749915539,0.6305594465650998,3,705,162,l2,0.01,liblinear,0.6134218417477693
0.43171806167400884,0.4121031746031745,0.32533438237608187,0.35476592367174203,0.7841409691629956,0.7841409691629956,0.14981273408239704,0.1837723755178613,0.211527289437247,0.6042527807164809,0.602741560106229,4,640,227,l2,0.01,liblinear,0.621886379263371
0.43951612903225806,0.44998779538970846,0.3592215376447741,0.35855199025457357,0.7741935483870968,0.7862903225806451,0.205075125208681,0.24458254967699733,0.3299278033875575,0.6416472633874134,0.6343521413941922,5,619,248,l2,0.01,lbfgs,0.6070127377815011
