roc_auc,pr_auc,accuracy,f1,balanced_accuracy,matthews_corrcoef,sensitivity,specificity,precision,pos_LR,sensitivity_at_spec100,fold,n_train,n_val,threshold,best_penalty,best_C,best_solver,best_inner_score
0.65375,0.7378297538822502,0.6230769230769231,0.6666666666666666,0.62625,0.24580103205325618,0.6125,0.64,0.7313432835820896,1.701388888888889,0.025,1,737,130,0.5467708681393033,l2,0.0001,liblinear,0.6869483448113198
0.6482003129890453,0.7303800988949841,0.6293103448275862,0.6814814814814815,0.623943661971831,0.24288354418253524,0.647887323943662,0.6,0.71875,1.619718309859155,0.04225352112676056,2,751,116,0.552170271480997,l2,0.0001,liblinear,0.6817607739108679
0.6798529411764704,0.643439642490738,0.6048951048951049,0.5603112840466926,0.6113235294117647,0.22978074957918415,0.48,0.7426470588235294,0.6728971962616822,1.8651428571428572,0.0,3,581,286,0.542183197636314,l2,0.0001,liblinear,0.6852452459495463
0.6560200668896321,0.8014495936643675,0.6107784431137725,0.6976744186046512,0.5857023411371238,0.16193319026413316,0.6521739130434783,0.5192307692307693,0.75,1.356521739130435,0.05217391304347826,4,700,167,0.5597782819181595,l1,0.1,liblinear,0.669977823263993
0.7091176470588235,0.7531678333071992,0.6785714285714286,0.7272727272727273,0.6688235294117647,0.336167225293223,0.72,0.6176470588235294,0.7346938775510204,1.883076923076923,0.06,5,699,168,0.5179313856196712,l2,0.0001,liblinear,0.6591114781894769
