accuracy,balanced_accuracy,f1_macro,f1_weighted,mae,adjacent_accuracy,kappa_linear,kappa_quadratic,spearman_r,roc_auc_macro_ovr,roc_auc_weighted_ovr,fold,n_train,n_val,best_penalty,best_C,best_solver,inner_auc_score
0.47265625,0.44636887252063406,0.4426605472604672,0.4747446870669985,0.6640625,0.86328125,0.21233620502425254,0.25554343874954566,0.3143686573451925,0.6445601499849446,0.6439289975858764,1,611,256,l2,0.01,lbfgs,0.6284827068503016
0.4921875,0.5110427601256654,0.49110690786814754,0.49599989693971575,0.65625,0.8515625,0.26295585412667943,0.2773047019622362,0.2745956528282967,0.6497157330252005,0.6437966793298482,2,739,128,l2,0.01,lbfgs,0.631868712277815
0.49079754601226994,0.48781676413255354,0.481886278515492,0.49861362644157153,0.6380368098159509,0.8711656441717791,0.24097788125727582,0.25238753455642104,0.3271852735370549,0.6756213418512808,0.673451352767582,3,704,163,l2,0.01,lbfgs,0.6300393069672104
0.4970414201183432,0.5305337024087025,0.49629923767803996,0.49710201220096056,0.6627218934911243,0.8402366863905325,0.29097992208570567,0.3116934098827224,0.43771771471357523,0.7067472868700464,0.6925863368932249,4,698,169,l2,0.001,lbfgs,0.6223487338789184
0.4370860927152318,0.447770811563915,0.4337136027813994,0.43592197173126573,0.7019867549668874,0.8609271523178808,0.1930832829199437,0.23737373737373735,0.251754035122898,0.62431629536982,0.6137839321625924,5,716,151,l2,0.001,lbfgs,0.6496048055044419
