accuracy,balanced_accuracy,f1_macro,f1_weighted,mae,adjacent_accuracy,kappa_linear,kappa_quadratic,spearman_r,roc_auc_macro_ovr,roc_auc_weighted_ovr,fold,n_train,n_val,best_penalty,best_C,best_solver,inner_auc_score
0.4122137404580153,0.4339300937766411,0.41082565137547955,0.40631273101565063,0.7404580152671756,0.8473282442748091,0.20237273240851184,0.26177450536794045,0.3567798392039274,0.6325367372408398,0.6253293113105791,1,736,131,l2,0.01,lbfgs,0.6546047885257764
0.455026455026455,0.4389817911557042,0.43367217484864545,0.45114419232066294,0.7248677248677249,0.8201058201058201,0.18418979804026592,0.20078797004888704,0.20680651724132648,0.5938281932321202,0.5996925392086682,2,678,189,l2,0.1,lbfgs,0.6819898853599813
0.5125,0.5156582633053222,0.5063420998871687,0.5159463511286193,0.56875,0.91875,0.3704600484261502,0.4681213774292534,0.48067731512646616,0.6743898208442619,0.6788075927848864,3,707,160,l2,0.01,lbfgs,0.6581213760384674
0.5427350427350427,0.5295861448493028,0.5133671369782481,0.54416001522483,0.5726495726495726,0.8846153846153846,0.3056379821958458,0.32463385427860847,0.38571766139950175,0.7229144609278219,0.7169276048442061,4,633,234,l2,0.01,lbfgs,0.6061430980529586
0.5228758169934641,0.5129197544451781,0.5054824561403509,0.5267672858617132,0.5620915032679739,0.9150326797385621,0.2974156343442973,0.342339576297206,0.3731537710214903,0.6705616137678887,0.6619057154776804,5,714,153,l2,0.1,lbfgs,0.6483168257128036
