accuracy,balanced_accuracy,f1_macro,f1_weighted,mae,adjacent_accuracy,kappa_linear,kappa_quadratic,spearman_r,roc_auc_macro_ovr,roc_auc_weighted_ovr,fold,n_train,n_val,best_penalty,best_C,best_solver,inner_auc_score
0.3761467889908257,0.3925749657832524,0.36988304093567254,0.3874939642684693,0.8073394495412844,0.8165137614678899,0.16358562957795608,0.22212310437109728,0.32662069101508684,0.5986371999189986,0.604343901964789,1,758,109,l2,0.001,lbfgs,0.6249093786676749
0.5041322314049587,0.5565873083114462,0.5070936137011882,0.48961730282512644,0.5785123966942148,0.9173553719008265,0.35862486748447686,0.43975717666426584,0.47550217644505094,0.7155423806439206,0.6982393878728769,2,746,121,l2,0.001,lbfgs,0.6028573074497661
0.37037037037037035,0.39837248361838523,0.3697420806647049,0.3710371267927093,0.8024691358024691,0.8271604938271605,0.13261943986820435,0.17824806370677426,0.17646067734660312,0.5946380366671254,0.5968681363433807,3,705,162,l2,0.001,lbfgs,0.6217964341370349
0.4845814977973568,0.4359126984126984,0.4295799734447359,0.4802947642874354,0.6299559471365639,0.8854625550660793,0.24055400884355338,0.30003636996157446,0.3714187765044211,0.6557781686001826,0.6617597208204766,4,640,227,l2,0.01,lbfgs,0.6119811192029012
0.40725806451612906,0.4170671304418578,0.4073661515060198,0.4106496771624457,0.7258064516129032,0.8669354838709677,0.1746783020263275,0.23617788461538458,0.2706476440971079,0.6189274977643812,0.6185595116182675,5,619,248,l2,0.01,lbfgs,0.6280284771518581
