roc_auc,pr_auc,accuracy,f1,balanced_accuracy,matthews_corrcoef,sensitivity,specificity,precision,pos_LR,sensitivity_at_spec100,fold,n_train,n_val,threshold,best_penalty,best_C,best_solver,best_inner_score
0.6554834054834054,0.733410256407242,0.6759259259259259,0.7407407407407407,0.6525974025974026,0.30975398420381844,0.7575757575757576,0.5476190476190477,0.7246376811594203,1.674641148325359,0.07575757575757576,1,723,108,0.5008989375200964,l2,0.0001,liblinear,0.6880795047011843
0.6742350655658086,0.722255143454236,0.6363636363636364,0.6792452830188679,0.6413307430791646,0.27445332354688,0.6206896551724138,0.6619718309859155,0.75,1.8362068965517242,0.02586206896551724,2,644,187,0.5095773412789446,l2,0.0001,liblinear,0.6669709789968443
0.6413286489939316,0.6490681901170657,0.6222222222222222,0.697508896797153,0.6030820824017885,0.22329573390703739,0.7903225806451613,0.4158415841584158,0.6242038216560509,1.3529250956806995,0.0,3,606,225,0.4828848370405859,l2,0.0001,lbfgs,0.6951293890076852
0.6318542568542569,0.7121170521047026,0.6129032258064516,0.6842105263157895,0.5961399711399711,0.18760089706082203,0.6565656565656566,0.5357142857142857,0.7142857142857143,1.4141414141414141,0.030303030303030304,4,676,155,0.5015229707939742,l2,0.0001,liblinear,0.6835382765557328
0.8229665071770335,0.8498696456147663,0.8012820512820513,0.837696335078534,0.7987772461456673,0.5849902666655872,0.8080808080808081,0.7894736842105263,0.8695652173913043,3.8383838383838387,0.04040404040404041,5,675,156,0.4928583525295824,l2,0.0001,liblinear,0.6348546645809758
