roc_auc,pr_auc,accuracy,f1,balanced_accuracy,matthews_corrcoef,sensitivity,specificity,precision,pos_LR,sensitivity_at_spec100,fold,n_train,n_val,threshold,best_penalty,best_C,best_solver,best_inner_score
0.6520661157024793,0.7290884015070795,0.6230366492146597,0.6571428571428571,0.6422668240850059,0.27484019512896807,0.5702479338842975,0.7142857142857143,0.7752808988764045,1.9958677685950414,0.024793388429752067,1,702,191,0.5295786400659939,l2,0.01,liblinear,0.6560875003111939
0.6953684545599237,0.7599043386897966,0.676829268292683,0.7488151658767772,0.6457902275982811,0.29719127024717257,0.7669902912621359,0.5245901639344263,0.7314814814814815,1.613324405758286,0.0,2,729,164,0.4941978358588515,l1,0.1,liblinear,0.6438263447984481
0.6686746987951806,0.6808827321884596,0.585635359116022,0.5945945945945946,0.5878411605606098,0.175209072916781,0.5612244897959183,0.6144578313253012,0.632183908045977,1.4556760204081631,0.01020408163265306,3,712,181,0.501604079764921,l1,0.1,liblinear,0.6464864075898558
0.6788990825688074,0.7698612852713843,0.6395348837209303,0.696078431372549,0.6352118829183049,0.2620120196662116,0.6513761467889908,0.6190476190476191,0.7473684210526316,1.709862385321101,0.08256880733944955,4,721,172,0.5138212496333643,l1,0.1,liblinear,0.6317274187311686
0.6786484543493889,0.743997118277776,0.6270270270270271,0.6729857819905213,0.6202372393961179,0.23935858191820442,0.6635514018691588,0.5769230769230769,0.6826923076923077,1.5683942225998297,0.037383177570093455,5,708,185,0.5168814089184756,l2,0.01,lbfgs,0.6068641825535456
