accuracy,balanced_accuracy,f1_macro,f1_weighted,mae,adjacent_accuracy,kappa_linear,kappa_quadratic,spearman_r,roc_auc_macro_ovr,roc_auc_weighted_ovr,fold,n_train,n_val,best_penalty,best_C,best_solver,inner_auc_score
0.40458015267175573,0.42782040352372835,0.4045404474353582,0.3950730495318619,0.732824427480916,0.8625954198473282,0.18686150265097634,0.2539477090344292,0.32905600131328977,0.6284958238487386,0.6219399682435341,1,736,131,l2,0.0001,lbfgs,0.656214177149248
0.42328042328042326,0.42136752136752137,0.4008399357758403,0.4105963538186984,0.746031746031746,0.8306878306878307,0.18681151017668063,0.24051749485445462,0.2436444095937587,0.5927054301528355,0.5961239939734564,2,678,189,l2,0.0001,lbfgs,0.6726858842653619
0.5,0.5081139122315593,0.496139609024256,0.5028118938271974,0.64375,0.85625,0.29680832906639354,0.3365245463653568,0.3238484271002072,0.6676578288223354,0.666943374422188,3,707,160,l2,0.0001,lbfgs,0.6542030509306909
0.5128205128205128,0.5177327935222672,0.49578651685393255,0.5265833573417843,0.6153846153846154,0.8717948717948718,0.27638190954773867,0.2901710037174722,0.3062529264844233,0.6650967712019805,0.6599739820143061,4,633,234,l2,0.0001,lbfgs,0.6361236987603587
0.46405228758169936,0.48742876708978405,0.4554299880871889,0.4706352047242156,0.6862745098039216,0.8496732026143791,0.2289416846652268,0.24875621890547261,0.3673328930800774,0.6876515431112344,0.6834918872089473,5,714,153,l2,0.0001,lbfgs,0.6254726886861542
