accuracy,balanced_accuracy,f1_macro,f1_weighted,mae,adjacent_accuracy,kappa_linear,kappa_quadratic,spearman_r,roc_auc_macro_ovr,roc_auc_weighted_ovr,fold,n_train,n_val,best_penalty,best_C,best_solver,inner_auc_score
0.44954128440366975,0.4511478163493841,0.36178602233648105,0.37333163147488546,0.7614678899082569,0.7889908256880734,0.2115904139433551,0.2510785619174434,0.3257803966159353,0.6598640445208995,0.654386062558524,1,758,109,l2,0.01,lbfgs,0.6282703277674377
0.4132231404958678,0.5046626563867943,0.3630179344465059,0.3037688403686043,0.7272727272727273,0.859504132231405,0.2691832532601235,0.34315208685592247,0.39746903163649283,0.6647084312274444,0.6415586748860195,2,746,121,l2,0.01,liblinear,0.6337001356744596
0.38271604938271603,0.4118657298985167,0.30641001836149445,0.2921319123997014,0.8271604938271605,0.7901234567901234,0.15782122905027918,0.1991189427312775,0.32995635497741044,0.620612876444779,0.6190941798958985,3,705,162,l2,0.01,liblinear,0.6286028891049622
0.4581497797356828,0.45396825396825397,0.3484257090814468,0.3652054596663537,0.7312775330396476,0.8105726872246696,0.20347509934894725,0.25180495971539174,0.3024157103593141,0.6358649256482981,0.6282917561771155,4,640,227,l2,0.01,lbfgs,0.6396654532330375
0.43548387096774194,0.41047155563013926,0.32416659467657255,0.3316755485412949,0.7741935483870968,0.7903225806451613,0.1541850220264317,0.1912568306010929,0.2767789035300251,0.6447601881561599,0.6435723029131006,5,619,248,l2,0.0001,liblinear,0.616907701460893
