roc_auc,pr_auc,accuracy,f1,balanced_accuracy,matthews_corrcoef,sensitivity,specificity,precision,pos_LR,sensitivity_at_spec100,fold,n_train,n_val,threshold,best_penalty,best_C,best_solver,best_inner_score
0.687584629033011,0.7514241026704099,0.6174496644295302,0.632258064516129,0.6322080590185366,0.26121580504948977,0.5536723163841808,0.7107438016528925,0.7368421052631579,1.9141242937853105,0.02824858757062147,1,595,298,0.48135832938857626,l2,0.0001,liblinear,0.6857901710982626
0.7654743784880772,0.7750637036711161,0.7403314917127072,0.803347280334728,0.7047184170471841,0.4491998145059233,0.8888888888888888,0.5205479452054794,0.732824427480916,1.8539682539682538,0.018518518518518517,2,712,181,0.4748040012547097,l2,0.0001,liblinear,0.633198008137948
0.5928089887640449,0.688842492178162,0.6187050359712231,0.7165775401069518,0.5664044943820224,0.13976631314299062,0.7528089887640449,0.38,0.6836734693877551,1.214208046393621,0.0,3,754,139,0.5241540204782743,l2,0.001,liblinear,0.707420464090968
0.6851948051948052,0.7189913781222224,0.6555555555555556,0.7232142857142857,0.6324675324675324,0.2680158087620007,0.7363636363636363,0.5285714285714286,0.7105263157894737,1.56198347107438,0.0,4,713,180,0.5032896574004092,l2,0.001,liblinear,0.6930434832421115
0.7624209575429088,0.7099998944656714,0.7263157894736842,0.7592592592592593,0.721093044263776,0.4421860885275519,0.7592592592592593,0.6829268292682927,0.7592592592592593,2.394586894586895,0.0,5,798,95,0.5024420833363233,l2,0.0001,liblinear,0.6826009842992585
