roc_auc,pr_auc,accuracy,f1,balanced_accuracy,matthews_corrcoef,sensitivity,specificity,precision,pos_LR,sensitivity_at_spec100,fold,n_train,n_val,threshold,best_penalty,best_C,best_solver,best_inner_score
0.6788315326130451,0.649976117664304,0.6383928571428571,0.6666666666666666,0.6355742296918767,0.2721851511071801,0.680672268907563,0.5904761904761905,0.6532258064516129,1.662106703146375,0.025210084033613446,1,669,224,0.5043822348787682,l2,0.0001,lbfgs,0.6761181926970463
0.636720867208672,0.7575766079745976,0.6885245901639344,0.7764705882352941,0.6274390243902439,0.26686312108372723,0.8048780487804879,0.45,0.75,1.4634146341463414,0.008130081300813009,2,710,183,0.5033256675349692,l2,0.0001,liblinear,0.7280309016987844
0.7067881153762741,0.7797707083033605,0.6285714285714286,0.6666666666666666,0.6384732162220776,0.2686826458912832,0.5977011494252874,0.6792452830188679,0.7536231884057971,1.86342123056119,0.05747126436781609,3,753,140,0.5352704994679807,l2,0.0001,liblinear,0.6633065941577754
0.6505847953216374,0.7465264853247062,0.6078431372549019,0.6666666666666666,0.6019736842105263,0.1981650046674767,0.625,0.5789473684210527,0.7142857142857143,1.484375,0.041666666666666664,4,740,153,0.5199052383405932,l2,0.001,liblinear,0.6881886963900421
0.7629424778761063,0.7936229873494152,0.6994818652849741,0.7238095238095238,0.705033185840708,0.4040330455185907,0.672566371681416,0.7375,0.7835051546391752,2.562157606405395,0.08849557522123894,5,700,193,0.5071465653152828,l2,0.0001,liblinear,0.6825481210338037
