roc_auc,pr_auc,accuracy,f1,balanced_accuracy,matthews_corrcoef,sensitivity,specificity,precision,pos_LR,sensitivity_at_spec100,fold,n_train,n_val,threshold,best_penalty,best_C,best_solver,best_inner_score
0.6650909090909092,0.611279984423087,0.6428571428571429,0.6666666666666666,0.6477272727272727,0.3006232385408722,0.75,0.5454545454545454,0.6,1.65,0.02,1,683,210,0.4725370264263941,l2,0.0001,liblinear,0.6440716895553456
0.6853839801816681,0.7733159208165673,0.6264591439688716,0.6903225806451613,0.6306771263418662,0.24572048236923064,0.6184971098265896,0.6428571428571429,0.781021897810219,1.731791907514451,0.005780346820809248,2,636,257,0.4939316967090009,l2,0.0001,liblinear,0.6788142286484152
0.666962962962963,0.7501808048873745,0.6583333333333333,0.7248322147651006,0.6377777777777778,0.27437926239387284,0.72,0.5555555555555556,0.7297297297297297,1.62,0.06666666666666667,3,773,120,0.5007434125222461,l2,0.0001,liblinear,0.6729005868060074
0.6470893970893972,0.6644493424415874,0.6292134831460674,0.6666666666666666,0.628118503118503,0.25297104294526807,0.6346153846153846,0.6216216216216216,0.7021276595744681,1.677197802197802,0.009615384615384616,4,715,178,0.5024286925209709,l2,0.0001,liblinear,0.668311974948464
0.6877076411960132,0.8135933025057772,0.6953125,0.7979274611398963,0.5905315614617941,0.22956323769989959,0.8953488372093024,0.2857142857142857,0.719626168224299,1.2534883720930232,0.08139534883720931,5,765,128,0.4402651509790079,l2,0.0001,liblinear,0.6565945724115985
