roc_auc,pr_auc,accuracy,f1,balanced_accuracy,matthews_corrcoef,sensitivity,specificity,precision,pos_LR,sensitivity_at_spec100,fold,n_train,n_val,threshold,best_penalty,best_C,best_solver,best_inner_score
0.7317227422210979,0.7883268302615464,0.6162162162162163,0.6321243523316062,0.6539969643308878,0.30150435270820025,0.5169491525423728,0.7910447761194029,0.8133333333333334,2.4739709443099267,0.03389830508474576,1,646,185,0.5208089155521864,l2,0.0001,liblinear,0.6771570509531619
0.6725071678878622,0.7738453331220096,0.6551724137931034,0.75,0.597005415737496,0.2164028666650702,0.821917808219178,0.37209302325581395,0.6896551724137931,1.308980213089802,0.0958904109589041,2,715,116,0.4376623816858718,l2,0.0001,liblinear,0.6814894681471225
0.6629809818664307,0.6705591734435582,0.602803738317757,0.5853658536585366,0.6152587350729766,0.23360649727028698,0.5042016806722689,0.7263157894736842,0.6976744186046512,1.8422753716871365,0.008403361344537815,3,617,214,0.5201746536448179,l2,0.0001,liblinear,0.7072951131525145
0.7103508771929824,0.7674601070019375,0.6967741935483871,0.7929515418502202,0.6236842105263157,0.3389462249004197,0.9473684210526315,0.3,0.6818181818181818,1.3533834586466165,0.021052631578947368,4,676,155,0.43699691852976386,l2,0.0001,liblinear,0.6635503475726436
0.6847507331378299,0.7238242211643249,0.6583850931677019,0.7417840375586855,0.61673183447377,0.24987994041432748,0.797979797979798,0.43548387096774194,0.6929824561403509,1.4135642135642137,0.020202020202020204,5,670,161,0.4683116779652861,l2,0.0001,liblinear,0.6455329274296331
