roc_auc,pr_auc,accuracy,f1,balanced_accuracy,matthews_corrcoef,sensitivity,specificity,precision,pos_LR,sensitivity_at_spec100,fold,n_train,n_val,threshold,best_penalty,best_C,best_solver,best_inner_score
0.6493506493506493,0.7345960589037939,0.6111111111111112,0.6911764705882353,0.5822510822510822,0.16792966104150248,0.7121212121212122,0.4523809523809524,0.6714285714285714,1.300395256916996,0.030303030303030304,1,723,108,0.4717064088608709,l2,0.0001,lbfgs,0.7078919017591823
0.6457017969888296,0.6976086836797788,0.6684491978609626,0.7394957983193278,0.6398737251092763,0.28509376022456945,0.7586206896551724,0.5211267605633803,0.7213114754098361,1.584178498985801,0.0,2,644,187,0.4776638320336666,l1,0.1,liblinear,0.6917414946365626
0.6853241775790482,0.6909208037341016,0.6577777777777778,0.7003891050583657,0.6500319386777387,0.30357465640099207,0.7258064516129032,0.5742574257425742,0.6766917293233082,1.704801200300075,0.0,3,606,225,0.46265854347769253,l2,0.0001,liblinear,0.7159724295410965
0.656024531024531,0.7307164405038029,0.6516129032258065,0.7326732673267327,0.6148088023088023,0.2336127321882149,0.7474747474747475,0.48214285714285715,0.7184466019417476,1.4433995123650298,0.04040404040404041,4,676,155,0.49020146795846836,l1,0.1,liblinear,0.6870405454065929
0.7065390749601276,0.7886565334044281,0.6410256410256411,0.7052631578947368,0.6278575225943648,0.2497663524261894,0.6767676767676768,0.5789473684210527,0.7362637362637363,1.6073232323232325,0.020202020202020204,5,675,156,0.53836925616934,l1,0.1,liblinear,0.6759054070784708
