accuracy,balanced_accuracy,f1_macro,f1_weighted,mae,adjacent_accuracy,kappa_linear,kappa_quadratic,spearman_r,roc_auc_macro_ovr,roc_auc_weighted_ovr,fold,n_train,n_val,best_penalty,best_C,best_solver,inner_auc_score
0.44036697247706424,0.4695626477541371,0.35193564605329314,0.3524568613613405,0.7706422018348624,0.7889908256880734,0.22786304604486418,0.27608051496883623,0.35270896167793814,0.6324445343884502,0.6269208447418665,1,758,109,l2,0.0001,liblinear,0.6203467907949805
0.38016528925619836,0.4666045355700528,0.32745726495726496,0.2698797414706506,0.7851239669421488,0.8347107438016529,0.2161609273781112,0.27960308710033077,0.3612148879527857,0.678716999393025,0.666150234960871,2,746,121,l2,0.0001,liblinear,0.6212658670881857
0.38271604938271603,0.4358077259716604,0.3235542027345044,0.302750760771486,0.8333333333333334,0.7839506172839507,0.17359431680773885,0.21314505046675813,0.2299802705644611,0.6160281015133745,0.6156174510805558,3,705,162,l2,0.0001,liblinear,0.6240918506194403
0.4052863436123348,0.4063492063492064,0.3081232492997199,0.32961907229852294,0.8370044052863436,0.7577092511013216,0.12108738180632539,0.14857971594318864,0.27205358275363284,0.6248216244849734,0.6234881060959944,4,640,227,l2,0.0001,lbfgs,0.636499887500725
0.4596774193548387,0.48302351421582834,0.40367196817404394,0.4025249105871534,0.7379032258064516,0.8024193548387096,0.25185453826118487,0.2939984601045508,0.2819913122594041,0.6338464344580044,0.6257014544168922,5,619,248,l2,0.001,liblinear,0.621407240298046
