n_pairs,pairwise_accuracy,both_correct_rate,mean_delta,median_delta,std_delta,n_positive_delta,per_drug_accuracy,per_drug_roc_auc,per_drug_pr_auc,n_train,n_test,best_penalty,best_C,best_solver,inner_cv_score,threshold,seed
38,0.6578947368421053,0.21052631578947367,0.07720657193921963,0.0341195574073615,0.1676413270728252,25,0.5806451612903226,0.6313025210084033,0.6626151687900647,831,62,l1,0.01,liblinear,0.7031633957548499,0.4870752444949396,1
