roc_auc,pr_auc,accuracy,f1,balanced_accuracy,matthews_corrcoef,sensitivity,specificity,precision,pos_LR,sensitivity_at_spec100,fold,n_train,n_val,threshold,best_penalty,best_C,best_solver,best_inner_score
0.699595244118391,0.7624573516024046,0.6594594594594595,0.7014218009478673,0.6717682772577789,0.3302295803586276,0.6271186440677966,0.7164179104477612,0.7956989247311828,2.2114183764495983,0.0,1,646,185,0.5198611844474071,l2,0.001,liblinear,0.7094238795241647
0.7234788149092066,0.7688472500542027,0.7068965517241379,0.7384615384615385,0.7241159604969736,0.4330469717042201,0.6575342465753424,0.7906976744186046,0.8421052631578947,3.1415525114155245,0.0136986301369863,2,715,116,0.6008321964142641,l2,0.001,liblinear,0.701429962738983
0.6790800530738612,0.7018333617787613,0.6308411214953271,0.6425339366515838,0.6351614329942503,0.2689112486847524,0.5966386554621849,0.6736842105263158,0.696078431372549,1.8284087828679858,0.0,3,617,214,0.5338125722256893,l2,0.001,liblinear,0.719418829029135
0.6852631578947369,0.7320882816101278,0.6967741935483871,0.7772511848341233,0.6482456140350877,0.3328035717695001,0.8631578947368421,0.43333333333333335,0.7068965517241379,1.5232198142414861,0.0,4,676,155,0.47664004761887824,l2,0.0001,liblinear,0.6994572308708736
0.6668295861844249,0.7449976498904682,0.639751552795031,0.7040816326530612,0.6226783968719453,0.24396957839730765,0.696969696969697,0.5483870967741935,0.711340206185567,1.5432900432900432,0.010101010101010102,5,670,161,0.5145976703427795,l2,0.001,liblinear,0.6681327063949497
