roc_auc,pr_auc,accuracy,f1,balanced_accuracy,matthews_corrcoef,sensitivity,specificity,precision,pos_LR,sensitivity_at_spec100,fold,n_train,n_val,threshold,best_penalty,best_C,best_solver,best_inner_score
0.6382319819819819,0.7039228061309503,0.5819672131147541,0.6482758620689655,0.5675675675675675,0.13384140790605406,0.6351351351351351,0.5,0.6619718309859155,1.2702702702702702,0.013513513513513514,1,745,122,0.5134989155003536,l2,0.0001,liblinear,0.7050571500001511
0.7116666666666667,0.7610760413356192,0.68,0.7468354430379747,0.6576388888888889,0.3124268720886595,0.7375,0.5777777777777777,0.7564102564102564,1.7467105263157894,0.025,2,742,125,0.49481929699616245,l2,0.001,liblinear,0.7002435877928834
0.7295682055879277,0.7858724330223771,0.6680851063829787,0.723404255319149,0.6530703720304796,0.3094173067004016,0.7391304347826086,0.5670103092783505,0.7083333333333334,1.70703933747412,0.06521739130434782,3,632,235,0.5037438027112232,l2,0.001,liblinear,0.6770255603083462
0.6494742497505566,0.680423620926116,0.5956521739130435,0.6324110671936759,0.592255737201627,0.18370253359981406,0.6201550387596899,0.5643564356435643,0.6451612903225806,1.4235377026074698,0.0,4,637,230,0.5138194344855578,l2,0.001,liblinear,0.7192066382193744
0.720701754385965,0.7724130943775509,0.6838709677419355,0.7292817679558011,0.6807017543859649,0.35420608807037257,0.6947368421052632,0.6666666666666666,0.7674418604651163,2.0842105263157893,0.031578947368421054,5,712,155,0.5304149069752117,l1,0.01,liblinear,0.6931901066905767
