accuracy,balanced_accuracy,f1_macro,f1_weighted,mae,adjacent_accuracy,kappa_linear,kappa_quadratic,spearman_r,roc_auc_macro_ovr,roc_auc_weighted_ovr,fold,n_train,n_val,best_penalty,best_C,best_solver,inner_auc_score
0.47244094488188976,0.46635084697100204,0.4628128112814341,0.4798243654968274,0.6377952755905512,0.889763779527559,0.27130410143798256,0.33983499451571353,0.3213620259360875,0.6150385041898964,0.6136852359279127,1,740,127,l2,0.01,lbfgs,0.6186187050909586
0.39378238341968913,0.3919155998103367,0.38182629273817875,0.39968457352814446,0.7668393782383419,0.8393782383419689,0.09904113045672458,0.11741648882888378,0.1630434351648384,0.6046050851826353,0.599602297020794,2,674,193,l2,0.01,lbfgs,0.6372560134431573
0.4418604651162791,0.451643022800518,0.44247006489089474,0.44274096673698204,0.6802325581395349,0.877906976744186,0.21020408163265303,0.26078494972429445,0.2757310311058285,0.5986547107752042,0.5934155960318751,3,695,172,l2,0.01,lbfgs,0.6274406415944614
0.47465437788018433,0.47606358111266944,0.4510932663604419,0.4883291097101911,0.6221198156682027,0.9032258064516129,0.29343238223873036,0.39082647380691826,0.37022619879541135,0.6588086078821852,0.6558481386522756,4,650,217,l2,0.001,lbfgs,0.618857305057509
0.4873417721518987,0.4871212121212121,0.4776688453159041,0.4894390667659468,0.6329113924050633,0.879746835443038,0.22518634758728917,0.23419499859511084,0.3122476636793213,0.6492535569531556,0.6426695829361002,5,709,158,l2,0.001,lbfgs,0.6211645735241926
