roc_auc,pr_auc,accuracy,f1,balanced_accuracy,matthews_corrcoef,sensitivity,specificity,precision,pos_LR,sensitivity_at_spec100,fold,n_train,n_val,threshold,best_penalty,best_C,best_solver,best_inner_score
0.6803751803751803,0.7686367317359988,0.6666666666666666,0.7230769230769231,0.6536796536796536,0.30494860890517195,0.7121212121212122,0.5952380952380952,0.734375,1.7593582887700536,0.10606060606060606,1,723,108,0.48130813917808885,l2,0.01,lbfgs,0.6877568239767551
0.6677999028654686,0.7341193686322491,0.6256684491978609,0.6818181818181818,0.6190505099562895,0.2325753637431738,0.646551724137931,0.5915492957746479,0.7211538461538461,1.5829369797859691,0.008620689655172414,2,644,187,0.46993444658076305,l2,0.01,lbfgs,0.68165865147057
0.6805333759182369,0.6952369617733538,0.6533333333333333,0.6953125,0.6459996806132227,0.29493410191249136,0.717741935483871,0.5742574257425742,0.6742424242424242,1.6858589647411852,0.008064516129032258,3,606,225,0.4901749899167874,l2,0.01,lbfgs,0.7011291247627504
0.6378066378066378,0.7406215957878313,0.5870967741935483,0.6444444444444445,0.58757215007215,0.16844155801093463,0.5858585858585859,0.5892857142857143,0.7160493827160493,1.4264382960035134,0.06060606060606061,4,676,155,0.5080021152802942,l2,0.01,liblinear,0.7033243967866157
0.7281587807903598,0.8062428338703826,0.7051282051282052,0.7526881720430108,0.7044125465178097,0.3963769555949643,0.7070707070707071,0.7017543859649122,0.8045977011494253,2.370766488413547,0.050505050505050504,5,675,156,0.5414827608908572,l2,0.1,liblinear,0.6303290022464955
