roc_auc,pr_auc,accuracy,f1,balanced_accuracy,matthews_corrcoef,sensitivity,specificity,precision,pos_LR,sensitivity_at_spec100,fold,n_train,n_val,threshold,best_penalty,best_C,best_solver,best_inner_score
0.6671732522796353,0.715927788762604,0.6324786324786325,0.6950354609929078,0.6159574468085106,0.23276544009147038,0.7,0.5319148936170213,0.6901408450704225,1.4954545454545454,0.0,1,714,117,0.4668192631219588,l2,0.01,lbfgs,0.6757098338789181
0.7125544662309369,0.8026126350314837,0.6534090909090909,0.7053140096618358,0.6467864923747277,0.28815055641359105,0.6759259259259259,0.6176470588235294,0.7373737373737373,1.767806267806268,0.12037037037037036,2,655,176,0.46262108691958076,l2,0.01,lbfgs,0.645036929537484
0.6601010101010102,0.7690091804314929,0.6748466257668712,0.7511737089201878,0.6430976430976431,0.2826487392071071,0.7407407407407407,0.5454545454545454,0.7619047619047619,1.6296296296296293,0.009259259259259259,3,668,163,0.4779579433963159,l2,0.001,lbfgs,0.6322139939848753
0.6251646903820817,0.7007552585054913,0.6012658227848101,0.6272189349112426,0.6062252964426877,0.20962156393768816,0.5760869565217391,0.6363636363636364,0.6883116883116883,1.5842391304347825,0.06521739130434782,4,673,158,0.5169261460266502,l1,0.1,liblinear,0.6683521605133835
0.6248037676609106,0.6846187245694859,0.5622119815668203,0.5887445887445888,0.5665445665445665,0.13141498930014245,0.5396825396825397,0.5934065934065934,0.6476190476190476,1.3273273273273272,0.03968253968253968,5,614,217,0.5079184295726171,l1,0.1,liblinear,0.7064147305011046
