roc_auc,pr_auc,accuracy,f1,balanced_accuracy,matthews_corrcoef,sensitivity,specificity,precision,pos_LR,sensitivity_at_spec100,fold,n_train,n_val,threshold,best_penalty,best_C,best_solver,best_inner_score
0.6458305625748104,0.6977786119135083,0.6079545454545454,0.6532663316582915,0.6032052134592366,0.2042354207928719,0.6310679611650486,0.5753424657534246,0.6770833333333334,1.4860632633886628,0.009708737864077669,1,655,176,0.5037367096403712,l2,0.0001,liblinear,0.7406211148469364
0.730355863386673,0.8002677400885453,0.6590909090909091,0.6896551724137931,0.6655122999761165,0.32453968798239535,0.6329113924050633,0.6981132075471698,0.7575757575757576,2.096518987341772,0.25316455696202533,2,699,132,0.5333576447600028,l1,0.01,liblinear,0.6384135463996259
0.692626953125,0.729650383928586,0.6428571428571429,0.6850393700787402,0.63671875,0.27277236279499045,0.6796875,0.59375,0.6904761904761905,1.6730769230769231,0.03125,3,607,224,0.5298820553478598,l2,0.0001,lbfgs,0.6971027760121561
0.7171160130718954,0.8530061190257792,0.6666666666666666,0.7368421052631579,0.6556372549019608,0.29486761808642775,0.6862745098039216,0.625,0.7954545454545454,1.8300653594771241,0.12745098039215685,4,681,150,0.507749787427312,l2,0.001,liblinear,0.6910067369810955
0.6967963386727689,0.7163354776919473,0.697986577181208,0.7643979057591623,0.6686689549961862,0.34721133283897787,0.7934782608695652,0.543859649122807,0.7373737373737373,1.7395484949832776,0.0,5,682,149,0.46109754984350715,l2,0.001,liblinear,0.7206741369227199
