accuracy,balanced_accuracy,f1_macro,f1_weighted,mae,adjacent_accuracy,kappa_linear,kappa_quadratic,spearman_r,roc_auc_macro_ovr,roc_auc_weighted_ovr,fold,n_train,n_val,best_penalty,best_C,best_solver,inner_auc_score
0.44140625,0.4505420054200542,0.3412797619047619,0.3683067103794643,0.80078125,0.7578125,0.1904482769259248,0.2267068199346285,0.2742724024738467,0.6269543936762257,0.6274453366873065,1,611,256,l2,0.0001,lbfgs,0.628432584236334
0.328125,0.36762326692627506,0.28092540651524317,0.25915320972886763,0.9296875,0.7421875,0.05191086767085773,0.06786332860966782,0.1651931264880483,0.5854602700177906,0.5788852985261976,2,739,128,l2,0.001,liblinear,0.6580557204029933
0.4601226993865031,0.5096073517126148,0.4342273307790549,0.42121752445424965,0.6871165644171779,0.852760736196319,0.2929512006196746,0.34649694296882827,0.3653244564929667,0.6384686678075929,0.6309079484694448,3,704,163,l2,0.001,liblinear,0.6262287064716073
0.42011834319526625,0.4690049533799534,0.38146118721461186,0.36431547377806595,0.7988165680473372,0.7810650887573964,0.19520970757345935,0.22002870707739874,0.33685297872139913,0.6871370386003508,0.6749153691906608,4,698,169,l2,0.001,liblinear,0.6466799133993201
0.4304635761589404,0.47474747474747475,0.3513270355375619,0.34037590154704134,0.7549668874172185,0.8145695364238411,0.25474067018789504,0.3143330306106096,0.3555513149076413,0.6677007331199372,0.6541322532672346,5,716,151,l2,0.0001,lbfgs,0.6424957475659903
