accuracy,balanced_accuracy,f1_macro,f1_weighted,mae,adjacent_accuracy,kappa_linear,kappa_quadratic,spearman_r,roc_auc_macro_ovr,roc_auc_weighted_ovr,fold,n_train,n_val,best_penalty,best_C,best_solver,inner_auc_score
0.42857142857142855,0.4489506172839506,0.42730863294243576,0.43441335561113054,0.7058823529411765,0.865546218487395,0.19073834196891193,0.2280505536293479,0.271847835746047,0.6270749636361451,0.6188081464328672,1,748,119,l2,0.001,lbfgs,0.632410978733961
0.40458015267175573,0.43771482754533597,0.4063034042617546,0.39505764932874926,0.7251908396946565,0.8702290076335878,0.1843088418430885,0.24365573110146355,0.2931123365122021,0.6191835843970278,0.6028526329217382,2,736,131,l2,0.01,lbfgs,0.6343934977009377
0.4411764705882353,0.4504352278545827,0.4349766042780749,0.4343553397294747,0.7294117647058823,0.8294117647058824,0.20230076439869815,0.2346509671993272,0.2950663045494077,0.6210089614773766,0.6149458025370065,3,697,170,l2,0.001,lbfgs,0.6251419364403656
0.4765957446808511,0.46999986712376085,0.4511917419131697,0.4804867172464342,0.7063829787234043,0.8170212765957446,0.2240213239974539,0.2468523464326594,0.29342439891942707,0.6300305521143694,0.6322777489504966,4,632,235,l2,0.001,lbfgs,0.6235049857369115
0.42924528301886794,0.4008603984187273,0.3988742059628136,0.4408218268476209,0.7075471698113207,0.8632075471698113,0.145896003437903,0.174881179596572,0.2348593811936009,0.5813160153911509,0.5812659445958362,5,655,212,l2,0.01,lbfgs,0.6459970055776788
