roc_auc,pr_auc,accuracy,f1,balanced_accuracy,matthews_corrcoef,sensitivity,specificity,precision,pos_LR,sensitivity_at_spec100,fold,n_train,n_val,threshold,best_penalty,best_C,best_solver,best_inner_score
0.6359888283016358,0.6704728293681248,0.5965909090909091,0.6395939086294417,0.5934964755951588,0.18468619136371353,0.6116504854368932,0.5753424657534246,0.6702127659574468,1.4403382398997806,0.009708737864077669,1,655,176,0.47355392044924605,l2,0.001,liblinear,0.7268703833692758
0.6811559589204681,0.7213579361632798,0.6515151515151515,0.7125,0.6343443993312634,0.2705038461657218,0.7215189873417721,0.5471698113207547,0.7037037037037037,1.5933544303797467,0.02531645569620253,2,699,132,0.5074134371731787,l2,0.0001,liblinear,0.6722382158402093
0.7149251302083333,0.7173185921760847,0.6116071428571429,0.5953488372093023,0.6302083333333333,0.2644170569564464,0.5,0.7604166666666666,0.735632183908046,2.08695652173913,0.015625,3,607,224,0.5656926174702508,l2,0.001,liblinear,0.6848868573964444
0.6975081699346405,0.7871734766245192,0.7,0.7761194029850746,0.6636029411764706,0.32221007932825335,0.7647058823529411,0.5625,0.7878787878787878,1.7478991596638653,0.0,4,681,150,0.49340177369016125,l2,0.0001,liblinear,0.650077214797846
0.6975591151792525,0.7265864584558264,0.7046979865771812,0.7731958762886598,0.670766590389016,0.3572031084041966,0.8152173913043478,0.5263157894736842,0.7352941176470589,1.721014492753623,0.0,5,682,149,0.4985731217798585,l2,0.001,liblinear,0.6783044983932769
