roc_auc,pr_auc,accuracy,f1,balanced_accuracy,matthews_corrcoef,sensitivity,specificity,precision,pos_LR,sensitivity_at_spec100,fold,n_train,n_val,threshold,best_penalty,best_C,best_solver,best_inner_score
0.646606334841629,0.681261310814512,0.6084656084656085,0.6185567010309279,0.6119909502262444,0.2231003264365801,0.5769230769230769,0.6470588235294118,0.6666666666666666,1.6346153846153846,0.028846153846153848,1,678,189,0.5038652632108801,l1,0.01,liblinear,0.6833510410755953
0.6545714285714286,0.6924315837573394,0.6583333333333333,0.7388535031847133,0.6242857142857143,0.27445341193848427,0.8285714285714286,0.42,0.6666666666666666,1.4285714285714284,0.02857142857142857,2,747,120,0.456242392827785,l1,0.01,liblinear,0.7001256253433754
0.6691358024691358,0.7163016456446898,0.6222222222222222,0.6613545816733067,0.624074074074074,0.2432522880263922,0.6148148148148148,0.6333333333333333,0.7155172413793104,1.6767676767676767,0.0,3,642,225,0.5480617869167813,l2,0.001,liblinear,0.6774165229826805
0.6775428921568627,0.7282335592231823,0.6626506024096386,0.7254901960784313,0.6439950980392157,0.28799019607843135,0.7254901960784313,0.5625,0.7254901960784313,1.6582633053221287,0.0,4,701,166,0.5109055575075131,l2,0.0001,lbfgs,0.6758973865017623
0.6870967741935483,0.7722503020223452,0.6107784431137725,0.6666666666666666,0.607910906298003,0.2091795443500988,0.6190476190476191,0.5967741935483871,0.7222222222222222,1.5352380952380953,0.009523809523809525,5,700,167,0.5308838733114732,l2,0.0001,liblinear,0.6792548568800056
