roc_auc,pr_auc,accuracy,f1,balanced_accuracy,matthews_corrcoef,sensitivity,specificity,precision,pos_LR,sensitivity_at_spec100,fold,n_train,n_val,threshold,best_penalty,best_C,best_solver,best_inner_score
0.6786664798991455,0.7436074856357333,0.6241610738255033,0.6241610738255033,0.6470093850679367,0.29401877013587335,0.5254237288135594,0.768595041322314,0.768595041322314,2.270581113801453,0.022598870056497175,1,595,298,0.4898866113067296,l2,0.0001,liblinear,0.6898377846752939
0.7530441400304414,0.7965157616913093,0.6961325966850829,0.7619047619047619,0.6676813800101471,0.352550707460306,0.8148148148148148,0.5205479452054794,0.7154471544715447,1.6994708994708994,0.037037037037037035,2,712,181,0.4917829850518682,l2,0.0001,liblinear,0.6304538798847868
0.6067415730337078,0.6990725373083952,0.60431654676259,0.7058823529411765,0.5507865168539325,0.10689403306367472,0.7415730337078652,0.36,0.673469387755102,1.1587078651685394,0.0,3,754,139,0.5093841720621091,l2,0.001,liblinear,0.7115152435973154
0.6294805194805195,0.6844094850006537,0.5888888888888889,0.6509433962264151,0.577922077922078,0.1533163587450701,0.6272727272727273,0.5285714285714286,0.6764705882352942,1.3305785123966942,0.00909090909090909,4,713,180,0.5261578852888608,l2,0.001,liblinear,0.7005864225826433
0.7484191508581752,0.7252843060033392,0.7368421052631579,0.7663551401869159,0.7332881662149955,0.4653170147961938,0.7592592592592593,0.7073170731707317,0.7735849056603774,2.5941358024691357,0.0,5,798,95,0.5201822999725072,l2,0.001,liblinear,0.6708739922693152
