roc_auc,pr_auc,accuracy,f1,balanced_accuracy,matthews_corrcoef,sensitivity,specificity,precision,pos_LR,sensitivity_at_spec100,fold,n_train,n_val,threshold,best_penalty,best_C,best_solver,best_inner_score
0.6979090909090909,0.6213280460858613,0.6238095238095238,0.6666666666666666,0.6313636363636363,0.27553691179079054,0.79,0.4727272727272727,0.5766423357664233,1.4982758620689653,0.0,1,683,210,0.4566195077990332,l2,0.001,liblinear,0.6722577238767748
0.6793971924029727,0.7886350379465618,0.603112840466926,0.6482758620689655,0.6347715386732727,0.25388317931741483,0.5433526011560693,0.7261904761904762,0.8034188034188035,1.9844181955265139,0.028901734104046242,2,636,257,0.5882942722533698,l1,0.1,liblinear,0.6988855546499051
0.6808888888888889,0.7444264948145607,0.7333333333333333,0.8024691358024691,0.6888888888888889,0.4095969366685635,0.8666666666666667,0.5111111111111111,0.7471264367816092,1.7727272727272727,0.05333333333333334,3,773,120,0.4718612266605877,l2,0.0001,liblinear,0.6846646742432378
0.6842515592515592,0.6947049893704536,0.6910112359550562,0.751131221719457,0.6693087318087318,0.351628472032225,0.7980769230769231,0.5405405405405406,0.7094017094017094,1.7369909502262446,0.0,4,715,178,0.4577177027322783,l1,0.01,liblinear,0.6847867810126667
0.6680509413067552,0.7552607924114483,0.6796875,0.7630057803468208,0.6337209302325582,0.2691235487641018,0.7674418604651163,0.5,0.7586206896551724,1.5348837209302326,0.0,5,765,128,0.5007267861845978,l2,0.0001,liblinear,0.6915293427829523
