n_pairs,pairwise_accuracy,both_correct_rate,mean_delta,median_delta,std_delta,n_positive_delta,per_drug_accuracy,per_drug_roc_auc,per_drug_pr_auc,n_train,n_test,best_penalty,best_C,best_solver,inner_cv_score,threshold,seed
13,0.46153846153846156,0.3076923076923077,0.011624953413500859,-0.015161297298579957,0.14541127134748305,6,0.6923076923076923,0.2727272727272727,0.7788635914917135,867,26,l2,0.001,liblinear,0.7187000072621827,0.5263874667546052,3
