roc_auc,pr_auc,accuracy,f1,balanced_accuracy,matthews_corrcoef,sensitivity,specificity,precision,pos_LR,sensitivity_at_spec100,fold,n_train,n_val,threshold,best_penalty,best_C,best_solver,best_inner_score
0.7313519813519813,0.7585850494100477,0.6702127659574468,0.7181818181818181,0.6603729603729603,0.32074592074592073,0.7181818181818181,0.6025641025641025,0.7181818181818181,1.8070381231671553,0.00909090909090909,1,679,188,0.4645015580739555,l2,0.001,lbfgs,0.6929897212862246
0.6582278481012658,0.7478884977861754,0.6229508196721312,0.684931506849315,0.6187812775978805,0.2280904043928936,0.6329113924050633,0.6046511627906976,0.746268656716418,1.6008935219657483,0.012658227848101266,2,745,122,0.5258776238119058,l2,0.001,lbfgs,0.7066901233568398
0.7315315315315315,0.7956590110935409,0.7076023391812866,0.7663551401869159,0.6943693693693693,0.37907214010848134,0.7387387387387387,0.65,0.7961165048543689,2.1106821106821108,0.0,3,696,171,0.5119646938952215,l2,0.001,liblinear,0.7129464078137726
0.7285846683437045,0.74325242519737,0.6609195402298851,0.6810810810810811,0.6594068582020389,0.3195124754292433,0.6923076923076923,0.6265060240963856,0.6702127659574468,1.8535980148883375,0.01098901098901099,4,693,174,0.534769753381189,l2,0.001,liblinear,0.6782194829355878
0.7436321839080461,0.7801372596388071,0.6556603773584906,0.6507177033492823,0.6800459770114943,0.3621457746870727,0.544,0.8160919540229885,0.8095238095238095,2.958,0.016,5,655,212,0.5692317101620328,l2,0.001,liblinear,0.7165501424623891
