accuracy,balanced_accuracy,f1_macro,f1_weighted,mae,adjacent_accuracy,kappa_linear,kappa_quadratic,spearman_r,roc_auc_macro_ovr,roc_auc_weighted_ovr,fold,n_train,n_val,best_penalty,best_C,best_solver,inner_auc_score
0.4198473282442748,0.46504688832054564,0.34729713532302525,0.31960879578162615,0.7709923664122137,0.8091603053435115,0.23276311974485364,0.28868351972383044,0.35494397043137726,0.5919799878714372,0.576568612020239,1,736,131,l2,0.0001,liblinear,0.6430924279814431
0.43915343915343913,0.4345596432552954,0.3666767493446259,0.3723502562280542,0.7724867724867724,0.7883597883597884,0.1865456046223689,0.2254379284082254,0.2423538929557794,0.5826686934681325,0.5772546632761687,2,678,189,l2,0.001,liblinear,0.6593136008207525
0.4625,0.468954248366013,0.3665228454475053,0.38048456687686694,0.75625,0.78125,0.2566426048226079,0.3058962478422822,0.34013529915582863,0.6457297105483849,0.645128207275407,3,707,160,l2,0.0001,lbfgs,0.6309202769262299
0.4358974358974359,0.4807692307692308,0.34341736694677866,0.3360051712992889,0.7222222222222222,0.8418803418803419,0.2423267042188757,0.3078945446578544,0.3398785122716704,0.6859602931852292,0.6760083810839992,4,633,234,l2,0.0001,liblinear,0.6127322404756717
0.3790849673202614,0.42776432606941084,0.3063256680277957,0.28888523673671773,0.8104575163398693,0.8104575163398693,0.17756199063637945,0.2273156112991841,0.3425389140132028,0.6300724008931726,0.6206597135308024,5,714,153,l2,0.0001,liblinear,0.6191490869240992
