accuracy,balanced_accuracy,f1_macro,f1_weighted,mae,adjacent_accuracy,kappa_linear,kappa_quadratic,spearman_r,roc_auc_macro_ovr,roc_auc_weighted_ovr,fold,n_train,n_val,best_penalty,best_C,best_solver,inner_auc_score
0.44274809160305345,0.45282750781472014,0.4428633615380604,0.442734631321038,0.7099236641221374,0.8473282442748091,0.19875041104899716,0.22801187469537854,0.29478431296542174,0.5975611774666537,0.590809951902379,1,736,131,l2,0.001,lbfgs,0.6516862022679952
0.47619047619047616,0.45901151988108513,0.4402514628030092,0.45114425913394984,0.6825396825396826,0.8412698412698413,0.2337115378571204,0.27779462606902416,0.2843584039390808,0.6305790554037398,0.6255836739707707,2,678,189,l2,0.001,lbfgs,0.6597294797042899
0.49375,0.4971428571428571,0.48983428287212877,0.4937221072978839,0.66875,0.8375,0.25784636726200805,0.2796466190961604,0.28800728395953307,0.6529091842359863,0.6512209000468949,3,707,160,l2,0.01,lbfgs,0.6328685883572197
0.4658119658119658,0.474098065677013,0.45258728198988596,0.4698638285680207,0.6452991452991453,0.8888888888888888,0.22577676497655463,0.2760386502880483,0.3526456522919514,0.647802055072298,0.6373577437028858,4,633,234,l2,0.001,lbfgs,0.6350047602349267
0.49019607843137253,0.4888656541198914,0.4722732124662386,0.4962500831118514,0.6405228758169934,0.869281045751634,0.24448251536833632,0.26247030878859845,0.33758554952054354,0.6584069010819822,0.6510006026051082,5,714,153,l2,0.001,lbfgs,0.6257841013672569
