accuracy,balanced_accuracy,f1_macro,f1_weighted,mae,adjacent_accuracy,kappa_linear,kappa_quadratic,spearman_r,roc_auc_macro_ovr,roc_auc_weighted_ovr,fold,n_train,n_val,best_penalty,best_C,best_solver,inner_auc_score
0.4954128440366973,0.5373895732238397,0.4848290598290598,0.4886791343213361,0.6605504587155964,0.8440366972477065,0.31922276197085364,0.36474598636463595,0.3432135445390911,0.6668329235789964,0.6654934113498427,1,758,109,l2,0.0001,lbfgs,0.6238234750978677
0.4628099173553719,0.5120054223502499,0.4641636141636141,0.4461099506554052,0.6446280991735537,0.8925619834710744,0.28096906902331253,0.3472351903724453,0.35583580511431046,0.6711548899704822,0.6528198415550195,2,746,121,l2,0.001,lbfgs,0.6415477630765876
0.41975308641975306,0.41475409836065574,0.40945739590756386,0.4259160599399494,0.6975308641975309,0.8827160493827161,0.15981274095832565,0.20147548475550048,0.2612385047890992,0.6257919282082999,0.6218081164433883,3,705,162,l2,0.001,lbfgs,0.6432490862584332
0.5110132158590308,0.5095238095238096,0.49012487114785114,0.5185051812607548,0.6343612334801763,0.8546255506607929,0.2775493966317465,0.3008008448473114,0.2960837100837534,0.6605539128958333,0.6544014072421463,4,640,227,l2,0.001,lbfgs,0.6468898136079961
0.45161290322580644,0.46649198818186904,0.44951499118165783,0.44890339648404165,0.6935483870967742,0.8548387096774194,0.2267981438515081,0.27380952380952384,0.31520937467036186,0.656209252634303,0.649271953405018,5,619,248,l2,0.001,lbfgs,0.6326014606555991
