n_pairs,pairwise_accuracy,both_correct_rate,mean_delta,median_delta,std_delta,n_positive_delta,per_drug_accuracy,per_drug_roc_auc,per_drug_pr_auc,n_train,n_test,best_penalty,best_C,best_solver,inner_cv_score,threshold,seed
38,0.631578947368421,0.2894736842105263,0.07668692463754352,0.077150156769122,0.15029820732161725,24,0.5806451612903226,0.5976890756302521,0.6600560074758747,831,62,l2,0.01,liblinear,0.6537637086290139,0.4870318120266226,4
