roc_auc,pr_auc,accuracy,f1,balanced_accuracy,matthews_corrcoef,sensitivity,specificity,precision,pos_LR,sensitivity_at_spec100,fold,n_train,n_val,threshold,best_penalty,best_C,best_solver,best_inner_score
0.6259018759018758,0.7296969492210188,0.6018518518518519,0.6666666666666666,0.5876623376623377,0.17336567891911941,0.6515151515151515,0.5238095238095238,0.6825396825396826,1.3681818181818182,0.09090909090909091,1,723,108,0.5088737838735016,l2,0.01,liblinear,0.681961712213783
0.6142544924720739,0.710222501693399,0.5882352941176471,0.631578947368421,0.5943419135502671,0.18314178570514328,0.5689655172413793,0.6197183098591549,0.7096774193548387,1.496168582375479,0.05172413793103448,2,644,187,0.47493442354454385,l2,0.01,liblinear,0.676999332774652
0.6316671989779623,0.6598587171047006,0.6044444444444445,0.6536964980544747,0.5961354199936122,0.19452042911484538,0.6774193548387096,0.5148514851485149,0.631578947368421,1.3963133640552994,0.008064516129032258,3,606,225,0.47088811460643853,l2,0.01,lbfgs,0.6822533132446565
0.5716089466089467,0.6980762794787081,0.5548387096774193,0.6187845303867403,0.5506854256854257,0.09755653091460678,0.5656565656565656,0.5357142857142857,0.6829268292682927,1.2183372183372183,0.030303030303030304,4,676,155,0.4920421972272718,l2,0.1,liblinear,0.6700031420211741
0.784334573808258,0.8394691144306905,0.7243589743589743,0.774869109947644,0.7158426368952685,0.4226086268082356,0.7474747474747475,0.6842105263157895,0.8043478260869565,2.367003367003367,0.0707070707070707,5,675,156,0.5007538923573085,l2,0.01,liblinear,0.6128805028870572
