roc_auc,pr_auc,accuracy,f1,balanced_accuracy,matthews_corrcoef,sensitivity,specificity,precision,pos_LR,sensitivity_at_spec100,fold,n_train,n_val,threshold,best_penalty,best_C,best_solver,best_inner_score
0.6593891402714932,0.692108395323575,0.6243386243386243,0.6432160804020101,0.6253393665158371,0.24941231538981065,0.6153846153846154,0.6352941176470588,0.6736842105263158,1.6873449131513647,0.0673076923076923,1,678,189,0.49494568790030297,l2,0.0001,liblinear,0.6673135806114521
0.6528571428571429,0.7193327501124709,0.6333333333333333,0.725,0.5942857142857143,0.2146980160486773,0.8285714285714286,0.36,0.6444444444444445,1.2946428571428572,0.07142857142857142,2,747,120,0.44106414374780734,l2,0.0001,liblinear,0.6731720297890033
0.7143209876543211,0.7388051707534844,0.6355555555555555,0.6611570247933884,0.6462962962962963,0.2870242386360465,0.5925925925925926,0.7,0.7476635514018691,1.9753086419753083,0.022222222222222223,3,642,225,0.4996070800442718,l2,0.0001,liblinear,0.6380708387808337
0.694546568627451,0.7807098088165514,0.6686746987951807,0.759825327510917,0.6139705882352942,0.26168491872192434,0.8529411764705882,0.375,0.6850393700787402,1.3647058823529412,0.11764705882352941,4,701,166,0.45910675154523783,l2,0.0001,lbfgs,0.6670981545308797
0.6224270353302612,0.7073362826593519,0.6407185628742516,0.7247706422018348,0.6019969278033794,0.2107033686919465,0.7523809523809524,0.45161290322580644,0.6991150442477876,1.3719887955182073,0.0,5,700,167,0.44692482091532093,l2,0.0001,liblinear,0.6886276292440215
