roc_auc,pr_auc,accuracy,f1,balanced_accuracy,matthews_corrcoef,sensitivity,specificity,precision,pos_LR,sensitivity_at_spec100,fold,n_train,n_val,threshold,best_penalty,best_C,best_solver,best_inner_score
0.6126126126126127,0.6982802158981215,0.5819672131147541,0.6530612244897959,0.5639076576576577,0.12736787532516086,0.6486486486486487,0.4791666666666667,0.6575342465753424,1.2454054054054056,0.013513513513513514,1,745,122,0.5202959846271371,l2,0.0001,liblinear,0.6757165615046399
0.7383333333333333,0.8026776475895292,0.704,0.7672955974842768,0.6812499999999999,0.36080022508525966,0.7625,0.6,0.7721518987341772,1.9062499999999998,0.0375,2,742,125,0.49112642043692323,l2,0.0001,lbfgs,0.6627881146622163
0.6817570596145226,0.7276691778472631,0.6595744680851063,0.7419354838709677,0.622852233676976,0.27308884771367714,0.8333333333333334,0.41237113402061853,0.6686046511627907,1.4181286549707603,0.021739130434782608,3,632,235,0.4267821335289767,l2,0.0001,liblinear,0.6552250322257163
0.6281372323278841,0.675859441661293,0.6130434782608696,0.6454183266932271,0.61098319134239,0.22072470929277238,0.627906976744186,0.594059405940594,0.6639344262295082,1.5467952353942143,0.031007751937984496,4,637,230,0.46735727172333946,l1,0.1,liblinear,0.6856791387731078
0.707719298245614,0.768933569735148,0.6516129032258065,0.73,0.6175438596491227,0.24495579537449652,0.7684210526315789,0.4666666666666667,0.6952380952380952,1.4407894736842104,0.05263157894736842,5,712,155,0.4617055695372436,l2,0.0001,liblinear,0.6653131049623117
