n_pairs,pairwise_accuracy,both_correct_rate,mean_delta,median_delta,std_delta,n_positive_delta,per_drug_accuracy,per_drug_roc_auc,per_drug_pr_auc,n_train,n_test,best_penalty,best_C,best_solver,inner_cv_score,threshold,seed
38,0.5789473684210527,0.18421052631578946,0.06722263267065814,0.019330473301206713,0.1672999660807871,22,0.5161290322580645,0.5777310924369747,0.6227616032754536,831,62,l2,0.01,liblinear,0.6933284419071593,0.5065981935562741,3
