roc_auc,pr_auc,accuracy,f1,balanced_accuracy,matthews_corrcoef,sensitivity,specificity,precision,pos_LR,sensitivity_at_spec100,fold,n_train,n_val,threshold,best_penalty,best_C,best_solver,best_inner_score
0.6220242053464556,0.6739393033203296,0.5965909090909091,0.6467661691542289,0.5895065833222504,0.17754345960966791,0.6310679611650486,0.547945205479452,0.6632653061224489,1.3959988231832892,0.009708737864077669,1,655,176,0.541880821995401,l2,0.01,lbfgs,0.6892466235849242
0.7540004776689755,0.8392203088824767,0.6742424242424242,0.7361963190184049,0.6533317411034154,0.31250234568705776,0.759493670886076,0.5471698113207547,0.7142857142857143,1.6772151898734178,0.22784810126582278,2,699,132,0.5283534888637356,l2,0.01,liblinear,0.6449100417463122
0.710205078125,0.7209770068584209,0.6383928571428571,0.6334841628959276,0.6536458333333333,0.3086130325912942,0.546875,0.7604166666666666,0.7526881720430108,2.2826086956521734,0.0234375,3,607,224,0.545886352204538,l2,0.01,liblinear,0.6884906816855254
0.6956699346405228,0.8215586401691014,0.6666666666666666,0.7572815533980582,0.6115196078431372,0.22563493816271693,0.7647058823529411,0.4583333333333333,0.75,1.4117647058823526,0.08823529411764706,4,681,150,0.4489203605298921,l2,0.01,lbfgs,0.6693544528468244
0.6771548436308161,0.7233210709040512,0.697986577181208,0.7513812154696132,0.6853546910755148,0.3673620505697368,0.7391304347826086,0.631578947368421,0.7640449438202247,2.006211180124223,0.010869565217391304,5,682,149,0.5353029547165873,l2,0.01,lbfgs,0.6645510951184105
