accuracy,balanced_accuracy,f1_macro,f1_weighted,mae,adjacent_accuracy,kappa_linear,kappa_quadratic,spearman_r,roc_auc_macro_ovr,roc_auc_weighted_ovr,fold,n_train,n_val,best_penalty,best_C,best_solver,inner_auc_score
0.4351145038167939,0.4693094629156011,0.3554585682245257,0.3315745125067847,0.7404580152671756,0.8244274809160306,0.2538023371895004,0.31573948935237606,0.3513367237454723,0.6094490365995494,0.6011616455034048,1,736,131,l2,0.001,lbfgs,0.6485405059131517
0.43386243386243384,0.4158305462653289,0.33124640837189606,0.34049090504947505,0.7883597883597884,0.7777777777777778,0.16130089049051433,0.1974156627603929,0.2736617505686131,0.6406594537730582,0.636367300345795,2,678,189,l2,0.001,lbfgs,0.6394119287207205
0.44375,0.42997198879551823,0.3457690509583918,0.36455119214586257,0.8,0.75625,0.18846092883182752,0.22395931437182137,0.3035078500167008,0.6517335569050423,0.6496639060092448,3,707,160,l2,0.001,lbfgs,0.63844155131679
0.41025641025641024,0.45034188034188033,0.3231880374465201,0.31330342043266174,0.7735042735042735,0.8162393162393162,0.17698495977614548,0.225741690832032,0.2787219717735987,0.6706913925825521,0.6605709538760114,4,633,234,l2,0.001,lbfgs,0.6304183619923269
0.38562091503267976,0.4372722381196958,0.3378262405977081,0.3218996316786091,0.8169934640522876,0.7973856209150327,0.15079259357932595,0.17876517695685867,0.22962899809610146,0.6114569625930656,0.6078414812896707,5,714,153,l2,0.01,lbfgs,0.6367886435165321
