accuracy,balanced_accuracy,f1_macro,f1_weighted,mae,adjacent_accuracy,kappa_linear,kappa_quadratic,spearman_r,roc_auc_macro_ovr,roc_auc_weighted_ovr,fold,n_train,n_val,best_penalty,best_C,best_solver,inner_auc_score
0.4409448818897638,0.4539190353143841,0.4055802353674694,0.4183786560231525,0.7716535433070866,0.7874015748031497,0.21752797686407643,0.2523045936943218,0.3252599480835603,0.6029482302093581,0.5970784288526566,1,740,127,l1,0.1,liblinear,0.6536668457618137
0.43005181347150256,0.4587067330488383,0.39185212378511,0.3926574052566429,0.7668393782383419,0.8031088082901554,0.18565400843881863,0.20309677419354832,0.2700198573334617,0.6306939665113862,0.6275457517146728,2,674,193,l2,0.001,liblinear,0.6610932860964914
0.38372093023255816,0.4255745308876239,0.33198176706695165,0.31043723985526167,0.8313953488372093,0.7848837209302325,0.16294582085488707,0.20404333361767468,0.3101596317197915,0.6098880141574639,0.6022442673605464,3,695,172,l2,0.001,liblinear,0.6618601630105351
0.5483870967741935,0.5079710144927536,0.40167703840286234,0.46722809034267015,0.6175115207373272,0.8341013824884793,0.3232008192905689,0.3831994922316969,0.4127023472312169,0.7031923230995707,0.7005819072192273,4,650,217,l2,0.0001,liblinear,0.6328280385998364
0.43670886075949367,0.5055692055692056,0.4256197772555999,0.39269388229947805,0.6962025316455697,0.8670886075949367,0.2635593220338984,0.32019927536231885,0.3687633897643342,0.6871695405537958,0.6769579965253189,5,709,158,l2,0.001,liblinear,0.6504407310652864
