accuracy,balanced_accuracy,f1_macro,f1_weighted,mae,adjacent_accuracy,kappa_linear,kappa_quadratic,spearman_r,roc_auc_macro_ovr,roc_auc_weighted_ovr,fold,n_train,n_val,best_penalty,best_C,best_solver,inner_auc_score
0.44921875,0.4254703943050826,0.3467886921550633,0.38729874292768557,0.79296875,0.7578125,0.16896408353855508,0.1961898909202643,0.27652159949805083,0.6135859981031644,0.6194159744489902,1,611,256,l2,0.0001,lbfgs,0.6186283048185804
0.359375,0.40039411554451904,0.3041040400810148,0.2802136632555165,0.8828125,0.7578125,0.09948947827169718,0.11963527747209557,0.19486721732296317,0.6086942629868558,0.6048130934712623,2,739,128,l2,0.0001,liblinear,0.6147631608675261
0.4294478527607362,0.48114731272626016,0.3733858642432895,0.34551989582528,0.7116564417177914,0.8588957055214724,0.26928427886844963,0.34319968162371906,0.40004932267232135,0.6547435719583113,0.6414869956336354,3,704,163,l1,0.01,liblinear,0.6105585135091169
0.41420118343195267,0.4679244366744366,0.34856072297101676,0.3252535883254647,0.7869822485207101,0.7988165680473372,0.2194130925507901,0.26789370460570283,0.33159365069438446,0.6658801367912645,0.6516934579179652,4,698,169,l2,0.0001,liblinear,0.624579604650434
0.4503311258278146,0.48706025774991296,0.3737607141446459,0.35661878898742744,0.7152317880794702,0.8344370860927153,0.26268197847906694,0.32619746949841844,0.3653894415000289,0.654452706639694,0.6399485273041916,5,716,151,l2,0.0001,liblinear,0.6178344974709982
