accuracy,balanced_accuracy,f1_macro,f1_weighted,mae,adjacent_accuracy,kappa_linear,kappa_quadratic,spearman_r,roc_auc_macro_ovr,roc_auc_weighted_ovr,fold,n_train,n_val,best_penalty,best_C,best_solver,inner_auc_score
0.45038167938931295,0.4596476271668088,0.44835836244574506,0.44646316666614716,0.6564885496183206,0.8931297709923665,0.25627145497755477,0.3357943426436577,0.4058749936315002,0.6376051728027233,0.6316547965688204,1,736,131,l2,0.0001,lbfgs,0.6791142386804768
0.43915343915343913,0.4388703084355258,0.41974250095269205,0.430378519019708,0.7301587301587301,0.8306878306878307,0.20795627087761925,0.25541209969965295,0.28964781160255115,0.6241427286308072,0.6264052876956103,2,678,189,l2,0.0001,lbfgs,0.6926801472558672
0.5,0.49647058823529416,0.4936221931159805,0.5055475415058941,0.625,0.875,0.29341105811694035,0.3397783541617544,0.4075038668719546,0.677820069561064,0.6800204327728278,3,707,160,l2,0.0001,lbfgs,0.6701209643175495
0.5042735042735043,0.5001124606387765,0.4864775712943253,0.509084140900492,0.5897435897435898,0.905982905982906,0.271981242672919,0.32026686245092084,0.3580019402934598,0.682054936933023,0.673796851123417,4,633,234,l2,0.0001,lbfgs,0.6468666378495207
0.46405228758169936,0.4668659965270135,0.4522001359157322,0.47761787691631186,0.6470588235294118,0.8888888888888888,0.24660532205918917,0.29930098825798,0.41163798659775214,0.6825076282900873,0.6795781380621051,5,714,153,l2,0.0001,lbfgs,0.6619618391677309
