roc_auc,pr_auc,accuracy,f1,balanced_accuracy,matthews_corrcoef,sensitivity,specificity,precision,pos_LR,sensitivity_at_spec100,fold,n_train,n_val,threshold,best_penalty,best_C,best_solver,best_inner_score
0.6111184998005054,0.6513490625152731,0.5681818181818182,0.5529411764705883,0.5911690384359622,0.18501492417584917,0.4563106796116505,0.726027397260274,0.7014925373134329,1.6655339805825244,0.0,1,655,176,0.5092919050242688,l2,0.0001,liblinear,0.7018447298813381
0.6613326964413662,0.7085335098981476,0.6287878787878788,0.6878980891719745,0.6153570575591115,0.23002840321968415,0.6835443037974683,0.5471698113207547,0.6923076923076923,1.5094936708860758,0.05063291139240506,2,699,132,0.5064134306053636,l2,0.0001,liblinear,0.6562521635074721
0.68994140625,0.7164649554759168,0.6473214285714286,0.7084870848708487,0.6302083333333333,0.2682247497695931,0.75,0.5104166666666666,0.6713286713286714,1.5319148936170213,0.0,3,607,224,0.46158943668498376,l2,0.0001,liblinear,0.6683677771393467
0.7134395424836601,0.800307089077605,0.6266666666666667,0.6818181818181818,0.6482843137254902,0.27670898147709183,0.5882352941176471,0.7083333333333334,0.8108108108108109,2.016806722689076,0.0,4,681,150,0.5187541825309644,l2,0.0001,liblinear,0.6540576533470593
0.6905034324942791,0.7307513919771402,0.6442953020134228,0.6971428571428572,0.6385392829900839,0.27109609312322874,0.6630434782608695,0.6140350877192983,0.7349397590361446,1.717885375494071,0.0,5,682,149,0.5115065289521478,l2,0.0001,liblinear,0.6495362180498718
