accuracy,balanced_accuracy,f1_macro,f1_weighted,mae,adjacent_accuracy,kappa_linear,kappa_quadratic,spearman_r,roc_auc_macro_ovr,roc_auc_weighted_ovr,fold,n_train,n_val,best_penalty,best_C,best_solver,inner_auc_score
0.4954128440366973,0.49133694164489233,0.484861845972957,0.5035354270828276,0.6330275229357798,0.8715596330275229,0.2627193412410549,0.2875816993464052,0.35950123383077875,0.6823903040355132,0.6880324721162655,1,758,109,l2,1.0,lbfgs,0.5949266929398173
0.45454545454545453,0.45657883588918075,0.4479537155593494,0.4599904292605957,0.6859504132231405,0.859504132231405,0.18196627840677693,0.18708010335917313,0.21415746878059544,0.6123033157788508,0.6004031900546453,2,746,121,l2,0.1,lbfgs,0.6208890557864807
0.41358024691358025,0.44060274879947015,0.4133349498215127,0.4130149051186297,0.7222222222222222,0.8641975308641975,0.1796225761772854,0.2271083980323595,0.19916928551739124,0.6143105903514955,0.6085522835784599,3,705,162,l2,0.01,lbfgs,0.6216492816756075
0.4581497797356828,0.4351190476190476,0.4289654559141664,0.4628879553239088,0.6651982378854625,0.8766519823788547,0.20365680830797128,0.25455699214721983,0.3369678460510892,0.6243104219977756,0.6244914715733563,4,640,227,l2,0.1,lbfgs,0.6219108553171135
0.45564516129032256,0.46243331960314676,0.4531474835734471,0.4630366906752434,0.7217741935483871,0.8225806451612904,0.19664121032248727,0.20086893555394647,0.2139296226812078,0.6257906242829883,0.6272365240899227,5,619,248,l2,0.01,lbfgs,0.6081698503169688
