accuracy,balanced_accuracy,f1_macro,f1_weighted,mae,adjacent_accuracy,kappa_linear,kappa_quadratic,spearman_r,roc_auc_macro_ovr,roc_auc_weighted_ovr,fold,n_train,n_val,best_penalty,best_C,best_solver,inner_auc_score
0.5137614678899083,0.5225519472439966,0.508283551321526,0.5264395417455456,0.6238532110091743,0.8623853211009175,0.30858208955223876,0.33693358162631915,0.43360911943951963,0.7208806073497588,0.7255247271453171,1,758,109,l2,0.001,lbfgs,0.6299564704291419
0.5371900826446281,0.5477646925922787,0.533412615280414,0.5402087500479213,0.5867768595041323,0.8760330578512396,0.30284833238659425,0.30281248217239987,0.2870885024957489,0.6751098333216365,0.6680961869607217,2,746,121,l2,0.001,lbfgs,0.642394649773844
0.4876543209876543,0.4870413739266198,0.4809894901843781,0.4898165879968229,0.6234567901234568,0.8888888888888888,0.24668508287292823,0.27936879018118066,0.3460366468353917,0.6745849820893302,0.6729792782336705,3,705,162,l2,0.001,lbfgs,0.6440528964439358
0.46255506607929514,0.45932539682539675,0.4446422646422647,0.46925308290947054,0.7180616740088106,0.8193832599118943,0.1750239682504291,0.17388333506632403,0.15653391987091206,0.6094069270006038,0.6043037472279496,4,640,227,l2,0.001,lbfgs,0.6736859571517504
0.4879032258064516,0.48130024866893467,0.48157503370773513,0.48649865906401607,0.6532258064516129,0.8588709677419355,0.23152257077276206,0.25254624818125126,0.317170653887179,0.6688326725192169,0.6633982098663838,5,619,248,l2,0.01,lbfgs,0.6443291455057146
