roc_auc,pr_auc,accuracy,f1,balanced_accuracy,matthews_corrcoef,sensitivity,specificity,precision,pos_LR,sensitivity_at_spec100,fold,n_train,n_val,threshold,best_penalty,best_C,best_solver,best_inner_score
0.6737094837935174,0.6375549626685248,0.6294642857142857,0.6891385767790262,0.6198879551820728,0.252717912153668,0.773109243697479,0.4666666666666667,0.6216216216216216,1.4495798319327733,0.0,1,669,224,0.46860447626860624,l2,0.001,lbfgs,0.6902096665379265
0.6231707317073171,0.738929462184233,0.6010928961748634,0.694560669456067,0.5623983739837398,0.12160881408921552,0.6747967479674797,0.45,0.7155172413793104,1.2269031781226902,0.008130081300813009,2,710,183,0.5335178498806326,l1,0.1,liblinear,0.7379845851816469
0.7044025157232705,0.7719796992276492,0.65,0.7065868263473054,0.640967252222945,0.276328177391959,0.6781609195402298,0.6037735849056604,0.7375,1.711548987411056,0.06896551724137931,3,753,140,0.5110330166217593,l2,0.001,liblinear,0.6648040720669675
0.6734283625730995,0.7417449107486578,0.6470588235294118,0.7127659574468085,0.6296600877192982,0.2560651760137603,0.6979166666666666,0.5614035087719298,0.7282608695652174,1.5912499999999998,0.03125,4,740,153,0.5114635396142077,l2,0.001,lbfgs,0.6857719329435865
0.7101769911504425,0.7629698114877117,0.6010362694300518,0.5925925925925926,0.622787610619469,0.24761048578561842,0.49557522123893805,0.75,0.7368421052631579,1.9823008849557522,0.05309734513274336,5,700,193,0.5206945333450904,l2,0.001,liblinear,0.7098589324932798
