accuracy,balanced_accuracy,f1_macro,f1_weighted,mae,adjacent_accuracy,kappa_linear,kappa_quadratic,spearman_r,roc_auc_macro_ovr,roc_auc_weighted_ovr,fold,n_train,n_val,best_penalty,best_C,best_solver,inner_auc_score
0.4645669291338583,0.4728395061728395,0.36697979984036344,0.37468944121900033,0.7322834645669292,0.8031496062992126,0.2577766605919688,0.31117011189076427,0.29323233494752204,0.5828752988535034,0.5800927965313473,1,740,127,l2,0.0001,lbfgs,0.6241127386486118
0.40414507772020725,0.420697012802276,0.3107443365695793,0.29839227325318174,0.7772020725388601,0.8186528497409327,0.16416445317011197,0.21124981423688516,0.28651015527352497,0.6311118645247663,0.6280367079693046,2,674,193,l2,0.001,liblinear,0.6110441685989298
0.3488372093023256,0.3651546640161441,0.2908505099645799,0.27948733598711417,0.9011627906976745,0.75,0.0646926747123211,0.081538597890632,0.16176657040489004,0.5639621934569753,0.5558332655716377,3,695,172,l1,0.1,liblinear,0.6327000524639532
0.543778801843318,0.5129850397381954,0.409612392275774,0.47630129541185623,0.6221198156682027,0.8341013824884793,0.3350055614827594,0.39603081763543235,0.43352853631101984,0.6815663389518466,0.679942131881942,4,650,217,l1,0.1,liblinear,0.6049789582388787
0.37341772151898733,0.4681818181818182,0.32592898241753204,0.2595228332980773,0.7848101265822784,0.8417721518987342,0.21317269076305223,0.2785766768132676,0.3346032252664015,0.6295287518915976,0.6107336835975372,5,709,158,l2,0.001,lbfgs,0.6301046791644346
