accuracy,balanced_accuracy,f1_macro,f1_weighted,mae,adjacent_accuracy,kappa_linear,kappa_quadratic,spearman_r,roc_auc_macro_ovr,roc_auc_weighted_ovr,fold,n_train,n_val,best_penalty,best_C,best_solver,inner_auc_score
0.46218487394957986,0.48080246913580243,0.45906132518475323,0.4665071805013909,0.6722689075630253,0.865546218487395,0.21671877571169984,0.23683005038937255,0.2886909244473556,0.6510414219283956,0.6445372754334906,1,748,119,l2,0.0001,lbfgs,0.6529740174246182
0.5114503816793893,0.5284000368746131,0.5127292340884574,0.5105832653968724,0.5877862595419847,0.9007633587786259,0.306592424554891,0.35107969028038266,0.36421818792352106,0.6831671944907548,0.6739372676828227,2,736,131,l2,0.001,lbfgs,0.65977918006667
0.4764705882352941,0.48996415770609314,0.4762614307930146,0.4743682705125201,0.6941176470588235,0.8294117647058824,0.22500386339051148,0.22739244951712034,0.2932327869018176,0.6475313799522421,0.6413682731659641,3,697,170,l2,0.0001,lbfgs,0.6609764687533659
0.4765957446808511,0.46423469930107103,0.45819372191333835,0.4823634837296061,0.625531914893617,0.8978723404255319,0.2615276085422946,0.3386968756764557,0.40889497014017107,0.6408243889283302,0.636979795895743,4,632,235,l2,0.001,lbfgs,0.6805534289504911
0.47641509433962265,0.49570035679639585,0.4697452493568999,0.4835737032705342,0.6415094339622641,0.8820754716981132,0.25467893702822864,0.30161878785732,0.3668681352181796,0.6799449116603752,0.6733544915173441,5,655,212,l2,0.0001,lbfgs,0.6414640115527818
