roc_auc,pr_auc,accuracy,f1,balanced_accuracy,matthews_corrcoef,sensitivity,specificity,precision,pos_LR,sensitivity_at_spec100,fold,n_train,n_val,threshold,best_penalty,best_C,best_solver,best_inner_score
0.7032258064516129,0.7959390312918264,0.7094972067039106,0.7833333333333333,0.6790322580645161,0.34590289987932005,0.7580645161290323,0.6,0.8103448275862069,1.8951612903225805,0.008064516129032258,1,714,179,0.5141048846371544,l1,0.1,liblinear,0.6410348489416304
0.6575668142318414,0.6318162432219907,0.6108597285067874,0.6446280991735537,0.6084604033448107,0.21958317797926433,0.6842105263157895,0.5327102803738317,0.609375,1.4642105263157894,0.0,2,672,221,0.4556023244491906,l2,0.01,liblinear,0.6380027469395628
0.6729393055923668,0.7458384346775006,0.6666666666666666,0.7162162162162162,0.660482374768089,0.31549335861661776,0.6883116883116883,0.6326530612244898,0.7464788732394366,1.873737373737374,0.0,3,767,126,0.5138909703510269,l1,0.1,liblinear,0.6617741803662273
0.6854521625163827,0.7699489092948135,0.686046511627907,0.7589285714285714,0.6518130187854958,0.3107679247059023,0.7798165137614679,0.5238095238095238,0.7391304347826086,1.6376146788990826,0.0,4,721,172,0.48231074046148154,l1,0.1,liblinear,0.6464051966569371
0.6062378167641326,0.668330996842744,0.5948717948717949,0.6291079812206573,0.5963287849252762,0.18990123938545475,0.5877192982456141,0.6049382716049383,0.6767676767676768,1.4876644736842108,0.0,5,698,195,0.47187080674037896,l1,0.1,liblinear,0.6767655661200136
