accuracy,balanced_accuracy,f1_macro,f1_weighted,mae,adjacent_accuracy,kappa_linear,kappa_quadratic,spearman_r,roc_auc_macro_ovr,roc_auc_weighted_ovr,fold,n_train,n_val,best_penalty,best_C,best_solver,inner_auc_score
0.42201834862385323,0.44178486997635935,0.334841628959276,0.34116540052859534,0.8073394495412844,0.7706422018348624,0.19109461966604824,0.23153162358230306,0.30757089383237074,0.6142658562947182,0.6085251442152207,1,758,109,l2,0.0001,liblinear,0.6207411985595264
0.38016528925619836,0.4666045355700528,0.32737139799740117,0.26911524197384407,0.7851239669421488,0.8347107438016529,0.2144467983325361,0.2775640175135996,0.344290456582949,0.6589405266521254,0.6443418840113055,2,746,121,l2,0.0001,liblinear,0.6281813426538744
0.3765432098765432,0.42628391644785085,0.3187041239853606,0.2988857613875504,0.8395061728395061,0.7839506172839507,0.16291793313069913,0.20330404889228415,0.2687207383228665,0.6128547699412183,0.6102698945984566,3,705,162,l2,0.0001,liblinear,0.627293972079039
0.44493392070484583,0.4253968253968254,0.3303908651734739,0.3567097908794901,0.7533039647577092,0.801762114537445,0.17479113076383435,0.21890284900660506,0.3459384114717747,0.631855429367139,0.6256192564253104,4,640,227,l2,0.0001,liblinear,0.6193877183095233
0.45564516129032256,0.4674003417290882,0.36705761551796057,0.36663839786484437,0.7379032258064516,0.8064516129032258,0.24608790989733886,0.2975431472081218,0.3534101464429632,0.6507124077244478,0.645020062236364,5,619,248,l2,0.0001,liblinear,0.624577594172705
