roc_auc,pr_auc,accuracy,f1,balanced_accuracy,matthews_corrcoef,sensitivity,specificity,precision,pos_LR,sensitivity_at_spec100,fold,n_train,n_val,threshold,best_penalty,best_C,best_solver,best_inner_score
0.708203281312525,0.6714537052578042,0.6830357142857143,0.6926406926406926,0.6837535014005602,0.3667885133498733,0.6722689075630253,0.6952380952380952,0.7142857142857143,2.2058823529411766,0.0,1,669,224,0.5083253917857501,l2,0.0001,liblinear,0.6770412224044967
0.6369918699186992,0.7516900642738756,0.6502732240437158,0.7419354838709677,0.5989837398373984,0.1997344747079976,0.7479674796747967,0.45,0.736,1.359940872135994,0.008130081300813009,2,710,183,0.5341906212400165,l2,0.0001,liblinear,0.7245174517012879
0.6851008458035134,0.7423146731488507,0.6428571428571429,0.7023809523809523,0.6315332899587942,0.25840131800494104,0.6781609195402298,0.5849056603773585,0.7283950617283951,1.633751306165099,0.0,3,753,140,0.49022766523683275,l1,0.01,liblinear,0.6863121149073618
0.6747076023391813,0.7322776320502542,0.6209150326797386,0.6979166666666666,0.5945723684210527,0.18914473684210525,0.6979166666666666,0.49122807017543857,0.6979166666666666,1.3717672413793103,0.0,4,740,153,0.4817493579517341,l1,0.01,liblinear,0.6855012931015194
0.7425884955752211,0.7644966315928581,0.7098445595854922,0.7383177570093458,0.7120575221238938,0.41832449239171315,0.6991150442477876,0.725,0.7821782178217822,2.542236524537409,0.0,5,700,193,0.515653620914706,l1,0.01,liblinear,0.6941515813769888
