accuracy,balanced_accuracy,f1_macro,f1_weighted,mae,adjacent_accuracy,kappa_linear,kappa_quadratic,spearman_r,roc_auc_macro_ovr,roc_auc_weighted_ovr,fold,n_train,n_val,best_penalty,best_C,best_solver,inner_auc_score
0.5412844036697247,0.5336723901953465,0.5245037476319907,0.54502259007125,0.5596330275229358,0.8990825688073395,0.36048860248148495,0.41868534344278097,0.48193832603485626,0.7220171826936307,0.7260334494476215,1,758,109,l2,0.01,lbfgs,0.641726911955152
0.45454545454545453,0.4658872038182383,0.45261571841851495,0.4521116419742263,0.6446280991735537,0.9008264462809917,0.23005384238864413,0.2910970706490523,0.33837986950420335,0.6400320635123689,0.6255642638592692,2,746,121,l2,0.1,lbfgs,0.6566314744163572
0.5061728395061729,0.5160267783218603,0.5037003117973086,0.5081227760328713,0.5987654320987654,0.8950617283950617,0.29024390243902454,0.33175892688456454,0.3141228466212511,0.653148962574583,0.6469386191590142,3,705,162,l2,0.01,lbfgs,0.6577057602764608
0.47577092511013214,0.4488095238095238,0.44222923900676436,0.48057751929872133,0.6916299559471366,0.8325991189427313,0.18775212525924756,0.1925901048742883,0.25828173975846447,0.6297739044665275,0.6315927958413695,4,640,227,l2,0.01,lbfgs,0.6518369118489276
0.4959677419354839,0.48887600624469235,0.4866910866910867,0.4980828311473472,0.625,0.8790322580645161,0.2707819554577532,0.31057667442461845,0.3270789050959976,0.6585784691402837,0.6563405677010947,5,619,248,l2,0.1,lbfgs,0.6357446073932751
