roc_auc,pr_auc,accuracy,f1,balanced_accuracy,matthews_corrcoef,sensitivity,specificity,precision,pos_LR,sensitivity_at_spec100,fold,n_train,n_val,threshold,best_penalty,best_C,best_solver,best_inner_score
0.67641973666711,0.7209710180941571,0.6193181818181818,0.6492146596858639,0.6228886820055859,0.24218054507279663,0.6019417475728155,0.6438356164383562,0.7045454545454546,1.690067214339059,0.009708737864077669,1,655,176,0.5067764955562442,l2,0.01,lbfgs,0.6781303204995062
0.6747074277525675,0.7093615282082824,0.6818181818181818,0.7469879518072289,0.6565560066873657,0.32380632526173375,0.7848101265822784,0.5283018867924528,0.7126436781609196,1.6637974683544303,0.0379746835443038,2,699,132,0.4965794268778771,l2,0.01,lbfgs,0.6500365094915989
0.6748860677083333,0.7070793141206342,0.6428571428571429,0.6747967479674797,0.6419270833333333,0.28134677325731033,0.6484375,0.6354166666666666,0.7033898305084746,1.7785714285714285,0.0078125,3,607,224,0.5116916179016165,l2,0.01,liblinear,0.683912749144934
0.6858660130718954,0.801814599285815,0.64,0.7065217391304348,0.6415441176470589,0.2652657279137353,0.6372549019607843,0.6458333333333334,0.7926829268292683,1.7993079584775087,0.00980392156862745,4,681,150,0.4934298861135839,l2,0.01,lbfgs,0.642634474872008
0.6632341723874905,0.7492493798182016,0.6711409395973155,0.7562189054726368,0.6235697940503433,0.2710381444170016,0.8260869565217391,0.42105263157894735,0.6972477064220184,1.4268774703557312,0.08695652173913043,5,682,149,0.48083048257580835,l2,0.001,liblinear,0.6505043604622129
