roc_auc,pr_auc,accuracy,f1,balanced_accuracy,matthews_corrcoef,sensitivity,specificity,precision,pos_LR,sensitivity_at_spec100,fold,n_train,n_val,threshold,best_penalty,best_C,best_solver,best_inner_score
0.6551403112115973,0.7106934551621045,0.6193181818181818,0.6699507389162561,0.61091900518686,0.22065268055170612,0.6601941747572816,0.5616438356164384,0.68,1.5060679611650487,0.04854368932038835,1,655,176,0.5144966078385649,l2,0.001,liblinear,0.7505102514868432
0.7093384284690709,0.7593538363228236,0.6893939393939394,0.7515151515151515,0.6659899689515165,0.3415349702686158,0.7848101265822784,0.5471698113207547,0.7209302325581395,1.7331223628691983,0.08860759493670886,2,699,132,0.4905710200901888,l1,0.01,liblinear,0.6609093660026788
0.7335611979166666,0.7629734824890803,0.6741071428571429,0.7044534412955465,0.6731770833333333,0.34347322487953896,0.6796875,0.6666666666666666,0.7310924369747899,2.0390624999999996,0.0234375,3,607,224,0.5005314572989976,l2,0.0001,liblinear,0.6925618069389554
0.7295751633986928,0.8178562967480026,0.7,0.7692307692307693,0.6801470588235294,0.34625732861716096,0.7352941176470589,0.625,0.8064516129032258,1.9607843137254903,0.049019607843137254,4,681,150,0.5172575326366214,l2,0.0001,liblinear,0.6612906283252526
0.6710526315789473,0.7176811903711193,0.6644295302013423,0.7368421052631579,0.6348207475209764,0.27619762643694823,0.7608695652173914,0.5087719298245614,0.7142857142857143,1.548913043478261,0.0,5,682,149,0.4932278425547854,l2,0.001,liblinear,0.699658374188626
