roc_auc,pr_auc,accuracy,f1,balanced_accuracy,matthews_corrcoef,sensitivity,specificity,precision,pos_LR,sensitivity_at_spec100,fold,n_train,n_val,threshold,best_penalty,best_C,best_solver,best_inner_score
0.6273054115889247,0.6901456616984745,0.6073825503355704,0.6846361185983828,0.5818975580146613,0.16875736348825174,0.7175141242937854,0.4462809917355372,0.654639175257732,1.2958090901425081,0.011299435028248588,1,595,298,0.4662138498948961,l2,0.01,liblinear,0.6728045472478842
0.7101725012683917,0.7288621080762933,0.6464088397790055,0.6631578947368421,0.6615296803652968,0.31836924950736445,0.5833333333333334,0.7397260273972602,0.7682926829268293,2.2412280701754383,0.009259259259259259,2,712,181,0.5050623182839458,l2,0.001,liblinear,0.6132441999236887
0.5404494382022472,0.7122927330261342,0.539568345323741,0.6483516483516484,0.4914606741573033,-0.017418598015433266,0.6629213483146067,0.32,0.6344086021505376,0.9748843357567747,0.011235955056179775,3,754,139,0.4977590986609735,l1,0.1,liblinear,0.6795192231370429
0.6761038961038961,0.7422504579708871,0.6777777777777778,0.7289719626168224,0.6688311688311688,0.33327636788246306,0.7090909090909091,0.6285714285714286,0.75,1.9090909090909092,0.01818181818181818,4,713,180,0.4780024124851145,l2,0.01,liblinear,0.6333080182384494
0.7186088527551943,0.699645931854515,0.6210526315789474,0.6,0.6402439024390244,0.28636869189454983,0.5,0.7804878048780488,0.75,2.277777777777778,0.0,5,798,95,0.5443885277753612,l2,0.01,liblinear,0.6507839189652046
