roc_auc,pr_auc,accuracy,f1,balanced_accuracy,matthews_corrcoef,sensitivity,specificity,precision,pos_LR,sensitivity_at_spec100,fold,n_train,n_val,threshold,best_penalty,best_C,best_solver,best_inner_score
0.6493006993006992,0.6905091962388357,0.6170212765957447,0.6435643564356436,0.6223776223776224,0.241238222938965,0.5909090909090909,0.6538461538461539,0.7065217391304348,1.7070707070707072,0.00909090909090909,1,679,188,0.5251507302111293,l1,0.1,liblinear,0.6612531183641053
0.6470415072122461,0.7157667845341256,0.680327868852459,0.7483870967741936,0.6577862820135414,0.3110722711013013,0.7341772151898734,0.5813953488372093,0.7631578947368421,1.7538677918424757,0.0,2,745,122,0.4869719739656148,l2,0.01,liblinear,0.6691031137932673
0.6364864864864865,0.7300348540326993,0.6608187134502924,0.7314814814814815,0.6391891891891892,0.27290154722033816,0.7117117117117117,0.5666666666666667,0.7523809523809524,1.6424116424116422,0.018018018018018018,3,696,171,0.4991892967665428,l2,0.0001,liblinear,0.6768240027104158
0.6136634449887463,0.6254255014987663,0.5862068965517241,0.6571428571428571,0.5779160598437707,0.16740248287149462,0.7582417582417582,0.39759036144578314,0.5798319327731093,1.2586813186813188,0.02197802197802198,4,693,174,0.4730428291956898,l1,0.01,liblinear,0.6767286503706249
0.7081379310344829,0.7478741609309292,0.6698113207547169,0.7463768115942029,0.6361379310344828,0.29584918922077336,0.824,0.4482758620689655,0.6821192052980133,1.4934999999999998,0.008,5,655,212,0.4917983961379788,l2,0.0001,lbfgs,0.6479024735627164
