accuracy,balanced_accuracy,f1_macro,f1_weighted,mae,adjacent_accuracy,kappa_linear,kappa_quadratic,spearman_r,roc_auc_macro_ovr,roc_auc_weighted_ovr,fold,n_train,n_val,best_penalty,best_C,best_solver,inner_auc_score
0.47265625,0.4195291810467962,0.3537394346645291,0.3948027727938828,0.73828125,0.7890625,0.1591825385791742,0.19094236826423772,0.24316168001101665,0.6098787018449398,0.6114167196483857,1,611,256,l2,0.01,lbfgs,0.6259491994662258
0.34375,0.38248960626069944,0.2826086956521739,0.262398097826087,0.90625,0.75,0.09175434303890384,0.11520737327188935,0.14131044743318188,0.5690728583931571,0.5679030805127296,2,739,128,l2,0.01,lbfgs,0.6097850509511142
0.4049079754601227,0.456516290726817,0.3396468660153573,0.3079615616290282,0.7607361963190185,0.8343558282208589,0.2235113330772186,0.28543985814205486,0.3467056440927,0.6272243190346313,0.6156812908216239,3,704,163,l2,0.01,lbfgs,0.5947208271816882
0.39644970414201186,0.43576388888888884,0.3243665993706917,0.3059720792196207,0.8165680473372781,0.7869822485207101,0.18271656854499574,0.22710048347053446,0.2697051231653683,0.6209899945710252,0.6121234436653521,4,698,169,l2,0.01,liblinear,0.615863579929284
0.40397350993377484,0.44343434343434346,0.3283882783882784,0.31236809548067823,0.8079470198675497,0.7880794701986755,0.18334958772940868,0.22751526486605422,0.28447057004236065,0.6463039723338361,0.634369230488052,5,716,151,l2,0.001,lbfgs,0.6037143235004332
