accuracy,balanced_accuracy,f1_macro,f1_weighted,mae,adjacent_accuracy,kappa_linear,kappa_quadratic,spearman_r,roc_auc_macro_ovr,roc_auc_weighted_ovr,fold,n_train,n_val,best_penalty,best_C,best_solver,inner_auc_score
0.4409448818897638,0.4483778351995406,0.43644737769691194,0.4437023086146734,0.7007874015748031,0.8582677165354331,0.21686413081133515,0.2706179646220995,0.29812199896182356,0.6067829858483743,0.603770119047222,1,740,127,l2,0.01,lbfgs,0.6647343620649402
0.47150259067357514,0.470697012802276,0.4567077690182602,0.4784539957749031,0.6839378238341969,0.844559585492228,0.20650345729770125,0.21029750234421618,0.26328339519624433,0.6295555188487186,0.630770622024233,2,674,193,l2,0.001,lbfgs,0.6700860805157329
0.42441860465116277,0.4358001265022138,0.42320213369681786,0.4250140564737309,0.7209302325581395,0.8546511627906976,0.19040388703310052,0.23637477036129828,0.3204731005942742,0.6357995920377325,0.6308241177427223,3,695,172,l2,0.001,lbfgs,0.665049562554303
0.4930875576036866,0.5306568489948574,0.47403381642512077,0.506778868630201,0.6912442396313364,0.815668202764977,0.2949051208734079,0.32757598620392325,0.4224293385801007,0.7117992402369321,0.7058511497863578,4,650,217,l2,0.0001,lbfgs,0.6435002247548014
0.5189873417721519,0.5288288288288289,0.5159422170867111,0.5213012197209259,0.5759493670886076,0.9050632911392406,0.30399845096330724,0.34153061927395456,0.36675493355598227,0.6854215999454625,0.6779332677865012,5,709,158,l2,0.001,lbfgs,0.6606060595632092
