roc_auc,pr_auc,accuracy,f1,balanced_accuracy,matthews_corrcoef,sensitivity,specificity,precision,pos_LR,sensitivity_at_spec100,fold,n_train,n_val,threshold,best_penalty,best_C,best_solver,best_inner_score
0.7390589425752593,0.8019578989889004,0.7243243243243244,0.7829787234042553,0.7032633442954719,0.40524725352816177,0.7796610169491526,0.6268656716417911,0.7863247863247863,2.089491525423729,0.0423728813559322,1,646,185,0.4813682675498567,l2,0.0001,liblinear,0.691991216697517
0.6970372730168843,0.7801249526423444,0.6982758620689655,0.7619047619047619,0.6742593182542211,0.35025243164785697,0.7671232876712328,0.5813953488372093,0.7567567567567568,1.832572298325723,0.0410958904109589,2,715,116,0.5006460410854874,l2,0.0001,liblinear,0.6925914876757855
0.6819106590004425,0.6927339268741153,0.6401869158878505,0.6857142857142857,0.6318885448916409,0.26634573520410065,0.7058823529411765,0.5578947368421052,0.6666666666666666,1.5966386554621848,0.01680672268907563,3,617,214,0.43491697433602566,l2,0.0001,liblinear,0.7115575173440429
0.7198245614035088,0.7745600127131915,0.6709677419354839,0.7536231884057971,0.6271929824561404,0.27674981247491715,0.8210526315789474,0.43333333333333335,0.6964285714285714,1.4489164086687307,0.0,4,676,155,0.4852522597471227,l2,0.0001,liblinear,0.6723851952035819
0.6640599543825351,0.7460904795971646,0.639751552795031,0.7184466019417476,0.6076083414793092,0.22181995191496048,0.7474747474747475,0.46774193548387094,0.6915887850467289,1.4043464952555864,0.08080808080808081,5,670,161,0.49667665856561066,l2,0.001,lbfgs,0.6833003440464192
