roc_auc,pr_auc,accuracy,f1,balanced_accuracy,matthews_corrcoef,sensitivity,specificity,precision,pos_LR,sensitivity_at_spec100,fold,n_train,n_val,threshold,best_penalty,best_C,best_solver,best_inner_score
0.6665066026410563,0.6385555723311926,0.6294642857142857,0.6819923371647509,0.6215686274509804,0.251865417691003,0.7478991596638656,0.49523809523809526,0.6267605633802817,1.4816870144284129,0.0,1,669,224,0.4747620275270944,l2,0.001,lbfgs,0.6994105876719411
0.6056910569105691,0.7003789408811472,0.644808743169399,0.7325102880658436,0.6034552845528456,0.20443250882528904,0.7235772357723578,0.48333333333333334,0.7416666666666667,1.4004720692368215,0.0,2,710,183,0.5340991500500174,l2,0.001,liblinear,0.7186079136960898
0.7031012795489049,0.7591620307833795,0.6857142857142857,0.7349397590361446,0.6807633918889612,0.35363852913360105,0.7011494252873564,0.660377358490566,0.7721518987341772,2.0644955300127714,0.011494252873563218,3,753,140,0.49325501842289443,l2,0.0001,liblinear,0.6678131329531737
0.6335891812865497,0.7187519416308117,0.5686274509803921,0.611764705882353,0.5778508771929824,0.1506389031905025,0.5416666666666666,0.6140350877192983,0.7027027027027027,1.4034090909090908,0.010416666666666666,4,740,153,0.5251331866541837,l1,0.01,liblinear,0.6881390097614927
0.7466814159292035,0.7921579187772043,0.6217616580310881,0.5921787709497207,0.6532632743362832,0.31833066924365316,0.4690265486725664,0.8375,0.803030303030303,2.886317222600409,0.0,5,700,193,0.5456074250992075,l2,0.001,liblinear,0.6812193619562283
