roc_auc,pr_auc,accuracy,f1,balanced_accuracy,matthews_corrcoef,sensitivity,specificity,precision,pos_LR,sensitivity_at_spec100,fold,n_train,n_val,threshold,best_penalty,best_C,best_solver,best_inner_score
0.7131701631701632,0.7352750046366172,0.6436170212765957,0.6417112299465241,0.6637529137529137,0.32813746903285745,0.5454545454545454,0.782051282051282,0.7792207792207793,2.5026737967914436,0.0,1,679,188,0.5094239920059627,l2,0.001,liblinear,0.6984710490839701
0.6438033559022667,0.709916431222596,0.6557377049180327,0.7236842105263158,0.6387989402413895,0.2705231583932856,0.6962025316455697,0.5813953488372093,0.7534246575342466,1.6631504922644165,0.0379746835443038,2,745,122,0.5132127754869878,l2,0.001,liblinear,0.6811996957397425
0.6627627627627628,0.7417211620722234,0.6783625730994152,0.7488584474885844,0.6527027027027027,0.3021563193091306,0.7387387387387387,0.5666666666666667,0.7592592592592593,1.7047817047817047,0.009009009009009009,3,696,171,0.49504813200256503,l2,0.001,liblinear,0.6874782903160372
0.6870117833973256,0.7014386050915807,0.6379310344827587,0.676923076923077,0.6337216999867602,0.2724118135222825,0.7252747252747253,0.5421686746987951,0.6346153846153846,1.584152689415847,0.03296703296703297,4,693,174,0.49237157777159807,l2,0.0001,liblinear,0.6749370614656028
0.7135632183908046,0.7607007168328673,0.6792452830188679,0.7518248175182481,0.6476321839080459,0.31780612559749716,0.824,0.47126436781609193,0.6912751677852349,1.5584347826086955,0.008,5,655,212,0.45857885237762425,l2,0.001,lbfgs,0.6887552815547161
