roc_auc,pr_auc,accuracy,f1,balanced_accuracy,matthews_corrcoef,sensitivity,specificity,precision,pos_LR,sensitivity_at_spec100,fold,n_train,n_val,threshold,best_penalty,best_C,best_solver,best_inner_score
0.6950000000000001,0.6272002496124928,0.6333333333333333,0.631578947368421,0.6345454545454545,0.26898089395097036,0.66,0.6090909090909091,0.6055045871559633,1.688372093023256,0.0,1,683,210,0.5093990185082787,l2,0.001,liblinear,0.6944301199306635
0.7226809799064134,0.8200482079276051,0.6575875486381323,0.7161290322580646,0.6660473437930086,0.3122293438425242,0.6416184971098265,0.6904761904761905,0.8102189781021898,2.072921298354824,0.011560693641618497,2,636,257,0.5008463341223257,l2,0.0001,liblinear,0.695870644051054
0.7244444444444444,0.8014040094602408,0.6833333333333333,0.7532467532467533,0.6533333333333333,0.31303866818682174,0.7733333333333333,0.5333333333333333,0.7341772151898734,1.657142857142857,0.08,3,773,120,0.531643322956506,l2,0.001,liblinear,0.7045486429291568
0.733497920997921,0.7391812989868408,0.6797752808988764,0.7219512195121951,0.6733367983367984,0.344863511701541,0.7115384615384616,0.6351351351351351,0.7326732673267327,1.95014245014245,0.0,4,715,178,0.505019983031047,l2,0.001,liblinear,0.691839505694358
0.6508859357696566,0.7849138886958352,0.6484375,0.7368421052631579,0.60437430786268,0.20751704972191148,0.7325581395348837,0.47619047619047616,0.7411764705882353,1.3985200845665962,0.011627906976744186,5,765,128,0.4570225119580657,l2,0.01,liblinear,0.7264750938221317
