roc_auc,pr_auc,accuracy,f1,balanced_accuracy,matthews_corrcoef,sensitivity,specificity,precision,pos_LR,sensitivity_at_spec100,fold,n_train,n_val,threshold,best_penalty,best_C,best_solver,best_inner_score
0.6354072398190045,0.6576582125918593,0.6190476190476191,0.6538461538461539,0.615158371040724,0.23031674208144795,0.6538461538461539,0.5764705882352941,0.6538461538461539,1.5438034188034186,0.009615384615384616,1,678,189,0.4656440067920512,l1,0.1,liblinear,0.6481720336070715
0.6191428571428571,0.649817682248731,0.6,0.6363636363636364,0.6,0.19731230785181877,0.6,0.6,0.6774193548387096,1.4999999999999998,0.0,2,747,120,0.5073564531970729,l1,0.1,liblinear,0.6473946403331404
0.6310288065843622,0.7000519184957519,0.5777777777777777,0.592274678111588,0.5944444444444444,0.18662922498933257,0.5111111111111111,0.6777777777777778,0.7040816326530612,1.5862068965517242,0.022222222222222223,3,642,225,0.49186598720843344,l2,0.001,lbfgs,0.6180420983240694
0.63671875,0.6943372419679605,0.6506024096385542,0.7387387387387387,0.6050857843137255,0.22855698563069796,0.803921568627451,0.40625,0.6833333333333333,1.3539731682146543,0.00980392156862745,4,701,166,0.455117366315349,l1,0.1,liblinear,0.6366601960932119
0.642089093701997,0.716826728588813,0.6407185628742516,0.7297297297297297,0.5953917050691244,0.20125800738615,0.7714285714285715,0.41935483870967744,0.6923076923076923,1.3285714285714287,0.0,5,700,167,0.49556653629682773,l2,0.0001,lbfgs,0.6144495307384398
