roc_auc,pr_auc,accuracy,f1,balanced_accuracy,matthews_corrcoef,sensitivity,specificity,precision,pos_LR,sensitivity_at_spec100,fold,n_train,n_val,threshold,best_penalty,best_C,best_solver,best_inner_score
0.7288856304985338,0.8140332738441913,0.7150837988826816,0.7848101265822784,0.6931818181818181,0.36946835138262557,0.75,0.6363636363636364,0.8230088495575221,2.0625,0.008064516129032258,1,714,179,0.5111768374595684,l2,0.001,liblinear,0.6724788222928982
0.7010985407443843,0.6931503936661583,0.6108597285067874,0.6504065040650406,0.6078865387768486,0.2198667726034112,0.7017543859649122,0.514018691588785,0.6060606060606061,1.4439946018893386,0.02631578947368421,2,672,221,0.46010606555625144,l1,0.01,liblinear,0.6800746743613963
0.7498012191889744,0.8153428295081656,0.7063492063492064,0.7516778523489933,0.7003710575139146,0.39477101697586137,0.7272727272727273,0.673469387755102,0.7777777777777778,2.227272727272727,0.025974025974025976,3,767,126,0.5098329848980916,l1,0.01,liblinear,0.6446930810381526
0.6237075870103393,0.7318912244733627,0.6395348837209303,0.7102803738317757,0.6184651230522791,0.23408413385296706,0.6972477064220184,0.5396825396825397,0.7238095238095238,1.5147105346409364,0.05504587155963303,4,721,172,0.5423526544917592,l2,0.0001,liblinear,0.6927496390017983
0.6585445094217024,0.6791245385380932,0.6410256410256411,0.6982758620689655,0.6268680961663418,0.2557943733960767,0.7105263157894737,0.5432098765432098,0.6864406779661016,1.5554765291607395,0.0,5,698,195,0.4813065389644394,l2,0.001,liblinear,0.7234844047923958
