roc_auc,pr_auc,accuracy,f1,balanced_accuracy,matthews_corrcoef,sensitivity,specificity,precision,pos_LR,sensitivity_at_spec100,fold,n_train,n_val,threshold,best_penalty,best_C,best_solver,best_inner_score
0.7270427523399949,0.7779816889572181,0.7351351351351352,0.8016194331983806,0.6956109284088035,0.4092725772833753,0.8389830508474576,0.5522388059701493,0.7674418604651163,1.8737288135593222,0.0,1,646,185,0.4851493937533417,l2,0.001,liblinear,0.7210125196753145
0.7069130296272698,0.8013264823087531,0.6724137931034483,0.7164179104477612,0.6776043325899967,0.3435840125410785,0.6575342465753424,0.6976744186046512,0.7868852459016393,2.1749209694415175,0.1095890410958904,2,715,116,0.5321777450803439,l1,0.01,liblinear,0.6984684204972476
0.7112781954887217,0.7541782228235407,0.6635514018691588,0.6974789915966386,0.659265811587793,0.31853162317558603,0.6974789915966386,0.6210526315789474,0.6974789915966386,1.8405695611577966,0.1092436974789916,3,617,214,0.4701948336184381,l2,0.0001,liblinear,0.7166099077699639
0.7228070175438597,0.7724233553010809,0.6967741935483871,0.7513227513227513,0.6820175438596492,0.36295420218070484,0.7473684210526316,0.6166666666666667,0.7553191489361702,1.9496567505720825,0.021052631578947368,4,676,155,0.5461916712802356,l2,0.0001,liblinear,0.6968418531530374
0.6616161616161615,0.71481986816627,0.639751552795031,0.7040816326530612,0.6226783968719453,0.24396957839730765,0.696969696969697,0.5483870967741935,0.711340206185567,1.5432900432900432,0.0,5,670,161,0.5207010483898444,l2,0.001,liblinear,0.6961886764707261
