roc_auc,pr_auc,accuracy,f1,balanced_accuracy,matthews_corrcoef,sensitivity,specificity,precision,pos_LR,sensitivity_at_spec100,fold,n_train,n_val,threshold,best_penalty,best_C,best_solver,best_inner_score
0.7091779279279279,0.7839572270763375,0.639344262295082,0.7066666666666667,0.6185247747747749,0.23894057307238634,0.7162162162162162,0.5208333333333334,0.6973684210526315,1.4947121034077557,0.12162162162162163,1,745,122,0.5029238179705925,l2,0.01,lbfgs,0.6517628907048871
0.7219444444444444,0.8106222745526477,0.648,0.717948717948718,0.6277777777777778,0.25126485138204385,0.7,0.5555555555555556,0.7368421052631579,1.575,0.05,2,742,125,0.46136639774326293,l2,0.01,lbfgs,0.6623857193937818
0.6857164201404453,0.7454819681721044,0.6170212765957447,0.64,0.6249066188555207,0.24625173064381245,0.5797101449275363,0.6701030927835051,0.7142857142857143,1.757246376811594,0.014492753623188406,3,632,235,0.5131895524601516,l2,0.01,lbfgs,0.6716604121658631
0.5552229641568808,0.6215449814552656,0.5391304347826087,0.5954198473282443,0.5300483536725765,0.06039410259444308,0.6046511627906976,0.45544554455445546,0.5864661654135338,1.1103594080338266,0.023255813953488372,4,637,230,0.47555214092550613,l2,0.01,lbfgs,0.7030291567581513
0.7507017543859649,0.7855727561000948,0.7096774193548387,0.7715736040609137,0.6833333333333333,0.37650507765311986,0.8,0.5666666666666667,0.7450980392156863,1.8461538461538463,0.0,5,712,155,0.46127965719586866,l2,0.01,lbfgs,0.6527373883357843
