n_pairs,pairwise_accuracy,both_correct_rate,mean_delta,median_delta,std_delta,n_positive_delta,per_drug_accuracy,per_drug_roc_auc,per_drug_pr_auc,n_train,n_test,best_penalty,best_C,best_solver,inner_cv_score,threshold,seed
13,0.46153846153846156,0.5384615384615384,-0.008920779564189697,-0.018901255589785726,0.04149039220282592,6,0.7692307692307693,0.5227272727272727,0.867780266853631,867,26,l2,0.001,lbfgs,0.6456519261326149,0.4860022811217417,4
