roc_auc,pr_auc,accuracy,f1,balanced_accuracy,matthews_corrcoef,sensitivity,specificity,precision,pos_LR,sensitivity_at_spec100,fold,n_train,n_val,threshold,best_penalty,best_C,best_solver,best_inner_score
0.62775,0.7269736517982155,0.5846153846153846,0.6447368421052632,0.57625,0.14925180579332048,0.6125,0.54,0.6805555555555556,1.331521739130435,0.0,1,737,130,0.49454471842163616,l1,0.1,liblinear,0.6641989713018466
0.5749608763693271,0.6645660012700711,0.5603448275862069,0.6046511627906976,0.5635367762128325,0.12384047490133089,0.5492957746478874,0.5777777777777777,0.6724137931034483,1.3009636767976278,0.014084507042253521,2,751,116,0.5273081269764267,l1,0.1,liblinear,0.6441348118091165
0.6294117647058823,0.6032920426825669,0.6048951048951049,0.6435331230283912,0.6010294117647059,0.2047204311204477,0.68,0.5220588235294118,0.6107784431137725,1.422769230769231,0.006666666666666667,3,581,286,0.4768995593443871,l2,0.001,lbfgs,0.6776124380669744
0.6689799331103679,0.814613732154561,0.6287425149700598,0.7256637168141593,0.577675585284281,0.15237356166274138,0.7130434782608696,0.4423076923076923,0.7387387387387387,1.2785607196401798,0.05217391304347826,4,700,167,0.4745463560472608,l1,0.1,liblinear,0.6511714628191655
0.6879411764705883,0.7419520140402471,0.6726190476190477,0.7465437788018433,0.6402941176470589,0.299533840647163,0.81,0.47058823529411764,0.6923076923076923,1.53,0.04,5,699,168,0.4850602099343335,l2,0.001,lbfgs,0.649567589750139
