n_pairs,pairwise_accuracy,both_correct_rate,mean_delta,median_delta,std_delta,n_positive_delta,per_drug_accuracy,per_drug_roc_auc,per_drug_pr_auc,n_train,n_test,best_penalty,best_C,best_solver,inner_cv_score,threshold,seed
13,0.23076923076923078,0.6153846153846154,-0.022246791227370215,-0.023570505350927196,0.030008193718329083,3,0.8461538461538461,0.29545454545454547,0.7528871549150646,867,26,l2,0.0001,liblinear,0.686002133491328,0.49581018248097697,2
