roc_auc,pr_auc,accuracy,f1,balanced_accuracy,matthews_corrcoef,sensitivity,specificity,precision,pos_LR,sensitivity_at_spec100,fold,n_train,n_val,threshold,best_penalty,best_C,best_solver,best_inner_score
0.6668240850059032,0.767644724193729,0.6020942408376964,0.638095238095238,0.6197166469893742,0.2312763135774055,0.5537190082644629,0.6857142857142857,0.7528089887640449,1.7618332081142,0.01652892561983471,1,702,191,0.5294737347694128,l1,0.1,liblinear,0.6782174912910353
0.6670380391532706,0.7551310992303754,0.5792682926829268,0.6387434554973822,0.5748050294445328,0.14500941200052603,0.5922330097087378,0.5573770491803278,0.6931818181818182,1.3380079108234446,0.0,2,729,164,0.5424419412659313,l1,0.1,liblinear,0.6624071425398428
0.7220309810671257,0.7086859222933857,0.6629834254143646,0.6934673366834171,0.6592697319891812,0.3196021178878639,0.7040816326530612,0.6144578313253012,0.6831683168316832,1.8262117346938775,0.01020408163265306,3,712,181,0.4816988239015457,l1,0.01,liblinear,0.6474125420283056
0.6918596184651231,0.7785586534065306,0.6627906976744186,0.7128712871287128,0.6636085626911314,0.3163475889331413,0.6605504587155964,0.6666666666666666,0.7741935483870968,1.9816513761467889,0.06422018348623854,4,721,172,0.5312398849846094,l1,0.1,liblinear,0.6923847638163337
0.707764198418404,0.7054097465563086,0.6,0.6063829787234043,0.612508986340762,0.22397380012077125,0.5327102803738317,0.6923076923076923,0.7037037037037037,1.731308411214953,0.028037383177570093,5,708,185,0.532863066585258,l2,0.001,liblinear,0.6631523549572337
