accuracy,balanced_accuracy,f1_macro,f1_weighted,mae,adjacent_accuracy,kappa_linear,kappa_quadratic,spearman_r,roc_auc_macro_ovr,roc_auc_weighted_ovr,fold,n_train,n_val,best_penalty,best_C,best_solver,inner_auc_score
0.4122137404580153,0.42668371696504687,0.41062883403250633,0.40948179240381016,0.7786259541984732,0.8091603053435115,0.1489171974522292,0.16406381192275388,0.25512166841109485,0.6122889952335334,0.608497111365204,1,736,131,l2,0.001,lbfgs,0.633586059003622
0.4708994708994709,0.4517651430694909,0.43136265805757334,0.4495064504144407,0.6984126984126984,0.8306878306878307,0.23061740578548084,0.26989633016673886,0.27362088737609974,0.6102390005615812,0.6105704815382235,2,678,189,l2,0.001,lbfgs,0.6439632819437063
0.475,0.46881419234360416,0.4652421652421652,0.47637820512820517,0.6125,0.9125,0.31034482758620685,0.41517753539104196,0.364670552462162,0.6422583127710788,0.6409671652039928,3,707,160,l2,0.001,lbfgs,0.6301651454330404
0.46153846153846156,0.47492577597840757,0.4471427274513073,0.4598562494016207,0.6452991452991453,0.8931623931623932,0.23353579175704986,0.2977694168234345,0.3205221427190067,0.6399222406581041,0.6222958175600882,4,633,234,l2,0.001,lbfgs,0.6237937439346979
0.48366013071895425,0.4963252378506615,0.4719345051265955,0.4920116194625998,0.6666666666666666,0.8496732026143791,0.2357492654260529,0.24166108506363027,0.37032011947367677,0.6658728891047431,0.654355287660022,5,714,153,l2,0.001,lbfgs,0.6097518780079216
