roc_auc,pr_auc,accuracy,f1,balanced_accuracy,matthews_corrcoef,sensitivity,specificity,precision,pos_LR,sensitivity_at_spec100,fold,n_train,n_val,threshold,best_penalty,best_C,best_solver,best_inner_score
0.6594637855142057,0.684583029688332,0.6160714285714286,0.5904761904761905,0.6224089635854342,0.24875099701451245,0.5210084033613446,0.7238095238095238,0.6813186813186813,1.8864097363083165,0.01680672268907563,1,669,224,0.5485446502368442,l2,0.01,liblinear,0.6761548477044214
0.6062330623306234,0.7473681526597313,0.5956284153005464,0.6782608695652174,0.5754065040650407,0.143670729998273,0.6341463414634146,0.5166666666666667,0.7289719626168224,1.3120269133725821,0.024390243902439025,2,710,183,0.5233268724792415,l2,0.01,liblinear,0.6987988336676869
0.6905226631967036,0.7703896389559519,0.6642857142857143,0.7080745341614907,0.6672088484059857,0.32493686417683815,0.6551724137931034,0.6792452830188679,0.7702702702702703,2.042596348884381,0.05747126436781609,3,753,140,0.4790580396530331,l1,0.1,liblinear,0.6607496325560257
0.6458333333333334,0.7511684819562026,0.6078431372549019,0.6875,0.5805921052631579,0.1611842105263158,0.6875,0.47368421052631576,0.6875,1.3062499999999997,0.052083333333333336,4,740,153,0.46595967597109555,l1,0.1,liblinear,0.6767832367265736
0.7112831858407079,0.7849699583864234,0.6373056994818653,0.6698113207547169,0.6391592920353982,0.27431205738578385,0.6283185840707964,0.65,0.7171717171717171,1.7951959544879899,0.061946902654867256,5,700,193,0.5150861926098238,l1,0.1,liblinear,0.6721660540402316
