roc_auc,pr_auc,accuracy,f1,balanced_accuracy,matthews_corrcoef,sensitivity,specificity,precision,pos_LR,sensitivity_at_spec100,fold,n_train,n_val,threshold,best_penalty,best_C,best_solver,best_inner_score
0.5913253012048193,0.6207694554075167,0.5737704918032787,0.5568181818181818,0.5823493975903614,0.16639136457201661,0.49,0.6746987951807228,0.6447368421052632,1.506296296296296,0.0,1,684,183,0.7883407465304192,l2,0.1,liblinear,0.6997130439882813
0.7241332241332241,0.7266870596565695,0.6647398843930635,0.6847826086956522,0.6695331695331695,0.3355577976946565,0.6363636363636364,0.7027027027027027,0.7411764705882353,2.1404958677685952,0.0,2,694,173,0.5323847674180946,l2,0.001,liblinear,0.6733870649945908
0.7252006880733946,0.7968416056740262,0.653179190751445,0.7029702970297029,0.6538130733944953,0.297879086886708,0.6513761467889908,0.65625,0.7634408602150538,1.8949124270225186,0.03669724770642202,3,694,173,0.5474679433734931,l2,0.0001,liblinear,0.6732148025893826
0.6549831081081081,0.7565039222806785,0.6228571428571429,0.6886792452830188,0.6100788288288288,0.2146390441267794,0.6576576576576577,0.5625,0.7227722772277227,1.5032175032175032,0.06306306306306306,4,692,175,0.5285215327035926,l2,0.001,liblinear,0.6899681314460783
0.7021243361449546,0.7582416839787223,0.7055214723926381,0.7692307692307693,0.6775226491721337,0.37391978007241605,0.8247422680412371,0.5303030303030303,0.7207207207207207,1.7559028932490852,0.061855670103092786,5,704,163,0.5040413706077757,l2,0.0001,liblinear,0.6493036307533433
