n_pairs,pairwise_accuracy,both_correct_rate,mean_delta,median_delta,std_delta,n_positive_delta,per_drug_accuracy,per_drug_roc_auc,per_drug_pr_auc,n_train,n_test,best_penalty,best_C,best_solver,inner_cv_score,threshold,seed
38,0.631578947368421,0.2894736842105263,0.050038460775559616,0.06872487282401171,0.17939016528172905,24,0.6451612903225806,0.6071428571428572,0.6297137092720129,831,62,l1,0.1,liblinear,0.6472597918585279,0.4696877459753168,4
