roc_auc,pr_auc,accuracy,f1,balanced_accuracy,matthews_corrcoef,sensitivity,specificity,precision,pos_LR,sensitivity_at_spec100,fold,n_train,n_val,threshold,best_penalty,best_C,best_solver,best_inner_score
0.5562770562770563,0.6745111783278283,0.5648148148148148,0.6713286713286714,0.5183982683982684,0.03965311862928797,0.7272727272727273,0.30952380952380953,0.6233766233766234,1.0532915360501567,0.015151515151515152,1,723,108,0.42725525186736474,l1,0.1,liblinear,0.6762699426814537
0.6079407479358913,0.7044842344696851,0.5561497326203209,0.5911330049261084,0.5684798445847499,0.13325739046300958,0.5172413793103449,0.6197183098591549,0.6896551724137931,1.3601532567049808,0.04310344827586207,2,644,187,0.5032823032904964,l1,0.1,liblinear,0.6486445244933956
0.6299105717023316,0.6582950975580664,0.6222222222222222,0.6558704453441295,0.6186921111465985,0.23717599878155723,0.6532258064516129,0.5841584158415841,0.6585365853658537,1.5708525345622117,0.008064516129032258,3,606,225,0.49372719864485787,l2,0.01,liblinear,0.6669484047687012
0.601911976911977,0.6750848528923273,0.6,0.6702127659574468,0.586038961038961,0.16717440756231083,0.6363636363636364,0.5357142857142857,0.7078651685393258,1.3706293706293706,0.0,4,676,155,0.4973628947183036,l2,0.001,lbfgs,0.6636033393151319
0.7843345738082581,0.8282052264335822,0.7692307692307693,0.8217821782178217,0.7437533227006912,0.49565445965688837,0.8383838383838383,0.6491228070175439,0.8058252427184466,2.3893939393939396,0.010101010101010102,5,675,156,0.4729792457239825,l2,0.01,liblinear,0.6037724640216344
