accuracy,balanced_accuracy,f1_macro,f1_weighted,mae,adjacent_accuracy,kappa_linear,kappa_quadratic,spearman_r,roc_auc_macro_ovr,roc_auc_weighted_ovr,fold,n_train,n_val,best_penalty,best_C,best_solver,inner_auc_score
0.4094488188976378,0.4025552684467413,0.39541428049089605,0.4156165038149227,0.7322834645669292,0.8582677165354331,0.19130434782608696,0.26444574148071653,0.29323547337115125,0.5937643605452099,0.5971984578046937,1,740,127,l2,0.01,lbfgs,0.6406136074821834
0.47150259067357514,0.45264343290659076,0.4430681369930917,0.4706836698820584,0.6580310880829016,0.8704663212435233,0.21259918404060518,0.23980239001268444,0.3594534093530815,0.6551140585607284,0.6528634575312552,2,674,193,l2,0.01,lbfgs,0.6306807845422309
0.436046511627907,0.44512966476913346,0.43428901976812484,0.4373901949024413,0.75,0.813953488372093,0.15724703737465806,0.15462972394825303,0.26967391446525923,0.627775172592535,0.6231206293706294,3,695,172,l2,0.001,lbfgs,0.637257474954333
0.5069124423963134,0.515614773258532,0.4747720087525913,0.5101830319493958,0.6405529953917051,0.8525345622119815,0.2985511964838027,0.35210542571810977,0.4009191806881033,0.6869655011198891,0.6843018588059219,4,650,217,l2,0.0001,lbfgs,0.6008635916231372
0.4177215189873418,0.45831285831285834,0.4215686274509804,0.4045668900471581,0.6835443037974683,0.8987341772151899,0.22534955511167598,0.3079714679013891,0.31803674333868853,0.6220892613566565,0.6039810223370052,5,709,158,l2,0.001,lbfgs,0.6421833089202531
