accuracy,balanced_accuracy,f1_macro,f1_weighted,mae,adjacent_accuracy,kappa_linear,kappa_quadratic,spearman_r,roc_auc_macro_ovr,roc_auc_weighted_ovr,fold,n_train,n_val,best_penalty,best_C,best_solver,inner_auc_score
0.3949579831932773,0.44438271604938273,0.3775817880295493,0.3598299564059002,0.7815126050420168,0.8235294117647058,0.16657880864522934,0.19630796938316075,0.2502034104708191,0.6065584153006722,0.5961084858646684,1,748,119,l1,0.1,liblinear,0.6440657959961718
0.3816793893129771,0.4532680125900465,0.3549382716049383,0.3180854344976482,0.8091603053435115,0.8091603053435115,0.17853762423095132,0.21363706325996612,0.3224023496721961,0.700533478727236,0.6966242935939727,2,736,131,l2,0.001,liblinear,0.6277280234286802
0.4235294117647059,0.45209080047789724,0.3455548571827642,0.3284652641697785,0.7823529411764706,0.7941176470588235,0.21672555948174332,0.2660882140274765,0.26820592119577596,0.6250128129421466,0.6178997984240425,3,697,170,l2,0.0001,liblinear,0.6522898883261448
0.4723404255319149,0.4599245262962077,0.38225968947630024,0.4186040587871325,0.7148936170212766,0.8127659574468085,0.2491727207029022,0.3063530496944541,0.37053740648650524,0.6416292565674345,0.6427784385673656,4,632,235,l2,0.001,liblinear,0.6492622992916454
0.5141509433962265,0.5115483178424035,0.44479563780873826,0.46235687540787646,0.6415094339622641,0.8443396226415094,0.28114091951730336,0.32173968133295316,0.39148419571204807,0.6913997606091468,0.6823162580135509,5,655,212,l2,0.001,liblinear,0.6411567161973319
