roc_auc,pr_auc,accuracy,f1,balanced_accuracy,matthews_corrcoef,sensitivity,specificity,precision,pos_LR,sensitivity_at_spec100,fold,n_train,n_val,threshold,best_penalty,best_C,best_solver,best_inner_score
0.6831447963800905,0.7095113421289354,0.6243386243386243,0.6666666666666666,0.617816742081448,0.23724927555484182,0.6826923076923077,0.5529411764705883,0.6513761467889908,1.5270748987854252,0.0673076923076923,1,678,189,0.4936415042847563,l2,0.001,lbfgs,0.680169274791312
0.6505714285714286,0.7123793492601099,0.6416666666666667,0.6666666666666666,0.6471428571428572,0.2902099371919934,0.6142857142857143,0.68,0.7288135593220338,1.9196428571428577,0.04285714285714286,2,747,120,0.5390092387621672,l2,0.001,lbfgs,0.7059801371859985
0.6641152263374485,0.6881722576658971,0.6177777777777778,0.6666666666666666,0.6129629629629629,0.22233179189402016,0.6370370370370371,0.5888888888888889,0.6991869918699187,1.5495495495495497,0.0,3,642,225,0.4808972125682047,l2,0.001,lbfgs,0.693996133631304
0.7109375,0.765287506036044,0.6746987951807228,0.73,0.662530637254902,0.3217272245851854,0.7156862745098039,0.609375,0.7448979591836735,1.8321568627450981,0.058823529411764705,4,701,166,0.4991541960445002,l1,0.01,liblinear,0.672486988809757
0.6858678955453149,0.7514136258378421,0.6766467065868264,0.7428571428571429,0.6536866359447004,0.30737327188940095,0.7428571428571429,0.5645161290322581,0.7428571428571429,1.7058201058201061,0.01904761904761905,5,700,167,0.46176128041785064,l1,0.01,liblinear,0.6817778720170161
