accuracy,balanced_accuracy,f1_macro,f1_weighted,mae,adjacent_accuracy,kappa_linear,kappa_quadratic,spearman_r,roc_auc_macro_ovr,roc_auc_weighted_ovr,fold,n_train,n_val,best_penalty,best_C,best_solver,inner_auc_score
0.4251968503937008,0.4411714039621016,0.4200604302392114,0.4222920824403972,0.7165354330708661,0.8582677165354331,0.21386300251683554,0.2820387269085244,0.34211642139602094,0.6178603548533342,0.6153327448247757,1,740,127,l2,0.001,lbfgs,0.6412722795032904
0.46632124352331605,0.4533191085822665,0.441077441077441,0.4629193489297116,0.7046632124352331,0.8290155440414507,0.16678306139292753,0.1533249359336316,0.2508981288710479,0.6393684568987318,0.6425495551315168,2,674,193,l2,0.001,lbfgs,0.6395945330078465
0.436046511627907,0.43251709285864887,0.42978992195936994,0.43976845119036956,0.7441860465116279,0.8197674418604651,0.13594976452119323,0.12093823972455353,0.17579490291548072,0.610020475781861,0.6090919255163442,3,695,172,l2,0.01,lbfgs,0.6566258384356493
0.5299539170506913,0.5336255259467041,0.5074095883750219,0.5397110184289922,0.5898617511520737,0.880184331797235,0.32454647147512283,0.3765562152844282,0.41602759841961645,0.6779794771681877,0.6789880692395832,4,650,217,l2,0.001,lbfgs,0.637329387513131
0.4810126582278481,0.5071867321867322,0.48430669758943007,0.4774204223679399,0.6075949367088608,0.9113924050632911,0.2856066314996232,0.3528012684989429,0.37443760673204723,0.680422990430796,0.6680197799261078,5,709,158,l2,0.001,lbfgs,0.6324658092284599
