accuracy,balanced_accuracy,f1_macro,f1_weighted,mae,adjacent_accuracy,kappa_linear,kappa_quadratic,spearman_r,roc_auc_macro_ovr,roc_auc_weighted_ovr,fold,n_train,n_val,best_penalty,best_C,best_solver,inner_auc_score
0.41015625,0.4056779314231889,0.39037067608496184,0.4182490410168982,0.78515625,0.8046875,0.13696286605615382,0.16519327439764253,0.22623506544284355,0.6096197853348172,0.6145877273606811,1,611,256,l2,0.0001,lbfgs,0.6331011630910985
0.3984375,0.42122392159075944,0.39826079469628484,0.40261001872659175,0.828125,0.7734375,0.10830704521556256,0.09141274238227148,0.17225313322944066,0.618364755568282,0.6178763835356489,2,739,128,l2,0.0001,lbfgs,0.6362383070364646
0.5214723926380368,0.5305485937064884,0.5190238649500372,0.5325335246096823,0.588957055214724,0.8895705521472392,0.3214812245251929,0.3571940726577437,0.4241548454307329,0.6731966631553572,0.6652586088673353,3,704,163,l2,0.0001,lbfgs,0.6266482005758812
0.514792899408284,0.5353535353535354,0.5154491299945846,0.5143485836976962,0.5976331360946746,0.8875739644970414,0.32079901317098414,0.3663582661235939,0.3521455886608853,0.6658003440630401,0.6530467301794929,4,698,169,l2,0.001,lbfgs,0.6326130920416356
0.5033112582781457,0.504667363288053,0.49713327608064445,0.508393314597567,0.5960264900662252,0.9006622516556292,0.3001338963847975,0.3555729425990468,0.3980667434801751,0.6951544120658579,0.6789791212412049,5,716,151,l2,0.0001,lbfgs,0.6364925327946149
