accuracy,balanced_accuracy,f1_macro,f1_weighted,mae,adjacent_accuracy,kappa_linear,kappa_quadratic,spearman_r,roc_auc_macro_ovr,roc_auc_weighted_ovr,fold,n_train,n_val,best_penalty,best_C,best_solver,inner_auc_score
0.4251968503937008,0.4285386161355153,0.3762225428892096,0.3897656732302402,0.7874015748031497,0.7874015748031497,0.18880940214614206,0.22999999999999998,0.33777284309320105,0.5856692282759858,0.5859326544780689,1,740,127,l2,0.0001,liblinear,0.667460907763469
0.44559585492227977,0.43202939781887145,0.4159876669160489,0.4386888016579747,0.6839378238341969,0.8704663212435233,0.19308247814519197,0.23728666348199934,0.2872469558197831,0.6127161908513795,0.6085787330800857,2,674,193,l2,0.001,lbfgs,0.6618252872134789
0.37790697674418605,0.40948314809794883,0.3341092020741428,0.31662045561309066,0.813953488372093,0.8081395348837209,0.15827740492170017,0.2141589779985804,0.2944438696253417,0.6156491700372156,0.6103573751829565,3,695,172,l2,0.0001,liblinear,0.6639715458763704
0.576036866359447,0.5318373071528751,0.46808636498077494,0.5333464181104219,0.5944700460829493,0.8294930875576036,0.3475585596084374,0.3856634823234084,0.488534010656212,0.6924510126439515,0.7031982690252419,4,650,217,l1,0.01,liblinear,0.6068774885105461
0.44936708860759494,0.4632063882063882,0.4475395942581704,0.4516478358848925,0.6835443037974683,0.8670886075949367,0.19539796303281776,0.21585494970884056,0.26916759072664936,0.6388376671996209,0.6303758215534545,5,709,158,l2,0.001,liblinear,0.6474780818623161
