n_pairs,pairwise_accuracy,both_correct_rate,mean_delta,median_delta,std_delta,n_positive_delta,per_drug_accuracy,per_drug_roc_auc,per_drug_pr_auc,n_train,n_test,best_penalty,best_C,best_solver,inner_cv_score,threshold,seed
13,0.46153846153846156,0.5384615384615384,0.02464756861210699,-0.007111179253661726,0.1533971108270083,6,0.7307692307692307,0.6022727272727273,0.9149660541797926,867,26,l2,0.1,lbfgs,0.7182175473687094,0.4965836418719444,3
