n_pairs,pairwise_accuracy,both_correct_rate,mean_delta,median_delta,std_delta,n_positive_delta,per_drug_accuracy,per_drug_roc_auc,per_drug_pr_auc,n_train,n_test,best_penalty,best_C,best_solver,inner_cv_score,threshold,seed
13,0.38461538461538464,0.6153846153846154,-0.03452666651718117,-0.05175192798223771,0.05356800073503394,5,0.8461538461538461,0.17045454545454544,0.7454795512894914,867,26,l2,0.0001,liblinear,0.6805533986213167,0.47498999956513294,0
