accuracy,balanced_accuracy,f1_macro,f1_weighted,mae,adjacent_accuracy,kappa_linear,kappa_quadratic,spearman_r,roc_auc_macro_ovr,roc_auc_weighted_ovr,fold,n_train,n_val,best_penalty,best_C,best_solver,inner_auc_score
0.42857142857142855,0.44679012345679014,0.425981425981426,0.43161786859265855,0.7142857142857143,0.8571428571428571,0.16837951163364295,0.19047619047619047,0.19864857887470416,0.5833132938887494,0.5719442389647234,1,748,119,l2,0.0001,lbfgs,0.6337958210073735
0.5114503816793893,0.5317187520577351,0.5064229499873064,0.5097688495466441,0.6183206106870229,0.8702290076335878,0.2852138767261704,0.296521130049031,0.2771625564851914,0.653091666310163,0.6448369894478424,2,736,131,l2,0.0001,lbfgs,0.6247168955345902
0.4647058823529412,0.47955282471411503,0.4644945697577276,0.461609907120743,0.6941176470588235,0.8411764705882353,0.23147651520956258,0.25669835782195327,0.26192774871168745,0.6206163449580191,0.6139589110826054,3,697,170,l2,0.0001,lbfgs,0.6368493539323534
0.4340425531914894,0.42473889819022564,0.4048683726581333,0.4360389407208704,0.7574468085106383,0.8085106382978723,0.1725024727992086,0.20640120967741926,0.29404505198538716,0.6225665823081407,0.6223886172106372,4,632,235,l2,0.0001,lbfgs,0.6412078188085204
0.5330188679245284,0.5218235372874548,0.5080595239011081,0.5451762810533594,0.5990566037735849,0.8679245283018868,0.30396566878651565,0.3218905124798993,0.3453534074685665,0.6545323202147123,0.6563548152548463,5,655,212,l2,0.0001,lbfgs,0.6230710510207245
