roc_auc,pr_auc,accuracy,f1,balanced_accuracy,matthews_corrcoef,sensitivity,specificity,precision,pos_LR,sensitivity_at_spec100,fold,n_train,n_val,threshold,best_penalty,best_C,best_solver,best_inner_score
0.6791375291375291,0.7541206221060595,0.6063829787234043,0.6105263157894737,0.6226107226107226,0.24436849847984984,0.5272727272727272,0.717948717948718,0.725,1.8694214876033057,0.08181818181818182,1,679,188,0.5001747092410233,l2,0.01,liblinear,0.644923265620766
0.5772740653517809,0.6651604068077632,0.5819672131147541,0.6433566433566433,0.5818369149249338,0.15657522136399776,0.5822784810126582,0.5813953488372093,0.71875,1.3909985935302391,0.0,2,745,122,0.48904819004233513,l2,0.01,liblinear,0.6656155693022953
0.6421921921921921,0.734606987766334,0.6432748538011696,0.7312775330396476,0.5988738738738739,0.20204044715318645,0.7477477477477478,0.45,0.7155172413793104,1.3595413595413595,0.018018018018018018,3,696,171,0.46251371407598235,l2,0.01,lbfgs,0.6551376917875869
0.6251820468687938,0.6212986881970299,0.5919540229885057,0.6502463054187192,0.5855289289024228,0.1784012591252327,0.7252747252747253,0.4457831325301205,0.5892857142857143,1.3086478738652652,0.01098901098901099,4,693,174,0.4961372293735432,l2,0.0001,lbfgs,0.6593744175097761
0.6553563218390804,0.7094299852737753,0.6650943396226415,0.7380073800738007,0.635632183908046,0.2881767820748408,0.8,0.47126436781609193,0.684931506849315,1.5130434782608695,0.048,5,655,212,0.48384080085113146,l2,0.001,lbfgs,0.6360186349681514
