roc_auc,pr_auc,accuracy,f1,balanced_accuracy,matthews_corrcoef,sensitivity,specificity,precision,pos_LR,sensitivity_at_spec100,fold,n_train,n_val,threshold,best_penalty,best_C,best_solver,best_inner_score
0.6114999999999999,0.6978058672497955,0.6384615384615384,0.7006369426751592,0.62375,0.24503149035755864,0.6875,0.56,0.7142857142857143,1.5625000000000002,0.0375,1,737,130,0.5177157518005787,l2,0.0001,lbfgs,0.7002041930187973
0.637245696400626,0.7175040545481507,0.6293103448275862,0.7034482758620689,0.6035993740219092,0.21007871540990994,0.7183098591549296,0.4888888888888889,0.6891891891891891,1.4053888548683406,0.056338028169014086,2,751,116,0.49673647786729497,l2,0.0001,liblinear,0.6470804906596611
0.656421568627451,0.6290622087298536,0.6083916083916084,0.6646706586826348,0.6016176470588235,0.21188744134329215,0.74,0.4632352941176471,0.6032608695652174,1.3786301369863014,0.0,3,581,286,0.48008554520744373,l2,0.0001,lbfgs,0.6706238498487253
0.6479933110367893,0.7748441088103544,0.7485029940119761,0.8292682926829268,0.6646321070234114,0.3707731067135841,0.8869565217391304,0.4423076923076923,0.7786259541984732,1.5904047976011992,0.034782608695652174,4,700,167,0.4569194214045443,l1,0.01,liblinear,0.6439603493176371
0.6660294117647059,0.6890277642713662,0.625,0.6735751295336787,0.6191176470588236,0.23522769460927734,0.65,0.5882352941176471,0.6989247311827957,1.5785714285714287,0.0,5,699,168,0.5237918041327533,l2,0.0001,liblinear,0.6361626923711412
