accuracy,balanced_accuracy,f1_macro,f1_weighted,mae,adjacent_accuracy,kappa_linear,kappa_quadratic,spearman_r,roc_auc_macro_ovr,roc_auc_weighted_ovr,fold,n_train,n_val,best_penalty,best_C,best_solver,inner_auc_score
0.35877862595419846,0.3935777209434499,0.30551346539266083,0.28518655312648267,0.8931297709923665,0.7480916030534351,0.10467901162451076,0.12822284446707166,0.3068321755165317,0.5877953773770079,0.5742905137973975,1,736,131,l2,0.001,liblinear,0.6627392460628947
0.42857142857142855,0.42303976217019695,0.35823412258622755,0.36620851109642805,0.783068783068783,0.7883597883597884,0.17690677966101687,0.21866840731070503,0.25872862947199543,0.6011990393477069,0.6018204727882147,2,678,189,l2,0.001,liblinear,0.6607092577461404
0.5125,0.507609710550887,0.47588930136300683,0.48938690021094516,0.65625,0.83125,0.3135011441647597,0.35893559117024487,0.3709328062108035,0.6437707997157909,0.644850564413479,3,707,160,l1,0.1,liblinear,0.6491332979078906
0.4188034188034188,0.4674358974358974,0.33207164722429056,0.32222609372646605,0.7564102564102564,0.8247863247863247,0.20831103295358977,0.2645081430062378,0.3402146767253107,0.695074315313596,0.6829107552075446,4,633,234,l2,0.0001,liblinear,0.6199312942980415
0.4444444444444444,0.4994313596008511,0.3953854900878755,0.385657310557604,0.7189542483660131,0.8366013071895425,0.2596991290577989,0.3054136874361594,0.4164990186382456,0.6698007488300087,0.6598762693469008,5,714,153,l2,0.001,liblinear,0.6262891146683652
