roc_auc,pr_auc,accuracy,f1,balanced_accuracy,matthews_corrcoef,sensitivity,specificity,precision,pos_LR,sensitivity_at_spec100,fold,n_train,n_val,threshold,best_penalty,best_C,best_solver,best_inner_score
0.6168552036199095,0.6571837524209493,0.5661375661375662,0.652542372881356,0.5466628959276019,0.10115874263845602,0.7403846153846154,0.35294117647058826,0.5833333333333334,1.1442307692307694,0.009615384615384616,1,678,189,0.4480624508697899,l2,0.0001,liblinear,0.6680230008260143
0.663142857142857,0.6913533685613491,0.6583333333333333,0.7210884353741497,0.6385714285714286,0.2849430848278875,0.7571428571428571,0.52,0.6883116883116883,1.5773809523809523,0.0,2,747,120,0.470323909098754,l2,0.0001,liblinear,0.6822821205706412
0.671604938271605,0.6929329938931785,0.5866666666666667,0.6042553191489362,0.6018518518518519,0.2008316044185609,0.5259259259259259,0.6777777777777778,0.71,1.6321839080459772,0.0,3,642,225,0.5093199585561565,l2,0.0001,liblinear,0.6453284916970643
0.7218137254901961,0.7799050481044381,0.6746987951807228,0.7403846153846154,0.6508884803921569,0.30573671534649627,0.7549019607843137,0.546875,0.7264150943396226,1.6659905341446923,0.0392156862745098,4,701,166,0.4887529778242291,l2,0.0001,liblinear,0.663285452247587
0.6831029185867896,0.7440531989194068,0.6946107784431138,0.7582938388625592,0.6712749615975422,0.34371344334481274,0.7619047619047619,0.5806451612903226,0.7547169811320755,1.8168498168498168,0.0,5,700,167,0.4706362122777906,l2,0.0001,liblinear,0.6633540129998368
