accuracy,balanced_accuracy,f1_macro,f1_weighted,mae,adjacent_accuracy,kappa_linear,kappa_quadratic,spearman_r,roc_auc_macro_ovr,roc_auc_weighted_ovr,fold,n_train,n_val,best_penalty,best_C,best_solver,inner_auc_score
0.4566929133858268,0.4617283950617284,0.36111111111111116,0.3724409448818898,0.7401574803149606,0.8031496062992126,0.2511604566553758,0.3068000909711167,0.3822819670025881,0.6376663276353353,0.6358892417786852,1,740,127,l2,0.01,liblinear,0.6184550978091112
0.41450777202072536,0.42374940730203886,0.34144579104673695,0.3424089869238502,0.7823834196891192,0.8031088082901554,0.1574001792581028,0.18215759114413188,0.21490015932529272,0.6206920138044963,0.6176490298641705,2,674,193,l1,0.1,liblinear,0.62064666305637
0.38372093023255816,0.4127737116351917,0.32510845664705534,0.30702442503119987,0.8430232558139535,0.7732558139534884,0.13762102351313987,0.16682596229038138,0.18717875622748603,0.5691900643632143,0.5620192307692308,3,695,172,l2,0.01,liblinear,0.6364241368008159
0.511520737327189,0.47391304347826085,0.37375758358074096,0.44182258153743476,0.6866359447004609,0.8018433179723502,0.2630991179889236,0.31280067918120924,0.3588181190315855,0.6720974689227646,0.6702262619010814,4,650,217,l2,0.01,liblinear,0.6116881395753323
0.34810126582278483,0.43177723177723176,0.30872044419489675,0.2512971189086869,0.8417721518987342,0.810126582278481,0.15177201905223203,0.19426095228029383,0.2403928455716994,0.6328285144018864,0.6276906329329007,5,709,158,l2,0.01,liblinear,0.6365720345503101
