roc_auc,pr_auc,accuracy,f1,balanced_accuracy,matthews_corrcoef,sensitivity,specificity,precision,pos_LR,sensitivity_at_spec100,fold,n_train,n_val,threshold,best_penalty,best_C,best_solver,best_inner_score
0.6857943177270908,0.7013928815446023,0.6383928571428571,0.6431718061674009,0.6400560224089635,0.27974288003845865,0.6134453781512605,0.6666666666666666,0.6759259259259259,1.8403361344537814,0.06722689075630252,1,669,224,0.5031658662646925,l2,0.001,lbfgs,0.6505494523624958
0.6341463414634148,0.7631706316258731,0.6284153005464481,0.71900826446281,0.5869918699186991,0.17126687564492682,0.7073170731707317,0.4666666666666667,0.7310924369747899,1.326219512195122,0.056910569105691054,2,710,183,0.4995698591948122,l2,0.01,liblinear,0.6943708578133136
0.7391021470396877,0.8135285924809857,0.6571428571428571,0.6883116883116883,0.672522229451312,0.33502235500166827,0.6091954022988506,0.7358490566037735,0.7910447761194029,2.3062397372742196,0.05747126436781609,3,753,140,0.5191906261634195,l2,0.01,lbfgs,0.6616431947191636
0.6750730994152048,0.7799033310396659,0.6209150326797386,0.6847826086956522,0.6088267543859649,0.2128828632190415,0.65625,0.5614035087719298,0.7159090909090909,1.4962499999999999,0.13541666666666666,4,740,153,0.5071903401285112,l2,0.01,lbfgs,0.6765381067097748
0.6956858407079647,0.7581606583519224,0.6424870466321243,0.6790697674418604,0.6417588495575222,0.2797973577270955,0.6460176991150443,0.6375,0.7156862745098039,1.7821177906621908,0.02654867256637168,5,700,193,0.47154449043109053,l2,0.01,liblinear,0.6967049313456437
