roc_auc,pr_auc,accuracy,f1,balanced_accuracy,matthews_corrcoef,sensitivity,specificity,precision,pos_LR,sensitivity_at_spec100,fold,n_train,n_val,threshold,best_penalty,best_C,best_solver,best_inner_score
0.6547619047619047,0.781137967679243,0.7079646017699115,0.7924528301886793,0.6452020202020202,0.303257460814138,0.8181818181818182,0.4722222222222222,0.7682926829268293,1.5502392344497609,0.025974025974025976,1,718,113,0.45834907294323957,l2,0.001,liblinear,0.6946625599602635
0.6866666666666668,0.7523887285941591,0.7168141592920354,0.7922077922077922,0.6698245614035088,0.3498645365323636,0.8133333333333334,0.5263157894736842,0.7721518987341772,1.717037037037037,0.013333333333333334,2,718,113,0.5053915449688706,l2,0.0001,liblinear,0.6998317534929785
0.7327836310887158,0.7825258498230923,0.7470588235294118,0.8122270742358079,0.707054512139258,0.42781845451852485,0.8378378378378378,0.576271186440678,0.788135593220339,1.9772972972972973,0.02702702702702703,3,661,170,0.48119874504426574,l2,0.0001,liblinear,0.6515316401565598
0.6834514170040484,0.7026401271323768,0.6170212765957447,0.625,0.6191295546558704,0.23768244261065316,0.5921052631578947,0.6461538461538462,0.6617647058823529,1.6733409610983982,0.006578947368421052,4,549,282,0.48103107945226503,l2,0.0001,liblinear,0.701188769478158
0.636060393258427,0.6447009053921576,0.6274509803921569,0.6815642458100558,0.6161341292134832,0.23280018678319855,0.6853932584269663,0.546875,0.6777777777777778,1.5125920185974429,0.011235955056179775,5,678,153,0.4935786991423557,l2,0.0001,liblinear,0.6910287127297643
