accuracy,balanced_accuracy,f1_macro,f1_weighted,mae,adjacent_accuracy,kappa_linear,kappa_quadratic,spearman_r,roc_auc_macro_ovr,roc_auc_weighted_ovr,fold,n_train,n_val,best_penalty,best_C,best_solver,inner_auc_score
0.3944954128440367,0.40691489361702127,0.3114411300302991,0.3161572893555195,0.8623853211009175,0.7431192660550459,0.1188510491916066,0.14460604792298837,0.2526885771619278,0.5920294103963252,0.5843270475349355,1,758,109,l1,0.1,liblinear,0.627436935384629
0.39669421487603307,0.484159394504222,0.3498677248677249,0.29596287550833006,0.7603305785123967,0.8429752066115702,0.2426180432711933,0.3079630444346678,0.36378052095975494,0.6792181134827994,0.6670617680319442,2,746,121,l2,0.01,lbfgs,0.6229207987450296
0.41975308641975306,0.4726539398670546,0.35220996995944703,0.32960976347035775,0.7592592592592593,0.8209876543209876,0.23958174324530612,0.2965983783524445,0.2788736841094801,0.61217320297373,0.6072835848764229,3,705,162,l2,0.01,liblinear,0.6332040145007184
0.40969162995594716,0.40952380952380957,0.31129476584022037,0.3310518076236939,0.8281938325991189,0.762114537444934,0.12131444572558059,0.14920988654781198,0.2328154220928448,0.6175964710947146,0.6093881651196799,4,640,227,l2,0.01,liblinear,0.6429168214499593
0.45161290322580644,0.46458756045096034,0.37256708043859527,0.3713454436617379,0.7338709677419355,0.8145161290322581,0.24521739130434783,0.301939513477975,0.3708497021496671,0.6329313400330242,0.6287176284044084,5,619,248,l1,0.1,liblinear,0.6046199724016594
