n_pairs,pairwise_accuracy,both_correct_rate,mean_delta,median_delta,std_delta,n_positive_delta,per_drug_accuracy,per_drug_roc_auc,per_drug_pr_auc,n_train,n_test,best_penalty,best_C,best_solver,inner_cv_score,threshold,seed
13,0.46153846153846156,0.3076923076923077,-0.03646784210249015,-0.02281596834030819,0.2923320376464268,6,0.6538461538461539,0.6022727272727273,0.8996694316104428,867,26,l2,0.001,liblinear,0.7037305853361444,0.5143754365390305,3
