roc_auc,pr_auc,accuracy,f1,balanced_accuracy,matthews_corrcoef,sensitivity,specificity,precision,pos_LR,sensitivity_at_spec100,fold,n_train,n_val,threshold,best_penalty,best_C,best_solver,best_inner_score
0.6855454545454545,0.6285188386735552,0.6095238095238096,0.6371681415929203,0.6145454545454545,0.23354968324845687,0.72,0.509090909090909,0.5714285714285714,1.4666666666666666,0.0,1,683,210,0.5022994851200704,l2,0.001,lbfgs,0.6736032239135105
0.7156619873382879,0.8268014808622973,0.6498054474708171,0.7133757961783439,0.6510803743462703,0.28481456293486646,0.6473988439306358,0.6547619047619048,0.7943262411347518,1.8752242375921866,0.023121387283236993,2,636,257,0.5228308292808387,l2,0.0001,liblinear,0.7020765970608724
0.7152592592592593,0.7783982347624654,0.65,0.7,0.6488888888888888,0.2893284564486454,0.6533333333333333,0.6444444444444445,0.7538461538461538,1.8375000000000001,0.013333333333333334,3,773,120,0.5417477384530389,l2,0.0001,liblinear,0.7044488821862078
0.728560291060291,0.7714705454011599,0.6404494382022472,0.68,0.6377338877338877,0.2723709519505031,0.6538461538461539,0.6216216216216216,0.7083333333333334,1.7280219780219779,0.028846153846153848,4,715,178,0.5070980766188856,l2,0.001,liblinear,0.6648729557449699
0.739202657807309,0.8595160749695195,0.6796875,0.7630057803468208,0.6337209302325582,0.2691235487641018,0.7674418604651163,0.5,0.7586206896551724,1.5348837209302326,0.20930232558139536,5,765,128,0.5161580825050799,l2,0.0001,liblinear,0.6833041632543412
