roc_auc,pr_auc,accuracy,f1,balanced_accuracy,matthews_corrcoef,sensitivity,specificity,precision,pos_LR,sensitivity_at_spec100,fold,n_train,n_val,threshold,best_penalty,best_C,best_solver,best_inner_score
0.6052500000000001,0.680811084275287,0.5846153846153846,0.6493506493506493,0.5725,0.1424584204053995,0.625,0.52,0.6756756756756757,1.3020833333333335,0.0,1,737,130,0.4860083051949235,l2,0.001,liblinear,0.641136917874194
0.6040688575899843,0.6561361789962251,0.6379310344827587,0.72,0.6025039123630673,0.2143341934732526,0.7605633802816901,0.4444444444444444,0.6835443037974683,1.3690140845070422,0.0,2,751,116,0.4793855935097529,l2,0.001,liblinear,0.6166000925118619
0.5912254901960784,0.6103945166366176,0.534965034965035,0.5750798722044729,0.5316176470588235,0.06378642595141915,0.6,0.4632352941176471,0.5521472392638037,1.1178082191780823,0.013333333333333334,3,581,286,0.4921561831131757,l2,0.001,lbfgs,0.6754543324523493
0.6583612040133779,0.8099848488028883,0.6107784431137725,0.6766169154228856,0.6225752508361204,0.22713896538645273,0.591304347826087,0.6538461538461539,0.7906976744186046,1.7082125603864735,0.1391304347826087,4,700,167,0.5047830556139922,l2,0.001,lbfgs,0.6194865919665528
0.6576470588235294,0.7368550074599294,0.6309523809523809,0.6736842105263158,0.6288235294117648,0.25357771811653435,0.64,0.6176470588235294,0.7111111111111111,1.673846153846154,0.05,5,699,168,0.5116264604208866,l2,0.001,lbfgs,0.6136710536346579
