roc_auc,pr_auc,accuracy,f1,balanced_accuracy,matthews_corrcoef,sensitivity,specificity,precision,pos_LR,sensitivity_at_spec100,fold,n_train,n_val,threshold,best_penalty,best_C,best_solver,best_inner_score
0.6660264105642256,0.6423555295848502,0.6071428571428571,0.6,0.6106442577030813,0.22192885004218443,0.5546218487394958,0.6666666666666666,0.6534653465346535,1.6638655462184873,0.01680672268907563,1,669,224,0.5273155988474594,l2,0.0001,lbfgs,0.6662288151801119
0.5689701897018971,0.7078728071253548,0.6721311475409836,0.7674418604651163,0.602439024390244,0.21864326664404848,0.8048780487804879,0.4,0.7333333333333333,1.3414634146341464,0.008130081300813009,2,710,183,0.4850855075592145,l2,0.0001,liblinear,0.7096549214755102
0.6842333550206029,0.7492811725897366,0.6428571428571429,0.691358024691358,0.6425937974409022,0.277358117951789,0.6436781609195402,0.6415094339622641,0.7466666666666667,1.7955232909860857,0.0,3,753,140,0.5137205609886545,l2,0.0001,liblinear,0.6494670373885235
0.6465643274853802,0.6980052041366808,0.6601307189542484,0.7425742574257426,0.6186951754385965,0.24879075904931183,0.78125,0.45614035087719296,0.7075471698113207,1.436491935483871,0.0,4,740,153,0.48615154129125554,l2,0.0001,liblinear,0.6632467365811456
0.7249999999999999,0.7604991074826387,0.694300518134715,0.7255813953488373,0.6951327433628318,0.38514439253265426,0.6902654867256637,0.7,0.7647058823529411,2.300884955752212,0.0,5,700,193,0.5045529894503046,l2,0.0001,liblinear,0.671294418068972
