accuracy,balanced_accuracy,f1_macro,f1_weighted,mae,adjacent_accuracy,kappa_linear,kappa_quadratic,spearman_r,roc_auc_macro_ovr,roc_auc_weighted_ovr,fold,n_train,n_val,best_penalty,best_C,best_solver,inner_auc_score
0.40336134453781514,0.4097530864197531,0.38364436683764414,0.3889533811996915,0.7142857142857143,0.8823529411764706,0.16176348719648626,0.22571543732365984,0.3285497001494034,0.6413531791613306,0.6357137547264446,1,748,119,l2,0.001,liblinear,0.6627101436333093
0.4198473282442748,0.45304413101023266,0.41760027401262273,0.40700349409927367,0.732824427480916,0.8473282442748091,0.18969072164948453,0.22404181184668992,0.2823873855411449,0.6356759085467371,0.6245968904211757,2,736,131,l2,0.001,liblinear,0.6476904063605808
0.4294117647058823,0.4506059054446152,0.4022280267006005,0.3953933190716511,0.7823529411764706,0.788235294117647,0.19330669330669337,0.21934501142421936,0.2519877424009225,0.6270691389927046,0.6212429580762732,3,697,170,l2,0.0001,liblinear,0.6485577133124492
0.451063829787234,0.42520230407398546,0.36252275050773175,0.4060858162953868,0.7361702127659574,0.8127659574468085,0.21647040684564522,0.2776043813674107,0.338137510177391,0.6061898926843922,0.605444742724325,4,632,235,l2,0.0001,liblinear,0.6581704779694131
0.5377358490566038,0.5412065778316456,0.494015565695181,0.5135354594747198,0.6132075471698113,0.8490566037735849,0.31117220694826286,0.33926678019471124,0.41034005298475007,0.6855353067761514,0.6717607915120007,5,655,212,l2,0.0001,liblinear,0.6307924460460191
