roc_auc,pr_auc,accuracy,f1,balanced_accuracy,matthews_corrcoef,sensitivity,specificity,precision,pos_LR,sensitivity_at_spec100,fold,n_train,n_val,threshold,best_penalty,best_C,best_solver,best_inner_score
0.6654073199527745,0.7152797372056892,0.6178010471204188,0.663594470046083,0.6260920897284534,0.24303125189801747,0.5950413223140496,0.6571428571428571,0.75,1.7355371900826446,0.0,1,702,191,0.5326249692662219,l2,0.0001,lbfgs,0.695069667089893
0.70953366226325,0.7752375572121084,0.676829268292683,0.7488151658767772,0.6457902275982811,0.29719127024717257,0.7669902912621359,0.5245901639344263,0.7314814814814815,1.613324405758286,0.0,2,729,164,0.47010052664002494,l2,0.0001,lbfgs,0.6703982579385619
0.7322350626997787,0.7214278262762839,0.6519337016574586,0.6440677966101694,0.6582862060486845,0.3180618039596857,0.5816326530612245,0.7349397590361446,0.7215189873417721,2.1943413729128016,0.01020408163265306,3,712,181,0.5349751575567229,l2,0.0001,liblinear,0.6404536884996656
0.7017620503859037,0.776435296595416,0.6569767441860465,0.730593607305936,0.6288772389689821,0.25864110993104544,0.7339449541284404,0.5238095238095238,0.7272727272727273,1.5412844036697249,0.009174311926605505,4,721,172,0.4974948641510761,l2,0.0001,liblinear,0.6938547374565098
0.7338844955667385,0.7223664971715208,0.6702702702702703,0.6934673366834171,0.6749940091061586,0.34566625052972755,0.6448598130841121,0.7051282051282052,0.75,2.1869158878504673,0.0,5,708,185,0.5300899321976158,l2,0.0001,liblinear,0.6536981205686181
