roc_auc,pr_auc,accuracy,f1,balanced_accuracy,matthews_corrcoef,sensitivity,specificity,precision,pos_LR,sensitivity_at_spec100,fold,n_train,n_val,threshold,best_penalty,best_C,best_solver,best_inner_score
0.6378313253012048,0.6461036601189761,0.6120218579234973,0.6203208556149733,0.6153012048192771,0.22988341728399783,0.58,0.6506024096385542,0.6666666666666666,1.66,0.01,1,684,183,0.5206467303199495,l2,0.001,liblinear,0.7005286592112466
0.7148512148512148,0.7235379104346495,0.5953757225433526,0.5512820512820513,0.6225771225771226,0.25805153852699675,0.43434343434343436,0.8108108108108109,0.7543859649122807,2.2958152958152964,0.0,2,694,173,0.5299274838956317,l2,0.0001,liblinear,0.6745550405046333
0.7239105504587157,0.7870595864808589,0.7052023121387283,0.7627906976744186,0.6886467889908257,0.37393172672297953,0.7522935779816514,0.625,0.7735849056603774,2.0061162079510706,0.027522935779816515,3,694,173,0.5007472019531903,l2,0.0001,liblinear,0.6824058412106343
0.6839808558558559,0.742639042146785,0.6857142857142857,0.7639484978540773,0.6430884009009009,0.2999632511936522,0.8018018018018018,0.484375,0.7295081967213115,1.555009555009555,0.018018018018018018,4,692,175,0.4779709468048387,l2,0.0001,liblinear,0.685019281605389
0.7125898156825992,0.7648240878304507,0.7055214723926381,0.7757009345794392,0.6702592939706342,0.3713870977652117,0.8556701030927835,0.48484848484848486,0.7094017094017094,1.6610066707095208,0.041237113402061855,5,704,163,0.476556695967987,l2,0.0001,liblinear,0.6800426313978226
