accuracy,balanced_accuracy,f1_macro,f1_weighted,mae,adjacent_accuracy,kappa_linear,kappa_quadratic,spearman_r,roc_auc_macro_ovr,roc_auc_weighted_ovr,fold,n_train,n_val,best_penalty,best_C,best_solver,inner_auc_score
0.44881889763779526,0.4298593166810221,0.43068572922941845,0.45385933664734973,0.6456692913385826,0.905511811023622,0.24590876176683563,0.33730432214236494,0.3542024907920899,0.610123912241655,0.6108121661674086,1,740,127,l2,0.01,lbfgs,0.6405365078339116
0.49222797927461137,0.49286391654812706,0.47748484848484846,0.49890956194065,0.6994818652849741,0.8082901554404145,0.1977893408048278,0.16022317989715407,0.22903971266538956,0.6547424937387677,0.6545798938962313,2,674,193,l2,0.001,lbfgs,0.6276057066368137
0.45348837209302323,0.46078431372549017,0.4510982535090539,0.4550522153199824,0.6976744186046512,0.8488372093023255,0.2076167076167077,0.2321428571428571,0.2324245360394719,0.6124459532666364,0.6097759798341194,3,695,172,l2,0.001,lbfgs,0.6424266549551505
0.5069124423963134,0.5200911640953717,0.48383748994368464,0.5152557548075675,0.631336405529954,0.8617511520737328,0.301003973572218,0.3534731779616158,0.40237288488969475,0.6948909607672279,0.6840787483444318,4,650,217,l2,0.001,lbfgs,0.6275171775580082
0.46835443037974683,0.4682637182637183,0.4602870813397129,0.4729695354612077,0.6645569620253164,0.8670886075949367,0.1941125036432526,0.19605399792315692,0.3016573235088123,0.6426107618067921,0.6329319262003971,5,709,158,l2,0.001,lbfgs,0.6384051488426439
