accuracy,balanced_accuracy,f1_macro,f1_weighted,mae,adjacent_accuracy,kappa_linear,kappa_quadratic,spearman_r,roc_auc_macro_ovr,roc_auc_weighted_ovr,fold,n_train,n_val,best_penalty,best_C,best_solver,inner_auc_score
0.41732283464566927,0.4316393913293138,0.4123492994460736,0.42025208725742125,0.7637795275590551,0.8188976377952756,0.18020895721035468,0.21716453295400662,0.3249304136024937,0.6236683981296981,0.6268333902832123,1,740,127,l2,0.01,lbfgs,0.6267746148564033
0.38860103626943004,0.3690374585111427,0.36820450885668277,0.39878601286576054,0.7357512953367875,0.8756476683937824,0.11996660458544717,0.1765841828715139,0.19802391824195137,0.5825361713868934,0.5911059419129482,2,674,193,l2,0.01,lbfgs,0.6365449791702232
0.4186046511627907,0.4280518659076534,0.4197833985864164,0.42059466731982204,0.6976744186046512,0.8837209302325582,0.18791312559017936,0.25136017410228506,0.2851628387846214,0.6037337412218816,0.5971265652951699,3,695,172,l2,0.01,lbfgs,0.6362011425004568
0.48847926267281105,0.45654511453950447,0.426279602750191,0.49072297540717164,0.6774193548387096,0.8341013824884793,0.260655927685711,0.3151812090208228,0.4114137158991051,0.6901536931329505,0.7005689833032986,4,650,217,l2,0.001,lbfgs,0.585333096225853
0.43670886075949367,0.4602989352989353,0.4371703184127873,0.43494615818703064,0.689873417721519,0.8734177215189873,0.19920022319352748,0.23688816855753647,0.2776261963510687,0.6103998000630472,0.5918208818549269,5,709,158,l2,0.001,lbfgs,0.6285403821641812
