roc_auc,pr_auc,accuracy,f1,balanced_accuracy,matthews_corrcoef,sensitivity,specificity,precision,pos_LR,sensitivity_at_spec100,fold,n_train,n_val,threshold,best_penalty,best_C,best_solver,best_inner_score
0.6365,0.7428201111364177,0.6153846153846154,0.6666666666666666,0.6125,0.21957751641341997,0.625,0.6,0.7142857142857143,1.5625,0.0875,1,737,130,0.5422301708426075,l2,0.001,liblinear,0.7119076639947992
0.6222222222222222,0.6921191427347032,0.603448275862069,0.6805555555555556,0.5784037558685446,0.15820005741184306,0.6901408450704225,0.4666666666666667,0.6712328767123288,1.2940140845070423,0.014084507042253521,2,751,116,0.5056278755426347,l1,0.01,liblinear,0.6807534536188774
0.6766666666666665,0.665124874640366,0.6258741258741258,0.664576802507837,0.6217156862745098,0.24726084456616318,0.7066666666666667,0.5367647058823529,0.6272189349112426,1.5255026455026455,0.006666666666666667,3,581,286,0.5028707071063759,l2,0.0001,lbfgs,0.6853805049515671
0.6956521739130433,0.8050881971455743,0.7125748502994012,0.7894736842105263,0.6701505016722409,0.33688193265056754,0.782608695652174,0.5576923076923077,0.7964601769911505,1.7693761814744804,0.017391304347826087,4,700,167,0.4798769499639422,l1,0.01,liblinear,0.6584925799458605
0.6979411764705882,0.7187273990092569,0.6666666666666666,0.7227722772277227,0.6517647058823529,0.30505853686691375,0.73,0.5735294117647058,0.7156862745098039,1.7117241379310342,0.0,5,699,168,0.48960937716874503,l1,0.01,liblinear,0.6803473379636316
