roc_auc,pr_auc,accuracy,f1,balanced_accuracy,matthews_corrcoef,sensitivity,specificity,precision,pos_LR,sensitivity_at_spec100,fold,n_train,n_val,threshold,best_penalty,best_C,best_solver,best_inner_score
0.6283783783783784,0.6910044294387095,0.6311475409836066,0.7239263803680982,0.5861486486486487,0.18947982298475385,0.7972972972972973,0.375,0.6629213483146067,1.2756756756756755,0.013513513513513514,1,745,122,0.4808307685112853,l2,0.0001,liblinear,0.6827675525087201
0.7158333333333333,0.7511293360492691,0.656,0.6993006993006993,0.6680555555555556,0.3226769924956424,0.625,0.7111111111111111,0.7936507936507936,2.1634615384615388,0.0,2,742,125,0.5234556502816556,l2,0.0001,liblinear,0.6742584356539008
0.7103690422829821,0.7500134894213297,0.6808510638297872,0.7311827956989247,0.6685342895562527,0.3387428971006951,0.7391304347826086,0.5979381443298969,0.723404255319149,1.83835005574136,0.036231884057971016,3,632,235,0.4673827967527669,l2,0.0001,liblinear,0.655770280601455
0.6226110983191342,0.6607304895103809,0.591304347826087,0.6518518518518519,0.578709033694067,0.1604004412554705,0.6821705426356589,0.4752475247524752,0.624113475177305,1.299985373701916,0.007751937984496124,4,637,230,0.48372412045722346,l2,0.0001,lbfgs,0.6786088798083191
0.6578947368421053,0.7133805007778824,0.6258064516129033,0.6704545454545454,0.6271929824561404,0.24806883386162795,0.6210526315789474,0.6333333333333333,0.7283950617283951,1.69377990430622,0.010526315789473684,5,712,155,0.5116429515942248,l1,0.01,liblinear,0.6819499051987603
