n_pairs,pairwise_accuracy,both_correct_rate,mean_delta,median_delta,std_delta,n_positive_delta,per_drug_accuracy,per_drug_roc_auc,per_drug_pr_auc,n_train,n_test,best_penalty,best_C,best_solver,inner_cv_score,threshold,seed
13,0.3076923076923077,0.6153846153846154,-0.015651292565873696,-0.018469750679308672,0.04032432051035551,4,0.8461538461538461,0.17045454545454544,0.7315185123284524,867,26,l2,0.0001,liblinear,0.6505573489772438,0.457961467139646,4
