roc_auc,pr_auc,accuracy,f1,balanced_accuracy,matthews_corrcoef,sensitivity,specificity,precision,pos_LR,sensitivity_at_spec100,fold,n_train,n_val,threshold,best_penalty,best_C,best_solver,best_inner_score
0.6986803519061584,0.7862596988113408,0.6368715083798883,0.7031963470319634,0.6468475073313783,0.27151092935291365,0.6209677419354839,0.6727272727272727,0.8105263157894737,1.8974014336917564,0.016129032258064516,1,714,179,0.509967735584095,l2,0.0001,liblinear,0.6529028642477261
0.6862600426299393,0.6946965375320523,0.6108597285067874,0.6504065040650406,0.6078865387768486,0.2198667726034112,0.7017543859649122,0.514018691588785,0.6060606060606061,1.4439946018893386,0.0,2,672,221,0.4495889934836743,l2,0.0001,liblinear,0.6362627092801939
0.6875165650675855,0.7381704931231147,0.6587301587301587,0.7074829931972789,0.6539888682745826,0.302147977780878,0.6753246753246753,0.6326530612244898,0.7428571428571429,1.8383838383838387,0.012987012987012988,3,767,126,0.5180146793566828,l2,0.0001,liblinear,0.6565769894908122
0.6193388670452891,0.6959808858619658,0.6627906976744186,0.7583333333333333,0.599970875200233,0.22607859074620232,0.8348623853211009,0.36507936507936506,0.6946564885496184,1.314908256880734,0.0,4,721,172,0.4754879605578521,l2,0.0001,liblinear,0.6886193759365111
0.626272471301711,0.6601187595351019,0.5794871794871795,0.5773195876288659,0.5974658869395711,0.19529164171612673,0.49122807017543857,0.7037037037037037,0.7,1.6578947368421053,0.008771929824561403,5,698,195,0.537200022661771,l1,0.01,liblinear,0.6666711064687123
