n_pairs,pairwise_accuracy,both_correct_rate,mean_delta,median_delta,std_delta,n_positive_delta,per_drug_accuracy,per_drug_roc_auc,per_drug_pr_auc,n_train,n_test,best_penalty,best_C,best_solver,inner_cv_score,threshold,seed
38,0.5789473684210527,0.2631578947368421,0.09234954046215374,0.034921256957217435,0.20785962457080118,22,0.5645161290322581,0.6029411764705883,0.6482507178812686,831,62,l2,0.0001,liblinear,0.7274908555076316,0.5391300289829599,1
