roc_auc,pr_auc,accuracy,f1,balanced_accuracy,matthews_corrcoef,sensitivity,specificity,precision,pos_LR,sensitivity_at_spec100,fold,n_train,n_val,threshold,best_penalty,best_C,best_solver,best_inner_score
0.7543637743485959,0.8033334375180288,0.6972972972972973,0.7627118644067796,0.6724007083227928,0.3448014166455856,0.7627118644067796,0.582089552238806,0.7627118644067796,1.8250605326876512,0.0,1,646,185,0.4743177088061195,l2,0.001,lbfgs,0.705428292826063
0.7808219178082193,0.84462866765128,0.6982758620689655,0.732824427480916,0.7124880535202294,0.4105179752024506,0.6575342465753424,0.7674418604651163,0.8275862068965517,2.827397260273973,0.0821917808219178,2,715,116,0.542796292364608,l1,0.1,liblinear,0.7070697815744905
0.7043785935426803,0.7597356545342326,0.6261682242990654,0.6428571428571429,0.6288367978770455,0.2560927612275252,0.6050420168067226,0.6526315789473685,0.6857142857142857,1.7417876241405654,0.04201680672268908,3,617,214,0.514130792320502,l2,0.001,liblinear,0.7462984052703634
0.7121052631578948,0.7301459428996699,0.7096774193548387,0.7692307692307693,0.6864035087719298,0.37952480150858076,0.7894736842105263,0.5833333333333334,0.75,1.8947368421052633,0.0,4,676,155,0.5451153707967499,l2,0.0001,liblinear,0.7047720377659626
0.6704138155751059,0.7352207533823587,0.6521739130434783,0.7171717171717171,0.6327794069729553,0.26555881394591074,0.7171717171717171,0.5483870967741935,0.7171717171717171,1.5880230880230877,0.010101010101010102,5,670,161,0.5242987377176435,l2,0.001,liblinear,0.719697088362814
