accuracy,balanced_accuracy,f1_macro,f1_weighted,mae,adjacent_accuracy,kappa_linear,kappa_quadratic,spearman_r,roc_auc_macro_ovr,roc_auc_weighted_ovr,fold,n_train,n_val,best_penalty,best_C,best_solver,inner_auc_score
0.4122137404580153,0.4383347541915317,0.4108182939414533,0.402018638105224,0.7251908396946565,0.8625954198473282,0.2086856997520189,0.278555513515786,0.3442530926351385,0.5952068740240755,0.5854846101500331,1,736,131,l2,0.0001,lbfgs,0.6562371518856654
0.42857142857142855,0.41757710888145666,0.40197893214290326,0.4158754142804733,0.7407407407407407,0.8306878306878307,0.18055125425828433,0.2287874544945392,0.2542469825907654,0.5812049718781837,0.5786759362028179,2,678,189,l2,0.0001,lbfgs,0.6668590281753294
0.48125,0.48938375350140056,0.47398351594858407,0.4812828060717832,0.65625,0.8625,0.2907801418439717,0.3499836405278657,0.3619043843480797,0.6485829187260979,0.6506843304079855,3,707,160,l2,0.0001,lbfgs,0.6288706860547951
0.5213675213675214,0.5449032838506523,0.5118566618566619,0.5289232372565705,0.5897435897435898,0.8888888888888888,0.30754385212505886,0.3410795269288912,0.3171406939323131,0.6720412107635226,0.6600358783890489,4,633,234,l2,0.0001,lbfgs,0.6041463593658142
0.43790849673202614,0.46722674688776383,0.4293900302595955,0.4428819376133955,0.7189542483660131,0.8431372549019608,0.2128893461790291,0.2434276414621933,0.3335862870335975,0.6606889233210036,0.6559573157379035,5,714,153,l2,0.0001,lbfgs,0.6129626286876163
