accuracy,balanced_accuracy,f1_macro,f1_weighted,mae,adjacent_accuracy,kappa_linear,kappa_quadratic,spearman_r,roc_auc_macro_ovr,roc_auc_weighted_ovr,fold,n_train,n_val,best_penalty,best_C,best_solver,inner_auc_score
0.48739495798319327,0.528641975308642,0.48661616161616167,0.48965495289024696,0.6386554621848739,0.8739495798319328,0.2790178571428572,0.3085946064459548,0.3154747003913066,0.6494057761173302,0.6381146206022238,1,748,119,l2,0.0001,lbfgs,0.6421469750904751
0.42748091603053434,0.4562179816417104,0.42884990253411304,0.4238382215079684,0.7099236641221374,0.8625954198473282,0.1990664650581816,0.23964004499437563,0.2851861962758379,0.6560075308825177,0.6507152396305352,2,736,131,l2,0.001,lbfgs,0.6414023602606029
0.4823529411764706,0.48747226489161966,0.4802724743091716,0.4840876008226251,0.6764705882352942,0.8411764705882353,0.24744014165832628,0.2658557775847089,0.2653334102145515,0.6387885582209971,0.6322962189237066,3,697,170,l2,0.0001,lbfgs,0.6540739322213384
0.41702127659574467,0.4096142602779771,0.39624266815440706,0.4225108907325459,0.7531914893617021,0.8297872340425532,0.15311004784688997,0.19671477023342432,0.30466238385990774,0.6198103469347128,0.6227788901598019,4,632,235,l2,0.001,lbfgs,0.648362265490998
0.5283018867924528,0.5521852898412855,0.5188687762325184,0.5447956253073756,0.6320754716981132,0.839622641509434,0.30413482265334113,0.30428566786886313,0.3554720005855019,0.6893966042017898,0.6845098939000102,5,655,212,l2,0.0001,lbfgs,0.6292670695881386
