roc_auc,pr_auc,accuracy,f1,balanced_accuracy,matthews_corrcoef,sensitivity,specificity,precision,pos_LR,sensitivity_at_spec100,fold,n_train,n_val,threshold,best_penalty,best_C,best_solver,best_inner_score
0.6447665913020347,0.675596617876119,0.5965909090909091,0.6243386243386243,0.6014762601409762,0.20003408816419785,0.5728155339805825,0.6301369863013698,0.686046511627907,1.5487234807623156,0.0,1,655,176,0.5209435211562843,l2,0.001,liblinear,0.7549044187318891
0.749701456890375,0.8133726984697094,0.6893939393939394,0.7421383647798742,0.6753045139718175,0.3517449814514253,0.7468354430379747,0.6037735849056604,0.7375,1.8848704038577455,0.06329113924050633,2,699,132,0.5076775662808088,l2,0.001,liblinear,0.6482508371826312
0.6966145833333334,0.7101097047488542,0.65625,0.7116104868913857,0.6419270833333333,0.2894802986013358,0.7421875,0.5416666666666666,0.6834532374100719,1.6193181818181817,0.0,3,607,224,0.4516012764167062,l1,0.01,liblinear,0.6999139492912434
0.7289624183006536,0.830284755480216,0.68,0.7551020408163265,0.6544117647058824,0.29783322646824617,0.7254901960784313,0.5833333333333334,0.7872340425531915,1.7411764705882353,0.00980392156862745,4,681,150,0.49644323097352633,l2,0.0001,liblinear,0.6711165070306883
0.6311975591151793,0.6624024808856366,0.6375838926174496,0.7065217391304348,0.6164187643020596,0.232837528604119,0.7065217391304348,0.5263157894736842,0.7065217391304348,1.4915458937198067,0.0,5,682,149,0.5112067495287191,l2,0.001,lbfgs,0.710871302687927
