accuracy,balanced_accuracy,f1_macro,f1_weighted,mae,adjacent_accuracy,kappa_linear,kappa_quadratic,spearman_r,roc_auc_macro_ovr,roc_auc_weighted_ovr,fold,n_train,n_val,best_penalty,best_C,best_solver,inner_auc_score
0.3969465648854962,0.40096618357487923,0.3965490496655808,0.3996467707756729,0.7557251908396947,0.8473282442748091,0.12778263501244191,0.15951996307408267,0.2988751810524338,0.5989974527088587,0.5924798860285438,1,736,131,l2,0.0001,lbfgs,0.6600789818626562
0.4126984126984127,0.4052025269416574,0.39815880642165613,0.4109152372002079,0.7513227513227513,0.8359788359788359,0.15683317624882198,0.20282843319687394,0.2843441493370412,0.60247245990584,0.6052490703028337,2,678,189,l2,0.0001,lbfgs,0.6770222221493418
0.525,0.5234173669467787,0.5189745321514,0.5288516673701984,0.58125,0.89375,0.34645115952213634,0.408545814413785,0.4399115782424881,0.6990276915035682,0.7029346151269511,3,707,160,l2,0.0001,lbfgs,0.6504366317795147
0.5085470085470085,0.5088349077822761,0.492378948306,0.5142871702376028,0.5897435897435898,0.9017094017094017,0.2779392692634497,0.3207332849525133,0.3431705880314143,0.6816243676420214,0.6759538208286442,4,633,234,l2,0.0001,lbfgs,0.6248393926370918
0.47058823529411764,0.4576087754053855,0.4501683689605775,0.47849919922450446,0.6470588235294118,0.8823529411764706,0.21162754385051785,0.23869374516236042,0.31847997368317743,0.6530548841604217,0.6458881520163295,5,714,153,l2,0.001,lbfgs,0.6599136634475498
