accuracy,balanced_accuracy,f1_macro,f1_weighted,mae,adjacent_accuracy,kappa_linear,kappa_quadratic,spearman_r,roc_auc_macro_ovr,roc_auc_weighted_ovr,fold,n_train,n_val,best_penalty,best_C,best_solver,inner_auc_score
0.40458015267175573,0.4414606422279057,0.35697326006235314,0.33380879781618533,0.7709923664122137,0.8244274809160306,0.20853023867918874,0.2738961577617737,0.3415135196394552,0.5855288155901834,0.5741547618496522,1,736,131,l2,0.0001,liblinear,0.646263939149254
0.41798941798941797,0.41534745447788923,0.3586505686690929,0.3682521020691238,0.7883597883597884,0.7936507936507936,0.17510764814435098,0.22230681385610973,0.22956941553992102,0.5591939633314107,0.5615909029887525,2,678,189,l2,0.0001,liblinear,0.6720510905011664
0.5125,0.48580765639589174,0.4871794871794872,0.5112179487179487,0.575,0.9125,0.33139534883720945,0.4144913393510612,0.459277887734285,0.6547665630688085,0.6665472382260335,3,707,160,l1,0.1,liblinear,0.6374345667299158
0.44871794871794873,0.4713180386864598,0.3825525266876659,0.3864883013766016,0.7136752136752137,0.8376068376068376,0.21583657743709106,0.26066831361331433,0.33104987905265026,0.6780934699785998,0.6728385492024409,4,633,234,l2,0.0001,liblinear,0.6160497215816105
0.47058823529411764,0.5321434685841465,0.4394230769230769,0.4311463046757164,0.6666666666666666,0.8627450980392157,0.30305466237942136,0.3593859036985345,0.4303977683495561,0.6843305232873359,0.6756067689976456,5,714,153,l2,0.0001,liblinear,0.6263629408851922
