accuracy,balanced_accuracy,f1_macro,f1_weighted,mae,adjacent_accuracy,kappa_linear,kappa_quadratic,spearman_r,roc_auc_macro_ovr,roc_auc_weighted_ovr,fold,n_train,n_val,best_penalty,best_C,best_solver,inner_auc_score
0.4954128440366973,0.4795010576085605,0.47661366274612876,0.5035078074184188,0.6605504587155964,0.8440366972477065,0.24407628587940666,0.2545806451612904,0.3663150782699758,0.6538893981326424,0.6583059066758892,1,758,109,l2,0.0001,lbfgs,0.6461840335079533
0.4297520661157025,0.43839701770736256,0.42801251956181535,0.43304362446487926,0.6859504132231405,0.8842975206611571,0.18303099324818994,0.2301828394566402,0.23947851726414962,0.6139572661311792,0.6042126516434816,2,746,121,l2,0.001,lbfgs,0.667873855967177
0.48148148148148145,0.4864641733494192,0.4782764518381722,0.48442202934434875,0.6111111111111112,0.9074074074074074,0.26686780032912794,0.328254580520733,0.3490843473824321,0.6525514630514774,0.6488605131929787,3,705,162,l2,0.0001,lbfgs,0.6407008821157687
0.4977973568281938,0.48571428571428577,0.47422409525408554,0.5019226987600826,0.6299559471365639,0.8722466960352423,0.2557377049180328,0.2920229025400717,0.35743799570806134,0.6596810803778016,0.6544287036884711,4,640,227,l2,0.0001,lbfgs,0.6547225097971154
0.4879032258064516,0.48502392612142575,0.4790934217799889,0.4887436473546247,0.6612903225806451,0.8508064516129032,0.24659158269116777,0.26964957434171455,0.347411459108644,0.6790469853673509,0.6741681181881354,5,619,248,l2,0.001,lbfgs,0.6387272787254537
