accuracy,balanced_accuracy,f1_macro,f1_weighted,mae,adjacent_accuracy,kappa_linear,kappa_quadratic,spearman_r,roc_auc_macro_ovr,roc_auc_weighted_ovr,fold,n_train,n_val,best_penalty,best_C,best_solver,inner_auc_score
0.40458015267175573,0.44842284739982946,0.3574466480916005,0.3362703610019987,0.8244274809160306,0.7709923664122137,0.17858801672085467,0.20491329479768783,0.3332435936805233,0.6230525087668416,0.6115776274309205,1,736,131,l2,0.001,liblinear,0.6642118220042631
0.42328042328042326,0.40687476774433295,0.3455266955266955,0.35741656932133126,0.8042328042328042,0.7724867724867724,0.14341940485419524,0.1727904667328698,0.2735363100706652,0.5896515219797128,0.587172847925536,2,678,189,l2,0.001,liblinear,0.67441828017816
0.55625,0.5631652661064425,0.5149509803921569,0.52390625,0.6125,0.83125,0.3767885532591415,0.41369334619093534,0.4294765771235663,0.6919068838718802,0.6905748182823073,3,707,160,l2,0.001,liblinear,0.6539691086045487
0.4444444444444444,0.477008547008547,0.34517431972789114,0.340701585121228,0.7051282051282052,0.8504273504273504,0.24795481106349826,0.31646985705407094,0.36978648481858345,0.7102945659666599,0.6943429871487427,4,633,234,l2,0.0001,liblinear,0.6203476435453765
0.43137254901960786,0.4744234108640888,0.39169843007796096,0.3927387816764463,0.7581699346405228,0.8104575163398693,0.21904426647892283,0.24339225828454492,0.35883287616010834,0.647626999543858,0.634586425880371,5,714,153,l2,0.001,liblinear,0.6474629628561327
