accuracy,balanced_accuracy,f1_macro,f1_weighted,mae,adjacent_accuracy,kappa_linear,kappa_quadratic,spearman_r,roc_auc_macro_ovr,roc_auc_weighted_ovr,fold,n_train,n_val,best_penalty,best_C,best_solver,inner_auc_score
0.4330708661417323,0.4481481481481482,0.3440625568285143,0.3504259185277781,0.7952755905511811,0.7716535433070866,0.2059060236488579,0.2477928850810207,0.26543217844002304,0.555470179680234,0.5490307347720499,1,740,127,l2,0.0001,liblinear,0.6535273283883937
0.40932642487046633,0.4380749170222855,0.3437761069340017,0.3359240069084629,0.7875647668393783,0.8031088082901554,0.1714866696791686,0.2034610093403807,0.2845453538168366,0.6088786970482359,0.6006821852344344,2,674,193,l2,0.0001,liblinear,0.6366016435148258
0.38953488372093026,0.42327038342218604,0.3347299820759247,0.31581184988679634,0.813953488372093,0.7965116279069767,0.17011304108078307,0.21682567215958382,0.2520818314156227,0.5719474508729726,0.5640337859814604,3,695,172,l2,0.0001,liblinear,0.6443042698856982
0.4976958525345622,0.4919121084618981,0.38832317609610184,0.4443513502576147,0.7235023041474654,0.7788018433179723,0.2569951802499292,0.2958972977825659,0.4112408692103655,0.6909972110041359,0.6877931143885622,4,650,217,l2,0.0001,lbfgs,0.5958461946678169
0.43037974683544306,0.4995495495495496,0.41541601993265137,0.38195984094416924,0.7151898734177216,0.8544303797468354,0.2488851493479175,0.29626309597176315,0.24138722830230497,0.6516528473542301,0.6511550478319807,5,709,158,l2,0.001,liblinear,0.6248078220696603
