roc_auc,pr_auc,accuracy,f1,balanced_accuracy,matthews_corrcoef,sensitivity,specificity,precision,pos_LR,sensitivity_at_spec100,fold,n_train,n_val,threshold,best_penalty,best_C,best_solver,best_inner_score
0.602759009009009,0.6784170174206745,0.6639344262295082,0.7602339181286549,0.6058558558558559,0.2562273533022804,0.8783783783783784,0.3333333333333333,0.6701030927835051,1.3175675675675675,0.02702702702702703,1,745,122,0.49420973471013413,l2,0.0001,lbfgs,0.6836950226601116
0.6586111111111111,0.7469656405706677,0.632,0.7195121951219512,0.5909722222222222,0.18601950236129292,0.7375,0.4444444444444444,0.7023809523809523,1.3275000000000001,0.0375,2,742,125,0.4559268949474431,l2,0.001,liblinear,0.6841260327405327
0.7393545495293591,0.7632786426810776,0.6468085106382979,0.6497890295358649,0.6655834453907068,0.33020623505229246,0.5579710144927537,0.7731958762886598,0.7777777777777778,2.4601449275362324,0.021739130434782608,3,632,235,0.5550514751528808,l2,0.001,liblinear,0.6720060712849742
0.6553073912042366,0.688192547800365,0.6173913043478261,0.648,0.6159336863918949,0.23045665242423902,0.627906976744186,0.6039603960396039,0.6694214876033058,1.5854651162790696,0.015503875968992248,4,637,230,0.5237077526443745,l2,0.001,lbfgs,0.6842631343083643
0.7371929824561404,0.811786564646799,0.6967741935483871,0.745945945945946,0.6881578947368421,0.37145989842828375,0.7263157894736842,0.65,0.7666666666666667,2.075187969924812,0.1368421052631579,5,712,155,0.5024077367936426,l2,0.001,liblinear,0.6790335942772845
