roc_auc,pr_auc,accuracy,f1,balanced_accuracy,matthews_corrcoef,sensitivity,specificity,precision,pos_LR,sensitivity_at_spec100,fold,n_train,n_val,threshold,best_penalty,best_C,best_solver,best_inner_score
0.7230769230769232,0.7362703279020695,0.6382978723404256,0.6344086021505376,0.6592074592074593,0.31968425246947757,0.5363636363636364,0.782051282051282,0.7763157894736842,2.4609625668449198,0.0,1,679,188,0.5661072704484182,l2,0.001,lbfgs,0.7081436276092281
0.6181925228142479,0.6779972948772848,0.6557377049180327,0.7341772151898734,0.6229025610833088,0.2458051221666176,0.7341772151898734,0.5116279069767442,0.7341772151898734,1.5033152501506932,0.0,2,745,122,0.49877594062508745,l1,0.01,liblinear,0.6918270156802109
0.6824324324324325,0.7573505931541792,0.6549707602339181,0.7230046948356808,0.6385135135135136,0.2694850174022144,0.6936936936936937,0.5833333333333334,0.7549019607843137,1.664864864864865,0.009009009009009009,3,696,171,0.5006517443188316,l2,0.001,lbfgs,0.7008412713255763
0.6934992718125249,0.6863904429955929,0.6264367816091954,0.6919431279620853,0.6179663709784192,0.25471847996981006,0.8021978021978022,0.43373493975903615,0.6083333333333333,1.4166471826046296,0.0,4,693,174,0.4601822850831558,l1,0.01,liblinear,0.6754009895685759
0.7446436781609196,0.792943389058796,0.6792452830188679,0.7235772357723578,0.6720919540229885,0.3420517470742017,0.712,0.632183908045977,0.7355371900826446,1.9357499999999999,0.0,5,655,212,0.5204658139286091,l2,0.001,liblinear,0.7025385245564879
