accuracy,balanced_accuracy,f1_macro,f1_weighted,mae,adjacent_accuracy,kappa_linear,kappa_quadratic,spearman_r,roc_auc_macro_ovr,roc_auc_weighted_ovr,fold,n_train,n_val,best_penalty,best_C,best_solver,inner_auc_score
0.41284403669724773,0.44828605200945626,0.3363021606465446,0.3497314890893326,0.8256880733944955,0.7614678899082569,0.22105764649833248,0.26456333745129723,0.338664116717217,0.582034145824526,0.5841680411665894,1,758,109,l2,0.001,liblinear,0.6205189816602024
0.4214876033057851,0.5265610438024231,0.36655052264808363,0.3022547297491865,0.7024793388429752,0.8760330578512396,0.3092215729733361,0.39821822427885656,0.46200344823792877,0.7044463547393901,0.6868215028473742,2,746,121,l2,0.001,liblinear,0.5964462974008915
0.3333333333333333,0.39250585480093675,0.2826086956521739,0.26341921631776705,0.9259259259259259,0.7407407407407407,0.11275010953702347,0.14009618001996182,0.16279826784375676,0.5983448581816266,0.604273200723397,3,705,162,l2,0.001,liblinear,0.607657239874655
0.4889867841409692,0.45436507936507936,0.36697005412956174,0.4025641062622449,0.6740088105726872,0.8370044052863436,0.2510835579514825,0.30730349917326494,0.37560377993586663,0.6468153123012607,0.6506069396308644,4,640,227,l2,0.01,lbfgs,0.6032126286709092
0.4153225806451613,0.45084275376690214,0.3420154237720166,0.33940923398294776,0.8185483870967742,0.7661290322580645,0.2058053320713047,0.24571908012661614,0.2759660668732286,0.615097248701075,0.6135763546009801,5,619,248,l2,0.01,lbfgs,0.6203455008503037
