roc_auc,pr_auc,accuracy,f1,balanced_accuracy,matthews_corrcoef,sensitivity,specificity,precision,pos_LR,sensitivity_at_spec100,fold,n_train,n_val,threshold,best_penalty,best_C,best_solver,best_inner_score
0.6620060790273555,0.6911109940543101,0.6324786324786325,0.6861313868613139,0.6229483282674773,0.24368464765658887,0.6714285714285714,0.574468085106383,0.7014925373134329,1.5778571428571428,0.014285714285714285,1,714,117,0.537147064544602,l2,0.0001,liblinear,0.7199101172529809
0.6587690631808278,0.7205492053247033,0.6022727272727273,0.6534653465346535,0.5996732026143792,0.19458254960599747,0.6111111111111112,0.5882352941176471,0.7021276595744681,1.4841269841269844,0.018518518518518517,2,655,176,0.4914158972444634,l2,0.001,liblinear,0.697540717096174
0.7318181818181819,0.8153129257604024,0.6993865030674846,0.772093023255814,0.666077441077441,0.3307104821127327,0.7685185185185185,0.5636363636363636,0.7757009345794392,1.761188271604938,0.009259259259259259,3,668,163,0.5087918834676214,l2,0.0001,liblinear,0.6415457311652906
0.6589262187088274,0.685526399686426,0.6139240506329114,0.6737967914438503,0.5999670619235837,0.2013820362803443,0.6847826086956522,0.5151515151515151,0.6631578947368421,1.4123641304347827,0.010869565217391304,4,673,158,0.4981763471255568,l2,0.001,liblinear,0.6827844851197268
0.6862899005756149,0.7096457441586921,0.6221198156682027,0.6554621848739496,0.6227106227106227,0.24233406283787737,0.6190476190476191,0.6263736263736264,0.6964285714285714,1.6568627450980393,0.015873015873015872,5,614,217,0.5533581885186639,l2,0.0001,lbfgs,0.7223873375785269
