roc_auc,pr_auc,accuracy,f1,balanced_accuracy,matthews_corrcoef,sensitivity,specificity,precision,pos_LR,sensitivity_at_spec100,fold,n_train,n_val,threshold,best_penalty,best_C,best_solver,best_inner_score
0.720608243297319,0.7241274779335607,0.6651785714285714,0.6724890829694323,0.6663865546218488,0.33217549168405214,0.6470588235294118,0.6857142857142857,0.7,2.058823529411765,0.03361344537815126,1,669,224,0.5245384805685435,l2,0.01,liblinear,0.6620337250593763
0.6107046070460704,0.7236812555290087,0.6010928961748634,0.6866952789699571,0.5752032520325203,0.1441906253104603,0.6504065040650406,0.5,0.7272727272727273,1.3008130081300813,0.0,2,710,183,0.5463452629840038,l2,0.01,lbfgs,0.7083670874026678
0.6877033181522446,0.7489198719207457,0.6214285714285714,0.6748466257668712,0.6179787464758186,0.2297389073027373,0.632183908045977,0.6037735849056604,0.7236842105263158,1.595511767925561,0.011494252873563218,3,753,140,0.5147848976716369,l2,0.01,lbfgs,0.6692520656731419
0.6827485380116959,0.7833847461955676,0.6143790849673203,0.700507614213198,0.5786732456140351,0.16060821241623524,0.71875,0.43859649122807015,0.6831683168316832,1.2802734375,0.0,4,740,153,0.4554411663603657,l2,0.01,lbfgs,0.6737108392590471
0.7018805309734513,0.7465842963936311,0.6735751295336787,0.704225352112676,0.675608407079646,0.3462725300236876,0.6637168141592921,0.6875,0.75,2.1238938053097347,0.02654867256637168,5,700,193,0.5237121223250257,l2,0.001,lbfgs,0.686152801067321
