accuracy,balanced_accuracy,f1_macro,f1_weighted,mae,adjacent_accuracy,kappa_linear,kappa_quadratic,spearman_r,roc_auc_macro_ovr,roc_auc_weighted_ovr,fold,n_train,n_val,best_penalty,best_C,best_solver,inner_auc_score
0.4409448818897638,0.4608383577375825,0.3654253154253155,0.37869785507580783,0.7795275590551181,0.7795275590551181,0.24236215727628818,0.28798784678265277,0.32847369387986636,0.6135864603544792,0.6176697285103168,1,740,127,l2,0.01,lbfgs,0.614001182994657
0.37823834196891193,0.41660146989094354,0.3211901300043342,0.3166394578155612,0.844559585492228,0.7772020725388601,0.1499635223864465,0.17821782178217827,0.21560187413125287,0.5860941341990481,0.589573307969383,2,674,193,l2,0.01,lbfgs,0.6238643158481585
0.37209302325581395,0.4208909370199693,0.31201137171286425,0.2875737591114197,0.8488372093023255,0.7790697674418605,0.16203950880939666,0.20727453911310412,0.26385590466125725,0.5890379505061668,0.5824026264433241,3,695,172,l2,0.01,liblinear,0.6250318555303984
0.511520737327189,0.47391304347826085,0.37174558524769497,0.4476549115177127,0.6912442396313364,0.7972350230414746,0.2776939463873602,0.3264209510394658,0.4250723123285352,0.6775276563398726,0.6893297907180297,4,650,217,l2,0.001,liblinear,0.5814844912426027
0.35443037974683544,0.4462121212121212,0.3088064494090319,0.245651085380123,0.8227848101265823,0.8227848101265823,0.17721518987341767,0.23140495867768596,0.32350232050341154,0.6246811859880549,0.6052202755332873,5,709,158,l2,0.01,liblinear,0.6218633314856931
