roc_auc,pr_auc,accuracy,f1,balanced_accuracy,matthews_corrcoef,sensitivity,specificity,precision,pos_LR,sensitivity_at_spec100,fold,n_train,n_val,threshold,best_penalty,best_C,best_solver,best_inner_score
0.6572871572871573,0.7434763275274452,0.6388888888888888,0.7111111111111111,0.6136363636363636,0.23066786057731162,0.7272727272727273,0.5,0.6956521739130435,1.4545454545454546,0.045454545454545456,1,723,108,0.5166034325807569,l1,0.01,liblinear,0.7320937539517564
0.707625060709082,0.7612383789836079,0.6577540106951871,0.7064220183486238,0.6558402136959689,0.3037792817684093,0.6637931034482759,0.647887323943662,0.7549019607843137,1.8851724137931036,0.008620689655172414,2,644,187,0.5132953976327046,l2,0.0001,liblinear,0.7044290218392236
0.6665602044075375,0.6744627022799252,0.5955555555555555,0.6127659574468085,0.5972532737144682,0.19350484322349007,0.5806451612903226,0.6138613861386139,0.6486486486486487,1.5037220843672456,0.0,3,606,225,0.5605320166530396,l2,0.0001,lbfgs,0.730712244958488
0.6830808080808082,0.7347606750541322,0.6645161290322581,0.7291666666666666,0.6481782106782107,0.29059533194056464,0.7070707070707071,0.5892857142857143,0.7526881720430108,1.7215634606938957,0.020202020202020204,4,676,155,0.5231481456178806,l2,0.0001,liblinear,0.7284546047088776
0.7891192628034733,0.8571245929312166,0.7371794871794872,0.7960199004975125,0.7110579479000532,0.4272575700795037,0.8080808080808081,0.6140350877192983,0.7843137254901961,2.0936639118457303,0.10101010101010101,5,675,156,0.4670330385355505,l2,0.0001,liblinear,0.6932303346469407
