roc_auc,pr_auc,accuracy,f1,balanced_accuracy,matthews_corrcoef,sensitivity,specificity,precision,pos_LR,sensitivity_at_spec100,fold,n_train,n_val,threshold,best_penalty,best_C,best_solver,best_inner_score
0.591967016890544,0.6311399382241859,0.5625,0.5792349726775956,0.5723500465487432,0.14317534653520916,0.5145631067961165,0.6301369863013698,0.6625,1.3912261776339445,0.0,1,655,176,0.5097949730778255,l1,0.01,liblinear,0.7203379952566102
0.70050155242417,0.7497343908343592,0.6287878787878788,0.6754966887417219,0.6246716025794125,0.24547492997598763,0.6455696202531646,0.6037735849056604,0.7083333333333334,1.6292947558770343,0.05063291139240506,2,699,132,0.524800788436898,l2,0.0001,liblinear,0.6442326480510928
0.6667480468749999,0.6841649865059598,0.6205357142857143,0.6792452830188679,0.6067708333333333,0.21682198670428607,0.703125,0.5104166666666666,0.656934306569343,1.4361702127659572,0.015625,3,607,224,0.4967920711656776,l2,0.0001,lbfgs,0.6820117888301859
0.7124183006535948,0.7998608354174439,0.6933333333333334,0.7604166666666666,0.6807598039215687,0.34423552065688573,0.7156862745098039,0.6458333333333334,0.8111111111111111,2.020761245674741,0.00980392156862745,4,681,150,0.4991432037903103,l2,0.0001,liblinear,0.6629340675072956
0.7046147978642258,0.731823707229516,0.6912751677852349,0.7472527472527473,0.6765827612509534,0.3509638457602106,0.7391304347826086,0.6140350877192983,0.7555555555555555,1.9150197628458498,0.0,5,682,149,0.5048236733884309,l2,0.0001,liblinear,0.6557569400540799
