roc_auc,pr_auc,accuracy,f1,balanced_accuracy,matthews_corrcoef,sensitivity,specificity,precision,pos_LR,sensitivity_at_spec100,fold,n_train,n_val,threshold,best_penalty,best_C,best_solver,best_inner_score
0.6998556998556998,0.8173396408702281,0.6106194690265486,0.6666666666666666,0.6329365079365079,0.24784235857031536,0.5714285714285714,0.6944444444444444,0.8,1.8701298701298699,0.07792207792207792,1,718,113,0.5371152864886559,l2,0.01,liblinear,0.6713689549411967
0.680701754385965,0.8094252388030295,0.672566371681416,0.7672955974842768,0.6040350877192983,0.22505756792740586,0.8133333333333334,0.39473684210526316,0.7261904761904762,1.343768115942029,0.14666666666666667,2,718,113,0.4577376958625194,l2,0.01,liblinear,0.6690095573412724
0.7327836310887159,0.8226280428337456,0.6705882352941176,0.7227722772277227,0.6762864559474729,0.3365132708629544,0.6576576576576577,0.6949152542372882,0.8021978021978022,2.155655655655656,0.0,3,661,170,0.48462253186573356,l1,0.1,liblinear,0.6628400097763961
0.6356275303643725,0.6431316066479377,0.5921985815602837,0.5818181818181818,0.5977732793522267,0.19655881703754233,0.5263157894736842,0.6692307692307692,0.6504065040650406,1.5911872705018357,0.0,4,549,282,0.5368619892394977,l1,0.1,liblinear,0.7036067163951841
0.6713483146067415,0.73177809661187,0.6209150326797386,0.6463414634146342,0.625877808988764,0.24841981154041148,0.5955056179775281,0.65625,0.7066666666666667,1.7323799795709909,0.056179775280898875,5,678,153,0.5212425982353138,l2,0.01,liblinear,0.6755209317434436
