roc_auc,pr_auc,accuracy,f1,balanced_accuracy,matthews_corrcoef,sensitivity,specificity,precision,pos_LR,sensitivity_at_spec100,fold,n_train,n_val,threshold,best_penalty,best_C,best_solver,best_inner_score
0.658662613981763,0.7266760447135605,0.5811965811965812,0.6016260162601627,0.5940729483282674,0.18529545984239904,0.5285714285714286,0.6595744680851063,0.6981132075471698,1.5526785714285711,0.02857142857142857,1,714,117,0.5594241837030554,l2,0.01,liblinear,0.6641783368375038
0.6853213507625272,0.7709020287755652,0.6647727272727273,0.7093596059113301,0.6642156862745098,0.3208534085186805,0.6666666666666666,0.6617647058823529,0.7578947368421053,1.971014492753623,0.10185185185185185,2,655,176,0.4834068417005141,l2,0.01,liblinear,0.6775101903974464
0.5806397306397306,0.7112400576145734,0.6012269938650306,0.6976744186046512,0.5563131313131313,0.112136499003253,0.6944444444444444,0.41818181818181815,0.7009345794392523,1.1935763888888888,0.0,3,668,163,0.4495348426274211,l1,1.0,liblinear,0.670405665113081
0.6829710144927535,0.7442185411387667,0.6772151898734177,0.7182320441988951,0.6714426877470356,0.3409536115278964,0.7065217391304348,0.6363636363636364,0.7303370786516854,1.9429347826086958,0.0,4,673,158,0.4805955474372822,l2,0.01,liblinear,0.650964196516048
0.652276295133438,0.709002049676035,0.6451612903225806,0.6857142857142857,0.641025641025641,0.2796710598995068,0.6666666666666666,0.6153846153846154,0.7058823529411765,1.7333333333333334,0.007936507936507936,5,614,217,0.475102088550771,l1,0.1,liblinear,0.6931278663070544
