roc_auc,pr_auc,accuracy,f1,balanced_accuracy,matthews_corrcoef,sensitivity,specificity,precision,pos_LR,sensitivity_at_spec100,fold,n_train,n_val,threshold,best_penalty,best_C,best_solver,best_inner_score
0.667027417027417,0.8256573665959629,0.6371681415929203,0.7248322147651006,0.6006493506493507,0.19506502574750928,0.7012987012987013,0.5,0.75,1.4025974025974026,0.12987012987012986,1,718,113,0.46891297899942774,l2,0.01,lbfgs,0.6823456733153768
0.6659649122807018,0.7821189028220525,0.5929203539823009,0.6515151515151515,0.6024561403508772,0.1936239054713936,0.5733333333333334,0.631578947368421,0.7543859649122807,1.5561904761904761,0.0,2,718,113,0.5439615796996052,l2,0.01,lbfgs,0.6759690253803601
0.762864559474729,0.8493382119445664,0.6941176470588235,0.74,0.7062146892655368,0.3930968613195833,0.6666666666666666,0.7457627118644068,0.8314606741573034,2.6222222222222222,0.08108108108108109,3,661,170,0.5295372229983075,l2,0.01,lbfgs,0.622027062578263
0.6093117408906882,0.6462225513346773,0.5709219858156028,0.584192439862543,0.5719129554655871,0.1434019921449116,0.5592105263157895,0.5846153846153846,0.6115107913669064,1.3462475633528266,0.039473684210526314,4,549,282,0.49638824230961526,l2,0.001,lbfgs,0.6884620695495992
0.6637991573033708,0.7045162555868678,0.6013071895424836,0.659217877094972,0.5892731741573034,0.17895524562245876,0.6629213483146067,0.515625,0.6555555555555556,1.368611815875317,0.011235955056179775,5,678,153,0.4849805151470247,l2,0.001,lbfgs,0.6603414664301704
