roc_auc,pr_auc,accuracy,f1,balanced_accuracy,matthews_corrcoef,sensitivity,specificity,precision,pos_LR,sensitivity_at_spec100,fold,n_train,n_val,threshold,best_penalty,best_C,best_solver,best_inner_score
0.6535,0.746995932007533,0.6,0.6438356164383562,0.60375,0.201923163641895,0.5875,0.62,0.7121212121212122,1.5460526315789473,0.075,1,737,130,0.5533383589626587,l2,0.001,liblinear,0.7153110869263302
0.6732394366197183,0.6966037183049308,0.6551724137931034,0.7368421052631579,0.6165884194053208,0.24753938629045272,0.7887323943661971,0.4444444444444444,0.691358024691358,1.4197183098591548,0.0,2,751,116,0.530141815149754,l2,0.001,liblinear,0.7143038649952944
0.6667156862745098,0.6412631623917546,0.6293706293706294,0.6267605633802817,0.6312254901960784,0.26265706678464446,0.5933333333333334,0.6691176470588235,0.664179104477612,1.793185185185185,0.0,3,581,286,0.5007261286575564,l2,0.0001,liblinear,0.7123115078414215
0.697324414715719,0.7957431801774603,0.718562874251497,0.7911111111111111,0.6850334448160535,0.3614074089888942,0.7739130434782608,0.5961538461538461,0.8090909090909091,1.9163561076604554,0.008695652173913044,4,700,167,0.49802434237105064,l2,0.001,liblinear,0.6795576197451018
0.7052941176470587,0.764929401958537,0.6845238095238095,0.7309644670050761,0.6761764705882353,0.3501203193091625,0.72,0.6323529411764706,0.7422680412371134,1.9583999999999997,0.08,5,699,168,0.525080513628915,l2,0.001,liblinear,0.6933604574680488
