roc_auc,pr_auc,accuracy,f1,balanced_accuracy,matthews_corrcoef,sensitivity,specificity,precision,pos_LR,sensitivity_at_spec100,fold,n_train,n_val,threshold,best_penalty,best_C,best_solver,best_inner_score
0.6919191919191918,0.8419669954666944,0.6637168141592921,0.7285714285714285,0.6645021645021645,0.3086334179624075,0.6623376623376623,0.6666666666666666,0.8095238095238095,1.987012987012987,0.14285714285714285,1,718,113,0.47062856984026585,l2,0.1,liblinear,0.6684738099819894
0.7066666666666666,0.8372958501169784,0.6460176991150443,0.7435897435897436,0.5840350877192982,0.17623638862059887,0.7733333333333333,0.39473684210526316,0.7160493827160493,1.27768115942029,0.18666666666666668,2,718,113,0.49109726850024843,l1,0.1,liblinear,0.6654112703109079
0.7454573217285081,0.8077975174012637,0.6823529411764706,0.7378640776699029,0.6813253931898,0.34768318259568814,0.6846846846846847,0.6779661016949152,0.8,2.1261261261261257,0.018018018018018018,3,661,170,0.5113507389377755,l2,0.01,liblinear,0.6405993669683138
0.5991396761133603,0.6365036838474672,0.5531914893617021,0.5961538461538461,0.5482287449392712,0.09704865469706071,0.6118421052631579,0.4846153846153846,0.58125,1.1871563236449332,0.03289473684210526,4,549,282,0.4726382601332461,l2,0.01,lbfgs,0.6847942822273307
0.6411516853932585,0.6822734259966207,0.6078431372549019,0.6470588235294118,0.6058637640449438,0.2092442631780113,0.6179775280898876,0.59375,0.6790123456790124,1.5211754537597233,0.02247191011235955,5,678,153,0.5140924419710287,l2,0.01,liblinear,0.6798407960248382
