accuracy,balanced_accuracy,f1_macro,f1_weighted,mae,adjacent_accuracy,kappa_linear,kappa_quadratic,spearman_r,roc_auc_macro_ovr,roc_auc_weighted_ovr,fold,n_train,n_val,best_penalty,best_C,best_solver,inner_auc_score
0.44274809160305345,0.44487070190394995,0.44333829857663026,0.44502186981207875,0.6564885496183206,0.9007633587786259,0.2204539164129533,0.2887337599379485,0.3763257260238547,0.6124764166835118,0.604754500761507,1,736,131,l2,0.0001,lbfgs,0.6514076556120824
0.48148148148148145,0.4705314009661836,0.4613550576290078,0.47205320174858795,0.6402116402116402,0.8783068783068783,0.2720819938249991,0.33853762809900023,0.31707936776743384,0.6078377635179879,0.6082838072085384,2,678,189,l2,0.0001,lbfgs,0.6668618728549508
0.46875,0.4631372549019608,0.4621756522354774,0.47606640943042233,0.625,0.90625,0.29341105811694035,0.3869370431502005,0.42957995599985693,0.6748084915840344,0.6762864691498627,3,707,160,l2,0.0001,lbfgs,0.6346676572183776
0.49572649572649574,0.5042240215924426,0.4830678181265533,0.5023357223512778,0.6153846153846154,0.8888888888888888,0.25556733828207845,0.2876269764841105,0.34251958677829203,0.6824557148417097,0.6703651721385411,4,633,234,l2,0.0001,lbfgs,0.6113625876289046
0.477124183006536,0.4975297771907941,0.4693264693264693,0.48636872166283934,0.6470588235294118,0.8758169934640523,0.2633856927491124,0.30322773659541946,0.3469998387609778,0.6809151939215732,0.6824051264591596,5,714,153,l2,0.0001,lbfgs,0.6258833361845
