roc_auc,pr_auc,accuracy,f1,balanced_accuracy,matthews_corrcoef,sensitivity,specificity,precision,pos_LR,sensitivity_at_spec100,fold,n_train,n_val,threshold,best_penalty,best_C,best_solver,best_inner_score
0.6172500000000001,0.6883176485836355,0.6230769230769231,0.6573426573426573,0.63375,0.2604030735613704,0.5875,0.68,0.746031746031746,1.8359375000000004,0.0,1,737,130,0.5498285229191473,l2,0.001,lbfgs,0.7120076160266067
0.6679186228482004,0.7205157808482757,0.6206896551724138,0.7066666666666667,0.5843505477308294,0.1763757714230277,0.7464788732394366,0.4222222222222222,0.6708860759493671,1.291982665222102,0.0,2,751,116,0.48489082984318244,l2,0.001,liblinear,0.6854963267843914
0.6705882352941177,0.6763456787846472,0.6258741258741258,0.6537216828478964,0.6234313725490196,0.24812482344655895,0.6733333333333333,0.5735294117647058,0.6352201257861635,1.5788505747126436,0.013333333333333334,3,581,286,0.45435253074324256,l2,0.0001,liblinear,0.6803467713302889
0.709866220735786,0.8233483342678719,0.6766467065868264,0.7545454545454545,0.6493311036789298,0.2862466206888414,0.7217391304347827,0.5769230769230769,0.7904761904761904,1.7059288537549406,0.008695652173913044,4,700,167,0.5094791322964829,l2,0.001,liblinear,0.6767002507307806
0.6835294117647058,0.7274348889899034,0.6488095238095238,0.7064676616915423,0.6344117647058823,0.269478205594049,0.71,0.5588235294117647,0.7029702970297029,1.6093333333333333,0.02,5,699,168,0.5296734320836125,l2,0.0001,liblinear,0.6664666956724591
