roc_auc,pr_auc,accuracy,f1,balanced_accuracy,matthews_corrcoef,sensitivity,specificity,precision,pos_LR,sensitivity_at_spec100,fold,n_train,n_val,threshold,best_penalty,best_C,best_solver,best_inner_score
0.652781112444978,0.6654247926213368,0.6026785714285714,0.593607305936073,0.6064425770308123,0.21369908558001743,0.5462184873949579,0.6666666666666666,0.65,1.6386554621848737,0.03361344537815126,1,669,224,0.5269768440507971,l1,0.1,liblinear,0.6645486133282085
0.5982384823848239,0.7289569489186555,0.6338797814207651,0.7330677290836654,0.5739837398373984,0.1514984284932361,0.7479674796747967,0.4,0.71875,1.2466124661246611,0.016260162601626018,2,710,183,0.4771765479498333,l2,0.001,lbfgs,0.6536586960009764
0.6436781609195403,0.7120071049923098,0.6,0.6455696202531646,0.6044242029928432,0.2026165920072872,0.5862068965517241,0.6226415094339622,0.7183098591549296,1.5534482758620687,0.0,3,753,140,0.5047337844191461,l1,0.1,liblinear,0.6676064900455092
0.6312134502923976,0.7576134188503045,0.5686274509803921,0.6333333333333333,0.560032894736842,0.11666165597359515,0.59375,0.5263157894736842,0.6785714285714286,1.253472222222222,0.03125,4,740,153,0.50949624298382,l2,0.01,lbfgs,0.6401189247402275
0.647787610619469,0.7113067736008858,0.6217616580310881,0.669683257918552,0.614933628318584,0.22810772196592372,0.6548672566371682,0.575,0.6851851851851852,1.540864133263925,0.035398230088495575,5,700,193,0.47976573107350207,l1,0.1,liblinear,0.6699163958565107
