accuracy,balanced_accuracy,f1_macro,f1_weighted,mae,adjacent_accuracy,kappa_linear,kappa_quadratic,spearman_r,roc_auc_macro_ovr,roc_auc_weighted_ovr,fold,n_train,n_val,best_penalty,best_C,best_solver,inner_auc_score
0.47058823529411764,0.5149382716049383,0.47066752246469834,0.46701222209037657,0.6554621848739496,0.8739495798319328,0.2756360230997347,0.319784058431248,0.362731375486449,0.6805864485270178,0.6707633916439226,1,748,119,l2,0.1,lbfgs,0.6205801433535618
0.4351145038167939,0.4280220720898687,0.42143083254194363,0.4346338705117331,0.6870229007633588,0.8778625954198473,0.15362526920315867,0.17576070139247035,0.20972699663888492,0.6112094062141434,0.6048365247194131,2,736,131,l2,1.0,lbfgs,0.6250872890490671
0.4588235294117647,0.47214541730670767,0.4596432552954292,0.455359039937045,0.6882352941176471,0.8529411764705882,0.22787267080745344,0.26301853486319504,0.2818883840950262,0.6218734337938437,0.6152061572292469,3,697,170,l2,0.1,lbfgs,0.6318736338965691
0.3446808510638298,0.35059229583565865,0.3376102820076408,0.36010894706922675,0.9148936170212766,0.7404255319148936,0.030323385471643927,0.024271545616953216,0.11584032723098506,0.5557869796843701,0.56211560004059,4,632,235,l2,0.1,lbfgs,0.6470978961255469
0.4716981132075472,0.4638012557166111,0.4540811490892587,0.47798394558409113,0.6367924528301887,0.8915094339622641,0.22998278088678437,0.2826054442117858,0.4458019015256798,0.6567226237669231,0.6522548736114123,5,655,212,l2,0.1,lbfgs,0.6248874297658594
