roc_auc,pr_auc,accuracy,f1,balanced_accuracy,matthews_corrcoef,sensitivity,specificity,precision,pos_LR,sensitivity_at_spec100,fold,n_train,n_val,threshold,best_penalty,best_C,best_solver,best_inner_score
0.6410334346504559,0.6742953736787898,0.6752136752136753,0.7466666666666667,0.6446808510638298,0.3050655337357705,0.8,0.48936170212765956,0.7,1.5666666666666664,0.02857142857142857,1,714,117,0.4715030135288871,l2,0.001,liblinear,0.745397866902175
0.7305283224400871,0.7954802280525105,0.7159090909090909,0.7685185185185185,0.7004357298474946,0.4008714596949891,0.7685185185185185,0.6323529411764706,0.7685185185185185,2.09037037037037,0.05555555555555555,2,655,176,0.4916860140070765,l2,0.001,liblinear,0.6912314794541947
0.7190235690235691,0.7784748841418568,0.6687116564417178,0.7272727272727273,0.6696969696969697,0.322711632640393,0.6666666666666666,0.6727272727272727,0.8,2.0370370370370368,0.009259259259259259,3,668,163,0.547401788713337,l2,0.0001,liblinear,0.6667349826771304
0.6935111989459816,0.7384014643272123,0.620253164556962,0.6511627906976745,0.6225296442687747,0.24173790550708857,0.6086956521739131,0.6363636363636364,0.7,1.673913043478261,0.010869565217391304,4,673,158,0.5302156840573917,l2,0.001,liblinear,0.7093297816674722
0.6829757544043259,0.7176519914298835,0.6543778801843319,0.6963562753036437,0.648962148962149,0.29599446612455504,0.6825396825396826,0.6153846153846154,0.7107438016528925,1.7746031746031747,0.007936507936507936,5,614,217,0.5285477318598805,l2,0.0001,lbfgs,0.7366232804260295
