roc_auc,pr_auc,accuracy,f1,balanced_accuracy,matthews_corrcoef,sensitivity,specificity,precision,pos_LR,sensitivity_at_spec100,fold,n_train,n_val,threshold,best_penalty,best_C,best_solver,best_inner_score
0.651063829787234,0.7020394264416504,0.6239316239316239,0.6716417910447762,0.6193009118541033,0.23498697249803432,0.6428571428571429,0.5957446808510638,0.703125,1.5902255639097744,0.02857142857142857,1,714,117,0.5309859625643456,l2,0.1,lbfgs,0.6863172559985726
0.6643518518518519,0.7182439606060775,0.5965909090909091,0.6502463054187192,0.5923202614379085,0.18038027444085022,0.6111111111111112,0.5735294117647058,0.6947368421052632,1.432950191570881,0.009259259259259259,2,655,176,0.5215860439317009,l2,0.1,lbfgs,0.681260369332186
0.7409090909090909,0.8167565057488522,0.7361963190184049,0.8,0.7072390572390572,0.4126757257787875,0.7962962962962963,0.6181818181818182,0.8037383177570093,2.085537918871252,0.027777777777777776,3,668,163,0.5027088987012891,l2,0.1,lbfgs,0.6183120096555091
0.6719367588932806,0.7298312182860562,0.6645569620253164,0.7071823204419889,0.6584321475625823,0.3150791299614182,0.6956521739130435,0.6212121212121212,0.7191011235955056,1.8365217391304347,0.03260869565217391,4,673,158,0.5285806634638377,l2,0.1,lbfgs,0.6818679674554897
0.7160300017442874,0.7478419398997902,0.663594470046083,0.6755555555555556,0.6752136752136753,0.3471725367109046,0.6031746031746031,0.7472527472527473,0.7676767676767676,2.3864734299516908,0.007936507936507936,5,614,217,0.509119997807037,l2,0.1,liblinear,0.6678369937453149
