accuracy,balanced_accuracy,f1_macro,f1_weighted,mae,adjacent_accuracy,kappa_linear,kappa_quadratic,spearman_r,roc_auc_macro_ovr,roc_auc_weighted_ovr,fold,n_train,n_val,best_penalty,best_C,best_solver,inner_auc_score
0.4122137404580153,0.4472861608411481,0.37424836601307193,0.3571980242478671,0.7786259541984732,0.8091603053435115,0.20568303412198308,0.25428806830949,0.34940508297281503,0.6246643771807244,0.6177798596419759,1,736,131,l2,0.0001,liblinear,0.648490632184367
0.43386243386243384,0.420958751393534,0.37506323527828905,0.38705918753708485,0.7671957671957672,0.798941798941799,0.17715057799129275,0.21753058204229958,0.28866424406182317,0.5828416770913264,0.5831566369200778,2,678,189,l2,0.0001,liblinear,0.6716230122080511
0.525,0.5052754435107376,0.47899159663865537,0.5002450980392157,0.65,0.825,0.31477516059957167,0.35170178282009723,0.42219306538490114,0.6687269330724184,0.6748194546794399,3,707,160,l2,0.0001,lbfgs,0.6404274140391203
0.4358974358974359,0.4446243814664867,0.33852172419334287,0.3432391148150816,0.7264957264957265,0.8376068376068376,0.20078755977016105,0.2542170860000518,0.3554405905892875,0.6745253351231173,0.66922862310699,4,633,234,l1,0.01,liblinear,0.6092917133235938
0.45098039215686275,0.4964291828698609,0.4180395851451026,0.41921672202233556,0.7124183006535948,0.8366013071895425,0.25638739019931334,0.2945219383464316,0.38555859496151057,0.6410876883370012,0.6299527602350959,5,714,153,l2,0.0001,liblinear,0.6341254639987809
