accuracy,balanced_accuracy,f1_macro,f1_weighted,mae,adjacent_accuracy,kappa_linear,kappa_quadratic,spearman_r,roc_auc_macro_ovr,roc_auc_weighted_ovr,fold,n_train,n_val,best_penalty,best_C,best_solver,inner_auc_score
0.37815126050420167,0.38395061728395063,0.3729213047291371,0.3812957180443519,0.7563025210084033,0.865546218487395,0.09375528854290072,0.13315022689276335,0.14955587267369494,0.5912415120099832,0.5890497772375436,1,748,119,l2,0.01,lbfgs,0.6430116101914793
0.4732824427480916,0.5032594524119948,0.47369071183458517,0.4685824725748254,0.6641221374045801,0.8625954198473282,0.25064106778880935,0.27572256933519124,0.26812950954432774,0.6319673669197303,0.6226325661363118,2,736,131,l2,0.01,lbfgs,0.6378687424583132
0.4588235294117647,0.4684246458440007,0.4556536588657086,0.45219403023680416,0.6882352941176471,0.8529411764705882,0.23376223129671003,0.2770562770562771,0.27290544798896077,0.6150522390400793,0.6079364526703724,3,697,170,l2,0.001,lbfgs,0.6527974407754497
0.4765957446808511,0.45158155943554174,0.44434293583377754,0.47548461897678274,0.6851063829787234,0.8382978723404255,0.20312137997851676,0.2311037481880307,0.31343080179096594,0.6252401949693959,0.6223229324072591,4,632,235,l2,0.01,lbfgs,0.6343316300430798
0.4669811320754717,0.4959481646947735,0.4674482177587768,0.46869743795795604,0.6367924528301887,0.8962264150943396,0.24549193293261629,0.30288779484164896,0.2688784476806752,0.6447521538058066,0.6256837252233421,5,655,212,l2,0.001,lbfgs,0.6338718886339982
