n_pairs,pairwise_accuracy,both_correct_rate,mean_delta,median_delta,std_delta,n_positive_delta,per_drug_accuracy,per_drug_roc_auc,per_drug_pr_auc,n_train,n_test,best_penalty,best_C,best_solver,inner_cv_score,threshold,seed
38,0.5263157894736842,0.23684210526315788,0.06158704631745313,0.013560025833021266,0.16652685703790568,20,0.5483870967741935,0.5714285714285715,0.6280285437142108,831,62,l2,0.01,liblinear,0.6684318811112027,0.47660547577809276,1
