roc_auc,pr_auc,accuracy,f1,balanced_accuracy,matthews_corrcoef,sensitivity,specificity,precision,pos_LR,sensitivity_at_spec100,fold,n_train,n_val,threshold,best_penalty,best_C,best_solver,best_inner_score
0.6656969390336452,0.7333026249709123,0.654054054054054,0.7037037037037037,0.6578547938274728,0.3040139498082508,0.6440677966101694,0.6716417910447762,0.7755102040816326,1.9614791987673346,0.0,1,646,185,0.4710984333631476,l2,0.01,lbfgs,0.6750096266731476
0.6925772539025168,0.767338539016589,0.7068965517241379,0.7702702702702703,0.6811086333227143,0.36596727037266186,0.7808219178082192,0.5813953488372093,0.76,1.8652968036529682,0.0273972602739726,2,715,116,0.4657429046779804,l1,0.1,liblinear,0.6664854010726458
0.619814241486068,0.6457387787131468,0.6121495327102804,0.6639676113360324,0.6024325519681557,0.20761037900152904,0.6890756302521008,0.5157894736842106,0.640625,1.4230909755206431,0.01680672268907563,3,617,214,0.45443989670875345,l1,0.1,liblinear,0.6958501933682358
0.6852631578947369,0.7772366769108873,0.6580645161290323,0.736318407960199,0.6228070175438596,0.25729991053040413,0.7789473684210526,0.4666666666666667,0.6981132075471698,1.4605263157894737,0.05263157894736842,4,676,155,0.4812857034876826,l2,0.01,lbfgs,0.6312252026361191
0.6603128054740958,0.7302891655197947,0.6211180124223602,0.680628272251309,0.6105408927989573,0.21739419674031277,0.6565656565656566,0.5645161290322581,0.7065217391304348,1.5076692854470635,0.010101010101010102,5,670,161,0.5033417988980265,l1,0.1,liblinear,0.648867570889804
