n_pairs,pairwise_accuracy,both_correct_rate,mean_delta,median_delta,std_delta,n_positive_delta,per_drug_accuracy,per_drug_roc_auc,per_drug_pr_auc,n_train,n_test,best_penalty,best_C,best_solver,inner_cv_score,threshold,seed
13,0.38461538461538464,0.5384615384615384,0.005556915968343252,-0.0031898394700793364,0.09002105737550967,5,0.8076923076923077,0.6704545454545454,0.9062965596729317,867,26,l1,0.1,liblinear,0.6446371108589561,0.4927640546497459,2
