roc_auc,pr_auc,accuracy,f1,balanced_accuracy,matthews_corrcoef,sensitivity,specificity,precision,pos_LR,sensitivity_at_spec100,fold,n_train,n_val,threshold,best_penalty,best_C,best_solver,best_inner_score
0.650339366515837,0.7050861558433772,0.5873015873015873,0.6637931034482759,0.5701923076923077,0.14937425307289237,0.7403846153846154,0.4,0.6015625,1.233974358974359,0.019230769230769232,1,678,189,0.4673718448692598,l2,0.001,liblinear,0.6329016138350753
0.5942857142857142,0.6277989248371761,0.6,0.6619718309859155,0.5857142857142856,0.17251638983558854,0.6714285714285714,0.5,0.6527777777777778,1.3428571428571427,0.0,2,747,120,0.4721764508408178,l2,0.01,liblinear,0.6769440117588327
0.642962962962963,0.7078579668942424,0.6177777777777778,0.656,0.6203703703703703,0.235935052808204,0.6074074074074074,0.6333333333333333,0.7130434782608696,1.6565656565656564,0.014814814814814815,3,642,225,0.48839761044007274,l1,0.1,liblinear,0.6336954107811158
0.6348039215686274,0.6907651038260635,0.5903614457831325,0.6458333333333334,0.585171568627451,0.16641277531379325,0.6078431372549019,0.5625,0.6888888888888889,1.3893557422969187,0.0,4,701,166,0.533121278848595,l2,0.01,lbfgs,0.6304449816597055
0.6563748079877112,0.7445924638638393,0.6287425149700598,0.6990291262135923,0.6089861751152074,0.2154067193752762,0.6857142857142857,0.532258064516129,0.7128712871287128,1.4660098522167486,0.0,5,700,167,0.488663004337295,l1,0.1,liblinear,0.6548840258426115
