accuracy,balanced_accuracy,f1_macro,f1_weighted,mae,adjacent_accuracy,kappa_linear,kappa_quadratic,spearman_r,roc_auc_macro_ovr,roc_auc_weighted_ovr,fold,n_train,n_val,best_penalty,best_C,best_solver,inner_auc_score
0.4789915966386555,0.46814814814814804,0.46222426049071313,0.47627485022901617,0.6050420168067226,0.9159663865546218,0.24190408777207573,0.30142930066360396,0.3043432816783323,0.6435613750511856,0.6392944581756547,1,748,119,l2,0.001,lbfgs,0.6314205838324001
0.4122137404580153,0.41686750161326436,0.4071766144849498,0.4142434192480045,0.732824427480916,0.8549618320610687,0.1288445552784706,0.1450418858367427,0.29038234899229665,0.6498605043780851,0.6432508920151754,2,736,131,l2,0.0001,lbfgs,0.6534097485640739
0.4470588235294118,0.4572452636968766,0.4474158224158224,0.44739651577886863,0.711764705882353,0.8411764705882353,0.2028367694931018,0.2277140335392761,0.3168097432624245,0.641227002896202,0.6337292000081445,3,697,170,l2,0.0001,lbfgs,0.635518156462233
0.4595744680851064,0.44200616545749294,0.4364206585483698,0.46650985565864966,0.676595744680851,0.8638297872340426,0.20815054993960191,0.2543928291954186,0.37206771517783777,0.63008036109394,0.6319424815356562,4,632,235,l2,0.0001,lbfgs,0.6705549618069546
0.4858490566037736,0.49102958896773324,0.473819700144225,0.49503079128278077,0.6179245283018868,0.8962264150943396,0.26255974508762614,0.31010116036893776,0.35839375373668386,0.6598988024351576,0.6522235213630082,5,655,212,l2,0.0001,lbfgs,0.6221807303818327
