roc_auc,pr_auc,accuracy,f1,balanced_accuracy,matthews_corrcoef,sensitivity,specificity,precision,pos_LR,sensitivity_at_spec100,fold,n_train,n_val,threshold,best_penalty,best_C,best_solver,best_inner_score
0.7229437229437229,0.8308694671439709,0.7079646017699115,0.7755102040816326,0.6895743145743145,0.3638503987942398,0.7402597402597403,0.6388888888888888,0.8142857142857143,2.04995004995005,0.09090909090909091,1,718,113,0.4847649172430711,l2,0.001,lbfgs,0.6269860371867881
0.7217543859649123,0.8189461417720875,0.6902654867256637,0.7741935483870968,0.6368421052631579,0.28436111551887466,0.8,0.47368421052631576,0.75,1.5199999999999998,0.013333333333333334,2,718,113,0.4729861588612878,l2,0.001,liblinear,0.6341233773430462
0.695373339441136,0.7872513908982854,0.6764705882352942,0.7441860465116279,0.6569705298518858,0.30665283048218894,0.7207207207207207,0.5932203389830508,0.7692307692307693,1.7717717717717716,0.02702702702702703,3,661,170,0.4828274701884099,l2,0.001,liblinear,0.611969631759456
0.5559716599190284,0.5914683120648624,0.5212765957446809,0.5514950166112956,0.5191801619433198,0.03830511590808649,0.5460526315789473,0.49230769230769234,0.5570469798657718,1.0755582137161084,0.02631578947368421,4,549,282,0.49193630351200063,l2,0.001,lbfgs,0.6872136370540876
0.6170997191011236,0.667961218687252,0.5947712418300654,0.6309523809523809,0.594627808988764,0.1868118257996531,0.5955056179775281,0.59375,0.6708860759493671,1.4658599827139154,0.011235955056179775,5,678,153,0.4929291602967556,l2,0.001,liblinear,0.6486760123947788
