roc_auc,pr_auc,accuracy,f1,balanced_accuracy,matthews_corrcoef,sensitivity,specificity,precision,pos_LR,sensitivity_at_spec100,fold,n_train,n_val,threshold,best_penalty,best_C,best_solver,best_inner_score
0.6626139817629181,0.7152481964890478,0.6581196581196581,0.7183098591549296,0.6408814589665653,0.2839286909062852,0.7285714285714285,0.5531914893617021,0.7083333333333334,1.6306122448979592,0.04285714285714286,1,714,117,0.5077344866389133,l2,0.0001,lbfgs,0.6796214593856957
0.70479302832244,0.7465050508436373,0.6193181818181818,0.6298342541436464,0.6462418300653594,0.28905993488953713,0.5277777777777778,0.7647058823529411,0.7808219178082192,2.243055555555555,0.027777777777777776,2,655,176,0.5050000874024958,l2,0.0001,liblinear,0.660829779926275
0.6643097643097644,0.77624553350346,0.6257668711656442,0.7136150234741784,0.5882154882154882,0.17424463452296954,0.7037037037037037,0.4727272727272727,0.7238095238095238,1.3346104725415069,0.037037037037037035,3,668,163,0.4897413197233469,l2,0.001,liblinear,0.6591268389006825
0.6798418972332017,0.6998145585927191,0.6708860759493671,0.7450980392156863,0.6403162055335968,0.3046602413618061,0.8260869565217391,0.45454545454545453,0.6785714285714286,1.5144927536231885,0.0,4,673,158,0.4694758795562563,l2,0.0001,liblinear,0.6773288166148732
0.6834990406418978,0.7048356589703934,0.6497695852534562,0.703125,0.6373626373626373,0.2766134431646447,0.7142857142857143,0.5604395604395604,0.6923076923076923,1.625,0.023809523809523808,5,614,217,0.46699366742753134,l2,0.0001,liblinear,0.6803924938943291
