accuracy,balanced_accuracy,f1_macro,f1_weighted,mae,adjacent_accuracy,kappa_linear,kappa_quadratic,spearman_r,roc_auc_macro_ovr,roc_auc_weighted_ovr,fold,n_train,n_val,best_penalty,best_C,best_solver,inner_auc_score
0.421875,0.40739003543881597,0.31820868379177086,0.3550817657422142,0.83984375,0.73828125,0.13388304903380122,0.15998495675065816,0.2545827104914702,0.6118423535536559,0.6159722951680672,1,611,256,l2,0.0001,lbfgs,0.6207203067550233
0.3515625,0.38753597832834813,0.3119291194738765,0.2948535120569967,0.90625,0.7421875,0.06967418546365911,0.07438016528925617,0.16500007942871336,0.5975467198207767,0.5923259112506645,2,739,128,l2,0.001,liblinear,0.624801939538858
0.44785276073619634,0.49682539682539684,0.4269525430942754,0.4121337655707976,0.6993865030674846,0.852760736196319,0.26882820492641857,0.32299251358835,0.39809148350981627,0.6492790984121293,0.6371105806995345,3,704,163,l2,0.001,liblinear,0.6096328346288669
0.39644970414201186,0.435290404040404,0.3449581604949084,0.3298535100272865,0.8224852071005917,0.7810650887573964,0.1693716629539267,0.20401123322203307,0.2728301347616981,0.6306073604430588,0.6211430562122813,4,698,169,l2,0.001,liblinear,0.62799994247416
0.46357615894039733,0.5116161616161616,0.37806697422479285,0.35693189109031437,0.6887417218543046,0.847682119205298,0.3021685033771774,0.3751724137931034,0.40533044195932494,0.6783339531873684,0.6592103754125487,5,716,151,l2,0.0001,liblinear,0.6259821374756285
