roc_auc,pr_auc,accuracy,f1,balanced_accuracy,matthews_corrcoef,sensitivity,specificity,precision,pos_LR,sensitivity_at_spec100,fold,n_train,n_val,threshold,best_penalty,best_C,best_solver,best_inner_score
0.6515,0.7255721384447171,0.5923076923076923,0.6580645161290323,0.57875,0.15509527863395925,0.6375,0.52,0.68,1.328125,0.025,1,737,130,0.475068854514681,l2,0.001,liblinear,0.7320861000584674
0.755868544600939,0.800054939324164,0.6724137931034483,0.759493670886076,0.6225352112676057,0.275783135866153,0.8450704225352113,0.4,0.6896551724137931,1.4084507042253522,0.0,2,751,116,0.4566274030116068,l2,0.001,liblinear,0.7079056180877962
0.6843627450980392,0.6752657737866274,0.6223776223776224,0.6326530612244898,0.6225,0.24471227236109647,0.62,0.625,0.6458333333333334,1.6533333333333333,0.006666666666666667,3,581,286,0.5186238414241728,l2,0.001,lbfgs,0.7019706561964439
0.6837792642140468,0.7829308614060928,0.6826347305389222,0.7511737089201878,0.6747491638795986,0.328668521305103,0.6956521739130435,0.6538461538461539,0.8163265306122449,2.0096618357487923,0.0,4,700,167,0.5278769402011801,l1,0.1,liblinear,0.6809205824597875
0.7208823529411765,0.7720660285734577,0.6845238095238095,0.736318407960199,0.671470588235294,0.3437763541823426,0.74,0.6029411764705882,0.7326732673267327,1.8637037037037034,0.06,5,699,168,0.5156800376212634,l2,0.001,liblinear,0.6952848223086713
