roc_auc,pr_auc,accuracy,f1,balanced_accuracy,matthews_corrcoef,sensitivity,specificity,precision,pos_LR,sensitivity_at_spec100,fold,n_train,n_val,threshold,best_penalty,best_C,best_solver,best_inner_score
0.7158357771260997,0.8284327032462373,0.7206703910614525,0.8,0.6668621700879764,0.33725380874424404,0.8064516129032258,0.5272727272727272,0.7936507936507936,1.7059553349875929,0.08870967741935484,1,714,179,0.48736030072701797,l2,0.0001,liblinear,0.6495796780322459
0.663059517953763,0.6483623531880411,0.6063348416289592,0.6266094420600858,0.6052221675684538,0.21096382330115043,0.6403508771929824,0.5700934579439252,0.6134453781512605,1.4895118230358504,0.017543859649122806,2,672,221,0.5123279276271846,l2,0.0001,lbfgs,0.6425150555526326
0.6432547044791943,0.7148047982913545,0.6587301587301587,0.7225806451612903,0.6391465677179963,0.27936884766729636,0.7272727272727273,0.5510204081632653,0.717948717948718,1.6198347107438016,0.0,3,767,126,0.5030990044501372,l2,0.0001,liblinear,0.6621558049591469
0.5851172273190623,0.6875434743133837,0.6104651162790697,0.6854460093896714,0.5888306392893549,0.17506735931577247,0.6697247706422018,0.5079365079365079,0.7019230769230769,1.3610535661438294,0.0,4,721,172,0.48856582173880597,l1,0.01,liblinear,0.692489133008382
0.6695906432748538,0.6596489956066014,0.6615384615384615,0.6915887850467289,0.6640675763482782,0.32350864507615074,0.6491228070175439,0.6790123456790124,0.74,2.022267206477733,0.008771929824561403,5,698,195,0.49200498193285186,l1,0.01,liblinear,0.6678837229134518
