accuracy,balanced_accuracy,f1_macro,f1_weighted,mae,adjacent_accuracy,kappa_linear,kappa_quadratic,spearman_r,roc_auc_macro_ovr,roc_auc_weighted_ovr,fold,n_train,n_val,best_penalty,best_C,best_solver,inner_auc_score
0.3969465648854962,0.40380789997158284,0.39890180878552967,0.39858867388602875,0.7175572519083969,0.8854961832061069,0.17565939215423754,0.2579259936043855,0.40655490842482145,0.6321329644961228,0.6260182553386507,1,736,131,l2,0.0001,lbfgs,0.6681892427506486
0.4603174603174603,0.44879227053140097,0.4461079328002042,0.45825119747105497,0.7037037037037037,0.8359788359788359,0.19316321617717858,0.21315570358034963,0.27944721838305936,0.6146099541611464,0.6166074338117349,2,678,189,l2,0.0001,lbfgs,0.6777457515072582
0.5,0.5020448179271708,0.4960849811739243,0.5040969352848059,0.6125,0.8875,0.31372549019607854,0.37775713954028334,0.4312434161001714,0.6718365646832637,0.6763214937696791,3,707,160,l2,0.0001,lbfgs,0.6437347634640634
0.49145299145299143,0.4852496626180837,0.4710938334700711,0.5002483045133465,0.6324786324786325,0.8760683760683761,0.23190205819730303,0.24819863376898843,0.34615239720328167,0.6966929863767053,0.6882968328743052,4,633,234,l2,0.0001,lbfgs,0.6065112315612134
0.47058823529411764,0.4656614571868809,0.45423410220466415,0.4824402106962321,0.6405228758169934,0.8888888888888888,0.24356775300171518,0.29022281577282627,0.38964837946038383,0.6719296994622361,0.6687223141314893,5,714,153,l2,0.0001,lbfgs,0.6363482611034054
