n_pairs,pairwise_accuracy,both_correct_rate,mean_delta,median_delta,std_delta,n_positive_delta,per_drug_accuracy,per_drug_roc_auc,per_drug_pr_auc,n_train,n_test,best_penalty,best_C,best_solver,inner_cv_score,threshold,seed
13,0.6153846153846154,0.5384615384615384,0.008437296004005548,0.01687201987991649,0.04982158695014508,8,0.7307692307692307,0.6022727272727273,0.8985981788796311,867,26,l2,0.01,liblinear,0.6976959466375346,0.49967974748602273,0
