roc_auc,pr_auc,accuracy,f1,balanced_accuracy,matthews_corrcoef,sensitivity,specificity,precision,pos_LR,sensitivity_at_spec100,fold,n_train,n_val,threshold,best_penalty,best_C,best_solver,best_inner_score
0.71415230891348,0.7731024114413063,0.6711409395973155,0.7277777777777777,0.65518046411729,0.31309194560727055,0.7401129943502824,0.5702479338842975,0.7158469945355191,1.722186006084311,0.03954802259887006,1,595,298,0.473330757404458,l2,0.1,lbfgs,0.7156957993934295
0.7479705733130391,0.7898673019293945,0.6850828729281768,0.7397260273972602,0.6695205479452055,0.3415192134305513,0.75,0.589041095890411,0.7297297297297297,1.8250000000000002,0.05555555555555555,2,712,181,0.4852622376139351,l2,0.1,liblinear,0.6660031605870067
0.5725842696629214,0.6779929967399304,0.6258992805755396,0.717391304347826,0.5807865168539326,0.16670965164376483,0.7415730337078652,0.42,0.6947368421052632,1.2785741960480432,0.0,3,754,139,0.5349102659663235,l2,0.1,lbfgs,0.7307803464128066
0.6951948051948053,0.75057129583381,0.6611111111111111,0.7336244541484717,0.6318181818181818,0.2715265347419893,0.7636363636363637,0.5,0.7058823529411765,1.5272727272727273,0.00909090909090909,4,713,180,0.4762629714957744,l2,0.1,lbfgs,0.6880372427021364
0.7601626016260163,0.7434425133200881,0.6947368421052632,0.7184466019417476,0.6962511291779585,0.3890039509743925,0.6851851851851852,0.7073170731707317,0.7551020408163265,2.3410493827160495,0.0,5,798,95,0.5237262595063479,l2,0.1,lbfgs,0.7126246883901535
