roc_auc,pr_auc,accuracy,f1,balanced_accuracy,matthews_corrcoef,sensitivity,specificity,precision,pos_LR,sensitivity_at_spec100,fold,n_train,n_val,threshold,best_penalty,best_C,best_solver,best_inner_score
0.6907272727272726,0.643025185880344,0.6190476190476191,0.6116504854368932,0.6195454545454546,0.23883050867700623,0.63,0.6090909090909091,0.5943396226415094,1.6116279069767443,0.03,1,683,210,0.5013659556992424,l2,0.001,liblinear,0.66322159905272
0.7047206165703276,0.7986452686913503,0.7042801556420234,0.7790697674418605,0.6670451417561244,0.33210794003345234,0.7745664739884393,0.5595238095238095,0.783625730994152,1.7584752382440243,0.028901734104046242,2,636,257,0.47454466964216596,l2,0.0001,liblinear,0.6785493961491842
0.6554074074074074,0.7488693605414924,0.5916666666666667,0.631578947368421,0.6022222222222222,0.1980625474702852,0.56,0.6444444444444445,0.7241379310344828,1.5750000000000004,0.06666666666666667,3,773,120,0.5151879228763958,l2,0.0001,liblinear,0.698770141888051
0.6758056133056133,0.677356489055962,0.6741573033707865,0.7128712871287128,0.6704781704781705,0.33781059756953385,0.6923076923076923,0.6486486486486487,0.7346938775510204,1.970414201183432,0.0,4,715,178,0.5076618089845006,l2,0.0001,liblinear,0.6880373911621269
0.7242524916943521,0.8148482249157272,0.7109375,0.7672955974842768,0.7117940199335548,0.40176748385429306,0.7093023255813954,0.7142857142857143,0.8356164383561644,2.482558139534884,0.05813953488372093,5,765,128,0.503480293522613,l1,0.01,liblinear,0.6886753535031505
