accuracy,balanced_accuracy,f1_macro,f1_weighted,mae,adjacent_accuracy,kappa_linear,kappa_quadratic,spearman_r,roc_auc_macro_ovr,roc_auc_weighted_ovr,fold,n_train,n_val,best_penalty,best_C,best_solver,inner_auc_score
0.36134453781512604,0.4218518518518519,0.32448275862068965,0.29526224282816577,0.8403361344537815,0.7983193277310925,0.14203316510454211,0.17197931358721197,0.19476909892297742,0.6306360547845421,0.6315564681195771,1,748,119,l1,0.1,liblinear,0.623965156919928
0.3816793893129771,0.4619598856886992,0.34014175188010604,0.290221003579522,0.8015267175572519,0.816793893129771,0.19490781387181744,0.24122657580919937,0.3274895322985745,0.6990428425118919,0.6933107987082431,2,736,131,l1,0.1,liblinear,0.6168800613344032
0.43529411764705883,0.46030039255845706,0.39338306138306134,0.3817877416700946,0.7764705882352941,0.788235294117647,0.2075151857607006,0.23823749066467503,0.24252237009112945,0.6174259488424497,0.6128446969234215,3,697,170,l1,0.1,liblinear,0.6343224223096359
0.4425531914893617,0.3857912115655478,0.3267917267917268,0.3796988118264714,0.7914893617021277,0.7659574468085106,0.12642897114077856,0.15335929892891909,0.24240842281539124,0.6068587554457796,0.6101024240145041,4,632,235,l1,0.1,liblinear,0.6382901584785143
0.4386792452830189,0.4405390232845469,0.35594374862667544,0.3773352736077081,0.7735849056603774,0.7877358490566038,0.1726238636904478,0.2014236986504523,0.24400155294895876,0.6057004090435151,0.5987962517692936,5,655,212,l2,0.01,liblinear,0.6200186109902864
