roc_auc,pr_auc,accuracy,f1,balanced_accuracy,matthews_corrcoef,sensitivity,specificity,precision,pos_LR,sensitivity_at_spec100,fold,n_train,n_val,threshold,best_penalty,best_C,best_solver,best_inner_score
0.6429771908763506,0.6183436782374396,0.6071428571428571,0.5887850467289719,0.6123249299719888,0.22683894805066696,0.5294117647058824,0.6952380952380952,0.6631578947368421,1.7371323529411764,0.0,1,669,224,0.5630232945511292,l2,0.01,liblinear,0.7221290745980654
0.6321138211382112,0.7684811800941369,0.6338797814207651,0.7242798353909465,0.5910569105691057,0.17993273861243514,0.7154471544715447,0.4666666666666667,0.7333333333333333,1.3414634146341464,0.056910569105691054,2,710,183,0.5201995224291619,l1,0.1,liblinear,0.6876921939541619
0.6588592496204728,0.6823693121892961,0.6357142857142857,0.6792452830188679,0.6405335068314899,0.2727638023124866,0.6206896551724138,0.660377358490566,0.75,1.8275862068965516,0.0,3,753,140,0.5434345044183445,l2,0.01,liblinear,0.6729061450860951
0.6591739766081871,0.7770811985693358,0.6078431372549019,0.6511627906976745,0.6162280701754386,0.2247821952281324,0.5833333333333334,0.6491228070175439,0.7368421052631579,1.6625,0.08333333333333333,4,740,153,0.5371036619769697,l2,0.01,liblinear,0.6849795021760429
0.7439159292035399,0.7427793599863686,0.6839378238341969,0.7336244541484717,0.6716814159292035,0.34543245579217063,0.7433628318584071,0.6,0.7241379310344828,1.8584070796460177,0.0,5,700,193,0.472580161223553,l2,0.001,liblinear,0.6646010863152912
