accuracy,balanced_accuracy,f1_macro,f1_weighted,mae,adjacent_accuracy,kappa_linear,kappa_quadratic,spearman_r,roc_auc_macro_ovr,roc_auc_weighted_ovr,fold,n_train,n_val,best_penalty,best_C,best_solver,inner_auc_score
0.49609375,0.46736000123534,0.46569971138834826,0.4993595852832431,0.6328125,0.87109375,0.2385149278395946,0.2722013017780992,0.29206143564215464,0.6342020949820668,0.6349244031494177,1,611,256,l2,0.01,lbfgs,0.6506747171886926
0.46875,0.4721579472129729,0.4633377522462807,0.474938319340109,0.6796875,0.8515625,0.21962158374211638,0.23444976076555024,0.2194945064638358,0.5999871285101128,0.5939529385595723,2,739,128,l2,0.01,lbfgs,0.6654019522785377
0.5521472392638037,0.5531189083820663,0.5435823984211081,0.5614850861239146,0.5644171779141104,0.8834355828220859,0.3425690486628671,0.35725552050473186,0.3361368831425207,0.6592115511033353,0.660703265535867,3,704,163,l2,0.01,lbfgs,0.6438553938731475
0.4911242603550296,0.518332362082362,0.49070383639349163,0.4917575130439852,0.6745562130177515,0.834319526627219,0.26415094339622636,0.2741650245060887,0.3800911710850854,0.6971421328754226,0.6874714100743858,4,698,169,l2,0.01,lbfgs,0.6350647047835758
0.4503311258278146,0.45094043887147334,0.44392102286839136,0.4533070639728011,0.7086092715231788,0.8410596026490066,0.16960476949169967,0.172997420585845,0.2907982826835336,0.6619136187262731,0.6553367927078455,5,716,151,l2,0.01,lbfgs,0.6326075213370377
