roc_auc,pr_auc,accuracy,f1,balanced_accuracy,matthews_corrcoef,sensitivity,specificity,precision,pos_LR,sensitivity_at_spec100,fold,n_train,n_val,threshold,best_penalty,best_C,best_solver,best_inner_score
0.6013513513513514,0.6663020602991669,0.6721311475409836,0.7701149425287356,0.6089527027027026,0.2768809916517989,0.9054054054054054,0.3125,0.67,1.316953316953317,0.0,1,745,122,0.4642765920305831,l2,0.001,liblinear,0.683170227897512
0.6419444444444444,0.6929365357167354,0.68,0.7468354430379747,0.6576388888888889,0.3124268720886595,0.7375,0.5777777777777777,0.7564102564102564,1.7467105263157894,0.0,2,742,125,0.4721659258868397,l1,0.01,liblinear,0.682175297996501
0.73546989391902,0.7771673235637746,0.6595744680851063,0.6850393700787402,0.6657328552218735,0.3264085626718303,0.6304347826086957,0.7010309278350515,0.75,2.1086956521739126,0.007246376811594203,3,632,235,0.5004769954097155,l2,0.0001,liblinear,0.6636251405880421
0.6259114283521375,0.6610811014820582,0.591304347826087,0.5948275862068966,0.599125028781948,0.19785562026647102,0.5348837209302325,0.6633663366336634,0.6699029126213593,1.5889192886456909,0.015503875968992248,4,637,230,0.5386670911880981,l2,0.0001,lbfgs,0.6846425727360634
0.712280701754386,0.7687174111630459,0.6516129032258065,0.73,0.6175438596491227,0.24495579537449652,0.7684210526315789,0.4666666666666667,0.6952380952380952,1.4407894736842104,0.010526315789473684,5,712,155,0.4454758211921207,l2,0.01,lbfgs,0.6899828288711934
