roc_auc,pr_auc,accuracy,f1,balanced_accuracy,matthews_corrcoef,sensitivity,specificity,precision,pos_LR,sensitivity_at_spec100,fold,n_train,n_val,threshold,best_penalty,best_C,best_solver,best_inner_score
0.6554298642533937,0.6813694463466213,0.5925925925925926,0.6091370558375635,0.5943438914027149,0.18775556708222874,0.5769230769230769,0.611764705882353,0.6451612903225806,1.486013986013986,0.009615384615384616,1,678,189,0.5010479061520101,l1,0.01,liblinear,0.6886964206671712
0.6282857142857143,0.676903411397249,0.5916666666666667,0.6259541984732825,0.5928571428571429,0.18314219337358806,0.5857142857142857,0.6,0.6721311475409836,1.4642857142857142,0.02857142857142857,2,747,120,0.5174555452864816,l1,0.01,liblinear,0.6974930152158838
0.7555555555555556,0.770407191825684,0.7244444444444444,0.7737226277372263,0.7092592592592593,0.4219356222077315,0.7851851851851852,0.6333333333333333,0.762589928057554,2.1414141414141414,0.02962962962962963,3,642,225,0.4600158882538215,l1,0.01,liblinear,0.655063067855412
0.6959252450980392,0.7628749325630244,0.6927710843373494,0.7733333333333333,0.6452205882352942,0.32267214537817823,0.8529411764705882,0.4375,0.7073170731707317,1.5163398692810457,0.09803921568627451,4,701,166,0.4769099608131735,l2,0.0001,liblinear,0.6913931740966353
0.6894009216589863,0.7640783878305208,0.6646706586826348,0.7254901960784313,0.650768049155146,0.29652256734455856,0.7047619047619048,0.5967741935483871,0.7474747474747475,1.7478095238095241,0.02857142857142857,5,700,167,0.49268948674268137,l2,0.0001,liblinear,0.6948540194667114
