roc_auc,pr_auc,accuracy,f1,balanced_accuracy,matthews_corrcoef,sensitivity,specificity,precision,pos_LR,sensitivity_at_spec100,fold,n_train,n_val,threshold,best_penalty,best_C,best_solver,best_inner_score
0.59125,0.6686243679284707,0.5769230769230769,0.6451612903225806,0.5625,0.12309149097933274,0.625,0.5,0.6666666666666666,1.25,0.0,1,737,130,0.5088246265589432,l2,0.0001,liblinear,0.7265649801194073
0.6485133020344288,0.7255261775806814,0.6379310344827587,0.7083333333333334,0.6147104851330203,0.23145836743090015,0.7183098591549296,0.5111111111111111,0.6986301369863014,1.469270166453265,0.028169014084507043,2,751,116,0.513594915328682,l2,0.0001,liblinear,0.6981075289274232
0.6904901960784313,0.6724714830082429,0.6398601398601399,0.6484641638225256,0.6401960784313725,0.28005601680560194,0.6333333333333333,0.6470588235294118,0.6643356643356644,1.7944444444444445,0.006666666666666667,3,581,286,0.47961474637987517,l1,0.01,liblinear,0.701610150042957
0.7250836120401337,0.8123484317296005,0.7005988023952096,0.7727272727272727,0.677257525083612,0.33977762366200653,0.7391304347826086,0.6153846153846154,0.8095238095238095,1.9217391304347826,0.008695652173913044,4,700,167,0.5026821449259139,l1,0.01,liblinear,0.6519863353663446
0.6969117647058823,0.7464513844830265,0.6666666666666666,0.7333333333333333,0.6423529411764706,0.29392772772875486,0.77,0.5147058823529411,0.7,1.5866666666666664,0.05,5,699,168,0.46197637209997966,l2,0.0001,liblinear,0.6689173999050728
