accuracy,balanced_accuracy,f1_macro,f1_weighted,mae,adjacent_accuracy,kappa_linear,kappa_quadratic,spearman_r,roc_auc_macro_ovr,roc_auc_weighted_ovr,fold,n_train,n_val,best_penalty,best_C,best_solver,inner_auc_score
0.453125,0.4179695643110277,0.33370183449491303,0.3746214852198991,0.77734375,0.76953125,0.16083547473150162,0.19396106475963448,0.23860778377547112,0.6430597979560745,0.6373513805193131,1,611,256,l2,0.001,lbfgs,0.6494496976219997
0.375,0.41526045487894353,0.3069487983281087,0.28379089929467083,0.84375,0.78125,0.14687731424339667,0.18484001242621928,0.2625715788468627,0.6254252296795835,0.6197023690855927,2,739,128,l2,0.01,lbfgs,0.6569920522714328
0.4233128834355828,0.45824282929546084,0.3554911433172303,0.3306481728460923,0.7300613496932515,0.8466257668711656,0.2293297310183161,0.2902635714837811,0.379088839419636,0.6529590975103831,0.6420222715430961,3,704,163,l2,0.01,lbfgs,0.6413670854033382
0.42011834319526625,0.47297494172494164,0.36048277079621877,0.33913094760881957,0.7751479289940828,0.8047337278106509,0.22895552537178276,0.27876345833062544,0.3899382820939458,0.7294211107434595,0.720460517441617,4,698,169,l2,0.01,lbfgs,0.6306085280647465
0.423841059602649,0.451010101010101,0.3390740740740741,0.32909492273730684,0.7682119205298014,0.8079470198675497,0.216005729120043,0.26866336358069365,0.2857633888045962,0.6651401576308723,0.6581025574975151,5,716,151,l2,0.001,lbfgs,0.6524146553156303
