roc_auc,pr_auc,accuracy,f1,balanced_accuracy,matthews_corrcoef,sensitivity,specificity,precision,pos_LR,sensitivity_at_spec100,fold,n_train,n_val,threshold,best_penalty,best_C,best_solver,best_inner_score
0.6531453650751431,0.6801793236039465,0.6136363636363636,0.6344086021505376,0.6220242053464556,0.24086600290201943,0.5728155339805825,0.6712328767123288,0.7108433734939759,1.742313915857605,0.0,1,655,176,0.49834571155478,l2,0.001,liblinear,0.7171395628797639
0.6825889658466683,0.729880605562446,0.6439393939393939,0.7080745341614907,0.6249104370671125,0.25245749912507576,0.7215189873417721,0.5283018867924528,0.6951219512195121,1.5296202531645569,0.012658227848101266,2,699,132,0.4926262240545366,l2,0.01,liblinear,0.6880206922659621
0.7015787760416666,0.7051531792764062,0.6517857142857143,0.7,0.6419270833333333,0.28553213694729385,0.7109375,0.5729166666666666,0.6893939393939394,1.6646341463414633,0.0078125,3,607,224,0.514059476980372,l2,0.0001,lbfgs,0.6891867464786532
0.6319444444444444,0.7695459670319906,0.64,0.7272727272727273,0.6029411764705883,0.20008168266626034,0.7058823529411765,0.5,0.75,1.411764705882353,0.029411764705882353,4,681,150,0.47306370477634774,l1,0.1,liblinear,0.6848094704424191
0.7238749046529367,0.7786060891775918,0.6644295302013423,0.7191011235955056,0.6548436308161709,0.3046738517521271,0.6956521739130435,0.6140350877192983,0.7441860465116279,1.8023715415019763,0.043478260869565216,5,682,149,0.5351729404489826,l2,0.001,liblinear,0.6805794655607478
