accuracy,balanced_accuracy,f1_macro,f1_weighted,mae,adjacent_accuracy,kappa_linear,kappa_quadratic,spearman_r,roc_auc_macro_ovr,roc_auc_weighted_ovr,fold,n_train,n_val,best_penalty,best_C,best_solver,inner_auc_score
0.4122137404580153,0.43819266837169657,0.3884604309013325,0.37265361448852924,0.732824427480916,0.8549618320610687,0.21752115480338463,0.295359666024406,0.32097667908302957,0.5844365308502005,0.5701555476601595,1,736,131,l2,0.001,liblinear,0.6697999572233819
0.42857142857142855,0.41244890375325155,0.37858117858117857,0.3917136679041441,0.7619047619047619,0.8095238095238095,0.16745182012847948,0.21094746607909076,0.2989361102915127,0.6034932037737087,0.5999040891514009,2,678,189,l2,0.001,lbfgs,0.6681595672127423
0.55625,0.5459477124183006,0.5278001341381623,0.5407130281690141,0.5625,0.88125,0.3906567366283006,0.45334187486653854,0.4639268044741469,0.6813912766374944,0.6814444881757888,3,707,160,l2,0.001,lbfgs,0.6419741857130705
0.5213675213675214,0.5464327485380117,0.48812354410703596,0.5028459124802558,0.6196581196581197,0.8589743589743589,0.3080029368575624,0.3366028000967405,0.34467367984829567,0.7081970058610717,0.6972166563019714,4,633,234,l2,0.001,liblinear,0.615232868724906
0.41830065359477125,0.4824883214713724,0.3848307963536292,0.3741677247954565,0.7581699346405228,0.8235294117647058,0.22511351728955642,0.2673239436619719,0.4082144441066634,0.6619217636511243,0.6456992696809709,5,714,153,l2,0.0001,liblinear,0.6309884218341089
