accuracy,balanced_accuracy,f1_macro,f1_weighted,mae,adjacent_accuracy,kappa_linear,kappa_quadratic,spearman_r,roc_auc_macro_ovr,roc_auc_weighted_ovr,fold,n_train,n_val,best_penalty,best_C,best_solver,inner_auc_score
0.4296875,0.4151533751804754,0.40757057308443567,0.4427631144323613,0.73828125,0.83203125,0.16900247320692496,0.2034396922380629,0.2714709004685482,0.6140178239232037,0.6300926316250184,1,611,256,l1,0.1,liblinear,0.6481707305360321
0.3984375,0.4131017551780574,0.3967036089798239,0.3937153665814152,0.7734375,0.828125,0.11987776080011114,0.1425894697395541,0.22735427959390153,0.6136767916929068,0.6079490076200603,2,739,128,l2,0.001,liblinear,0.6444066150755395
0.49079754601226994,0.5276803118908382,0.46705083221456195,0.4623714228611175,0.6503067484662577,0.8588957055214724,0.31561435474926713,0.3592634736733217,0.42840079753543614,0.6910260351208007,0.6883919523520646,3,704,163,l2,0.0001,liblinear,0.628190009758653
0.4319526627218935,0.4408022533022533,0.42072545237198805,0.42484189699130176,0.7514792899408284,0.8165680473372781,0.16974198290201536,0.18627875576389064,0.33352184933892837,0.6591101680557431,0.6503731604754183,4,698,169,l2,0.001,liblinear,0.6469704897752294
0.47019867549668876,0.505451062347614,0.44391341991341987,0.439900232218113,0.6821192052980133,0.847682119205298,0.2850181584149313,0.3398761846081624,0.4301592878409865,0.6521896508331531,0.6363322165627917,5,716,151,l2,0.0001,liblinear,0.6358078721398455
