accuracy,balanced_accuracy,f1_macro,f1_weighted,mae,adjacent_accuracy,kappa_linear,kappa_quadratic,spearman_r,roc_auc_macro_ovr,roc_auc_weighted_ovr,fold,n_train,n_val,best_penalty,best_C,best_solver,inner_auc_score
0.5,0.4682421111960407,0.4237613055109244,0.46353554443762696,0.671875,0.828125,0.25976733239190375,0.30717185385656287,0.35745543215985004,0.6491915581988744,0.6537070157010172,1,611,256,l2,0.001,liblinear,0.6373046407172025
0.4140625,0.42424798239178285,0.4024110702626791,0.4028303943983633,0.7421875,0.84375,0.1633411311407733,0.20427334684103882,0.2010447232216815,0.6006812528685505,0.5950841566247267,2,739,128,l1,0.1,liblinear,0.6837411783599643
0.5214723926380368,0.549317738791423,0.5089300920465597,0.5083080596353129,0.588957055214724,0.8895705521472392,0.3517812758906379,0.40454973155476837,0.47684987820879476,0.6875604969139458,0.6762758037226535,3,704,163,l2,0.001,liblinear,0.6497224769246478
0.46745562130177515,0.4884299728049728,0.4663357297729089,0.4599533271616067,0.621301775147929,0.9112426035502958,0.29519005441474366,0.3897611469227271,0.43226556682210626,0.6685765796832825,0.6529964577847615,4,698,169,l2,0.01,liblinear,0.6608525875852378
0.5298013245033113,0.5221525600835946,0.5169064217359101,0.529271611838343,0.5629139072847682,0.9072847682119205,0.33133628549101335,0.3872589506948685,0.43659909459449203,0.7154477797235287,0.7089856333155063,5,716,151,l1,0.1,liblinear,0.6407561924946016
