accuracy,balanced_accuracy,f1_macro,f1_weighted,mae,adjacent_accuracy,kappa_linear,kappa_quadratic,spearman_r,roc_auc_macro_ovr,roc_auc_weighted_ovr,fold,n_train,n_val,best_penalty,best_C,best_solver,inner_auc_score
0.4198473282442748,0.429951690821256,0.42017879948914433,0.42040887952970085,0.732824427480916,0.8473282442748091,0.17760920742872088,0.21763569295626195,0.3547163838896798,0.6309876356040698,0.6257124951971816,1,736,131,l2,0.0001,lbfgs,0.6570981974626037
0.43386243386243384,0.42058714232627276,0.41243720532735817,0.42533342156520254,0.6878306878306878,0.8783068783068783,0.21386062583989252,0.29546321006481124,0.27913076621778166,0.5970676735052612,0.5998833364424763,2,678,189,l2,0.0001,lbfgs,0.6798506839995618
0.50625,0.4948085901027078,0.49382264983287993,0.5126481752121138,0.6125,0.88125,0.312039312039312,0.3686165273909007,0.400834363004592,0.6650991846594604,0.6717093186842634,3,707,160,l2,0.0001,lbfgs,0.6497998332935284
0.5256410256410257,0.5374583895636528,0.5148837236018835,0.5286579162395386,0.5555555555555556,0.9188034188034188,0.323699421965318,0.38649770592090893,0.40583225155152536,0.6986122688605462,0.6886132002284774,4,633,234,l2,0.0001,lbfgs,0.6145196194762146
0.46405228758169936,0.47877687284466947,0.45788731470549654,0.47415046826811535,0.6339869281045751,0.9019607843137255,0.256649135987979,0.32241866304006694,0.38818192286716235,0.6639288014016741,0.6594805320187911,5,714,153,l2,0.0001,lbfgs,0.6329177056719862
