accuracy,balanced_accuracy,f1_macro,f1_weighted,mae,adjacent_accuracy,kappa_linear,kappa_quadratic,spearman_r,roc_auc_macro_ovr,roc_auc_weighted_ovr,fold,n_train,n_val,best_penalty,best_C,best_solver,inner_auc_score
0.43119266055045874,0.4488770685579196,0.34229301476688234,0.35529109831446565,0.7889908256880734,0.7798165137614679,0.22155788075070582,0.26757597031391045,0.3199228987268248,0.653004567990291,0.6515060244656491,1,758,109,l2,0.0001,liblinear,0.6249316026556382
0.371900826446281,0.44083142703832356,0.3444726350126857,0.3076093566060286,0.8264462809917356,0.8016528925619835,0.15960550076399493,0.18916960970750696,0.2637791435290229,0.6504904532640664,0.6417920024639391,2,746,121,l2,0.001,liblinear,0.6362164814447968
0.42592592592592593,0.46991933385376,0.40659645093209623,0.40010991846221605,0.7839506172839507,0.7901234567901234,0.19444009397024276,0.20902398718012916,0.28976849441077307,0.6477999189867554,0.6442641340996889,3,705,162,l2,0.001,liblinear,0.6324291856121501
0.45374449339207046,0.4357142857142857,0.35881448461679527,0.38814548417394046,0.7577092511013216,0.788546255506608,0.17569564666638515,0.20271545397357937,0.29173466519439173,0.6409031250219774,0.637001644837277,4,640,227,l2,0.001,liblinear,0.6461656233069913
0.45564516129032256,0.4571160505881096,0.378504122816045,0.38574670605993416,0.7379032258064516,0.8064516129032258,0.23834457758533878,0.28553137003841234,0.348206572304651,0.6570773040233157,0.6565691347103357,5,619,248,l2,0.001,liblinear,0.6332039732451198
