accuracy,balanced_accuracy,f1_macro,f1_weighted,mae,adjacent_accuracy,kappa_linear,kappa_quadratic,spearman_r,roc_auc_macro_ovr,roc_auc_weighted_ovr,fold,n_train,n_val,best_penalty,best_C,best_solver,inner_auc_score
0.35294117647058826,0.416358024691358,0.3267607105095618,0.29706847313674234,0.8487394957983193,0.7983193277310925,0.12417109961378703,0.15336866733514765,0.2806515664879853,0.6196239426219676,0.6036819741466373,1,748,119,l2,0.001,liblinear,0.6327818413692757
0.3893129770992366,0.46336902269105656,0.3603949765747007,0.32384698948146445,0.8091603053435115,0.8015267175572519,0.18652606912712344,0.21437789417748432,0.2762047667460649,0.6566294372247631,0.6501472643488194,2,736,131,l2,0.001,liblinear,0.631806661489035
0.4117647058823529,0.43524492234169654,0.3345632159673905,0.3192773250982872,0.8058823529411765,0.7823529411764706,0.1883886255924171,0.23160961398397673,0.25577701220594196,0.6307481449579129,0.6252154297232911,3,697,170,l2,0.0001,liblinear,0.6414426161723945
0.44680851063829785,0.42380710356374074,0.3601231944020024,0.40049289449351644,0.7872340425531915,0.7659574468085106,0.17157339126126636,0.20118684104395923,0.29346202946101724,0.5961501424350053,0.6005718784492501,4,632,235,l2,0.001,liblinear,0.6428647173209552
0.4528301886792453,0.43843206892582903,0.4035869591838976,0.4315219859992943,0.7122641509433962,0.8349056603773585,0.18776007307419063,0.2274256315546468,0.27082855915526644,0.6119834054989917,0.6075908062740119,5,655,212,l2,0.1,liblinear,0.6253662625826806
