n_pairs,pairwise_accuracy,both_correct_rate,mean_delta,median_delta,std_delta,n_positive_delta,per_drug_accuracy,per_drug_roc_auc,per_drug_pr_auc,n_train,n_test,best_penalty,best_C,best_solver,inner_cv_score,threshold,seed
13,0.5384615384615384,0.5384615384615384,-0.015320824360727032,0.0038599043300057145,0.04991703770587054,7,0.7692307692307693,0.38636363636363635,0.8161411231690328,867,26,l2,0.001,liblinear,0.6898441473050881,0.5383575748035985,1
