roc_auc,pr_auc,accuracy,f1,balanced_accuracy,matthews_corrcoef,sensitivity,specificity,precision,pos_LR,sensitivity_at_spec100,fold,n_train,n_val,threshold,best_penalty,best_C,best_solver,best_inner_score
0.6643457382953183,0.652124741850715,0.6205357142857143,0.6320346320346321,0.6210084033613446,0.24154365513284337,0.6134453781512605,0.6285714285714286,0.6517857142857143,1.65158371040724,0.0,1,669,224,0.5229334081890594,l2,0.0001,lbfgs,0.6740323183113078
0.6069105691056911,0.7216882959428146,0.6885245901639344,0.7849056603773585,0.6060975609756097,0.23890623065323074,0.8455284552845529,0.36666666666666664,0.7323943661971831,1.3350449293966624,0.016260162601626018,2,710,183,0.468409250648881,l2,0.001,liblinear,0.7261991533827775
0.6428106701366298,0.7272570306145695,0.65,0.7167630057803468,0.6299067447408371,0.2588887337942357,0.7126436781609196,0.5471698113207547,0.7209302325581395,1.5737547892720307,0.05747126436781609,3,753,140,0.47466685130965086,l1,0.01,liblinear,0.6791035161584615
0.6600877192982456,0.7208393492751279,0.6470588235294118,0.73,0.6082785087719298,0.2244040012280645,0.7604166666666666,0.45614035087719296,0.7019230769230769,1.3981854838709675,0.010416666666666666,4,740,153,0.48471952417354724,l2,0.001,liblinear,0.6852546813754072
0.7383849557522124,0.7797592164501436,0.6269430051813472,0.6129032258064516,0.6522123893805309,0.3092517466812322,0.504424778761062,0.8,0.7808219178082192,2.5221238938053103,0.04424778761061947,5,700,193,0.5332992682954266,l2,0.001,liblinear,0.6844575167497332
