n_pairs,pairwise_accuracy,both_correct_rate,mean_delta,median_delta,std_delta,n_positive_delta,per_drug_accuracy,per_drug_roc_auc,per_drug_pr_auc,n_train,n_test,best_penalty,best_C,best_solver,inner_cv_score,threshold,seed
13,0.3076923076923077,0.6153846153846154,-0.019206268361403447,-0.010472016222141223,0.045257863824217745,4,0.8461538461538461,0.13636363636363635,0.7383283691383093,867,26,l2,0.0001,liblinear,0.6694636616457774,0.49260318987020163,0
