roc_auc,pr_auc,accuracy,f1,balanced_accuracy,matthews_corrcoef,sensitivity,specificity,precision,pos_LR,sensitivity_at_spec100,fold,n_train,n_val,threshold,best_penalty,best_C,best_solver,best_inner_score
0.6261261261261262,0.7032864614501776,0.6065573770491803,0.6666666666666666,0.5951576576576576,0.18800072564826137,0.6486486486486487,0.5416666666666666,0.6857142857142857,1.4152334152334152,0.04054054054054054,1,745,122,0.5237611744043871,l1,0.01,liblinear,0.6806179310597601
0.6972222222222223,0.7529802804614086,0.68,0.7368421052631579,0.6722222222222223,0.334554019256391,0.7,0.6444444444444445,0.7777777777777778,1.96875,0.0125,2,742,125,0.504829962693224,l2,0.0001,liblinear,0.6555091860242771
0.6751830270431793,0.7238172478952509,0.6638297872340425,0.7459807073954984,0.6264754220827731,0.28258079793239654,0.8405797101449275,0.41237113402061853,0.6705202312138728,1.430460208492245,0.014492753623188406,3,632,235,0.4590388439846168,l1,0.01,liblinear,0.6438516906289836
0.6122495970527285,0.6480182580329095,0.5739130434782609,0.644927536231884,0.5578325274387904,0.11952534246439704,0.689922480620155,0.42574257425742573,0.6054421768707483,1.201416733493718,0.007751937984496124,4,637,230,0.49239046677135717,l2,0.0001,lbfgs,0.6716144782944353
0.6657894736842105,0.7165347930620187,0.6387096774193548,0.6956521739130435,0.6285087719298246,0.2531822329141515,0.6736842105263158,0.5833333333333334,0.7191011235955056,1.616842105263158,0.0,5,712,155,0.48689375307854793,l1,0.01,liblinear,0.667426461851913
