roc_auc,pr_auc,accuracy,f1,balanced_accuracy,matthews_corrcoef,sensitivity,specificity,precision,pos_LR,sensitivity_at_spec100,fold,n_train,n_val,threshold,best_penalty,best_C,best_solver,best_inner_score
0.7299120234604106,0.8434111898721014,0.7039106145251397,0.7818930041152263,0.664882697947214,0.322290988306805,0.7661290322580645,0.5636363636363636,0.7983193277310925,1.7557123655913978,0.07258064516129033,1,714,179,0.5007793989183081,l2,0.01,liblinear,0.6865423762801527
0.7291769142482373,0.7533766720016106,0.669683257918552,0.672645739910314,0.6700688637481554,0.3399983895987363,0.6578947368421053,0.6822429906542056,0.6880733944954128,2.0704334365325074,0.043859649122807015,2,672,221,0.5072147085625451,l2,0.1,liblinear,0.6674609268647829
0.6975881261595548,0.7369492649452788,0.6984126984126984,0.7532467532467533,0.6827458256029685,0.3654916512059369,0.7532467532467533,0.6122448979591837,0.7532467532467533,1.9425837320574164,0.012987012987012988,3,767,126,0.4930524576958642,l2,0.01,liblinear,0.6770320465135077
0.7021989223824087,0.7509059150306314,0.7325581395348837,0.7850467289719626,0.7186544342507646,0.432055718476005,0.7706422018348624,0.6666666666666666,0.8,2.311926605504587,0.009174311926605505,4,721,172,0.538757646281125,l2,0.1,liblinear,0.694654466651542
0.6815572882824344,0.7268996681461989,0.6102564102564103,0.7007874015748031,0.5755360623781676,0.1654374814372399,0.7807017543859649,0.37037037037037035,0.6357142857142857,1.239938080495356,0.0,5,698,195,0.48167363076186354,l2,0.1,liblinear,0.7174909661010027
