roc_auc,pr_auc,accuracy,f1,balanced_accuracy,matthews_corrcoef,sensitivity,specificity,precision,pos_LR,sensitivity_at_spec100,fold,n_train,n_val,threshold,best_penalty,best_C,best_solver,best_inner_score
0.5662613981762918,0.6611980421785439,0.5811965811965812,0.6524822695035462,0.5626139817629179,0.12568723632724219,0.6571428571428571,0.46808510638297873,0.647887323943662,1.2354285714285715,0.04285714285714286,1,714,117,0.4852919308048225,l1,0.1,liblinear,0.6755236978232048
0.667483660130719,0.7356368361215926,0.625,0.6886792452830188,0.6100217864923747,0.21791749826511767,0.6759259259259259,0.5441176470588235,0.7019230769230769,1.4826762246117084,0.0,2,655,176,0.4612514567524631,l2,0.001,liblinear,0.6306288518183483
0.7021885521885521,0.7767168344793928,0.7177914110429447,0.8050847457627118,0.6398148148148148,0.3219863069733042,0.8796296296296297,0.4,0.7421875,1.4660493827160495,0.0,3,668,163,0.46141799881009676,l2,0.001,liblinear,0.6008136599384291
0.6625494071146244,0.6995132438078585,0.5949367088607594,0.6,0.6093544137022397,0.21784945737208505,0.5217391304347826,0.696969696969697,0.7058823529411765,1.7217391304347829,0.0,4,673,158,0.5325865488413933,l2,0.1,liblinear,0.6393543194879683
0.5885225885225885,0.6374842342497264,0.5852534562211982,0.6511627906976745,0.5695970695970696,0.1407117906754873,0.6666666666666666,0.4725274725274725,0.6363636363636364,1.2638888888888888,0.0,5,614,217,0.4861854082001619,l2,0.1,liblinear,0.7011815881444636
