n_pairs,pairwise_accuracy,both_correct_rate,mean_delta,median_delta,std_delta,n_positive_delta,per_drug_accuracy,per_drug_roc_auc,per_drug_pr_auc,n_train,n_test,best_penalty,best_C,best_solver,inner_cv_score,threshold,seed
38,0.5263157894736842,0.23684210526315788,0.0752004909366795,0.0029105560593436774,0.20430868013652845,20,0.5483870967741935,0.5861344537815125,0.6161415809422943,831,62,l1,0.01,liblinear,0.7067839396835817,0.5040820818233459,3
