roc_auc,pr_auc,accuracy,f1,balanced_accuracy,matthews_corrcoef,sensitivity,specificity,precision,pos_LR,sensitivity_at_spec100,fold,n_train,n_val,threshold,best_penalty,best_C,best_solver,best_inner_score
0.6476925123021678,0.6967045415817855,0.6079545454545454,0.6698564593301436,0.593230482776965,0.18770075459577523,0.6796116504854369,0.5068493150684932,0.660377358490566,1.3781014023732472,0.038834951456310676,1,655,176,0.5019432950154188,l2,0.001,liblinear,0.7408353208556964
0.7886314783854789,0.8381783350270806,0.7348484848484849,0.779874213836478,0.7225937425364222,0.4466298674560332,0.7848101265822784,0.660377358490566,0.775,2.3108298171589308,0.11392405063291139,2,699,132,0.5018985081792219,l1,0.01,liblinear,0.657970052665719
0.6793619791666666,0.7221610220358547,0.6428571428571429,0.6638655462184874,0.6471354166666667,0.2912990392189221,0.6171875,0.6770833333333334,0.7181818181818181,1.9112903225806455,0.0390625,3,607,224,0.5330193217422089,l2,0.0001,liblinear,0.7007588275822133
0.6435866013071896,0.7481953315275383,0.6466666666666666,0.7253886010362695,0.6243872549019608,0.2375635911734279,0.6862745098039216,0.5625,0.7692307692307693,1.5686274509803921,0.00980392156862745,4,681,150,0.48158882689251975,l2,0.001,liblinear,0.6917634834083801
0.6800152555301296,0.714074712367497,0.697986577181208,0.7619047619047619,0.6720061022120518,0.35076613123643785,0.782608695652174,0.5614035087719298,0.7422680412371134,1.7843478260869565,0.0,5,682,149,0.5352089259494325,l2,0.001,lbfgs,0.6893421346113147
