accuracy,balanced_accuracy,f1_macro,f1_weighted,mae,adjacent_accuracy,kappa_linear,kappa_quadratic,spearman_r,roc_auc_macro_ovr,roc_auc_weighted_ovr,fold,n_train,n_val,best_penalty,best_C,best_solver,inner_auc_score
0.3697478991596639,0.41870370370370374,0.3450498879541006,0.3258251951295987,0.8403361344537815,0.7899159663865546,0.11877962085308058,0.12901336976676092,0.1629343169032634,0.5643491055399664,0.557045137970662,1,748,119,l2,0.1,liblinear,0.6192396278355294
0.3893129770992366,0.4500151449303991,0.37296531756840157,0.3476847939205327,0.8244274809160306,0.7862595419847328,0.15473772254749663,0.16176355833008194,0.17044619922093143,0.6120057590738716,0.6085097608022079,2,736,131,l2,0.1,liblinear,0.6074541486681339
0.43529411764705883,0.4542925413893156,0.3892008892008892,0.3766264736852972,0.7529411764705882,0.8117647058823529,0.21675905262400108,0.26436781609195403,0.30517275785229425,0.6651108530210732,0.661908264614257,3,697,170,l2,0.1,liblinear,0.6024043464082972
0.4425531914893617,0.419086675170746,0.38161083276025803,0.4195246575657434,0.723404255319149,0.8340425531914893,0.2058285623409668,0.2738599551457762,0.2778543218003618,0.6142312503232511,0.6183458905881892,4,632,235,l2,1.0,liblinear,0.6097703725437565
0.47641509433962265,0.4458158047414695,0.3928403057616541,0.4291656774431843,0.7122641509433962,0.8113207547169812,0.19986002799440106,0.22261730903549426,0.2990485021291393,0.6369782871092716,0.6383519456204811,5,655,212,l2,0.1,lbfgs,0.5971559751518578
