feature,mean,var,std
Bio$\mathcal{X}$Mol-hard contrastive,0.7538461538461538,0.0011834319526627228,0.03440104580768909
Bio$\mathcal{X}$Mol-soft contrastive,0.8307692307692308,0.001183431952662721,0.03440104580768906
ChemBERTa-MLM,0.6923076923076923,0.0,0.0
ChemBERTa-MTR,0.7,0.00029585798816568026,0.01720052290384453
ECFP,0.723076923076923,0.00029585798816568026,0.01720052290384453
MolFormer,0.7,0.003994082840236689,0.06319875663521149
