feature,mean,var,std
Bio$\mathcal{X}$Mol-hard contrastive,0.69428064282085,0.0016467098628453094,0.04057967302536221
Bio$\mathcal{X}$Mol-soft contrastive,0.7104118773420183,0.00166770253292209,0.040837513794574835
ChemBERTa-MLM,0.6735377078046076,0.0018288087005331475,0.042764572960958556
ChemBERTa-MTR,0.652205798692125,0.0022069964760978557,0.046978681080867474
ECFP,0.7042758297763059,0.0020058105229900443,0.04478627605628809
MolFormer,0.6765976937460506,0.002687760701911355,0.05184361775485344
