accuracy,balanced_accuracy,f1_macro,f1_weighted,mae,adjacent_accuracy,kappa_linear,kappa_quadratic,spearman_r,roc_auc_macro_ovr,roc_auc_weighted_ovr,fold,n_train,n_val,best_penalty,best_C,best_solver,inner_auc_score
0.3949579831932773,0.4651851851851852,0.35311535229237156,0.3174082110800192,0.7815126050420168,0.8235294117647058,0.2026082570790403,0.2457392365838772,0.27787063234437126,0.5940794081215125,0.5757380687467347,1,748,119,l2,0.01,lbfgs,0.6304114323527966
0.3511450381679389,0.4228991347635415,0.30782196039928,0.2601824266339888,0.8549618320610687,0.7938931297709924,0.1414862492685781,0.17747182086390811,0.28440046457368023,0.6450959659586885,0.6344714287972076,2,736,131,l2,0.01,liblinear,0.6119802507566439
0.4117647058823529,0.43101211810889223,0.34963939350778833,0.33712993944065434,0.8,0.788235294117647,0.18194041469110467,0.22445935868754663,0.2493935099846514,0.6303846925065094,0.6265629507462384,3,697,170,l1,0.1,liblinear,0.6139370391449523
0.451063829787234,0.39812544845730685,0.3296132325386057,0.3782378673089375,0.7787234042553192,0.7702127659574468,0.13874591953217308,0.16821747856230607,0.27433367255991514,0.6132247700308936,0.6083496626246516,4,632,235,l2,0.01,liblinear,0.6255617026132818
0.42924528301886794,0.4203174289989266,0.3271659178978307,0.35072700664215933,0.7783018867924528,0.7924528301886793,0.1592154600519181,0.19668104481188586,0.2572474256715061,0.6002639849344956,0.5939151493435672,5,655,212,l2,0.01,liblinear,0.6186240300174248
