roc_auc,pr_auc,accuracy,f1,balanced_accuracy,matthews_corrcoef,sensitivity,specificity,precision,pos_LR,sensitivity_at_spec100,fold,n_train,n_val,threshold,best_penalty,best_C,best_solver,best_inner_score
0.7175324675324675,0.8235955477804557,0.6991150442477876,0.7848101265822784,0.6387085137085138,0.2868878978405173,0.8051948051948052,0.4722222222222222,0.7654320987654321,1.525632262474368,0.025974025974025976,1,718,113,0.4957483303835965,l2,0.001,liblinear,0.699994496218364
0.6764912280701755,0.7572757745403371,0.6991150442477876,0.7702702702702703,0.6694736842105263,0.3348599982934684,0.76,0.5789473684210527,0.7808219178082192,1.8050000000000002,0.05333333333333334,2,718,113,0.5385295891661869,l2,0.001,liblinear,0.7008163221341313
0.7555351962131623,0.8225437586842043,0.6647058823529411,0.7076923076923077,0.6836921667430143,0.3497995602229092,0.6216216216216216,0.7457627118644068,0.8214285714285714,2.445045045045045,0.02702702702702703,3,661,170,0.565334184131122,l2,0.01,liblinear,0.6683218436300976
0.6767712550607288,0.688185132649495,0.6134751773049646,0.6402640264026402,0.6113866396761134,0.22265499713293804,0.6381578947368421,0.5846153846153846,0.6423841059602649,1.5363060428849904,0.006578947368421052,4,549,282,0.4771673356263234,l1,0.1,liblinear,0.7074195232919573
0.6550210674157304,0.6752213646957799,0.6405228758169934,0.6783625730994152,0.6383426966292135,0.27367499718406224,0.651685393258427,0.625,0.7073170731707317,1.7378277153558053,0.011235955056179775,5,678,153,0.5101691628490255,l2,0.001,liblinear,0.7013587068874815
