roc_auc,pr_auc,accuracy,f1,balanced_accuracy,matthews_corrcoef,sensitivity,specificity,precision,pos_LR,sensitivity_at_spec100,fold,n_train,n_val,threshold,best_penalty,best_C,best_solver,best_inner_score
0.6680743243243243,0.7468872221690506,0.6311475409836066,0.697986577181208,0.6117680180180181,0.22439049840986514,0.7027027027027027,0.5208333333333334,0.6933333333333334,1.4665099882491188,0.0945945945945946,1,745,122,0.5264752938796706,l2,0.001,lbfgs,0.6801600796523216
0.7011111111111111,0.7780203260334663,0.664,0.7236842105263158,0.6548611111111111,0.30082881570231934,0.6875,0.6222222222222222,0.7638888888888888,1.8198529411764706,0.0125,2,742,125,0.5184493490222026,l2,0.01,lbfgs,0.6888622004420304
0.6482145525175556,0.6768211980846777,0.6212765957446809,0.6536964980544747,0.6239354549529359,0.24408916180868445,0.6086956521739131,0.6391752577319587,0.7058823529411765,1.6869565217391302,0.0,3,632,235,0.5389891634297531,l2,0.001,lbfgs,0.6914738627931964
0.6378079668431961,0.6774237825856682,0.5956521739130435,0.6204081632653061,0.5965538414306547,0.1916786202009884,0.5891472868217055,0.6039603960396039,0.6551724137931034,1.4875968992248063,0.031007751937984496,4,637,230,0.5239185337323645,l2,0.01,lbfgs,0.6891869344213852
0.757719298245614,0.818784506443001,0.7225806451612903,0.7881773399014779,0.687719298245614,0.39784649728276245,0.8421052631578947,0.5333333333333333,0.7407407407407407,1.8045112781954886,0.1368421052631579,5,712,155,0.4978497561909893,l2,0.001,liblinear,0.6387280587979226
