n_pairs,pairwise_accuracy,both_correct_rate,mean_delta,median_delta,std_delta,n_positive_delta,per_drug_accuracy,per_drug_roc_auc,per_drug_pr_auc,n_train,n_test,best_penalty,best_C,best_solver,inner_cv_score,threshold,seed
13,0.3076923076923077,0.6153846153846154,-0.026283900022009424,-0.03473600338258065,0.04757194642584896,4,0.8461538461538461,0.20454545454545453,0.7391255703031575,867,26,l2,0.0001,liblinear,0.6641563639411283,0.48697620430018024,2
