roc_auc,pr_auc,accuracy,f1,balanced_accuracy,matthews_corrcoef,sensitivity,specificity,precision,pos_LR,sensitivity_at_spec100,fold,n_train,n_val,threshold,best_penalty,best_C,best_solver,best_inner_score
0.6440045248868779,0.6817841644252484,0.6137566137566137,0.694560669456067,0.5931561085972851,0.20516520216887532,0.7980769230769231,0.38823529411764707,0.6148148148148148,1.3045488165680472,0.038461538461538464,1,678,189,0.4417150851753265,l2,0.0001,liblinear,0.6670032544373408
0.6265714285714286,0.6457148560070323,0.6583333333333333,0.7050359712230215,0.6499999999999999,0.2991890146649166,0.7,0.6,0.7101449275362319,1.7499999999999998,0.0,2,747,120,0.5046030793856465,l2,0.0001,liblinear,0.6773475053097098
0.6980246913580246,0.7177849380893724,0.6311111111111111,0.6527196652719666,0.6444444444444444,0.28386354538174535,0.5777777777777777,0.7111111111111111,0.75,2.0,0.014814814814814815,3,642,225,0.511208305410837,l2,0.0001,liblinear,0.6525808295098487
0.6833639705882353,0.7333477940527208,0.6807228915662651,0.7488151658767772,0.6528799019607843,0.3134150067591632,0.7745098039215687,0.53125,0.7247706422018348,1.6522875816993465,0.058823529411764705,4,701,166,0.48962490508084017,l2,0.0001,liblinear,0.6757234658847124
0.6688172043010753,0.7411349216166456,0.6407185628742516,0.7087378640776699,0.6218125960061444,0.24075761587680622,0.6952380952380952,0.5483870967741935,0.7227722772277227,1.539455782312925,0.01904761904761905,5,700,167,0.4785888054802368,l2,0.0001,liblinear,0.6603516990334035
