accuracy,balanced_accuracy,f1_macro,f1_weighted,mae,adjacent_accuracy,kappa_linear,kappa_quadratic,spearman_r,roc_auc_macro_ovr,roc_auc_weighted_ovr,fold,n_train,n_val,best_penalty,best_C,best_solver,inner_auc_score
0.453125,0.4419988573105105,0.4292841704483767,0.45964944772603894,0.6875,0.859375,0.2211312404923247,0.27934799881949646,0.326966101316649,0.6333232135832462,0.6384248592529118,1,611,256,l2,0.001,lbfgs,0.6733427893273876
0.421875,0.4540323946046616,0.41582940868655155,0.40680006377551015,0.734375,0.84375,0.19957424161788184,0.2471910112359551,0.29621692347381084,0.6252660867813632,0.6145814873885049,2,739,128,l2,0.0001,lbfgs,0.673237070854622
0.5460122699386503,0.557504873294347,0.5453382934201348,0.552781038698852,0.5276073619631901,0.9263803680981595,0.3758682101513803,0.44115446951751647,0.4600803014308638,0.7096717290564197,0.7050526735231809,3,704,163,l2,0.0001,lbfgs,0.6400817495912706
0.46745562130177515,0.5043342074592075,0.46702450113665067,0.4644158093834585,0.7041420118343196,0.8284023668639053,0.24226668173768884,0.2570598316071828,0.4160753471687807,0.7014756287091052,0.6845940993381678,4,698,169,l2,0.0001,lbfgs,0.6566877450724549
0.4900662251655629,0.48484848484848486,0.48100828945964774,0.4933943764524507,0.6225165562913907,0.8874172185430463,0.2538898233809923,0.2891504229496138,0.3993408798903552,0.6913484194540359,0.68211234161759,5,716,151,l2,0.0001,lbfgs,0.6688222386424488
