roc_auc,pr_auc,accuracy,f1,balanced_accuracy,matthews_corrcoef,sensitivity,specificity,precision,pos_LR,sensitivity_at_spec100,fold,n_train,n_val,threshold,best_penalty,best_C,best_solver,best_inner_score
0.6042568542568543,0.6759503187703891,0.6388888888888888,0.723404255319149,0.6006493506493507,0.21303452115065535,0.7727272727272727,0.42857142857142855,0.68,1.3522727272727273,0.0,1,723,108,0.49339069789211853,l2,0.01,liblinear,0.6772633195622262
0.6075764934434191,0.6841047160207888,0.6203208556149733,0.702928870292887,0.5874210781932977,0.17883881371288188,0.7241379310344828,0.4507042253521127,0.6829268292682927,1.3183023872679047,0.0,2,644,187,0.4990427406002492,l2,0.1,liblinear,0.6732758271010362
0.6683168316831682,0.6931265923533507,0.64,0.6462882096069869,0.6449217502395401,0.28896804716244645,0.5967741935483871,0.693069306930693,0.7047619047619048,1.944328824141519,0.008064516129032258,3,606,225,0.5417672157856358,l2,0.1,lbfgs,0.6786157299469271
0.6421356421356421,0.7189540919263001,0.6580645161290323,0.7225130890052356,0.6431277056277056,0.2799633151749414,0.696969696969697,0.5892857142857143,0.75,1.6969696969696972,0.030303030303030304,4,676,155,0.5140914309826119,l2,0.01,lbfgs,0.651325203755682
0.7453482190324296,0.8260248876687517,0.7756410256410257,0.8356807511737089,0.7301967038809144,0.4998124279255789,0.898989898989899,0.5614035087719298,0.7807017543859649,2.04969696969697,0.15151515151515152,5,675,156,0.4616742259393222,l2,0.1,lbfgs,0.6200992140629678
