roc_auc,pr_auc,accuracy,f1,balanced_accuracy,matthews_corrcoef,sensitivity,specificity,precision,pos_LR,sensitivity_at_spec100,fold,n_train,n_val,threshold,best_penalty,best_C,best_solver,best_inner_score
0.6750700280112045,0.6319181649758017,0.6383928571428571,0.6920152091254753,0.6299719887955182,0.2707208162454152,0.7647058823529411,0.49523809523809526,0.6319444444444444,1.5149833518312985,0.0,1,669,224,0.4839269263062536,l2,0.0001,lbfgs,0.7030018755839035
0.5913279132791328,0.708176905421241,0.644808743169399,0.7325102880658436,0.6034552845528456,0.20443250882528904,0.7235772357723578,0.48333333333333334,0.7416666666666667,1.4004720692368215,0.0,2,710,183,0.5033638213009595,l2,0.0001,liblinear,0.7263346780734425
0.7104749512036435,0.7697011210581274,0.7,0.7586206896551724,0.6811971372804164,0.3623942745608328,0.7586206896551724,0.6037735849056604,0.7586206896551724,1.9146141215106731,0.022988505747126436,3,753,140,0.48669166640794176,l2,0.0001,liblinear,0.6670463999382104
0.6447368421052632,0.7288555447586622,0.6274509803921569,0.6918918918918919,0.6140350877192982,0.22354067123729537,0.6666666666666666,0.5614035087719298,0.7191011235955056,1.5199999999999998,0.020833333333333332,4,740,153,0.5111371320973538,l1,0.01,liblinear,0.6866699517539455
0.7476769911504424,0.7852478748596121,0.6580310880829016,0.6666666666666666,0.6732853982300885,0.34391794654438834,0.584070796460177,0.7625,0.7764705882352941,2.459245458779692,0.008849557522123894,5,700,193,0.503437737600417,l2,0.0001,liblinear,0.6985741772530563
