roc_auc,pr_auc,accuracy,f1,balanced_accuracy,matthews_corrcoef,sensitivity,specificity,precision,pos_LR,sensitivity_at_spec100,fold,n_train,n_val,threshold,best_penalty,best_C,best_solver,best_inner_score
0.6037272727272728,0.5585078849902435,0.5571428571428572,0.6042553191489362,0.5640909090909091,0.13360578224951586,0.71,0.41818181818181815,0.5259259259259259,1.2203125,0.01,1,683,210,0.49674142348020234,l2,0.0001,lbfgs,0.6413375870680745
0.6555188549408202,0.7835416975480025,0.6303501945525292,0.6984126984126984,0.6274428846683182,0.24044469029065976,0.6358381502890174,0.6190476190476191,0.7746478873239436,1.6690751445086707,0.06936416184971098,2,636,257,0.4882633510495832,l2,0.001,lbfgs,0.6326751543717731
0.5804444444444444,0.7188069701838553,0.525,0.5714285714285714,0.5311111111111111,0.06027990575182593,0.5066666666666667,0.5555555555555556,0.6551724137931034,1.1400000000000001,0.06666666666666667,3,773,120,0.4948644210283691,l2,0.001,liblinear,0.6410005792711837
0.6505977130977131,0.7101633508504754,0.5955056179775281,0.6326530612244898,0.5953742203742204,0.18812667805039218,0.5961538461538461,0.5945945945945946,0.6739130434782609,1.4705128205128206,0.028846153846153848,4,715,178,0.4851741756560861,l2,0.001,liblinear,0.6373090858800198
0.5764119601328903,0.7114979710727192,0.6484375,0.7428571428571429,0.5921926910299004,0.1880931811254488,0.7558139534883721,0.42857142857142855,0.7303370786516854,1.3226744186046513,0.011627906976744186,5,765,128,0.4937470561964046,l2,0.001,lbfgs,0.6485714976653147
