accuracy,balanced_accuracy,f1_macro,f1_weighted,mae,adjacent_accuracy,kappa_linear,kappa_quadratic,spearman_r,roc_auc_macro_ovr,roc_auc_weighted_ovr,fold,n_train,n_val,best_penalty,best_C,best_solver,inner_auc_score
0.41796875,0.3972795497185741,0.31326675731007864,0.3470905222935909,0.84765625,0.734375,0.10173986158721948,0.12223171963633539,0.14667403862653344,0.5898795970532401,0.5791555174701459,1,611,256,l2,0.001,lbfgs,0.6415236678982972
0.390625,0.43824896062606994,0.3222049689440994,0.2968446719720497,0.8125,0.796875,0.18571079031074134,0.2331797235023041,0.259648294805505,0.6361143622409405,0.6298179160021264,2,739,128,l2,0.001,lbfgs,0.6095000045620754
0.36809815950920244,0.388401559454191,0.27730764820548104,0.25757247684349815,0.8343558282208589,0.7975460122699386,0.1204570703063006,0.15570029232268323,0.3021514136681547,0.6239590663867361,0.618717203055427,3,704,163,l2,0.001,liblinear,0.606176047969797
0.38461538461538464,0.4286858974358974,0.3163638347792874,0.29447483148831727,0.8402366863905325,0.7751479289940828,0.159027193720213,0.1976566923646501,0.32708565524265776,0.674868214828073,0.6660858826740369,4,698,169,l2,0.001,lbfgs,0.6052718505093762
0.4304635761589404,0.45656565656565656,0.3440315315315316,0.3318753356005012,0.7549668874172185,0.8145695364238411,0.22200126547952626,0.27677917394489204,0.2850684053081343,0.6561312315841831,0.6485794296996452,5,716,151,l2,0.001,lbfgs,0.6143380403106992
