roc_auc,pr_auc,accuracy,f1,balanced_accuracy,matthews_corrcoef,sensitivity,specificity,precision,pos_LR,sensitivity_at_spec100,fold,n_train,n_val,threshold,best_penalty,best_C,best_solver,best_inner_score
0.7076923076923077,0.7444718995555151,0.6276595744680851,0.631578947368421,0.6445221445221445,0.2880389145579979,0.5454545454545454,0.7435897435897436,0.75,2.1272727272727274,0.02727272727272727,1,679,188,0.504971637131792,l2,0.0001,liblinear,0.6669135722965925
0.6935531351192229,0.7481187070245671,0.7704918032786885,0.8292682926829268,0.7327053282307918,0.4836974207806749,0.8607594936708861,0.6046511627906976,0.8,2.1772151898734178,0.0379746835443038,2,745,122,0.48687195886008383,l2,0.0001,liblinear,0.6540525621816133
0.6355855855855855,0.7353551839072622,0.6491228070175439,0.7222222222222222,0.6263513513513514,0.24773101616603513,0.7027027027027027,0.55,0.7428571428571429,1.561561561561562,0.018018018018018018,3,696,171,0.4959524290638119,l2,0.0001,liblinear,0.6953562993398024
0.6613266251820469,0.6424210004106832,0.6494252873563219,0.6303030303030303,0.653184165232358,0.30951931273966005,0.5714285714285714,0.7349397590361446,0.7027027027027027,2.155844155844156,0.0,4,693,174,0.5255088281996643,l2,0.0001,liblinear,0.670769561518964
0.7078620689655171,0.7436015230542996,0.6462264150943396,0.691358024691358,0.6405977011494253,0.278431211966512,0.672,0.6091954022988506,0.711864406779661,1.7195294117647062,0.048,5,655,212,0.5062082858721874,l2,0.0001,lbfgs,0.673228252944216
