roc_auc,pr_auc,accuracy,f1,balanced_accuracy,matthews_corrcoef,sensitivity,specificity,precision,pos_LR,sensitivity_at_spec100,fold,n_train,n_val,threshold,best_penalty,best_C,best_solver,best_inner_score
0.6185360094451005,0.7325535590260869,0.5916230366492147,0.6517857142857143,0.5873671782762692,0.16891182793213372,0.6033057851239669,0.5714285714285714,0.7087378640776699,1.4077134986225894,0.01652892561983471,1,702,191,0.5196304332104491,l2,0.01,liblinear,0.6727251157140194
0.6953684545599236,0.7779646760797945,0.6707317073170732,0.7352941176470589,0.650962915804552,0.3000218187263137,0.7281553398058253,0.5737704918032787,0.7425742574257426,1.7083644510828977,0.0,2,729,164,0.4777826280046818,l2,0.01,liblinear,0.6394150458143317
0.6173469387755103,0.6250396878005406,0.5911602209944752,0.5842696629213483,0.5966314236537988,0.1939075759628414,0.5306122448979592,0.6626506024096386,0.65,1.5728862973760935,0.0,3,712,181,0.5312491514080896,l1,0.1,liblinear,0.6731666536346339
0.671472258628222,0.7711819119209249,0.5930232558139535,0.6464646464646465,0.5951652832386778,0.1835092728630808,0.5871559633027523,0.6031746031746031,0.7191011235955056,1.4796330275229357,0.06422018348623854,4,721,172,0.514718460083549,l1,0.1,liblinear,0.6546049252797743
0.69326623532231,0.7379205165806455,0.6432432432432432,0.6886792452830188,0.6359932901988976,0.27111092825082367,0.6822429906542056,0.5897435897435898,0.6952380952380952,1.6629672897196262,0.0,5,708,185,0.5140744130913494,l1,0.1,liblinear,0.6465187568682567
