roc_auc,pr_auc,accuracy,f1,balanced_accuracy,matthews_corrcoef,sensitivity,specificity,precision,pos_LR,sensitivity_at_spec100,fold,n_train,n_val,threshold,best_penalty,best_C,best_solver,best_inner_score
0.6614253393665158,0.7053111403437846,0.582010582010582,0.5989847715736041,0.5836538461538461,0.16648110534449417,0.5673076923076923,0.6,0.6344086021505376,1.4182692307692306,0.0673076923076923,1,678,189,0.5168185988617932,l2,0.0001,liblinear,0.6757881690727915
0.6414285714285715,0.699632935699757,0.6166666666666667,0.6567164179104478,0.6142857142857143,0.22587697572631282,0.6285714285714286,0.6,0.6875,1.5714285714285714,0.0,2,747,120,0.543458505606364,l2,0.0001,liblinear,0.6799893166714086
0.6736625514403292,0.686623230593562,0.6311111111111111,0.6584362139917695,0.6407407407407407,0.2760153013055923,0.5925925925925926,0.6888888888888889,0.7407407407407407,1.9047619047619047,0.0,3,642,225,0.49214684560119976,l2,0.0001,lbfgs,0.6839662116637057
0.6444546568627451,0.698557813424859,0.6566265060240963,0.7323943661971831,0.6245404411764706,0.25756546672408004,0.7647058823529411,0.484375,0.7027027027027027,1.4830659536541888,0.00980392156862745,4,701,166,0.5026568930045882,l1,0.01,liblinear,0.6718147680606752
0.6761904761904762,0.737015054434651,0.6287425149700598,0.6836734693877551,0.6254992319508448,0.2435196806787323,0.638095238095238,0.6129032258064516,0.7362637362637363,1.6484126984126983,0.0,5,700,167,0.5411872583280181,l2,0.0001,liblinear,0.6584526809576319
