roc_auc,pr_auc,accuracy,f1,balanced_accuracy,matthews_corrcoef,sensitivity,specificity,precision,pos_LR,sensitivity_at_spec100,fold,n_train,n_val,threshold,best_penalty,best_C,best_solver,best_inner_score
0.6911206678472046,0.7422392817886281,0.6270270270270271,0.6877828054298643,0.6205413609916519,0.23324855007435707,0.6440677966101694,0.5970149253731343,0.7378640776699029,1.5982423101067165,0.0,1,646,185,0.47475560873107847,l1,0.01,liblinear,0.6895360136941159
0.710098757566104,0.8030475509351689,0.7155172413793104,0.7724137931034483,0.6975151322077094,0.3932180461000772,0.7671232876712328,0.627906976744186,0.7777777777777778,2.0616438356164384,0.1232876712328767,2,715,116,0.4812582740821566,l2,0.0001,liblinear,0.6883995120152075
0.6703228659885007,0.705393043996684,0.6214953271028038,0.6431718061674009,0.6225121627598408,0.24348918461953797,0.6134453781512605,0.631578947368421,0.6759259259259259,1.6650660264105641,0.05042016806722689,3,617,214,0.4862913379428684,l2,0.0001,liblinear,0.6964774719952843
0.6647368421052632,0.7269163665826903,0.6193548387096774,0.694300518134715,0.5942982456140351,0.1905112255076538,0.7052631578947368,0.48333333333333334,0.6836734693877551,1.365025466893039,0.010526315789473684,4,676,155,0.535596643893682,l1,0.1,liblinear,0.6823321681266642
0.6627565982404692,0.7311023823789133,0.5900621118012422,0.625,0.6003584229390682,0.19552948669513773,0.5555555555555556,0.6451612903225806,0.7142857142857143,1.5656565656565657,0.04040404040404041,5,670,161,0.536224987406006,l1,0.1,liblinear,0.6368508587682083
