roc_auc,pr_auc,accuracy,f1,balanced_accuracy,matthews_corrcoef,sensitivity,specificity,precision,pos_LR,sensitivity_at_spec100,fold,n_train,n_val,threshold,best_penalty,best_C,best_solver,best_inner_score
0.5975206611570248,0.7101339119955855,0.5863874345549738,0.6638297872340425,0.5651711924439197,0.12803525771290242,0.6446280991735537,0.4857142857142857,0.6842105263157895,1.253443526170799,0.04132231404958678,1,702,191,0.48888626714920547,l2,0.01,lbfgs,0.6827886467033996
0.6866146745185421,0.7734163258781397,0.6524390243902439,0.7192118226600985,0.6330574566289988,0.2636712367488193,0.7087378640776699,0.5573770491803278,0.73,1.601222581805106,0.019417475728155338,2,729,164,0.5221014167704773,l2,0.01,lbfgs,0.6317913608531931
0.6577329727071551,0.6692522353694015,0.5911602209944752,0.6145833333333334,0.5901770346692894,0.17986823650729022,0.6020408163265306,0.5783132530120482,0.6276595744680851,1.4276967930029154,0.04081632653061224,3,712,181,0.48308916505897426,l2,0.001,liblinear,0.6300930574017601
0.6675404106596767,0.7518975329430104,0.6162790697674418,0.6764705882352942,0.6101645551186836,0.21347559814484554,0.6330275229357798,0.5873015873015873,0.7263157894736842,1.5338743824982357,0.03669724770642202,4,721,172,0.5192935043715572,l2,0.01,lbfgs,0.6707141971935378
0.7242990654205608,0.7379395414751194,0.6702702702702703,0.7109004739336493,0.6645698538221902,0.3276123689732474,0.7009345794392523,0.6282051282051282,0.7211538461538461,1.8852723171124717,0.0,5,708,185,0.49174032258196426,l2,0.01,lbfgs,0.6215117470436056
