n_pairs,pairwise_accuracy,both_correct_rate,mean_delta,median_delta,std_delta,n_positive_delta,per_drug_accuracy,per_drug_roc_auc,per_drug_pr_auc,n_train,n_test,best_penalty,best_C,best_solver,inner_cv_score,threshold,seed
38,0.5789473684210527,0.23684210526315788,0.08106185479492542,0.026656777930841535,0.18891221971425287,22,0.5645161290322581,0.6008403361344539,0.6496125318136934,831,62,l2,0.0001,liblinear,0.7126009781544089,0.5038855604139175,0
