roc_auc,pr_auc,accuracy,f1,balanced_accuracy,matthews_corrcoef,sensitivity,specificity,precision,pos_LR,sensitivity_at_spec100,fold,n_train,n_val,threshold,best_penalty,best_C,best_solver,best_inner_score
0.7651515151515152,0.8625449171881533,0.672566371681416,0.7375886524822695,0.670995670995671,0.32153162643969274,0.6753246753246753,0.6666666666666666,0.8125,2.0259740259740258,0.05194805194805195,1,718,113,0.5037792321866515,l2,0.001,lbfgs,0.693206188780772
0.6866666666666666,0.7690422558249893,0.672566371681416,0.7516778523489933,0.6364912280701754,0.271274519940249,0.7466666666666667,0.5263157894736842,0.7567567567567568,1.5762962962962963,0.013333333333333334,2,718,113,0.505230299412506,l2,0.001,liblinear,0.7250149955865526
0.7370590929912963,0.8044041532364918,0.6764705882352942,0.7393364928909952,0.6649106733852497,0.3190195043352765,0.7027027027027027,0.6271186440677966,0.78,1.8845208845208845,0.0,3,661,170,0.4826686060411189,l2,0.001,lbfgs,0.6938612114992744
0.6586538461538461,0.6692675312268201,0.6099290780141844,0.6428571428571429,0.6064271255060729,0.21341661461046815,0.6513157894736842,0.5615384615384615,0.6346153846153846,1.4854570637119113,0.0,4,549,282,0.5481676812162849,l2,0.001,liblinear,0.721212082739172
0.6795997191011236,0.6906895033927756,0.673202614379085,0.7159090909090909,0.6664325842696629,0.3315291717203715,0.7078651685393258,0.625,0.7241379310344828,1.8876404494382022,0.0,5,678,153,0.5418944852103658,l2,0.001,lbfgs,0.7124636042569874
