accuracy,balanced_accuracy,f1_macro,f1_weighted,mae,adjacent_accuracy,kappa_linear,kappa_quadratic,spearman_r,roc_auc_macro_ovr,roc_auc_weighted_ovr,fold,n_train,n_val,best_penalty,best_C,best_solver,inner_auc_score
0.40336134453781514,0.44555555555555554,0.38589299773798064,0.37366702432875876,0.7647058823529411,0.8319327731092437,0.17781489636322223,0.21072350767049763,0.29145649431393306,0.6134849259128817,0.5970794275985892,1,748,119,l2,0.001,lbfgs,0.655046274645602
0.3893129770992366,0.4426665613106291,0.3807271802695144,0.3585736661600899,0.8015267175572519,0.8091603053435115,0.15463093847950338,0.1747612273928063,0.31078269690890103,0.6574690803030628,0.6444131364239467,2,736,131,l2,0.001,liblinear,0.6761398352556764
0.47058823529411764,0.4983956306536952,0.4374390173908052,0.4280945403472759,0.7176470588235294,0.8117647058823529,0.2680688876341051,0.3033707865168539,0.3245170192179325,0.6509602901838054,0.6459280679249894,3,697,170,l2,0.0001,liblinear,0.657440237885877
0.4851063829787234,0.44703054824736244,0.40170763502288187,0.44577179361584995,0.676595744680851,0.8382978723404255,0.2509472164865785,0.31290824261275274,0.419836928153476,0.6630476667320219,0.6628817431755353,4,632,235,l2,0.001,liblinear,0.6555850173184901
0.49528301886792453,0.48895669351447973,0.46519982856530584,0.4922973714694662,0.660377358490566,0.8443396226415094,0.24243197713002196,0.2650533472451282,0.36979398524220747,0.6669004147189362,0.6636215697182856,5,655,212,l2,0.001,liblinear,0.6476863189917392
