accuracy,balanced_accuracy,f1_macro,f1_weighted,mae,adjacent_accuracy,kappa_linear,kappa_quadratic,spearman_r,roc_auc_macro_ovr,roc_auc_weighted_ovr,fold,n_train,n_val,best_penalty,best_C,best_solver,inner_auc_score
0.40336134453781514,0.4570370370370371,0.3769023569023569,0.3524403700874289,0.7394957983193278,0.8571428571428571,0.21369575011262953,0.2769200119533818,0.3059565307671691,0.6107458919138602,0.5968284009205415,1,748,119,l2,0.0001,liblinear,0.6358292756906609
0.366412213740458,0.43596328342091056,0.340167295391176,0.30090383582465163,0.816793893129771,0.816793893129771,0.16580372552520384,0.21216001241609428,0.3023002356863377,0.6587184265360916,0.6502367292751817,2,736,131,l2,0.0001,liblinear,0.636354756521115
0.4,0.42618194231097456,0.3541446208112875,0.34370370370370373,0.8352941176470589,0.7647058823529411,0.16028941143731745,0.18800292611558145,0.2125775159147434,0.6212996214785784,0.6184466190214405,3,697,170,l1,0.01,liblinear,0.6429625331850476
0.4808510638297872,0.46182963937388716,0.3874436259507074,0.43013429175392137,0.6893617021276596,0.8297872340425532,0.27574005022448833,0.34269533055940826,0.37656782621146445,0.6171341165035192,0.6191497876849399,4,632,235,l2,0.0001,liblinear,0.6700877708943891
0.49056603773584906,0.49349357461131743,0.4436689930209372,0.4727609623958313,0.6792452830188679,0.8301886792452831,0.26307150098971654,0.2963520698239036,0.38316412977441006,0.6622889310995476,0.6584201871810427,5,655,212,l2,0.0001,lbfgs,0.6174406422401811
