n_pairs,pairwise_accuracy,both_correct_rate,mean_delta,median_delta,std_delta,n_positive_delta,per_drug_accuracy,per_drug_roc_auc,per_drug_pr_auc,n_train,n_test,best_penalty,best_C,best_solver,inner_cv_score,threshold,seed
38,0.5263157894736842,0.18421052631578946,0.0444285839497635,0.02814938445885945,0.1476243911983683,20,0.5483870967741935,0.5493697478991597,0.5972432047593633,831,62,l2,0.01,liblinear,0.6819069984757118,0.48289694089937796,1
