roc_auc,pr_auc,accuracy,f1,balanced_accuracy,matthews_corrcoef,sensitivity,specificity,precision,pos_LR,sensitivity_at_spec100,fold,n_train,n_val,threshold,best_penalty,best_C,best_solver,best_inner_score
0.69908929926638,0.7941509080747229,0.654054054054054,0.7142857142857143,0.644953200101189,0.2816888974968552,0.6779661016949152,0.6119402985074627,0.7547169811320755,1.7470664928292046,0.03389830508474576,1,646,185,0.47008278867887154,l2,0.01,lbfgs,0.6948966498061131
0.6122969098438993,0.735437205491869,0.6379310344827587,0.7123287671232876,0.6119783370500159,0.22395667410003187,0.7123287671232876,0.5116279069767442,0.7123287671232876,1.4585779517286366,0.0684931506849315,2,715,116,0.48526433864343194,l2,0.01,liblinear,0.6949681062077296
0.7016364440513048,0.7156884142698707,0.6495327102803738,0.6753246753246753,0.6487837240159222,0.29601356039774446,0.6554621848739496,0.6421052631578947,0.6964285714285714,1.8314384577360356,0.03361344537815126,3,617,214,0.4793896551727185,l2,0.01,lbfgs,0.6782965471606699
0.6929824561403509,0.7635711107311027,0.6709677419354839,0.7384615384615385,0.6456140350877193,0.29647584494317364,0.7578947368421053,0.5333333333333333,0.72,1.62406015037594,0.05263157894736842,4,676,155,0.4712602335974343,l2,0.01,liblinear,0.664719900641546
0.7000651678071033,0.7478745838912273,0.6645962732919255,0.7352941176470589,0.636852394916911,0.2796450759873114,0.7575757575757576,0.5161290322580645,0.7142857142857143,1.5656565656565655,0.0,5,670,161,0.48743146392512665,l2,0.01,liblinear,0.6546221895179603
