accuracy,balanced_accuracy,f1_macro,f1_weighted,mae,adjacent_accuracy,kappa_linear,kappa_quadratic,spearman_r,roc_auc_macro_ovr,roc_auc_weighted_ovr,fold,n_train,n_val,best_penalty,best_C,best_solver,inner_auc_score
0.4330708661417323,0.4333333333333333,0.3390613451589061,0.35090001222131045,0.7952755905511811,0.7716535433070866,0.19149070280491642,0.23129925006661833,0.32355578405290186,0.5759498978060714,0.5758716945440429,1,740,127,l2,0.001,lbfgs,0.6304090103857429
0.35751295336787564,0.3766002844950213,0.2772926772926773,0.26932376776936356,0.8704663212435233,0.772020725388601,0.08649349185777877,0.11053503276445598,0.22261902219085428,0.6085827008800926,0.6115350519839492,2,674,193,l2,0.001,lbfgs,0.6319215931635753
0.3953488372093023,0.4214406192584561,0.3270103223154866,0.3072371272502291,0.8081395348837209,0.7965116279069767,0.1652234636871508,0.2095171079250594,0.28240519289273425,0.6077895117743316,0.6026752317449993,3,695,172,l2,0.01,liblinear,0.6426928697526693
0.5207373271889401,0.4797101449275362,0.37903225806451607,0.44652148060056485,0.6728110599078341,0.8064516129032258,0.2702354079329249,0.3197863003243656,0.3882672898427019,0.6832523275759295,0.6757429510190996,4,650,217,l2,0.0001,lbfgs,0.6072552050962761
0.4240506329113924,0.5310606060606061,0.37092419522326064,0.295216688355219,0.6835443037974683,0.8924050632911392,0.31381695351455685,0.41026180212385654,0.39910683110816025,0.6590085204213215,0.6367534637924999,5,709,158,l2,0.001,liblinear,0.6320137765993719
