roc_auc,pr_auc,accuracy,f1,balanced_accuracy,matthews_corrcoef,sensitivity,specificity,precision,pos_LR,sensitivity_at_spec100,fold,n_train,n_val,threshold,best_penalty,best_C,best_solver,best_inner_score
0.6987734487734487,0.7802128079043763,0.7168141592920354,0.7922077922077922,0.673881673881674,0.3477633477633478,0.7922077922077922,0.5555555555555556,0.7922077922077922,1.7824675324675328,0.0,1,718,113,0.48628483192852806,l2,0.0001,liblinear,0.6722281142203983
0.66,0.7273233360525997,0.7168141592920354,0.8072289156626506,0.6308771929824561,0.3123089001546329,0.8933333333333333,0.3684210526315789,0.7362637362637363,1.4144444444444444,0.0,2,718,113,0.4677395294290522,l2,0.0001,liblinear,0.6895996185935084
0.7419453351656742,0.8099209572169499,0.6882352941176471,0.7557603686635944,0.6659795388608948,0.3261588182616416,0.7387387387387387,0.5932203389830508,0.7735849056603774,1.816066066066066,0.08108108108108109,3,661,170,0.48148564675294003,l2,0.0001,liblinear,0.6498294993972311
0.6398785425101214,0.6629551756978725,0.5531914893617021,0.5743243243243243,0.5526821862348178,0.1050670323858681,0.5592105263157895,0.5461538461538461,0.5902777777777778,1.2321587867975021,0.006578947368421052,4,549,282,0.5113016935646676,l2,0.0001,lbfgs,0.6951627778630985
0.6341292134831461,0.6424045307312016,0.6339869281045751,0.7021276595744681,0.6129740168539326,0.233227136079285,0.7415730337078652,0.484375,0.6666666666666666,1.4382022471910112,0.0,5,678,153,0.4671038107955049,l2,0.0001,liblinear,0.68537627362254
