accuracy,balanced_accuracy,f1_macro,f1_weighted,mae,adjacent_accuracy,kappa_linear,kappa_quadratic,spearman_r,roc_auc_macro_ovr,roc_auc_weighted_ovr,fold,n_train,n_val,best_penalty,best_C,best_solver,inner_auc_score
0.4580152671755725,0.4818130150610969,0.45459513479404245,0.4482598900502828,0.6641221374045801,0.8778625954198473,0.28135443596695875,0.35494682831960933,0.39451558036902523,0.6049686459074889,0.5929950027543873,1,736,131,l2,0.0001,lbfgs,0.6408164780673772
0.4444444444444444,0.44188034188034186,0.42714460492238265,0.4364076850849337,0.7354497354497355,0.8201058201058201,0.19198474456371306,0.22345725571147856,0.21545450860037274,0.5658438271341498,0.561973212510847,2,678,189,l2,0.001,lbfgs,0.6714801301785427
0.45625,0.4611671335200747,0.4520783593510866,0.45846808999081723,0.70625,0.8375,0.2233676975945017,0.2588433464345873,0.31339462982195965,0.6408331477741942,0.6406720623702016,3,707,160,l2,0.0001,lbfgs,0.6332344075662217
0.4829059829059829,0.4989113810166442,0.4728566928846823,0.49089964654597507,0.6239316239316239,0.8931623931623932,0.2583362278568948,0.3058271530195248,0.33140432435271217,0.6771304331658432,0.6679354705761135,4,633,234,l2,0.0001,lbfgs,0.5899010865582182
0.45098039215686275,0.48298358891579224,0.4464484364251074,0.4627378990322426,0.7124183006535948,0.8366013071895425,0.22298839863951925,0.2409909207201023,0.33500748262085533,0.6516846402772015,0.6454071037072203,5,714,153,l2,0.0001,lbfgs,0.6233253600644177
