accuracy,balanced_accuracy,f1_macro,f1_weighted,mae,adjacent_accuracy,kappa_linear,kappa_quadratic,spearman_r,roc_auc_macro_ovr,roc_auc_weighted_ovr,fold,n_train,n_val,best_penalty,best_C,best_solver,inner_auc_score
0.4609375,0.4296666898292914,0.4070753933438615,0.4509723909896473,0.71484375,0.82421875,0.20990319425236958,0.2557505537570285,0.3122048483011997,0.6433271679363954,0.6531654273551526,1,611,256,l2,0.001,liblinear,0.6319192714967945
0.375,0.4162527983144271,0.35147469287928007,0.32919257851881933,0.828125,0.796875,0.12306101344364018,0.15733333333333333,0.2511266460434337,0.6294049850510702,0.6245445131135922,2,739,128,l2,0.0001,liblinear,0.6268213485158497
0.49693251533742333,0.5347674742411584,0.47876254180602,0.4730163941153538,0.6380368098159509,0.8650306748466258,0.31985235114748845,0.36401982494991036,0.45186957625011503,0.6874783154588299,0.681408761281851,3,704,163,l2,0.0001,liblinear,0.5999149784777185
0.4260355029585799,0.43559391996892,0.41741258083829375,0.417337277228162,0.7633136094674556,0.8106508875739645,0.1467652929435248,0.15615864227873644,0.2228432471421081,0.633102407094192,0.6263058144054295,4,698,169,l2,0.001,liblinear,0.6432513899695229
0.46357615894039733,0.4817136886102403,0.43225909892576553,0.4323652800473992,0.695364238410596,0.8410596026490066,0.25258096450289913,0.29997272975184075,0.3827117183258202,0.6464102062686177,0.6365494338113545,5,716,151,l2,0.0001,liblinear,0.6308918386570521
