roc_auc,pr_auc,accuracy,f1,balanced_accuracy,matthews_corrcoef,sensitivity,specificity,precision,pos_LR,sensitivity_at_spec100,fold,n_train,n_val,threshold,best_penalty,best_C,best_solver,best_inner_score
0.6925339683429051,0.7512067315677485,0.6342281879194631,0.668693009118541,0.6371807442685717,0.2695282223222009,0.6214689265536724,0.6528925619834711,0.7236842105263158,1.790422383642723,0.005649717514124294,1,595,298,0.540111731567862,l2,0.0001,lbfgs,0.6767839952915653
0.736935565702689,0.7896615403778773,0.7071823204419889,0.7601809954751131,0.6902587519025876,0.3854377689584365,0.7777777777777778,0.6027397260273972,0.7433628318584071,1.957854406130268,0.10185185185185185,2,712,181,0.5338058011706311,l2,0.001,liblinear,0.6198088070281575
0.5298876404494381,0.6218764124275744,0.5971223021582733,0.7052631578947368,0.5364044943820224,0.07839936038045363,0.7528089887640449,0.32,0.6633663366336634,1.1070720423000662,0.0,3,754,139,0.49543018067435524,l2,0.0001,lbfgs,0.7167619542845626
0.6727272727272728,0.7250966353704302,0.6222222222222222,0.6565656565656566,0.6311688311688312,0.2558413612277756,0.5909090909090909,0.6714285714285714,0.7386363636363636,1.7984189723320156,0.0,4,713,180,0.5341649066867554,l2,0.0001,liblinear,0.687249161786536
0.6214995483288166,0.6364558080993417,0.5684210526315789,0.6019417475728155,0.5675248419150858,0.1338460084480361,0.5740740740740741,0.5609756097560976,0.6326530612244898,1.30761316872428,0.0,5,798,95,0.5383621918331424,l1,0.1,liblinear,0.6696105614799434
