accuracy,balanced_accuracy,f1_macro,f1_weighted,mae,adjacent_accuracy,kappa_linear,kappa_quadratic,spearman_r,roc_auc_macro_ovr,roc_auc_weighted_ovr,fold,n_train,n_val,best_penalty,best_C,best_solver,inner_auc_score
0.43119266055045874,0.4437601094935921,0.35189198383822323,0.3584682520993494,0.7981651376146789,0.7706422018348624,0.18341513820718158,0.2161566321977847,0.34674695448069554,0.6698680030481069,0.6658250076683487,1,758,109,l2,0.0001,liblinear,0.6033907725644104
0.4049586776859504,0.49565364737778533,0.3558763931104356,0.29872013866211156,0.743801652892562,0.8512396694214877,0.25584255842558423,0.3254579240775153,0.39197332911588256,0.6719930338711858,0.6551076184565225,2,746,121,l2,0.0001,liblinear,0.6336811269642506
0.3888888888888889,0.4408582310221654,0.33431372549019606,0.31526870007262164,0.8271604938271605,0.7839506172839507,0.17685423934475963,0.21299295103829297,0.25189252591335126,0.6080921462173863,0.6012629093089391,3,705,162,l2,0.0001,liblinear,0.617853057796891
0.43612334801762115,0.4142857142857143,0.3215686274509804,0.3482767556361752,0.775330396475771,0.788546255506608,0.14868953760920534,0.1843593130779394,0.3011906821159611,0.6367529289074957,0.6316873581510585,4,640,227,l2,0.0001,liblinear,0.6270699574463361
0.45564516129032256,0.4608397280406007,0.36907806819115024,0.37218410230623233,0.7419354838709677,0.8024193548387096,0.23712719004948501,0.2839121887287025,0.3308731046316991,0.6374829112180334,0.6317535274638529,5,619,248,l2,0.0001,liblinear,0.6144519782924143
