roc_auc,pr_auc,accuracy,f1,balanced_accuracy,matthews_corrcoef,sensitivity,specificity,precision,pos_LR,sensitivity_at_spec100,fold,n_train,n_val,threshold,best_penalty,best_C,best_solver,best_inner_score
0.6954211990892992,0.7937348271634904,0.6810810810810811,0.74235807860262,0.6661396407791551,0.3259900304577395,0.7203389830508474,0.6119402985074627,0.7657657657657657,1.85625814863103,0.06779661016949153,1,646,185,0.43138604609264997,l1,0.1,liblinear,0.639077361919156
0.620420516087926,0.6981390159244645,0.6206896551724138,0.6764705882352942,0.6173940745460338,0.22764788536848846,0.6301369863013698,0.6046511627906976,0.7301587301587301,1.593875906526994,0.0,2,715,116,0.5059701012270762,l1,0.1,liblinear,0.6809326419970881
0.6044228217602831,0.6299667599128271,0.5887850467289719,0.6239316239316239,0.5856700574966829,0.1707370682831225,0.6134453781512605,0.5578947368421052,0.6347826086956522,1.3875550220088035,0.01680672268907563,3,617,214,0.4725375312031934,l2,0.001,liblinear,0.6932069210065052
0.6515789473684211,0.7235354888458321,0.5935483870967742,0.6358381502890174,0.5978070175438597,0.1905657180456135,0.5789473684210527,0.6166666666666667,0.7051282051282052,1.5102974828375288,0.06315789473684211,4,676,155,0.524094221096734,l2,0.001,lbfgs,0.64105578805368
0.6788856304985337,0.7487493171811461,0.6521739130434783,0.7171717171717171,0.6327794069729553,0.26555881394591074,0.7171717171717171,0.5483870967741935,0.7171717171717171,1.5880230880230877,0.030303030303030304,5,670,161,0.49204547536199605,l2,0.01,liblinear,0.645804314965009
