accuracy,balanced_accuracy,f1_macro,f1_weighted,mae,adjacent_accuracy,kappa_linear,kappa_quadratic,spearman_r,roc_auc_macro_ovr,roc_auc_weighted_ovr,fold,n_train,n_val,best_penalty,best_C,best_solver,inner_auc_score
0.4036697247706422,0.4208037825059101,0.3197586726998492,0.3270649120622137,0.8440366972477065,0.7522935779816514,0.1543261932872323,0.18698273219576989,0.30855129067532294,0.6327424330057736,0.6263916489904383,1,758,109,l2,0.001,lbfgs,0.6189532132018434
0.36363636363636365,0.4461012736874806,0.31313131313131315,0.2572001001753068,0.8181818181818182,0.8181818181818182,0.1804747896285147,0.233668452987289,0.26063041211137883,0.6247179788749913,0.6109748737308923,2,746,121,l2,0.01,liblinear,0.6204032187746746
0.3950617283950617,0.4345587017718165,0.32862274038744627,0.30971548890938866,0.8024691358024691,0.8024691358024691,0.18207239397234742,0.2286471627724328,0.2541756518075078,0.5815401579529952,0.5775455919844682,3,705,162,l2,0.01,liblinear,0.6186043281465763
0.44493392070484583,0.42063492063492064,0.3285623409669211,0.35185963614352495,0.7577092511013216,0.7973568281938326,0.15210215427380125,0.1894611555940272,0.2720324519895623,0.6251866327686,0.6205069299819064,4,640,227,l2,0.01,liblinear,0.6086958613284075
0.4475806451612903,0.4344688706158752,0.3428412386313644,0.34717690890118225,0.75,0.8024193548387096,0.19972241498959065,0.24636192432802606,0.23147512053976152,0.6094137987269076,0.6073024864067491,5,619,248,l2,0.001,liblinear,0.588935033110668
