roc_auc,pr_auc,accuracy,f1,balanced_accuracy,matthews_corrcoef,sensitivity,specificity,precision,pos_LR,sensitivity_at_spec100,fold,n_train,n_val,threshold,best_penalty,best_C,best_solver,best_inner_score
0.648367117117117,0.7007014207466954,0.639344262295082,0.6901408450704225,0.6331644144144144,0.2619409037486595,0.6621621621621622,0.6041666666666666,0.7205882352941176,1.6728307254623043,0.02702702702702703,1,745,122,0.5066872631756566,l2,0.01,lbfgs,0.6805731395200894
0.7033333333333333,0.793355226866323,0.672,0.7388535031847133,0.6513888888888888,0.29881972812756175,0.725,0.5777777777777777,0.7532467532467533,1.7171052631578945,0.075,2,742,125,0.47479727418852025,l2,0.01,liblinear,0.6665883701340054
0.7034214851337218,0.7639345969747044,0.6638297872340425,0.6877470355731226,0.6708874943971314,0.33660932648451497,0.6304347826086957,0.711340206185567,0.7565217391304347,2.1840062111801246,0.050724637681159424,3,632,235,0.49209561679862096,l2,0.001,lbfgs,0.6519145395864391
0.6032696292885102,0.6452973040219333,0.5739130434782609,0.5950413223140496,0.5760994704121575,0.15108975589823667,0.5581395348837209,0.594059405940594,0.6371681415929203,1.3749290981281905,0.007751937984496124,4,637,230,0.5167219368978025,l2,0.01,liblinear,0.6896899951248814
0.7371929824561403,0.794294629013684,0.6774193548387096,0.7368421052631579,0.6600877192982456,0.3201754385964912,0.7368421052631579,0.5833333333333334,0.7368421052631579,1.7684210526315791,0.031578947368421054,5,712,155,0.4783802923767851,l2,0.01,lbfgs,0.6517620926701763
