accuracy,balanced_accuracy,f1_macro,f1_weighted,mae,adjacent_accuracy,kappa_linear,kappa_quadratic,spearman_r,roc_auc_macro_ovr,roc_auc_weighted_ovr,fold,n_train,n_val,best_penalty,best_C,best_solver,inner_auc_score
0.3969465648854962,0.4150326797385621,0.398367341961994,0.3856979978673219,0.6946564885496184,0.9083969465648855,0.21131326496857428,0.32886354523989847,0.3953092884331951,0.6045065374125146,0.5908342553201339,1,736,131,l2,0.001,lbfgs,0.6988693798886793
0.47619047619047616,0.4654403567447045,0.46525374232067146,0.47452556296763276,0.6402116402116402,0.8835978835978836,0.25036876782377826,0.30809167757538114,0.34993812608216907,0.6411380956963005,0.642143384078868,2,678,189,l2,0.001,lbfgs,0.6985463300388813
0.45,0.44412698412698415,0.4427089947089948,0.4551285714285715,0.68125,0.86875,0.22886452069331442,0.28798774018625484,0.4079205150703385,0.677668898974699,0.681633972834461,3,707,160,l2,0.001,lbfgs,0.6720290053014706
0.5128205128205128,0.5069545659019343,0.4920560167813986,0.5211564837141698,0.5854700854700855,0.9017094017094017,0.28759999999999997,0.3307598537180009,0.4015743377391773,0.7152476787973923,0.702164308177821,4,633,234,l2,0.001,lbfgs,0.6448313999558584
0.477124183006536,0.5138980605082301,0.4747683093499891,0.482013601583175,0.6470588235294118,0.8758169934640523,0.25775469201744483,0.29192987197243514,0.44015966211579105,0.7211637996754329,0.7106899908410417,5,714,153,l2,0.0001,lbfgs,0.6456017606848136
