accuracy,balanced_accuracy,f1_macro,f1_weighted,mae,adjacent_accuracy,kappa_linear,kappa_quadratic,spearman_r,roc_auc_macro_ovr,roc_auc_weighted_ovr,fold,n_train,n_val,best_penalty,best_C,best_solver,inner_auc_score
0.4375,0.402539395764328,0.33369599192477645,0.37449093437160363,0.80859375,0.75390625,0.12652469176501613,0.14942528735632188,0.2110092241896078,0.6062266986359379,0.6034063444456731,1,611,256,l2,0.01,liblinear,0.6406953482434383
0.3359375,0.3709953533871362,0.2745559038662487,0.25450014694357365,0.921875,0.7421875,0.06788447296963718,0.0854302578440509,0.17274953995344486,0.5923149070950403,0.5871982803177979,2,739,128,l2,0.01,liblinear,0.6228140655366708
0.44785276073619634,0.4997772208298524,0.3773063973063973,0.34356819731052857,0.6871165644171779,0.8650306748466258,0.29064345663661795,0.36455417832866843,0.38280516330104764,0.6505567885769946,0.6387805235385908,3,704,163,l2,0.01,lbfgs,0.604754929977917
0.42011834319526625,0.4766292735042735,0.3486665213283919,0.3243950294310007,0.7633136094674556,0.8165680473372781,0.24681292105717734,0.3087860553759181,0.34586232066400946,0.6767675757360223,0.6672883377513698,4,698,169,l2,0.01,liblinear,0.6124061741371457
0.47019867549668876,0.49482758620689654,0.39089990215818027,0.3786338013257885,0.6887417218543046,0.8410596026490066,0.2794347068000367,0.3397008055235903,0.3149022533054447,0.6505511391674926,0.634877759575872,5,716,151,l2,0.01,liblinear,0.6200767543488368
