model_type,val_auprc_mean,val_auroc_mean,val_f1_mean,val_balanced_accuracy_mean,val_mcc_mean,val_ECE_mean,val_ppv_mean,val_optimal_threshold_mean,val_loss,val_supervised_loss,val_recall_mean,val_sensitivity_mean,val_specificity_mean,val_precision_mean,val_cohen_kappa_mean,val_enrichment_factor_mean,val_average_precision_mean
Soft_Clip_with_Frozen_Teacher,0.5036987761656443,0.6987475355466207,0.5546756188074747,0.6584267218907675,0.2988483707110087,0.4570761223634084,0.4460270901521047,0.8210495710372925,1.2611933549245198,1.2611933549245198,0.7477477391560873,0.7477477391560873,0.5691056847572327,0.4460270901521047,0.26908088227113086,1.4345194896062214,0.5036987761656443
Soft_Clip_with_Teacher,0.47227752208709717,0.672929028669993,0.5498340924580892,0.6501867771148682,0.2948141396045685,0.46713874737421673,0.41438867648442584,0.7847804427146912,1.3614871899286907,1.3614871899286907,0.8288288315137228,0.8288288315137228,0.47154470284779865,0.41438867648442584,0.2344018965959549,1.3327635526657104,0.47227752208709717
Soft_Clip_with_Teacher_with_centering,0.4516366918881734,0.6887497305870056,0.5798637866973877,0.6792463064193726,0.34547425309817,0.47161852320035297,0.4319295386473338,0.793615718682607,1.3436139424641926,1.3436139424641926,0.8828828930854797,0.8828828930854797,0.47560975948969525,0.4319295386473338,0.2787051896254222,1.38917871316274,0.4516366918881734
Vanilla_Clip_with_VAE,0.5000055929025015,0.7443418900171915,0.6138683358828226,0.7200065851211548,0.41030362248420715,0.4333954453468323,0.4999462167421977,0.8514227469762167,1.160111427307129,1.160111427307129,0.8018018007278442,0.8018018007278442,0.6382113893826803,0.4999462167421977,0.37626179059346515,1.6079350709915161,0.5000055929025015
Vanilla_Clip_without_VAE,0.5013608932495117,0.7127005060513815,0.596478799978892,0.6996813813845316,0.3867654303709666,0.432027409474055,0.48715614279111225,0.7919302384058634,1.1495108207066853,1.1495108207066853,0.8018018007278442,0.8018018007278442,0.597560981909434,0.48715614279111225,0.34136779109636944,1.566799481709798,0.5013608932495117
