accuracy,balanced_accuracy,f1_macro,f1_weighted,mae,adjacent_accuracy,kappa_linear,kappa_quadratic,spearman_r,roc_auc_macro_ovr,roc_auc_weighted_ovr,fold,n_train,n_val,best_penalty,best_C,best_solver,inner_auc_score
0.3949579831932773,0.4630246913580247,0.3601676986473093,0.3274334686435019,0.7815126050420168,0.8235294117647058,0.19635465833998988,0.23721570675656434,0.28377435579566235,0.627707288040352,0.6155370524185975,1,748,119,l2,0.0001,liblinear,0.6417274136033482
0.45038167938931295,0.5007967550340432,0.444789846000633,0.425355660778533,0.6946564885496184,0.8549618320610687,0.25544937855224525,0.2968418424666084,0.3578290994840785,0.6883111286272147,0.6783516233133369,2,736,131,l2,0.001,lbfgs,0.650900892820341
0.4470588235294118,0.4708824031404677,0.4119757276370684,0.4036016966040383,0.7705882352941177,0.7823529411764706,0.21507119695474408,0.2356450410141685,0.26709540767021434,0.6399223318068057,0.633478028220634,3,697,170,l2,0.0001,liblinear,0.6499902147671701
0.4340425531914894,0.4103151824390763,0.4052495397322984,0.4357319129879658,0.676595744680851,0.8893617021276595,0.2002525630872627,0.2903756708407871,0.34905889682796004,0.6114317454860215,0.6066151792590847,4,632,235,l2,0.01,liblinear,0.6817328750070792
0.5235849056603774,0.5175884885597312,0.5022796294160613,0.5159100058098672,0.5943396226415094,0.8820754716981132,0.2831687419493344,0.32319970977689105,0.32568022406313146,0.6601849151358715,0.6399065142481171,5,655,212,l1,0.1,liblinear,0.6459445905347523
