n_pairs,pairwise_accuracy,both_correct_rate,mean_delta,median_delta,std_delta,n_positive_delta,per_drug_accuracy,per_drug_roc_auc,per_drug_pr_auc,n_train,n_test,best_penalty,best_C,best_solver,inner_cv_score,threshold,seed
13,0.3076923076923077,0.6153846153846154,-0.017401956656290407,-0.016505894837516855,0.04546086579415091,4,0.8461538461538461,0.46590909090909094,0.8210046865134115,867,26,l1,0.01,liblinear,0.6715986208747007,0.4723763838606487,4
