roc_auc,pr_auc,accuracy,f1,balanced_accuracy,matthews_corrcoef,sensitivity,specificity,precision,pos_LR,sensitivity_at_spec100,fold,n_train,n_val,threshold,best_penalty,best_C,best_solver,best_inner_score
0.7274193548387098,0.832670935329866,0.7150837988826816,0.7866108786610879,0.6881231671554252,0.36218091163149824,0.7580645161290323,0.6181818181818182,0.8173913043478261,1.9854070660522272,0.03225806451612903,1,714,179,0.48392884122127844,l1,0.01,liblinear,0.6766262448153373
0.6833907197901296,0.6699260829445635,0.6425339366515838,0.6609442060085837,0.6414576160026233,0.28361361675585123,0.6754385964912281,0.6074766355140186,0.6470588235294118,1.7207602339181285,0.017543859649122806,2,672,221,0.4768197981986026,l1,0.01,liblinear,0.6604837382180063
0.6618075801749271,0.7516755426428159,0.6666666666666666,0.7123287671232876,0.6641929499072357,0.3216369466001827,0.6753246753246753,0.6530612244897959,0.7536231884057971,1.9465240641711228,0.025974025974025976,3,767,126,0.4880992914474599,l1,0.01,liblinear,0.6771051405515837
0.6440949468472404,0.7153937617959883,0.6686046511627907,0.7443946188340808,0.6347021989223824,0.27455021127971263,0.7614678899082569,0.5079365079365079,0.7280701754385965,1.5474992601361348,0.009174311926605505,4,721,172,0.4791006035469232,l1,0.01,liblinear,0.6862336055856654
0.626272471301711,0.6456990265324078,0.5333333333333333,0.5380710659898477,0.547270955165692,0.09422610758267946,0.4649122807017544,0.6296296296296297,0.6385542168674698,1.2552631578947369,0.008771929824561403,5,698,195,0.5538865111579181,l2,0.001,liblinear,0.7050086630685172
