roc_auc,pr_auc,accuracy,f1,balanced_accuracy,matthews_corrcoef,sensitivity,specificity,precision,pos_LR,sensitivity_at_spec100,fold,n_train,n_val,threshold,best_penalty,best_C,best_solver,best_inner_score
0.7101398601398601,0.7508181119832107,0.6702127659574468,0.7102803738317757,0.6659673659673659,0.3289576786867887,0.6909090909090909,0.6410256410256411,0.7307692307692307,1.924675324675325,0.02727272727272727,1,679,188,0.48230515313875166,l2,0.0001,liblinear,0.6698364021756109
0.6370326758904916,0.697855618036283,0.6885245901639344,0.7564102564102564,0.6641153959375921,0.3249940982662416,0.7468354430379747,0.5813953488372093,0.7662337662337663,1.7841068917018286,0.0,2,745,122,0.48269914407977527,l2,0.0001,liblinear,0.6794525536869458
0.6327327327327328,0.7130798303259578,0.6666666666666666,0.7443946188340808,0.6322072072072072,0.26545274717777695,0.7477477477477478,0.5166666666666667,0.7410714285714286,1.5470643056849955,0.018018018018018018,3,696,171,0.4836277501361383,l2,0.0001,liblinear,0.6940240380789658
0.6621210115186018,0.6706917370400485,0.6206896551724138,0.6451612903225806,0.6188269561763537,0.23841268691820694,0.6593406593406593,0.5783132530120482,0.631578947368421,1.563579277864992,0.02197802197802198,4,693,174,0.48181020893828946,l2,0.001,liblinear,0.6643847615960686
0.7264367816091953,0.7520562743513443,0.6886792452830188,0.7272727272727273,0.6853333333333333,0.3666430287231997,0.704,0.6666666666666666,0.7521367521367521,2.1119999999999997,0.024,5,655,212,0.4897919581738291,l2,0.001,liblinear,0.6697480557951792
