accuracy,balanced_accuracy,f1_macro,f1_weighted,mae,adjacent_accuracy,kappa_linear,kappa_quadratic,spearman_r,roc_auc_macro_ovr,roc_auc_weighted_ovr,fold,n_train,n_val,best_penalty,best_C,best_solver,inner_auc_score
0.44921875,0.4004586199708151,0.3238801702242183,0.3667489166498461,0.78515625,0.765625,0.12581971390710478,0.15271992411432345,0.21981932311150737,0.6218040628886401,0.6129820357419283,1,611,256,l2,0.001,lbfgs,0.6455657693062921
0.3515625,0.3895818048422597,0.2878728156615425,0.2647843171068191,0.890625,0.7578125,0.09546243491197615,0.1202749140893471,0.12429472806037288,0.5649636781440176,0.562458985413344,2,739,128,l2,0.001,lbfgs,0.6466640891662392
0.3803680981595092,0.41622110832637144,0.33152794043883155,0.3127154615643955,0.8159509202453987,0.803680981595092,0.1509419183018056,0.1869603747309786,0.22714504812406802,0.611914158721105,0.6132655271445513,3,704,163,l1,0.1,liblinear,0.6298402611738328
0.4260355029585799,0.46848290598290604,0.3512129228344684,0.3230109141240842,0.757396449704142,0.8165680473372781,0.22287685012214398,0.27871872051754343,0.3285554840178682,0.6826662086254133,0.6711268844519835,4,698,169,l1,0.1,liblinear,0.6290527758041817
0.45695364238410596,0.4668756530825496,0.4167487684729064,0.41939125044856945,0.7417218543046358,0.8013245033112583,0.20481474515704368,0.221416152047485,0.3549609525826899,0.6827714128764261,0.6742181740787717,5,716,151,l1,0.1,liblinear,0.6303204411535903
