roc_auc,pr_auc,accuracy,f1,balanced_accuracy,matthews_corrcoef,sensitivity,specificity,precision,pos_LR,sensitivity_at_spec100,fold,n_train,n_val,threshold,best_penalty,best_C,best_solver,best_inner_score
0.652409638554217,0.6790667822652012,0.5956284153005464,0.63,0.5921084337349398,0.18421686746987953,0.63,0.5542168674698795,0.63,1.4132432432432434,0.01,1,684,183,0.49280757550427845,l1,0.1,liblinear,0.6934597926702397
0.6895986895986895,0.6931081938559994,0.5895953757225434,0.5798816568047337,0.6055828555828556,0.21285763090978527,0.494949494949495,0.7162162162162162,0.7,1.7441077441077442,0.0,2,694,173,0.530717547598256,l2,0.001,liblinear,0.6772845034427657
0.7041284403669724,0.7719513297661702,0.6878612716763006,0.7692307692307693,0.6394065366972477,0.3006358339010542,0.8256880733944955,0.453125,0.72,1.5098296199213632,0.045871559633027525,3,694,173,0.4735210957131423,l2,0.001,liblinear,0.6911024905414036
0.6624436936936937,0.7397695260454416,0.6228571428571429,0.6764705882352942,0.6233108108108107,0.2380313857636983,0.6216216216216216,0.625,0.7419354838709677,1.6576576576576576,0.018018018018018018,4,692,175,0.5460435900410147,l2,0.001,liblinear,0.6769531963627704
0.6522961574507966,0.7241126793456127,0.6257668711656442,0.6737967914438503,0.6201968134957826,0.2373001977599856,0.6494845360824743,0.5909090909090909,0.7,1.5876288659793816,0.08247422680412371,5,704,163,0.48310418983855913,l1,0.01,liblinear,0.665344506795938
