roc_auc,pr_auc,accuracy,f1,balanced_accuracy,matthews_corrcoef,sensitivity,specificity,precision,pos_LR,sensitivity_at_spec100,fold,n_train,n_val,threshold,best_penalty,best_C,best_solver,best_inner_score
0.7573994434606628,0.773839799009141,0.6054054054054054,0.6096256684491979,0.6519731849228434,0.30207989789134126,0.4830508474576271,0.8208955223880597,0.8260869565217391,2.697033898305085,0.0,1,646,185,0.5347568838132721,l2,0.0001,liblinear,0.6955229621323478
0.7139216310927047,0.787025364867636,0.6637931034482759,0.7194244604316546,0.6564192417967505,0.30511169881567524,0.684931506849315,0.627906976744186,0.7575757575757576,1.840753424657534,0.0273972602739726,2,715,116,0.4833443971131969,l2,0.0001,liblinear,0.7070502058357141
0.6733303847854931,0.6955562513583432,0.6214953271028038,0.6367713004484304,0.6246351172047766,0.24779508801405187,0.5966386554621849,0.6526315789473685,0.6826923076923077,1.7175961293608353,0.025210084033613446,3,617,214,0.4908147267554605,l2,0.0001,liblinear,0.709151725868782
0.6745614035087719,0.7239889431011809,0.6580645161290323,0.7225130890052356,0.6381578947368421,0.27719252078142953,0.7263157894736842,0.55,0.71875,1.6140350877192984,0.021052631578947368,4,676,155,0.5416832406060605,l2,0.001,lbfgs,0.709965086718422
0.7487781036168133,0.7902861645640061,0.6894409937888198,0.7474747474747475,0.6721244705115673,0.3442489410231346,0.7474747474747475,0.5967741935483871,0.7474747474747475,1.853737373737374,0.050505050505050504,5,670,161,0.5025848843149853,l2,0.0001,liblinear,0.6644163741301358
