accuracy,balanced_accuracy,f1_macro,f1_weighted,mae,adjacent_accuracy,kappa_linear,kappa_quadratic,spearman_r,roc_auc_macro_ovr,roc_auc_weighted_ovr,fold,n_train,n_val,best_penalty,best_C,best_solver,inner_auc_score
0.47244094488188976,0.4722939994257824,0.3916117698726394,0.4061062525287105,0.7244094488188977,0.8031496062992126,0.2608805668016194,0.3072372464658881,0.38743212017811374,0.6444064287513676,0.6438603979756026,1,740,127,l2,0.01,liblinear,0.6371720043566392
0.38860103626943004,0.3978544333807492,0.30613166675884446,0.3065275059010503,0.8186528497409327,0.7927461139896373,0.13315140144408433,0.16255241567912482,0.26566922553650885,0.6234102711862377,0.6263852294963305,2,674,193,l2,0.01,liblinear,0.6355394508677726
0.3546511627906977,0.386366374506792,0.29660378411564436,0.27827059355953576,0.9011627906976745,0.7441860465116279,0.0912189800927189,0.10958670643374524,0.16506587302407744,0.6068099009097586,0.6067007846804359,3,695,172,l2,0.01,liblinear,0.6539484758805238
0.4976958525345622,0.4429990649836372,0.3723178702375259,0.44507842476093507,0.7096774193548387,0.7926267281105991,0.2208803506481396,0.262274981887087,0.3757533842891628,0.6672563921089688,0.6691249328176218,4,650,217,l2,0.01,liblinear,0.6404381381830022
0.3924050632911392,0.4832514332514332,0.35126409505754097,0.2909053035132504,0.7531645569620253,0.8544303797468354,0.23724137931034472,0.306243014529778,0.3667450881824119,0.7001068150098034,0.6922910620791412,5,709,158,l2,0.01,liblinear,0.6310282484535287
