accuracy,balanced_accuracy,f1_macro,f1_weighted,mae,adjacent_accuracy,kappa_linear,kappa_quadratic,spearman_r,roc_auc_macro_ovr,roc_auc_weighted_ovr,fold,n_train,n_val,best_penalty,best_C,best_solver,inner_auc_score
0.47265625,0.4454790416850037,0.4412125546510877,0.48213132851056517,0.69921875,0.828125,0.20013964042590326,0.21503054802701094,0.29189104780891467,0.6348838764702491,0.6451414266364441,1,611,256,l2,0.1,lbfgs,0.6332494166679636
0.421875,0.45062268374814235,0.4218712772465308,0.4223389355742297,0.765625,0.8125,0.1681697612732096,0.17804363124560174,0.21670880315512867,0.6150072033749036,0.6084162624047492,2,739,128,l2,0.1,lbfgs,0.6341576887166276
0.48466257668711654,0.4920495683653578,0.4809439337741224,0.4894156196853269,0.6257668711656442,0.8895705521472392,0.26021180030257174,0.3005162012562971,0.37365717469144,0.6593916403902331,0.6570966631534684,3,704,163,l2,1.0,lbfgs,0.6221460214877572
0.47337278106508873,0.4966613247863248,0.47100909842845323,0.4687249475090666,0.6627218934911243,0.863905325443787,0.2658443875572104,0.3114847094012686,0.29508069881572646,0.6390476725684904,0.6291234990091772,4,698,169,l2,1.0,lbfgs,0.6365052215852461
0.46357615894039733,0.4832462556600488,0.45756267405751944,0.4592469272608551,0.6688741721854304,0.8675496688741722,0.255504027337076,0.30978701332382397,0.34656884003939237,0.664003626341252,0.6515522853224126,5,716,151,l2,0.1,lbfgs,0.6354729801135326
