n_pairs,pairwise_accuracy,both_correct_rate,mean_delta,median_delta,std_delta,n_positive_delta,per_drug_accuracy,per_drug_roc_auc,per_drug_pr_auc,n_train,n_test,best_penalty,best_C,best_solver,inner_cv_score,threshold,seed
13,0.38461538461538464,0.6153846153846154,-0.008183702679557694,-0.0056837509574397815,0.03980412163753013,5,0.8461538461538461,0.6704545454545455,0.8630575910392262,867,26,l2,0.001,lbfgs,0.668841083940852,0.4895182659427106,2
