roc_auc,pr_auc,accuracy,f1,balanced_accuracy,matthews_corrcoef,sensitivity,specificity,precision,pos_LR,sensitivity_at_spec100,fold,n_train,n_val,threshold,best_penalty,best_C,best_solver,best_inner_score
0.6668552036199095,0.6886817779120913,0.6190476190476191,0.625,0.6237556561085973,0.2468420600354054,0.5769230769230769,0.6705882352941176,0.6818181818181818,1.751373626373626,0.009615384615384616,1,678,189,0.5328292117125514,l2,0.01,liblinear,0.6787718210198734
0.6211428571428571,0.7182581170831208,0.5916666666666667,0.6474820143884892,0.5814285714285714,0.16241689367524045,0.6428571428571429,0.52,0.6521739130434783,1.3392857142857144,0.04285714285714286,2,747,120,0.5161124040869535,l2,0.01,liblinear,0.6924254134897432
0.7070781893004116,0.7233732736114318,0.6222222222222222,0.6502057613168725,0.6314814814814815,0.25785639990390863,0.5851851851851851,0.6777777777777778,0.7314814814814815,1.8160919540229885,0.014814814814814815,3,642,225,0.4920246977945654,l2,0.01,liblinear,0.6519557152510624
0.6630667892156863,0.7188404343043209,0.6566265060240963,0.7373271889400922,0.618719362745098,0.2504999347459485,0.7843137254901961,0.453125,0.6956521739130435,1.4341736694677871,0.00980392156862745,4,701,166,0.4862605501608232,l1,0.1,liblinear,0.6629266162648527
0.6542242703533027,0.7239121226478841,0.6407185628742516,0.7247706422018348,0.6019969278033794,0.2107033686919465,0.7523809523809524,0.45161290322580644,0.6991150442477876,1.3719887955182073,0.0,5,700,167,0.47505445108699873,l2,0.001,liblinear,0.6652967154706984
