roc_auc,pr_auc,accuracy,f1,balanced_accuracy,matthews_corrcoef,sensitivity,specificity,precision,pos_LR,sensitivity_at_spec100,fold,n_train,n_val,threshold,best_penalty,best_C,best_solver,best_inner_score
0.6590653153153153,0.7238568403380191,0.6721311475409836,0.7435897435897436,0.6418918918918919,0.29531610495492483,0.7837837837837838,0.5,0.7073170731707317,1.5675675675675675,0.05405405405405406,1,745,122,0.48541653327839884,l2,0.001,liblinear,0.6676232046249349
0.7025,0.8014965224019808,0.632,0.6714285714285714,0.6493055555555556,0.2868962755674478,0.5875,0.7111111111111111,0.7833333333333333,2.0336538461538463,0.0375,2,742,125,0.5407791006074012,l2,0.01,liblinear,0.6689069006257349
0.6795159121470192,0.7027073479000406,0.6595744680851063,0.7163120567375887,0.6442925444494247,0.2916737569018183,0.7318840579710145,0.5567010309278351,0.7013888888888888,1.6509942703067073,0.007246376811594203,3,632,235,0.48131944387293896,l2,0.001,liblinear,0.6489854600307955
0.5879960089032159,0.6067663440576132,0.5478260869565217,0.5873015873015873,0.5442474480006141,0.08804999196899098,0.5736434108527132,0.5148514851485149,0.6016260162601627,1.1824078468596741,0.0,4,637,230,0.5250916139499359,l2,0.01,liblinear,0.7064207101249482
0.7371929824561403,0.7693050506270076,0.7225806451612903,0.7839195979899497,0.6938596491228071,0.4019324664696038,0.8210526315789474,0.5666666666666667,0.75,1.894736842105263,0.0,5,712,155,0.48566770338785703,l2,0.001,liblinear,0.6536944980946047
