roc_auc,pr_auc,accuracy,f1,balanced_accuracy,matthews_corrcoef,sensitivity,specificity,precision,pos_LR,sensitivity_at_spec100,fold,n_train,n_val,threshold,best_penalty,best_C,best_solver,best_inner_score
0.680058651026393,0.8073145288543081,0.6033519553072626,0.6602870813397129,0.6327712609970675,0.24533125095427769,0.5564516129032258,0.7090909090909091,0.8117647058823529,1.9128024193548385,0.008064516129032258,1,714,179,0.5132249970547138,l1,0.1,liblinear,0.6592809510178288
0.6552713559599934,0.6464438765696623,0.6289592760180995,0.6203703703703703,0.6303082472536481,0.26125983415440485,0.5877192982456141,0.6728971962616822,0.6568627450980392,1.7967418546365914,0.0,2,672,221,0.5286199619294379,l2,0.01,lbfgs,0.6399973134006137
0.6456400742115028,0.7452692774884321,0.5634920634920635,0.5736434108527132,0.5871985157699443,0.17268911321079225,0.4805194805194805,0.6938775510204082,0.7115384615384616,1.5696969696969696,0.07792207792207792,3,767,126,0.5280376309512261,l2,0.01,liblinear,0.6346668021906743
0.6505752147953981,0.7224443254410639,0.6511627906976745,0.7297297297297297,0.617591379059269,0.23868425722171863,0.7431192660550459,0.49206349206349204,0.7168141592920354,1.4630160550458715,0.009174311926605505,4,721,172,0.47451375936709866,l1,0.1,liblinear,0.655151534346938
0.6642841672081439,0.7206041043552542,0.6461538461538462,0.7160493827160493,0.6223196881091618,0.2547736288066442,0.7631578947368421,0.48148148148148145,0.6744186046511628,1.4718045112781952,0.017543859649122806,5,698,195,0.4752088465211298,l1,0.1,liblinear,0.6695075780675116
