roc_auc,pr_auc,accuracy,f1,balanced_accuracy,matthews_corrcoef,sensitivity,specificity,precision,pos_LR,sensitivity_at_spec100,fold,n_train,n_val,threshold,best_penalty,best_C,best_solver,best_inner_score
0.6674772036474164,0.7135755638956619,0.6324786324786325,0.6993006993006993,0.6124620060790273,0.22763865056145396,0.7142857142857143,0.5106382978723404,0.684931506849315,1.4596273291925466,0.02857142857142857,1,714,117,0.4991811312264025,l2,0.01,lbfgs,0.7104569106431459
0.7189542483660131,0.7509447709280141,0.6988636363636364,0.7464114832535885,0.6919934640522876,0.3780867480837628,0.7222222222222222,0.6617647058823529,0.7722772277227723,2.1352657004830915,0.009259259259259259,2,655,176,0.46652887325990383,l2,0.001,lbfgs,0.6893488312744636
0.7686868686868686,0.823809245515208,0.7116564417177914,0.7729468599033816,0.6976430976430976,0.3827342128322818,0.7407407407407407,0.6545454545454545,0.8080808080808081,2.144249512670565,0.0,3,668,163,0.5203398717671364,l2,0.001,lbfgs,0.6619412533454139
0.719532279314888,0.734832781572516,0.6835443037974683,0.7282608695652174,0.6747364953886693,0.3494729907773386,0.7282608695652174,0.6212121212121212,0.7282608695652174,1.922608695652174,0.0,4,673,158,0.5140199248089674,l2,0.001,lbfgs,0.6823214608101249
0.6806209663352522,0.6896790492798066,0.6451612903225806,0.6751054852320675,0.647130647130647,0.2904856529513873,0.6349206349206349,0.6593406593406593,0.7207207207207207,1.8637992831541217,0.0,5,614,217,0.5715861696865672,l2,0.001,liblinear,0.7401626233391749
