accuracy,balanced_accuracy,f1_macro,f1_weighted,mae,adjacent_accuracy,kappa_linear,kappa_quadratic,spearman_r,roc_auc_macro_ovr,roc_auc_weighted_ovr,fold,n_train,n_val,best_penalty,best_C,best_solver,inner_auc_score
0.3858267716535433,0.38641975308641974,0.3051976346093993,0.3179161428350868,0.8740157480314961,0.7401574803149606,0.11467688249701702,0.1453826559708018,0.257673995228628,0.5728723782698334,0.5681223807622834,1,740,127,l2,0.01,lbfgs,0.6491725084879023
0.41968911917098445,0.4422238027501186,0.3486584481508339,0.3407294966065119,0.7668393782383419,0.8134715025906736,0.18065515460960369,0.21591076968533018,0.35436597700987044,0.6382859705752114,0.6311509637086234,2,674,193,l2,0.01,lbfgs,0.642578030300996
0.38953488372093026,0.4120809614168248,0.33833023306707516,0.32680029620054096,0.8372093023255814,0.7732558139534884,0.13808463251670366,0.16189640035118535,0.2287600434357179,0.6127482534859195,0.6086995852984225,3,695,172,l2,0.01,lbfgs,0.6447407980142968
0.5207373271889401,0.48514492753623184,0.38246994535519124,0.44376218176323945,0.6728110599078341,0.8064516129032258,0.26515748944658335,0.31417814054469995,0.3953239742758282,0.6867791982650929,0.6802376083680972,4,650,217,l2,0.0001,liblinear,0.609281122431975
0.35443037974683544,0.4385544635544636,0.32091517045645485,0.265427801788271,0.8291139240506329,0.8164556962025317,0.16114128232147196,0.2063466751714239,0.35275481233894124,0.6631080263941549,0.6501685182705745,5,709,158,l2,0.01,lbfgs,0.6415003758489346
