accuracy,balanced_accuracy,f1_macro,f1_weighted,mae,adjacent_accuracy,kappa_linear,kappa_quadratic,spearman_r,roc_auc_macro_ovr,roc_auc_weighted_ovr,fold,n_train,n_val,best_penalty,best_C,best_solver,inner_auc_score
0.5045871559633027,0.5192080378250591,0.3976872800402212,0.4116401677114036,0.6422018348623854,0.8532110091743119,0.3565525383707202,0.4320016348217023,0.41755449905696157,0.7219413184596114,0.728261671766231,1,758,109,l2,0.001,lbfgs,0.628306213078269
0.34710743801652894,0.41473071817899404,0.31124247400109467,0.26901817096174463,0.859504132231405,0.7933884297520661,0.1268387454898695,0.15820383086375134,0.28150533521353743,0.6638338916313565,0.6584375918727338,2,746,121,l2,0.01,lbfgs,0.6389278818895268
0.43209876543209874,0.4799375487900078,0.35266175266175265,0.3283434950101617,0.7283950617283951,0.8395061728395061,0.26284127718648775,0.3310988050131157,0.3460563289551689,0.6739272146129615,0.6714045096730437,3,705,162,l2,0.001,lbfgs,0.6365337279109381
0.3832599118942731,0.36964285714285716,0.30442881012574463,0.3299701776135655,0.8678414096916299,0.748898678414097,0.05670048726981247,0.07171503333289497,0.18070807004035552,0.6214376512678621,0.6112528531113269,4,640,227,l2,0.01,lbfgs,0.665300736402853
0.4475806451612903,0.44297967932386456,0.365287566417909,0.3702452078091599,0.7459677419354839,0.8064516129032258,0.21338682577238277,0.2611848522115263,0.2908435725082817,0.6595759826115327,0.6549710133829517,5,619,248,l2,0.01,lbfgs,0.641532027014699
