roc_auc,pr_auc,accuracy,f1,balanced_accuracy,matthews_corrcoef,sensitivity,specificity,precision,pos_LR,sensitivity_at_spec100,fold,n_train,n_val,threshold,best_penalty,best_C,best_solver,best_inner_score
0.6879518072289157,0.7030088948118269,0.639344262295082,0.6886792452830188,0.6300602409638554,0.2657513078159282,0.73,0.5301204819277109,0.6517857142857143,1.5535897435897437,0.0,1,684,183,0.43789136854426786,l2,0.001,liblinear,0.6771298010615359
0.7111657111657111,0.7122102019572794,0.6705202312138728,0.7076923076923077,0.666052416052416,0.33061889699091823,0.696969696969697,0.6351351351351351,0.71875,1.9102132435465768,0.0,2,694,173,0.47585051042879023,l2,0.0001,liblinear,0.6573735458091206
0.7075688073394495,0.7485934936595744,0.6589595375722543,0.714975845410628,0.6519495412844036,0.2960662857950434,0.6788990825688074,0.625,0.7551020408163265,1.8103975535168197,0.009174311926605505,3,694,173,0.5093642486289879,l2,0.0001,liblinear,0.6728477659622921
0.6593468468468469,0.7272066884155961,0.68,0.7543859649122807,0.6451998873873874,0.29712611462639854,0.7747747747747747,0.515625,0.7350427350427351,1.5995350188898576,0.04504504504504504,4,692,175,0.49065386367837094,l2,0.0001,liblinear,0.6793664770798638
0.6783817557013434,0.738888266451802,0.6441717791411042,0.7128712871287128,0.6211340206185567,0.24839641101417503,0.7422680412371134,0.5,0.6857142857142857,1.4845360824742269,0.010309278350515464,5,704,163,0.4677549028590038,l2,0.0001,liblinear,0.6568122701635348
