roc_auc,pr_auc,accuracy,f1,balanced_accuracy,matthews_corrcoef,sensitivity,specificity,precision,pos_LR,sensitivity_at_spec100,fold,n_train,n_val,threshold,best_penalty,best_C,best_solver,best_inner_score
0.6034939759036144,0.6304988293489606,0.6120218579234973,0.6467661691542289,0.608132530120482,0.21649994663640912,0.65,0.5662650602409639,0.6435643564356436,1.4986111111111113,0.0,1,684,183,0.5003738043186472,l1,0.1,liblinear,0.6508181781091426
0.6235326235326235,0.6821872679987717,0.5433526011560693,0.4968152866242038,0.5685913185913185,0.14377046839143223,0.3939393939393939,0.7432432432432432,0.6724137931034483,1.534290271132376,0.04040404040404041,2,694,173,0.5293143146018023,l1,0.1,liblinear,0.6577586187724166
0.6930905963302753,0.7822363463144255,0.6589595375722543,0.7121951219512195,0.6551748853211009,0.3014905372080916,0.6697247706422018,0.640625,0.7604166666666666,1.8635819704826486,0.06422018348623854,3,694,173,0.5398555578408964,l1,0.1,liblinear,0.6238243409122569
0.6455518018018017,0.7443771468627369,0.6057142857142858,0.676056338028169,0.5899493243243243,0.17571865139981033,0.6486486486486487,0.53125,0.7058823529411765,1.3837837837837839,0.018018018018018018,4,692,175,0.4999707739834347,l2,0.01,lbfgs,0.6621467062645572
0.6860356138706654,0.6916079938582229,0.7055214723926381,0.7623762376237624,0.6847860043736332,0.37892063730466674,0.7938144329896907,0.5757575757575758,0.7333333333333333,1.8711340206185567,0.0,5,704,163,0.4661135118999851,l1,0.1,liblinear,0.6460635248220299
