roc_auc,pr_auc,accuracy,f1,balanced_accuracy,matthews_corrcoef,sensitivity,specificity,precision,pos_LR,sensitivity_at_spec100,fold,n_train,n_val,threshold,best_penalty,best_C,best_solver,best_inner_score
0.6116504854368933,0.6380158714154203,0.6079545454545454,0.684931506849315,0.5832557520946935,0.173069152366141,0.7281553398058253,0.4383561643835616,0.646551724137931,1.2964717025811034,0.0,1,655,176,0.4573545270708084,l2,0.001,liblinear,0.6784888951624536
0.6840219727728684,0.7352248080986391,0.6439393939393939,0.7116564417177914,0.6218055887270122,0.2482495269476627,0.7341772151898734,0.5094339622641509,0.6904761904761905,1.4965920155793575,0.0,2,699,132,0.4828198554390654,l2,0.001,lbfgs,0.6436879676940573
0.64794921875,0.690284985410947,0.6205357142857143,0.6718146718146718,0.6106770833333333,0.2223059980530509,0.6796875,0.5416666666666666,0.6641221374045801,1.4829545454545454,0.0078125,3,607,224,0.5135224449616262,l2,0.01,lbfgs,0.6852163718770492
0.7081290849673203,0.8405048088328517,0.66,0.7384615384615385,0.6341911764705883,0.2579263774393138,0.7058823529411765,0.5625,0.7741935483870968,1.6134453781512605,0.14705882352941177,4,681,150,0.4722343497694922,l2,0.001,liblinear,0.637956146290263
0.6758199847444699,0.7166725134917449,0.6644295302013423,0.7368421052631579,0.6348207475209764,0.27619762643694823,0.7608695652173914,0.5087719298245614,0.7142857142857143,1.548913043478261,0.0,5,682,149,0.4806112322867309,l2,0.01,liblinear,0.6480216910498381
