roc_auc,pr_auc,accuracy,f1,balanced_accuracy,matthews_corrcoef,sensitivity,specificity,precision,pos_LR,sensitivity_at_spec100,fold,n_train,n_val,threshold,best_penalty,best_C,best_solver,best_inner_score
0.643909090909091,0.6116144382732033,0.6,0.625,0.6045454545454545,0.2123593685196789,0.7,0.509090909090909,0.5645161290322581,1.4259259259259256,0.04,1,683,210,0.5053863072530541,l1,0.1,liblinear,0.6875319714412675
0.695774841728599,0.807966020611004,0.669260700389105,0.7416413373860182,0.6502202036884117,0.2885347003936482,0.7052023121387283,0.5952380952380952,0.782051282051282,1.7422645358721522,0.03468208092485549,2,636,257,0.4751265630650676,l2,0.0001,liblinear,0.687518828892282
0.674074074074074,0.7510109521243311,0.6666666666666666,0.7402597402597403,0.6355555555555555,0.27674432984632064,0.76,0.5111111111111111,0.7215189873417721,1.5545454545454545,0.04,3,773,120,0.49663852208148407,l2,0.0001,liblinear,0.6861611631021822
0.7073804573804574,0.7398072624246341,0.6460674157303371,0.6865671641791045,0.64254158004158,0.2821471820808658,0.6634615384615384,0.6216216216216216,0.711340206185567,1.7534340659340657,0.0,4,715,178,0.5186677473424631,l2,0.001,liblinear,0.6657902861836981
0.6686046511627908,0.7999058970824475,0.6796875,0.7602339181286549,0.6398117386489479,0.2779737668688735,0.7558139534883721,0.5238095238095238,0.7647058823529411,1.5872093023255816,0.09302325581395349,5,765,128,0.5178136127189803,l2,0.0001,liblinear,0.6753721057405903
