accuracy,balanced_accuracy,f1_macro,f1_weighted,mae,adjacent_accuracy,kappa_linear,kappa_quadratic,spearman_r,roc_auc_macro_ovr,roc_auc_weighted_ovr,fold,n_train,n_val,best_penalty,best_C,best_solver,inner_auc_score
0.47706422018348627,0.48746422794575084,0.4716447309517415,0.47996806363616196,0.6330275229357798,0.8899082568807339,0.2840552118039029,0.35486539807802453,0.3891777335822731,0.689170048370741,0.6866580539238775,1,758,109,l2,0.0001,lbfgs,0.6433384026627711
0.4132231404958678,0.44303990510887065,0.41591856333429367,0.40682262238952743,0.7024793388429752,0.8842975206611571,0.19717430333307306,0.26461571559188946,0.2610823133796518,0.6360180613076892,0.6240202186123853,2,746,121,l2,0.001,lbfgs,0.6698880539616295
0.4691358024691358,0.4629432498284957,0.45928988552490296,0.47284489971469545,0.6419753086419753,0.8888888888888888,0.2228782287822878,0.2609489051094891,0.3128692469923642,0.6261245971421489,0.6179967317324471,3,705,162,l2,0.001,lbfgs,0.662005551385074
0.5066079295154186,0.49682539682539684,0.4823825666679363,0.5144047286982695,0.6696035242290749,0.8237885462555066,0.23700853566848,0.2315414696783985,0.34193246346219014,0.6746105213611068,0.6699061392878516,4,640,227,l2,0.0001,lbfgs,0.6662980571482074
0.4959677419354839,0.5192413309127523,0.4918586022176831,0.48977330514779793,0.6330645161290323,0.8709677419354839,0.30878750221906615,0.36385161799526444,0.4045359249462112,0.692670429898139,0.6877460919403603,5,619,248,l2,0.0001,lbfgs,0.6512619095774659
