accuracy,balanced_accuracy,f1_macro,f1_weighted,mae,adjacent_accuracy,kappa_linear,kappa_quadratic,spearman_r,roc_auc_macro_ovr,roc_auc_weighted_ovr,fold,n_train,n_val,best_penalty,best_C,best_solver,inner_auc_score
0.48623853211009177,0.49799365434863757,0.47465437788018433,0.48044645499513794,0.6697247706422018,0.8440366972477065,0.2596073322787754,0.29430628668239855,0.3321952774817497,0.6535046461708792,0.6497371184613382,1,758,109,l2,0.01,lbfgs,0.6350140208852325
0.49586776859504134,0.5135869411731481,0.49152896211719743,0.4910071161894205,0.5950413223140496,0.9090909090909091,0.2849638870650032,0.3385671086299139,0.44783415685853056,0.6781339333949393,0.656347754533166,2,746,121,l2,0.01,lbfgs,0.6386670218279195
0.4444444444444444,0.44555863080453245,0.4389234913466284,0.4531443304917144,0.6728395061728395,0.8827160493827161,0.20502431118314424,0.24929071306979367,0.3301092699079872,0.6504682273597872,0.6455990982683133,3,705,162,l2,0.001,lbfgs,0.6289598242094674
0.4713656387665198,0.4531746031746032,0.444677780649608,0.47074651898121633,0.6607929515418502,0.8678414096916299,0.2064786762992309,0.24618109364622542,0.29256321357505266,0.6353389731317131,0.6284130805027544,4,640,227,l2,0.01,lbfgs,0.6453620711563108
0.5,0.4938614624174282,0.4826046059639571,0.49182245173829353,0.6612903225806451,0.8387096774193549,0.25808099233856263,0.2790010485177771,0.2927076712233647,0.6506423448215052,0.6498531334576841,5,619,248,l2,0.001,lbfgs,0.621914521441415
