roc_auc,pr_auc,accuracy,f1,balanced_accuracy,matthews_corrcoef,sensitivity,specificity,precision,pos_LR,sensitivity_at_spec100,fold,n_train,n_val,threshold,best_penalty,best_C,best_solver,best_inner_score
0.596,0.7057756203193989,0.6230769230769231,0.6918238993710691,0.60375,0.20675187796473796,0.6875,0.52,0.6962025316455697,1.4322916666666667,0.05,1,737,130,0.4627239034341779,l2,0.01,liblinear,0.6619608024979419
0.6447574334898278,0.7190432879875572,0.6896551724137931,0.7464788732394366,0.6732394366197183,0.3464788732394366,0.7464788732394366,0.6,0.7464788732394366,1.8661971830985915,0.04225352112676056,2,751,116,0.4737143772406554,l1,0.1,liblinear,0.6408423444523259
0.6103921568627451,0.6270084882364152,0.5979020979020979,0.6417445482866043,0.5933333333333333,0.1901230972318343,0.6866666666666666,0.5,0.6023391812865497,1.3733333333333333,0.02,3,581,286,0.42329969019035635,l2,0.01,liblinear,0.6658430511458742
0.7008361204013378,0.845130690777981,0.7065868263473054,0.7949790794979079,0.6341973244147157,0.2842361908433782,0.8260869565217391,0.4423076923076923,0.7661290322580645,1.4812593703148424,0.08695652173913043,4,700,167,0.4397190196318199,l1,0.1,liblinear,0.6070456882301194
0.644264705882353,0.6930606913420625,0.6190476190476191,0.6831683168316832,0.6023529411764705,0.20573715277070928,0.69,0.5147058823529411,0.6764705882352942,1.4218181818181816,0.01,5,699,168,0.47221508012936003,l1,0.1,liblinear,0.646955812163031
