roc_auc,pr_auc,accuracy,f1,balanced_accuracy,matthews_corrcoef,sensitivity,specificity,precision,pos_LR,sensitivity_at_spec100,fold,n_train,n_val,threshold,best_penalty,best_C,best_solver,best_inner_score
0.6350649350649351,0.7418936293678762,0.6230366492146597,0.6869565217391305,0.6121605667060213,0.21836936973456839,0.6528925619834711,0.5714285714285714,0.7247706422018348,1.5234159779614325,0.01652892561983471,1,702,191,0.4977874208418081,l2,0.01,lbfgs,0.6629900223939
0.691707782906255,0.789080959183525,0.6341463414634146,0.6666666666666666,0.6519178736272482,0.2942506356136105,0.5825242718446602,0.7213114754098361,0.7792207792207793,2.0902341519131924,0.0970873786407767,2,729,164,0.5118163180156042,l1,0.1,liblinear,0.6427594773199408
0.5704450454880747,0.6165413781221725,0.569060773480663,0.5617977528089888,0.5743791492500614,0.14925455910625834,0.5102040816326531,0.6385542168674698,0.625,1.41156462585034,0.01020408163265306,3,712,181,0.518961781138919,l2,0.01,lbfgs,0.6582109972980252
0.6304062909567497,0.747482298381628,0.6395348837209303,0.7232142857142857,0.601718363186253,0.20822196202117293,0.7431192660550459,0.4603174603174603,0.7043478260869566,1.3769562871019965,0.05504587155963303,4,721,172,0.4454713766250694,l2,0.01,lbfgs,0.6630804911717945
0.6999760364246346,0.7349784197291224,0.6810810810810811,0.7177033492822966,0.677390366642703,0.35225736745228464,0.7009345794392523,0.6538461538461539,0.7352941176470589,2.0249221183800623,0.018691588785046728,5,708,185,0.4863934977469869,l2,0.001,lbfgs,0.6267418959266824
