accuracy,balanced_accuracy,f1_macro,f1_weighted,mae,adjacent_accuracy,kappa_linear,kappa_quadratic,spearman_r,roc_auc_macro_ovr,roc_auc_weighted_ovr,fold,n_train,n_val,best_penalty,best_C,best_solver,inner_auc_score
0.46788990825688076,0.49083924349881797,0.37166666666666665,0.38055045871559634,0.7155963302752294,0.8165137614678899,0.28853556485355647,0.3490231804838546,0.4087349571659748,0.6475463239146949,0.6471325524653588,1,758,109,l2,0.1,lbfgs,0.612907932105062
0.4049586776859504,0.5010872941907425,0.35053122372544526,0.2891784998891376,0.7355371900826446,0.859504132231405,0.27123232049807133,0.35005895453949964,0.4209678975866881,0.6905447084471209,0.6680024670502573,2,746,121,l2,0.1,liblinear,0.6064652856054386
0.35185185185185186,0.38736072670498894,0.30753968253968256,0.29552469135802467,0.8888888888888888,0.7592592592592593,0.09567374786788663,0.11679764243614932,0.1927256668511552,0.576608314834646,0.5744432587943834,3,705,162,l1,1.0,liblinear,0.6265465455590448
0.44493392070484583,0.4287698412698413,0.3918721120190985,0.42373779005568524,0.7533039647577092,0.801762114537445,0.16470486970368625,0.18809696737149362,0.30056398813944785,0.6128509175786694,0.6017856560294841,4,640,227,l2,1.0,lbfgs,0.6301640310186002
0.3588709677419355,0.3900542596632544,0.2908496732026144,0.2872786211258697,0.9274193548387096,0.7137096774193549,0.09843838907504587,0.11895484758193908,0.2261832004907818,0.6228939105080711,0.6208443435617974,5,619,248,l2,0.1,lbfgs,0.6152551438215358
