accuracy,balanced_accuracy,f1_macro,f1_weighted,mae,adjacent_accuracy,kappa_linear,kappa_quadratic,spearman_r,roc_auc_macro_ovr,roc_auc_weighted_ovr,fold,n_train,n_val,best_penalty,best_C,best_solver,inner_auc_score
0.3949579831932773,0.45438271604938274,0.38020692757534863,0.36064822690209686,0.7983193277310925,0.8067226890756303,0.16488143606412065,0.18258878550202162,0.24635850014242464,0.6080382266152983,0.5902927066121567,1,748,119,l1,0.1,liblinear,0.6387101949055115
0.37404580152671757,0.44182371301015366,0.35061058344640433,0.318833314344309,0.8320610687022901,0.7938931297709924,0.1538370370370371,0.17610062893081757,0.24651902010104254,0.6726239004899917,0.6697967161197923,2,736,131,l2,0.001,liblinear,0.6472133288459393
0.4411764705882353,0.46144393241167436,0.40646360646360646,0.3999591187826481,0.7764705882352941,0.7823529411764706,0.20588859791917347,0.2273068267066768,0.25110999459090594,0.6194714874312703,0.614251334677173,3,697,170,l2,0.001,liblinear,0.6586660399289515
0.4723404255319149,0.45038069042493817,0.3688299248952225,0.40998439245980145,0.7361702127659574,0.7914893617021277,0.22775192325956883,0.271880180643686,0.33564536484301444,0.619602231090873,0.6215984555677703,4,632,235,l2,0.001,liblinear,0.6487104487322879
0.5047169811320755,0.4797831034944437,0.4326425769724738,0.4636984511522539,0.6462264150943396,0.8490566037735849,0.2604776697051485,0.30217476745709426,0.37887470390487854,0.6615461936157665,0.6644506887017707,5,655,212,l1,0.1,liblinear,0.6338628239722239
