accuracy,balanced_accuracy,f1_macro,f1_weighted,mae,adjacent_accuracy,kappa_linear,kappa_quadratic,spearman_r,roc_auc_macro_ovr,roc_auc_weighted_ovr,fold,n_train,n_val,best_penalty,best_C,best_solver,inner_auc_score
0.3984375,0.3911298728371899,0.30290898185635023,0.3360575165879442,0.88671875,0.71484375,0.09564567835911486,0.1140471330488031,0.2442763812799578,0.6083808547038597,0.6038245890461449,1,611,256,l2,0.0001,lbfgs,0.6341396974326658
0.34375,0.38484583403879075,0.30889510199855025,0.289351312519416,0.90625,0.75,0.06990729140566276,0.08309455587392545,0.19103385428759775,0.5841467559349404,0.5714310271944593,2,739,128,l2,0.001,liblinear,0.6371198829215537
0.3987730061349693,0.46431356168198273,0.345091409838761,0.31226413208899334,0.7668711656441718,0.8343558282208589,0.23674845476681028,0.3038343155734772,0.34672944760835356,0.6333961089190233,0.618582215364068,3,704,163,l2,0.0001,liblinear,0.6201989408656529
0.42011834319526625,0.4766292735042735,0.3471928588207658,0.32105282910291855,0.7692307692307693,0.8106508875739645,0.2381051463448467,0.2951975579345629,0.32624123721556436,0.6502623755797766,0.6346776937659915,4,698,169,l2,0.0001,liblinear,0.6296781325453565
0.4503311258278146,0.5186868686868688,0.37222222222222223,0.3543046357615894,0.7152317880794702,0.8344370860927153,0.3100939165750064,0.38060127732488713,0.3607244581917889,0.6822015077402419,0.6684179993845103,5,716,151,l2,0.0001,lbfgs,0.6258312072267744
