roc_auc,pr_auc,accuracy,f1,balanced_accuracy,matthews_corrcoef,sensitivity,specificity,precision,pos_LR,sensitivity_at_spec100,fold,n_train,n_val,threshold,best_penalty,best_C,best_solver,best_inner_score
0.6672727272727272,0.6021260929530311,0.6095238095238096,0.6132075471698113,0.6113636363636363,0.22297064625396118,0.65,0.5727272727272728,0.5803571428571429,1.521276595744681,0.02,1,683,210,0.5084224081277622,l2,0.0001,lbfgs,0.6684746111423399
0.650151390035783,0.7707334911284772,0.5992217898832685,0.6578073089700996,0.6135081200110102,0.21297066205663492,0.5722543352601156,0.6547619047619048,0.7734375,1.6575642814430935,0.017341040462427744,2,636,257,0.5145968118581963,l1,0.1,liblinear,0.7018282832466087
0.6260740740740741,0.727307245825412,0.6333333333333333,0.7142857142857143,0.6,0.2041556531653185,0.7333333333333333,0.4666666666666667,0.6962025316455697,1.375,0.09333333333333334,3,773,120,0.4894554027682011,l2,0.001,liblinear,0.6821449114270381
0.6930873180873182,0.7060746719071476,0.6348314606741573,0.656084656084656,0.6426715176715176,0.281545680751036,0.5961538461538461,0.6891891891891891,0.7294117647058823,1.918060200668896,0.0,4,715,178,0.5212720761538944,l2,0.0001,liblinear,0.6680272344222022
0.6777408637873754,0.8105960756137363,0.6484375,0.7368421052631579,0.60437430786268,0.20751704972191148,0.7325581395348837,0.47619047619047616,0.7411764705882353,1.3985200845665962,0.11627906976744186,5,765,128,0.5301335489154082,l1,0.1,liblinear,0.6950675303178733
