roc_auc,pr_auc,accuracy,f1,balanced_accuracy,matthews_corrcoef,sensitivity,specificity,precision,pos_LR,sensitivity_at_spec100,fold,n_train,n_val,threshold,best_penalty,best_C,best_solver,best_inner_score
0.7224167717233974,0.7896331033303728,0.6610738255033557,0.6731391585760518,0.6780828313956203,0.35211972694970795,0.5875706214689266,0.768595041322314,0.7878787878787878,2.539144471347861,0.03954802259887006,1,595,298,0.5193414067814831,l2,0.01,lbfgs,0.6704164246553377
0.7328767123287672,0.7783786931181687,0.6740331491712708,0.7093596059113301,0.6757990867579908,0.34538930848671034,0.6666666666666666,0.684931506849315,0.7578947368421053,2.115942028985507,0.018518518518518517,2,712,181,0.5260994917370808,l2,0.001,lbfgs,0.638375103093501
0.512808988764045,0.6672787267656095,0.5467625899280576,0.6227544910179641,0.5321348314606742,0.062154676269429235,0.5842696629213483,0.48,0.6666666666666666,1.1235955056179774,0.011235955056179775,3,754,139,0.5827484997884375,l2,0.01,lbfgs,0.6991573700124656
0.6985714285714285,0.7530145602400619,0.6888888888888889,0.7522123893805309,0.6649350649350649,0.3359459210793224,0.7727272727272727,0.5571428571428572,0.7327586206896551,1.7448680351906158,0.00909090909090909,4,713,180,0.507297031319918,l2,0.001,lbfgs,0.6525748983866284
0.7199638663053297,0.7126939057649953,0.7263157894736842,0.7719298245614035,0.7122854561878952,0.43594268825661175,0.8148148148148148,0.6097560975609756,0.7333333333333333,2.087962962962963,0.0,5,798,95,0.48105403691157267,l2,0.01,lbfgs,0.6791075455660607
