roc_auc,pr_auc,accuracy,f1,balanced_accuracy,matthews_corrcoef,sensitivity,specificity,precision,pos_LR,sensitivity_at_spec100,fold,n_train,n_val,threshold,best_penalty,best_C,best_solver,best_inner_score
0.6107503607503607,0.689747542620401,0.6296296296296297,0.6875,0.6190476190476191,0.23473214207120932,0.6666666666666666,0.5714285714285714,0.7096774193548387,1.5555555555555554,0.0,1,723,108,0.5104770226579812,l2,0.0001,liblinear,0.704036611175118
0.6591792132102963,0.7108015787850972,0.5989304812834224,0.6411483253588517,0.60569451189898,0.20518008295537607,0.5775862068965517,0.6338028169014085,0.7204301075268817,1.5772546419098146,0.0,2,644,187,0.5082069798183001,l2,0.0001,liblinear,0.6742466231572782
0.6609709358032577,0.6727381842417058,0.6355555555555555,0.6611570247933884,0.6344618332801022,0.26783520473100064,0.6451612903225806,0.6237623762376238,0.6779661016949152,1.7147707979626485,0.0,3,606,225,0.4911215135056515,l2,0.0001,liblinear,0.699993036798142
0.6309523809523809,0.6840405545560424,0.6516129032258065,0.7326732673267327,0.6148088023088023,0.2336127321882149,0.7474747474747475,0.48214285714285715,0.7184466019417476,1.4433995123650298,0.0,4,676,155,0.4796878835148357,l2,0.0001,liblinear,0.691369510440829
0.8201311359206096,0.8442065163453387,0.75,0.7845303867403315,0.762094630515683,0.5054990671378028,0.7171717171717171,0.8070175438596491,0.8658536585365854,3.7162534435261696,0.020202020202020204,5,675,156,0.507007344348086,l2,0.0001,liblinear,0.6344573139433815
