roc_auc,pr_auc,accuracy,f1,balanced_accuracy,matthews_corrcoef,sensitivity,specificity,precision,pos_LR,sensitivity_at_spec100,fold,n_train,n_val,threshold,best_penalty,best_C,best_solver,best_inner_score
0.7122377622377623,0.7563918041682122,0.6382978723404256,0.6633663366336634,0.6442890442890443,0.2844313523794654,0.6090909090909091,0.6794871794871795,0.7282608695652174,1.9003636363636367,0.045454545454545456,1,679,188,0.4869692200893464,l2,0.0001,liblinear,0.6537739910637923
0.6652929055048573,0.7275388757984688,0.6557377049180327,0.7162162162162162,0.6493965263467766,0.2879756642123597,0.6708860759493671,0.627906976744186,0.7681159420289855,1.8030063291139242,0.0,2,745,122,0.5013604335274628,l1,0.01,liblinear,0.6731941896154301
0.6408408408408408,0.7342788229634711,0.6198830409356725,0.6919431279620853,0.6038288288288289,0.2011202921316454,0.6576576576576577,0.55,0.73,1.4614614614614618,0.018018018018018018,3,696,171,0.509235712163795,l2,0.0001,liblinear,0.6945332239444884
0.6361710578578048,0.619929825226812,0.6436781609195402,0.69,0.6381570236991924,0.28529409281646084,0.7582417582417582,0.5180722891566265,0.6330275229357798,1.5733516483516483,0.01098901098901099,4,693,174,0.4917811356565119,l2,0.0001,lbfgs,0.6787122528004864
0.6989425287356322,0.7260654365519588,0.6462264150943396,0.708171206225681,0.628367816091954,0.2605366484314575,0.728,0.5287356321839081,0.6893939393939394,1.544780487804878,0.0,5,655,212,0.4711794339107391,l1,0.01,liblinear,0.6607685100906009
