accuracy,balanced_accuracy,f1_macro,f1_weighted,mae,adjacent_accuracy,kappa_linear,kappa_quadratic,spearman_r,roc_auc_macro_ovr,roc_auc_weighted_ovr,fold,n_train,n_val,best_penalty,best_C,best_solver,inner_auc_score
0.45871559633027525,0.43753888266766205,0.43720901739769663,0.46540412158379957,0.6880733944954128,0.8532110091743119,0.1924330731996443,0.2128636026186137,0.3460054360563307,0.6226612229926022,0.6284721437270455,1,758,109,l2,0.0001,lbfgs,0.6303981397553897
0.4462809917355372,0.45595187664153186,0.4436836281879142,0.44967100072577276,0.6776859504132231,0.8760330578512396,0.1969893169310456,0.2292993630573248,0.3201939147618119,0.6442389955133584,0.6325051759834369,2,746,121,l2,0.0001,lbfgs,0.6474427815410172
0.5,0.4703829867764293,0.4666704073616878,0.4946882130699884,0.6172839506172839,0.8827160493827161,0.24214071856287434,0.262664907651715,0.2841908844677543,0.6240803571967236,0.6285992364638184,3,705,162,l2,0.1,lbfgs,0.6336052292316443
0.47577092511013214,0.44861111111111107,0.4374167751183538,0.4742828042777118,0.6651982378854625,0.8590308370044053,0.2177594194299276,0.2566898673449184,0.32639412292473563,0.6409404930189474,0.6399522741061393,4,640,227,l2,0.0001,lbfgs,0.6375671266718745
0.45161290322580644,0.444149923466923,0.44249294327368255,0.45561207921287694,0.6854838709677419,0.8629032258064516,0.1937581274382315,0.2203318186621579,0.24886159575911387,0.6236530365889457,0.625387548612635,5,619,248,l2,1.0,lbfgs,0.6245883485317819
