roc_auc,pr_auc,accuracy,f1,balanced_accuracy,matthews_corrcoef,sensitivity,specificity,precision,pos_LR,sensitivity_at_spec100,fold,n_train,n_val,threshold,best_penalty,best_C,best_solver,best_inner_score
0.6813125250100039,0.6550856065119927,0.6026785714285714,0.6563706563706564,0.5952380952380952,0.19633836312465053,0.7142857142857143,0.47619047619047616,0.6071428571428571,1.3636363636363635,0.0,1,669,224,0.5000018035075106,l2,0.0001,lbfgs,0.6652513468214576
0.5966124661246612,0.7294812630768985,0.6666666666666666,0.7644787644787645,0.5941056910569106,0.2022347030514004,0.8048780487804879,0.38333333333333336,0.7279411764705882,1.3052076466710614,0.04065040650406504,2,710,183,0.4918712086235261,l2,0.0001,liblinear,0.7004706372284788
0.6484493602255477,0.7384853282448105,0.6285714285714286,0.6976744186046512,0.6089785296031229,0.21646001940424725,0.6896551724137931,0.5283018867924528,0.7058823529411765,1.4620689655172414,0.06896551724137931,3,753,140,0.4945691984923669,l2,0.0001,liblinear,0.659981365431384
0.6131213450292398,0.6892628521249997,0.673202614379085,0.7524752475247525,0.6326754385964912,0.2780940586140114,0.7916666666666666,0.47368421052631576,0.7169811320754716,1.5041666666666664,0.010416666666666666,4,740,153,0.4802159007995594,l2,0.0001,liblinear,0.6779117884254025
0.677433628318584,0.7171823820222862,0.5854922279792746,0.5652173913043478,0.6113384955752212,0.22748379771997573,0.46017699115044247,0.7625,0.7323943661971831,1.9375873311597573,0.0,5,700,193,0.5518721976535688,l1,0.1,liblinear,0.6752071619774355
