n_pairs,pairwise_accuracy,both_correct_rate,mean_delta,median_delta,std_delta,n_positive_delta,per_drug_accuracy,per_drug_roc_auc,per_drug_pr_auc,n_train,n_test,best_penalty,best_C,best_solver,inner_cv_score,threshold,seed
13,0.38461538461538464,0.38461538461538464,-0.04141225868735643,-0.022400574462302036,0.07859718534286851,5,0.6923076923076923,0.3522727272727273,0.7853189934403606,867,26,l1,0.01,liblinear,0.6640611004619965,0.486924970634727,2
