roc_auc,pr_auc,accuracy,f1,balanced_accuracy,matthews_corrcoef,sensitivity,specificity,precision,pos_LR,sensitivity_at_spec100,fold,n_train,n_val,threshold,best_penalty,best_C,best_solver,best_inner_score
0.6205882352941178,0.6447810583274691,0.6137566137566137,0.663594470046083,0.6049773755656109,0.2130128590498253,0.6923076923076923,0.5176470588235295,0.6371681415929203,1.4352720450281427,0.009615384615384616,1,678,189,0.4899619911067492,l2,0.0001,liblinear,0.682407833482474
0.6228571428571428,0.6637396114107499,0.6083333333333333,0.6887417218543046,0.5814285714285714,0.17142178795424282,0.7428571428571429,0.42,0.6419753086419753,1.2807881773399015,0.0,2,747,120,0.48105568820708555,l2,0.0001,liblinear,0.6779977793388622
0.7122633744855967,0.72695569099568,0.7155555555555555,0.7697841726618705,0.6962962962962963,0.399627434658026,0.7925925925925926,0.6,0.7482517482517482,1.9814814814814814,0.0,3,642,225,0.4753545315951086,l2,0.0001,liblinear,0.6403345648949965
0.6973039215686274,0.7510669120316567,0.7048192771084337,0.7802690582959642,0.6608455882352942,0.35223319311253787,0.8529411764705882,0.46875,0.71900826446281,1.6055363321799307,0.0392156862745098,4,701,166,0.46854468546319294,l1,0.01,liblinear,0.6738590328333283
0.6542242703533026,0.7193938568174839,0.6347305389221557,0.6965174129353234,0.6236559139784946,0.24169662767897646,0.6666666666666666,0.5806451612903226,0.7291666666666666,1.5897435897435899,0.0,5,700,167,0.49803365370170705,l2,0.0001,liblinear,0.6725962170369669
