accuracy,balanced_accuracy,f1_macro,f1_weighted,mae,adjacent_accuracy,kappa_linear,kappa_quadratic,spearman_r,roc_auc_macro_ovr,roc_auc_weighted_ovr,fold,n_train,n_val,best_penalty,best_C,best_solver,inner_auc_score
0.4957983193277311,0.49765432098765433,0.4848559808813048,0.5032754118795646,0.6554621848739496,0.8487394957983193,0.2248204442959746,0.2068521983161834,0.20547415894818769,0.6384444467463589,0.6373921637684885,1,748,119,l2,0.001,lbfgs,0.6374824112483941
0.4732824427480916,0.47697312104091766,0.4615520282186949,0.4724059937800396,0.6717557251908397,0.8549618320610687,0.19888811674774143,0.19143724894680114,0.2289805708660197,0.6584834167540242,0.6598465888180696,2,736,131,l2,0.001,lbfgs,0.6236270647677737
0.4588235294117647,0.4639358252261478,0.45838510179973596,0.4580410550711842,0.6882352941176471,0.8529411764705882,0.21680579618837603,0.24706943192064923,0.2964863054509455,0.6339735253004272,0.6268897033372018,3,697,170,l2,0.001,lbfgs,0.6477341050269574
0.4595744680851064,0.44045151346036304,0.4363883113883114,0.46089633004526626,0.6978723404255319,0.8425531914893617,0.17296137339055784,0.19779116465863456,0.23715419572829805,0.6325898874356056,0.6226446879632391,4,632,235,l2,0.01,lbfgs,0.6485274738665671
0.4716981132075472,0.48516323611277484,0.46227928520940437,0.4789023855313379,0.660377358490566,0.8679245283018868,0.22587376108502877,0.2503157362970446,0.3307849276289732,0.6526841789869662,0.6432431321027117,5,655,212,l2,0.001,lbfgs,0.639626640324473
