roc_auc,pr_auc,accuracy,f1,balanced_accuracy,matthews_corrcoef,sensitivity,specificity,precision,pos_LR,sensitivity_at_spec100,fold,n_train,n_val,threshold,best_penalty,best_C,best_solver,best_inner_score
0.7181818181818181,0.8342862905645263,0.7039106145251397,0.7725321888412017,0.6901759530791789,0.3595965491881764,0.7258064516129032,0.6545454545454545,0.8256880733944955,2.101018675721562,0.04838709677419355,1,714,179,0.5230957677856007,l2,0.1,liblinear,0.6213845372523761
0.6739629447450401,0.6526960738706928,0.6289592760180995,0.6019417475728155,0.6317429086735531,0.2671239260278932,0.543859649122807,0.719626168224299,0.6739130434782609,1.939766081871345,0.008771929824561403,2,672,221,0.5136224464301709,l2,0.01,liblinear,0.6101041697985098
0.6387490060959449,0.7686207396259844,0.6190476190476191,0.6923076923076923,0.5955473098330242,0.19263242305452072,0.7012987012987013,0.4897959183673469,0.6835443037974683,1.3745454545454545,0.1038961038961039,3,767,126,0.5198979920056855,l2,0.01,liblinear,0.6465084036706701
0.5366244357070046,0.6661542574252413,0.5465116279069767,0.6548672566371682,0.4981797000145624,-0.00376081706954688,0.6788990825688074,0.31746031746031744,0.6324786324786325,0.9946660977170898,0.009174311926605505,4,721,172,0.47506899108584383,l2,0.1,lbfgs,0.6857278658806883
0.6767381416504223,0.6913391038300559,0.6564102564102564,0.7598566308243727,0.6007147498375569,0.27511572198618917,0.9298245614035088,0.2716049382716049,0.6424242424242425,1.2765388046387154,0.008771929824561403,5,698,195,0.4744646220622707,l2,0.01,lbfgs,0.6335051366458533
