accuracy,balanced_accuracy,f1_macro,f1_weighted,mae,adjacent_accuracy,kappa_linear,kappa_quadratic,spearman_r,roc_auc_macro_ovr,roc_auc_weighted_ovr,fold,n_train,n_val,best_penalty,best_C,best_solver,inner_auc_score
0.3858267716535433,0.40892908412288254,0.37497226264349554,0.37953712055750666,0.7795275590551181,0.8346456692913385,0.18309401598336694,0.2566933709684115,0.28485902070480273,0.5875385909446377,0.5847552534608502,1,740,127,l2,0.0001,lbfgs,0.6514978305269526
0.43005181347150256,0.41887150308202936,0.40502136752136747,0.4313953102165537,0.7150259067357513,0.8549222797927462,0.17475367168618694,0.21104977032323324,0.286475069533227,0.5902036889635865,0.5840874523299211,2,674,193,l2,0.0001,lbfgs,0.654165586374091
0.4418604651162791,0.4715595915785669,0.427268373389063,0.4173637943184856,0.7093023255813954,0.8488372093023255,0.24409221902017286,0.3010089686098655,0.2556078036804031,0.602037345692469,0.5945529760936737,3,695,172,l2,0.0001,lbfgs,0.6455433427150601
0.45622119815668205,0.4837307152875175,0.4359252136752137,0.4630714581117807,0.7142857142857143,0.8294930875576036,0.2403848325391268,0.28998842675277536,0.40327464792383705,0.6872179301774558,0.6835079667592534,4,650,217,l2,0.0001,lbfgs,0.6156903214224738
0.5189873417721519,0.5280712530712531,0.5147079772079772,0.5230390565833605,0.5949367088607594,0.8860759493670886,0.28801534036433374,0.3029727161666892,0.35054616686799217,0.6834101264018749,0.6752099689795181,5,709,158,l2,0.0001,lbfgs,0.6315583288186367
