accuracy,balanced_accuracy,f1_macro,f1_weighted,mae,adjacent_accuracy,kappa_linear,kappa_quadratic,spearman_r,roc_auc_macro_ovr,roc_auc_weighted_ovr,fold,n_train,n_val,best_penalty,best_C,best_solver,inner_auc_score
0.46875,0.4265146426393039,0.35088164619081463,0.39009135603868417,0.7421875,0.7890625,0.17522976226811815,0.21295780460125868,0.2702203546856344,0.6371681378177473,0.6322117909663866,1,611,256,l1,0.01,liblinear,0.6407696353481416
0.3828125,0.4131770039693737,0.3646169772256729,0.34957411361283647,0.8046875,0.8125,0.13022826230373397,0.16875967658696023,0.18314650300619845,0.5758011926241676,0.5589729186049087,2,739,128,l2,0.001,liblinear,0.66528468645219
0.4662576687116564,0.4920356446672236,0.45802289932856227,0.4556990454028079,0.6441717791411042,0.8895705521472392,0.28374136848713116,0.3531199864899097,0.4076203283698809,0.6464982702273533,0.6343954057279569,3,704,163,l2,0.001,liblinear,0.6325035877653417
0.47337278106508873,0.5084134615384616,0.4483161818186394,0.4342414603443253,0.6804733727810651,0.8461538461538461,0.27769725350280605,0.3273351288223658,0.40187981576843157,0.6886930006865594,0.6720764624395347,4,698,169,l2,0.001,liblinear,0.6450093686869733
0.5033112582781457,0.5470567746429816,0.47679198649807525,0.4688233073556458,0.6490066225165563,0.847682119205298,0.32429223744292235,0.3694101270227945,0.42025390478119945,0.7017888928439259,0.6870149723860542,5,716,151,l2,0.0001,liblinear,0.6278311308961009
