roc_auc,pr_auc,accuracy,f1,balanced_accuracy,matthews_corrcoef,sensitivity,specificity,precision,pos_LR,sensitivity_at_spec100,fold,n_train,n_val,threshold,best_penalty,best_C,best_solver,best_inner_score
0.63710407239819,0.6786937825069931,0.582010582010582,0.639269406392694,0.5718325791855203,0.14642418263734008,0.6730769230769231,0.47058823529411764,0.6086956521739131,1.2713675213675215,0.019230769230769232,1,678,189,0.5100465437478029,l2,0.0001,lbfgs,0.6700913553336242
0.6468571428571429,0.6666428212357329,0.675,0.7153284671532847,0.6699999999999999,0.33754960418557,0.7,0.64,0.7313432835820896,1.9444444444444444,0.0,2,747,120,0.504279884523594,l2,0.0001,liblinear,0.6933188483518048
0.7013991769547325,0.7145217943933184,0.6622222222222223,0.6910569105691057,0.6703703703703704,0.33388605983716235,0.6296296296296297,0.7111111111111111,0.7657657657657657,2.1794871794871797,0.0,3,642,225,0.4952083407907884,l2,0.0001,liblinear,0.6537481409184265
0.6727941176470588,0.7434487580232694,0.6506024096385542,0.7211538461538461,0.6254595588235294,0.2542115430139903,0.7352941176470589,0.515625,0.7075471698113207,1.5180265654648957,0.0784313725490196,4,701,166,0.49828311031857137,l2,0.0001,liblinear,0.6759165112921384
0.6912442396313364,0.7527438971817524,0.6586826347305389,0.7219512195121951,0.6427035330261137,0.28133114516978575,0.7047619047619048,0.5806451612903226,0.74,1.6805860805860808,0.0,5,700,167,0.48151399275109164,l2,0.0001,liblinear,0.664660264433167
