roc_auc,pr_auc,accuracy,f1,balanced_accuracy,matthews_corrcoef,sensitivity,specificity,precision,pos_LR,sensitivity_at_spec100,fold,n_train,n_val,threshold,best_penalty,best_C,best_solver,best_inner_score
0.6937426210153482,0.7878469935765506,0.612565445026178,0.6636363636363637,0.6159386068476977,0.22360847889404067,0.6033057851239669,0.6285714285714286,0.7373737373737373,1.6242848061029878,0.049586776859504134,1,702,191,0.4806602909835296,l2,0.01,lbfgs,0.6492405664370772
0.6706987108069393,0.7570584322675402,0.6463414634146342,0.7289719626168224,0.6081489734203406,0.22353035234297944,0.7572815533980582,0.45901639344262296,0.7027027027027027,1.3998234774933807,0.009708737864077669,2,729,164,0.4633173015465262,l2,0.01,lbfgs,0.6265066029619077
0.6363412835013523,0.6469343176035394,0.6022099447513812,0.6470588235294118,0.5957708384558642,0.19374558063646286,0.673469387755102,0.5180722891566265,0.6226415094339622,1.3974489795918368,0.0,3,712,181,0.4712348448930188,l2,0.01,liblinear,0.6484673026298642
0.6423474588612204,0.7260643636163213,0.6511627906976745,0.7345132743362832,0.6108926751128586,0.22910897587679593,0.7614678899082569,0.4603174603174603,0.7094017094017094,1.4109552077711816,0.027522935779816515,4,721,172,0.4501611886412462,l2,0.01,liblinear,0.6574128255767082
0.6557632398753894,0.7179793225308164,0.5891891891891892,0.6122448979591837,0.5944763958782651,0.1867505473195806,0.5607476635514018,0.6282051282051282,0.6741573033707865,1.5082178536899773,0.056074766355140186,5,708,185,0.47722125550494765,l2,0.01,liblinear,0.6437965855121642
