accuracy,balanced_accuracy,f1_macro,f1_weighted,mae,adjacent_accuracy,kappa_linear,kappa_quadratic,spearman_r,roc_auc_macro_ovr,roc_auc_weighted_ovr,fold,n_train,n_val,best_penalty,best_C,best_solver,inner_auc_score
0.45871559633027525,0.46335697399527187,0.35879357618488056,0.3662681428935916,0.7339449541284404,0.8073394495412844,0.2380286613072352,0.29062199935986344,0.4209784230567136,0.6775892652274714,0.6805118019013582,1,758,109,l2,0.001,liblinear,0.6287787823293642
0.3140495867768595,0.3746505125815471,0.26436507936507936,0.21959661550570642,0.9173553719008265,0.768595041322314,0.06787424526337693,0.08825520010828858,0.19755374153662988,0.6233374598850951,0.6184794663953845,2,746,121,l2,0.001,liblinear,0.6319936835736144
0.4074074074074074,0.4661982825917252,0.3373688458434221,0.3103757510537171,0.7777777777777778,0.8148148148148148,0.22529224229543043,0.2826397485953719,0.32506156318973944,0.6517940346928823,0.6439059276206855,3,705,162,l2,0.001,lbfgs,0.6233411292581718
0.42731277533039647,0.38888888888888884,0.30566931522512747,0.33597860223405335,0.7929515418502202,0.7797356828193832,0.10035668677616816,0.12543343056855094,0.2025850837262351,0.6247576825738418,0.6147203940609424,4,640,227,l2,0.001,liblinear,0.6426917929069537
0.4475806451612903,0.4485651955026011,0.35063085063085064,0.352399168931427,0.75,0.8024193548387096,0.22128435410898784,0.2712523797698866,0.2953403793612544,0.6585870842311181,0.6556294650476678,5,619,248,l2,0.001,lbfgs,0.6132355747846592
