roc_auc,pr_auc,accuracy,f1,balanced_accuracy,matthews_corrcoef,sensitivity,specificity,precision,pos_LR,sensitivity_at_spec100,fold,n_train,n_val,threshold,best_penalty,best_C,best_solver,best_inner_score
0.6200080032012806,0.6325206526692194,0.5714285714285714,0.5966386554621849,0.5697478991596638,0.13949579831932774,0.5966386554621849,0.5428571428571428,0.5966386554621849,1.3051470588235292,0.01680672268907563,1,669,224,0.490118916005776,l2,0.01,liblinear,0.6691351293612621
0.5692411924119241,0.7056706965705812,0.5136612021857924,0.5821596244131455,0.5186991869918699,0.035117061821926976,0.5040650406504065,0.5333333333333333,0.6888888888888889,1.0801393728222997,0.024390243902439025,2,710,183,0.53193761857783,l2,0.001,lbfgs,0.6690855331070836
0.6768596833658642,0.7705669543189434,0.6,0.6626506024096386,0.5896768596833659,0.17544035008607564,0.632183908045977,0.5471698113207547,0.6962025316455697,1.3960727969348659,0.06896551724137931,3,753,140,0.485536419809493,l1,0.1,liblinear,0.6587680619875014
0.6218932748538012,0.7153794253470783,0.5751633986928104,0.6524064171122995,0.5545504385964912,0.1074446377184248,0.6354166666666666,0.47368421052631576,0.6703296703296703,1.2072916666666664,0.020833333333333332,4,740,153,0.5046602614413527,l2,0.001,lbfgs,0.6683630891503304
0.7186946902654867,0.7630159791577582,0.6424870466321243,0.649746192893401,0.6581858407079646,0.3143611912910805,0.5663716814159292,0.75,0.7619047619047619,2.265486725663717,0.04424778761061947,5,700,193,0.4780025513682294,l1,0.1,liblinear,0.660962231055239
