roc_auc,pr_auc,accuracy,f1,balanced_accuracy,matthews_corrcoef,sensitivity,specificity,precision,pos_LR,sensitivity_at_spec100,fold,n_train,n_val,threshold,best_penalty,best_C,best_solver,best_inner_score
0.6570481393285708,0.727279787707459,0.6140939597315436,0.6417445482866043,0.6215389643740954,0.23888189687374586,0.5819209039548022,0.6611570247933884,0.7152777777777778,1.7173763263056359,0.01694915254237288,1,595,298,0.4825164183077754,l2,0.0001,liblinear,0.672430035044573
0.7137239979705734,0.7595979327372036,0.6685082872928176,0.7115384615384616,0.6645104008117707,0.32460421473486417,0.6851851851851852,0.6438356164383562,0.74,1.9237891737891741,0.046296296296296294,2,712,181,0.5060258113305778,l1,0.01,liblinear,0.6011313121304215
0.5548314606741573,0.6571819878500202,0.6546762589928058,0.7575757575757576,0.5813483146067415,0.18979496385026684,0.8426966292134831,0.32,0.6880733944954128,1.2392597488433577,0.0,3,754,139,0.4785550440936975,l2,0.0001,liblinear,0.6822072045627445
0.7119480519480519,0.7304561043859747,0.7055555555555556,0.7705627705627706,0.6759740259740259,0.36551502783921497,0.8090909090909091,0.5428571428571428,0.7355371900826446,1.7698863636363635,0.00909090909090909,4,713,180,0.47301418733978134,l2,0.0001,liblinear,0.6579069318709576
0.7262872628726287,0.6858896760431977,0.631578947368421,0.631578947368421,0.6436314363143631,0.2872628726287263,0.5555555555555556,0.7317073170731707,0.7317073170731707,2.0707070707070705,0.018518518518518517,5,798,95,0.5242880669186917,l2,0.0001,liblinear,0.6552287200692669
