roc_auc,pr_auc,accuracy,f1,balanced_accuracy,matthews_corrcoef,sensitivity,specificity,precision,pos_LR,sensitivity_at_spec100,fold,n_train,n_val,threshold,best_penalty,best_C,best_solver,best_inner_score
0.6244578313253012,0.6652813733046844,0.6065573770491803,0.6288659793814433,0.6062048192771085,0.21157012175674308,0.61,0.6024096385542169,0.648936170212766,1.5342424242424244,0.04,1,684,183,0.5161043565974184,l2,0.01,liblinear,0.6614776646026536
0.6482391482391482,0.7144439322243656,0.5838150289017341,0.6043956043956044,0.5885885885885886,0.17546113502162172,0.5555555555555556,0.6216216216216216,0.6626506024096386,1.4682539682539681,0.050505050505050504,2,694,173,0.46880123966014764,l2,0.01,liblinear,0.6566941930559818
0.669868119266055,0.7256320321033103,0.6416184971098265,0.693069306930693,0.6414134174311927,0.27386553514793793,0.6422018348623854,0.640625,0.7526881720430108,1.786996410051855,0.009174311926605505,3,694,173,0.49952676218587866,l2,0.01,liblinear,0.655093449117327
0.6884853603603603,0.7805954232647087,0.6457142857142857,0.7280701754385965,0.6082488738738738,0.2215123433327198,0.7477477477477478,0.46875,0.7094017094017094,1.4075251722310547,0.07207207207207207,4,692,175,0.45515597080288545,l2,0.01,liblinear,0.6581328251226809
0.6955638862855358,0.7396771206812331,0.6503067484662577,0.6984126984126984,0.6432364885973134,0.283607955043496,0.6804123711340206,0.6060606060606061,0.717391304347826,1.7272006344171293,0.030927835051546393,5,704,163,0.49015532084343894,l1,0.1,liblinear,0.6573765998234302
