roc_auc,pr_auc,accuracy,f1,balanced_accuracy,matthews_corrcoef,sensitivity,specificity,precision,pos_LR,sensitivity_at_spec100,fold,n_train,n_val,threshold,best_penalty,best_C,best_solver,best_inner_score
0.6551818181818182,0.6222587289998122,0.6095238095238096,0.6403508771929824,0.615,0.2354573585236334,0.73,0.5,0.5703125,1.46,0.02,1,683,210,0.4653024141891187,l2,0.0001,liblinear,0.6587356912503367
0.6909578860445913,0.7782549608940653,0.6614785992217899,0.7255520504731862,0.6597508945774841,0.30193643382213825,0.6647398843930635,0.6547619047619048,0.7986111111111112,1.9254534582419771,0.0,2,636,257,0.48725532367726304,l2,0.0001,liblinear,0.6641205586598049
0.6370370370370371,0.7099044486606787,0.5583333333333333,0.6015037593984962,0.5666666666666667,0.12917122661105557,0.5333333333333333,0.6,0.6896551724137931,1.3333333333333333,0.05333333333333334,3,773,120,0.5214694412271831,l2,0.0001,liblinear,0.6798214971383241
0.637993762993763,0.6620393216993631,0.6235955056179775,0.6492146596858639,0.6291580041580042,0.2546850942345074,0.5961538461538461,0.6621621621621622,0.7126436781609196,1.7646153846153847,0.0,4,715,178,0.5084546958491611,l1,0.01,liblinear,0.6438977378198099
0.7023809523809524,0.8085567602540616,0.6796875,0.7783783783783784,0.5971760797342193,0.21799505644604883,0.8372093023255814,0.35714285714285715,0.7272727272727273,1.302325581395349,0.046511627906976744,5,765,128,0.47249727729038815,l2,0.0001,liblinear,0.6693674259838343
