roc_auc,pr_auc,accuracy,f1,balanced_accuracy,matthews_corrcoef,sensitivity,specificity,precision,pos_LR,sensitivity_at_spec100,fold,n_train,n_val,threshold,best_penalty,best_C,best_solver,best_inner_score
0.66855421686747,0.6685832202254567,0.6174863387978142,0.6111111111111112,0.6243975903614458,0.24969934547409345,0.55,0.6987951807228916,0.6875,1.8260000000000003,0.0,1,684,183,0.5792160238555001,l2,0.001,liblinear,0.7062636516204011
0.6760851760851762,0.6866404798156038,0.6184971098265896,0.625,0.6291291291291292,0.25710273452807947,0.5555555555555556,0.7027027027027027,0.7142857142857143,1.868686868686869,0.0,2,694,173,0.5300626790162373,l2,0.001,liblinear,0.6836788471654062
0.7170298165137615,0.7631230042788637,0.6994219653179191,0.7699115044247787,0.6647075688073394,0.3399067930128551,0.7981651376146789,0.53125,0.7435897435897436,1.7027522935779815,0.009174311926605505,3,694,173,0.46433898571169235,l1,0.01,liblinear,0.6966694055189728
0.6860923423423424,0.7568971870017999,0.6571428571428571,0.7297297297297297,0.6304898648648649,0.2609797297297297,0.7297297297297297,0.53125,0.7297297297297297,1.5567567567567566,0.0,4,692,175,0.4742746941980676,l2,0.001,liblinear,0.6909744284258302
0.7450796626054359,0.7755939301311197,0.7239263803680982,0.784688995215311,0.6954076850984068,0.41374748897670494,0.845360824742268,0.5454545454545454,0.7321428571428571,1.8597938144329895,0.020618556701030927,5,704,163,0.4781485828475924,l1,0.01,liblinear,0.6705815784106499
