accuracy,balanced_accuracy,f1_macro,f1_weighted,mae,adjacent_accuracy,kappa_linear,kappa_quadratic,spearman_r,roc_auc_macro_ovr,roc_auc_weighted_ovr,fold,n_train,n_val,best_penalty,best_C,best_solver,inner_auc_score
0.3697478991596639,0.45166666666666666,0.31492063492063493,0.266546618647459,0.8067226890756303,0.8235294117647058,0.19242188604552524,0.24897100521357352,0.2414995475296184,0.610447520313756,0.6066304538762198,1,748,119,l2,0.001,liblinear,0.6132104538903584
0.32061068702290074,0.3840490959135027,0.28189883927263254,0.2394215090785475,0.9083969465648855,0.7709923664122137,0.08370069946511505,0.1074188268432873,0.21605327702176147,0.6214156922586757,0.6179618572730564,2,736,131,l1,0.1,liblinear,0.6019403639155826
0.4117647058823529,0.4393070489844684,0.3363859649122807,0.31844582043343655,0.8058823529411765,0.7823529411764706,0.18934911242603547,0.23272727272727278,0.27461933186096343,0.6219283725173987,0.6145056380184474,3,697,170,l2,0.001,lbfgs,0.61544503971014
0.46382978723404256,0.4309425576018497,0.35085749714905723,0.3935869017525435,0.7531914893617021,0.7829787234042553,0.19425449896364022,0.23400899585256152,0.2985065289963147,0.6209808196926648,0.6214126620054559,4,632,235,l1,0.1,liblinear,0.6338655508114378
0.4339622641509434,0.43886778802676796,0.32993028476899444,0.35439995184365236,0.7688679245283019,0.7971698113207547,0.20179247897995012,0.24867634500426983,0.30850408465719925,0.5968177742605233,0.5893704091350551,5,655,212,l2,0.001,lbfgs,0.6086687633777982
