accuracy,balanced_accuracy,f1_macro,f1_weighted,mae,adjacent_accuracy,kappa_linear,kappa_quadratic,spearman_r,roc_auc_macro_ovr,roc_auc_weighted_ovr,fold,n_train,n_val,best_penalty,best_C,best_solver,inner_auc_score
0.44881889763779526,0.47588285960378984,0.44734039906453704,0.447741994633116,0.7480314960629921,0.8031496062992126,0.2047327137301429,0.21594924852045816,0.30006782161193074,0.5906712011173233,0.5888332063279548,1,740,127,l2,0.01,lbfgs,0.6191909691662867
0.43005181347150256,0.42945116168800385,0.41705696202531645,0.43825736210402055,0.7253886010362695,0.844559585492228,0.1405305681022967,0.13958361196558322,0.18170904900337814,0.6021996625804265,0.604344125161219,2,674,193,l2,1.0,lbfgs,0.6309388580868545
0.42441860465116277,0.40754043552905034,0.410916179337232,0.4320413436692506,0.75,0.8255813953488372,0.11418077291600148,0.0966988996332111,0.10635837210752537,0.563389105360168,0.5721164010408196,3,695,172,l2,1.0,lbfgs,0.649090026089058
0.47465437788018433,0.46519401589527815,0.4403473107431326,0.4855589855431517,0.7327188940092166,0.7926267281105991,0.202224328886217,0.21530954559316862,0.34079063216799965,0.6519799553367526,0.6572249210448038,4,650,217,l2,0.01,lbfgs,0.5879168882883008
0.43037974683544306,0.4274774774774775,0.42223045938666076,0.43090413097967306,0.6582278481012658,0.9113924050632911,0.18036711891460488,0.2482698961937716,0.24063387419317422,0.6293099622381514,0.6222559993633516,5,709,158,l2,0.1,lbfgs,0.6251408946240218
