accuracy,balanced_accuracy,f1_macro,f1_weighted,mae,adjacent_accuracy,kappa_linear,kappa_quadratic,spearman_r,roc_auc_macro_ovr,roc_auc_weighted_ovr,fold,n_train,n_val,best_penalty,best_C,best_solver,inner_auc_score
0.3445378151260504,0.39518518518518525,0.30700935875925256,0.2801121429861727,0.865546218487395,0.7899159663865546,0.10013949049262172,0.12301912239294832,0.16876506003863093,0.5847780519613718,0.5808996709790424,1,748,119,l2,0.01,liblinear,0.645966853134398
0.3893129770992366,0.4555990149210489,0.3640581640581641,0.3261374757557964,0.7938931297709924,0.816793893129771,0.18419161676646711,0.2215793588741204,0.242475656232275,0.6359109275797874,0.6303314416816621,2,736,131,l1,0.1,liblinear,0.6292564871859676
0.4294117647058823,0.4513739545997611,0.34918590087672213,0.33161567364465916,0.7705882352941177,0.8,0.21556886227544914,0.2656826568265682,0.2606221801172332,0.6154597588501115,0.6078012216724695,3,697,170,l2,0.001,lbfgs,0.6508376083755418
0.46382978723404256,0.4060897180366207,0.3504594820384294,0.40150375939849625,0.7404255319148936,0.7957446808510639,0.16924014628199924,0.20865552506859564,0.2881179908146622,0.6168689097043987,0.6124385807351059,4,632,235,l2,0.01,liblinear,0.6317054604225814
0.4481132075471698,0.45363995743811264,0.3712712096332786,0.3880302731046876,0.7547169811320755,0.7971698113207547,0.18292624174977112,0.21336993574466812,0.2791452110321996,0.6382452653235873,0.6169165941138446,5,655,212,l2,0.01,lbfgs,0.6267755376645673
