roc_auc,pr_auc,accuracy,f1,balanced_accuracy,matthews_corrcoef,sensitivity,specificity,precision,pos_LR,sensitivity_at_spec100,fold,n_train,n_val,threshold,best_penalty,best_C,best_solver,best_inner_score
0.6002886002886003,0.7757162407480419,0.5575221238938053,0.6527777777777778,0.5274170274170273,0.052003270546753466,0.6103896103896104,0.4444444444444444,0.7014925373134329,1.0987012987012985,0.06493506493506493,1,718,113,0.5154924910710511,l2,0.1,liblinear,0.6757534100316441
0.7045614035087719,0.7934103671597463,0.7522123893805309,0.8133333333333334,0.7224561403508771,0.44491228070175437,0.8133333333333334,0.631578947368421,0.8133333333333334,2.2076190476190476,0.05333333333333334,2,718,113,0.5348234676050706,l2,0.1,liblinear,0.6767273661445238
0.7535501603298214,0.8050194077657176,0.7294117647058823,0.7889908256880734,0.7094212856924721,0.4128346571361895,0.7747747747747747,0.6440677966101694,0.8037383177570093,2.1767481767481764,0.0,3,661,170,0.5052790663118165,l2,0.1,lbfgs,0.6533516522047393
0.6696356275303643,0.6614948641797344,0.624113475177305,0.6214285714285714,0.6284919028340081,0.25729650155209444,0.5723684210526315,0.6846153846153846,0.6796875,1.8148267008985879,0.0,4,549,282,0.47923076633010286,l2,0.1,liblinear,0.7064190821869701
0.6832865168539326,0.7024648345693423,0.6535947712418301,0.7103825136612022,0.6386060393258427,0.28093587869696796,0.7303370786516854,0.546875,0.6914893617021277,1.611778380472685,0.0,5,678,153,0.5132629058875878,l2,0.1,lbfgs,0.6807636457823465
