roc_auc,pr_auc,accuracy,f1,balanced_accuracy,matthews_corrcoef,sensitivity,specificity,precision,pos_LR,sensitivity_at_spec100,fold,n_train,n_val,threshold,best_penalty,best_C,best_solver,best_inner_score
0.7563875537566406,0.7941463378979068,0.6810810810810811,0.7203791469194313,0.6951682266632937,0.3752166734119016,0.6440677966101694,0.746268656716418,0.8172043010752689,2.5383848454636095,0.00847457627118644,1,646,185,0.4946333077479801,l2,0.0001,liblinear,0.6853847201054357
0.7002230009557183,0.7811296946191688,0.646551724137931,0.7210884353741497,0.6188276521185091,0.23883758136133573,0.726027397260274,0.5116279069767442,0.7162162162162162,1.4866275277234182,0.0410958904109589,2,715,116,0.4781975919744806,l2,0.001,liblinear,0.7082164496234296
0.6674038036267139,0.6882358243201319,0.6495327102803738,0.6887966804979253,0.6434763379035824,0.28798623704914417,0.6974789915966386,0.5894736842105263,0.680327868852459,1.698987287222581,0.025210084033613446,3,617,214,0.47354807310648,l2,0.001,liblinear,0.7199444768533748
0.6757894736842105,0.7293407683136904,0.6580645161290323,0.7253886010362695,0.6350877192982456,0.27291840677375523,0.7368421052631579,0.5333333333333333,0.7142857142857143,1.5789473684210524,0.010526315789473684,4,676,155,0.5177390096967284,l1,0.01,liblinear,0.689463789409096
0.7336265884652982,0.7718062072051868,0.7018633540372671,0.7623762376237624,0.6792114695340502,0.36330939583097227,0.7777777777777778,0.5806451612903226,0.7475728155339806,1.854700854700855,0.0,5,670,161,0.49975644012636433,l2,0.001,liblinear,0.669827884347674
