roc_auc,pr_auc,accuracy,f1,balanced_accuracy,matthews_corrcoef,sensitivity,specificity,precision,pos_LR,sensitivity_at_spec100,fold,n_train,n_val,threshold,best_penalty,best_C,best_solver,best_inner_score
0.7240259740259741,0.814876228929354,0.6548672566371682,0.7153284671532847,0.6654040404040404,0.3088582189335964,0.6363636363636364,0.6944444444444444,0.8166666666666667,2.0826446280991733,0.06493506493506493,1,718,113,0.5253562471222276,l2,0.0001,liblinear,0.7165853146523811
0.6894736842105262,0.7484213698010445,0.6902654867256637,0.7619047619047619,0.6628070175438596,0.3199391374631935,0.7466666666666667,0.5789473684210527,0.7777777777777778,1.7733333333333334,0.02666666666666667,2,718,113,0.5426803841945944,l2,0.0001,liblinear,0.7163545251295644
0.7761490303863187,0.8430129589038049,0.7294117647058823,0.7830188679245284,0.721331500992518,0.4291167706619497,0.7477477477477478,0.6949152542372882,0.8217821782178217,2.4509509509509515,0.0,3,661,170,0.49021536803599325,l2,0.001,liblinear,0.6669285817661306
0.6692307692307692,0.6815978605228292,0.6205673758865248,0.6514657980456026,0.6174089068825911,0.23526471732325918,0.6578947368421053,0.5769230769230769,0.6451612903225806,1.555023923444976,0.019736842105263157,4,549,282,0.49632676884672855,l2,0.0001,liblinear,0.7292782811326443
0.6529143258426967,0.6813684307846641,0.6274509803921569,0.6779661016949152,0.6183286516853932,0.23616029763486823,0.6741573033707865,0.5625,0.6818181818181818,1.5409309791332262,0.0,5,678,153,0.5087568916615828,l2,0.0001,liblinear,0.7061457442376637
