roc_auc,pr_auc,accuracy,f1,balanced_accuracy,matthews_corrcoef,sensitivity,specificity,precision,pos_LR,sensitivity_at_spec100,fold,n_train,n_val,threshold,best_penalty,best_C,best_solver,best_inner_score
0.7236652236652237,0.8391069249871874,0.6814159292035398,0.7534246575342466,0.6626984126984128,0.3109274327154149,0.7142857142857143,0.6111111111111112,0.7971014492753623,1.8367346938775513,0.05194805194805195,1,718,113,0.4843402372432939,l1,0.1,liblinear,0.6610440347229576
0.6835087719298245,0.8004413040041612,0.672566371681416,0.7581699346405228,0.6235087719298246,0.25238811823474977,0.7733333333333333,0.47368421052631576,0.7435897435897436,1.4693333333333332,0.02666666666666667,2,718,113,0.47863193510783375,l1,0.1,liblinear,0.6769858804952085
0.6602534738127959,0.7573637143600168,0.5941176470588235,0.6387434554973822,0.6137578256222325,0.2169864052174738,0.5495495495495496,0.6779661016949152,0.7625,1.7064959696538644,0.018018018018018018,3,661,170,0.5332733069548564,l1,0.1,liblinear,0.6670637327445552
0.6328947368421052,0.6262855083362027,0.6028368794326241,0.6111111111111112,0.6048582995951417,0.20920901490623336,0.5789473684210527,0.6307692307692307,0.6470588235294118,1.5679824561403508,0.019736842105263157,4,549,282,0.4920963647206797,l2,0.001,lbfgs,0.6852937805320055
0.667310393258427,0.7097472906153162,0.6274509803921569,0.6627218934911243,0.6271067415730337,0.2510597823513334,0.6292134831460674,0.625,0.7,1.6779026217228463,0.02247191011235955,5,678,153,0.5272311568409949,l2,0.01,liblinear,0.6620189647813912
