accuracy,balanced_accuracy,f1_macro,f1_weighted,mae,adjacent_accuracy,kappa_linear,kappa_quadratic,spearman_r,roc_auc_macro_ovr,roc_auc_weighted_ovr,fold,n_train,n_val,best_penalty,best_C,best_solver,inner_auc_score
0.4122137404580153,0.443307757885763,0.38585161997680073,0.37063800918534107,0.7709923664122137,0.816793893129771,0.19729418188436565,0.24575910970284798,0.3202512469813689,0.6225295011176442,0.6132234317351715,1,736,131,l2,0.001,liblinear,0.6827179639539842
0.4603174603174603,0.45124489037532517,0.40691033695031403,0.4122238676778939,0.6772486772486772,0.8624338624338624,0.25704809286898833,0.3391865117905287,0.3207998188997527,0.597900469394158,0.5930030190782879,2,678,189,l2,0.001,liblinear,0.6934730508988037
0.55,0.5456302521008404,0.4969389427354029,0.5101142189914314,0.60625,0.84375,0.3746978243352136,0.4243759177679882,0.46104785940411114,0.7080454436927628,0.7084854207141422,3,707,160,l2,0.0001,liblinear,0.6498757074572825
0.47435897435897434,0.5076608187134503,0.41943339641157174,0.4295955956177229,0.6837606837606838,0.8418803418803419,0.26869286663020553,0.3112626097456668,0.37867046837815765,0.7175069666877363,0.7060309984518496,4,633,234,l2,0.0001,liblinear,0.6249691414188266
0.47058823529411764,0.5178357424120136,0.4494079911961966,0.440357291370011,0.6405228758169934,0.8888888888888888,0.2939348276511583,0.36630059617194854,0.42639850586261,0.677714789892414,0.6574335991509181,5,714,153,l2,0.001,liblinear,0.6522397681449064
