roc_auc,pr_auc,accuracy,f1,balanced_accuracy,matthews_corrcoef,sensitivity,specificity,precision,pos_LR,sensitivity_at_spec100,fold,n_train,n_val,threshold,best_penalty,best_C,best_solver,best_inner_score
0.6880048559555493,0.74619092425807,0.6342281879194631,0.706199460916442,0.6097259186627445,0.2261002304432107,0.7401129943502824,0.4793388429752066,0.6752577319587629,1.421486862164828,0.005649717514124294,1,595,298,0.5090583298250757,l2,0.001,liblinear,0.6886072882950637
0.7483510908168441,0.8157083081083559,0.6961325966850829,0.7533632286995515,0.6765601217656012,0.359894355379978,0.7777777777777778,0.5753424657534246,0.7304347826086957,1.8315412186379927,0.027777777777777776,2,712,181,0.5134105703236392,l1,0.1,liblinear,0.6433879302667048
0.5757303370786516,0.6558703199060797,0.6474820143884892,0.7407407407407407,0.5932584269662922,0.1992350684583446,0.7865168539325843,0.4,0.7,1.3108614232209739,0.0,3,754,139,0.5088847862497949,l2,0.0001,lbfgs,0.7201964578792203
0.6633766233766233,0.7302755324874787,0.5833333333333334,0.6192893401015228,0.5915584415584416,0.1786375070957729,0.5545454545454546,0.6285714285714286,0.7011494252873564,1.493006993006993,0.0,4,713,180,0.5384423798252645,l2,0.001,liblinear,0.686288230806148
0.7158988256549232,0.7148255180057246,0.7052631578947368,0.7358490566037735,0.7025745257452575,0.4031509942248075,0.7222222222222222,0.6829268292682927,0.75,2.277777777777778,0.037037037037037035,5,798,95,0.5041076986702718,l1,0.01,liblinear,0.6880794176912056
