roc_auc,pr_auc,accuracy,f1,balanced_accuracy,matthews_corrcoef,sensitivity,specificity,precision,pos_LR,sensitivity_at_spec100,fold,n_train,n_val,threshold,best_penalty,best_C,best_solver,best_inner_score
0.7290764790764791,0.8180933834545734,0.6991150442477876,0.7638888888888888,0.6904761904761905,0.3612858795879714,0.7142857142857143,0.6666666666666666,0.8208955223880597,2.142857142857143,0.0,1,718,113,0.5370821411779148,l2,0.01,liblinear,0.703592674560996
0.6943859649122808,0.7918189423037435,0.6637168141592921,0.7432432432432432,0.6298245614035087,0.2565180111150793,0.7333333333333333,0.5263157894736842,0.7534246575342466,1.548148148148148,0.013333333333333334,2,718,113,0.5252254982985249,l2,0.001,liblinear,0.716363781643631
0.7851580393953275,0.8485857375122479,0.7529411764705882,0.8141592920353983,0.7194991601771263,0.44670425459146323,0.8288288288288288,0.6101694915254238,0.8,2.126126126126126,0.0,3,661,170,0.493734290041915,l2,0.001,lbfgs,0.688638231799164
0.6368927125506073,0.626234222298853,0.5780141843971631,0.5993265993265994,0.5773785425101214,0.15434754504383047,0.5855263157894737,0.5692307692307692,0.6137931034482759,1.3592575187969924,0.0,4,549,282,0.5814762807866467,l2,0.01,liblinear,0.7270160424718577
0.6525632022471909,0.684289302632175,0.6535947712418301,0.7039106145251397,0.6429950842696629,0.28664512794393837,0.7078651685393258,0.578125,0.7,1.6779026217228463,0.02247191011235955,5,678,153,0.5163595469162131,l2,0.001,liblinear,0.7136701028954311
