roc_auc,pr_auc,accuracy,f1,balanced_accuracy,matthews_corrcoef,sensitivity,specificity,precision,pos_LR,sensitivity_at_spec100,fold,n_train,n_val,threshold,best_penalty,best_C,best_solver,best_inner_score
0.7202346041055718,0.8203723461077636,0.7039106145251397,0.7763713080168776,0.680058651026393,0.34436974231336936,0.7419354838709677,0.6181818181818182,0.8141592920353983,1.9431643625192012,0.0,1,714,179,0.48338234000860986,l2,0.001,liblinear,0.6596891130189261
0.6401869158878505,0.6067187065697806,0.6018099547511312,0.6206896551724138,0.6008362026561731,0.2020371234826127,0.631578947368421,0.5700934579439252,0.6101694915254238,1.469107551487414,0.0,2,672,221,0.4954577304963274,l2,0.01,lbfgs,0.6743428341446895
0.6747945931619401,0.7415951227103537,0.6349206349206349,0.6805555555555556,0.634508348794063,0.2628204971539452,0.6363636363636364,0.6326530612244898,0.7313432835820896,1.7323232323232325,0.025974025974025976,3,767,126,0.5017790177724406,l2,0.001,liblinear,0.6613948097015461
0.6189019950487841,0.691162524725427,0.6744186046511628,0.7358490566037735,0.6593854667249163,0.31334233840745124,0.7155963302752294,0.6031746031746031,0.7572815533980582,1.8033027522935778,0.009174311926605505,4,721,172,0.5286956655191288,l2,0.01,liblinear,0.7050891300393037
0.7199480181936322,0.7322642952466103,0.676923076923077,0.7149321266968326,0.6736517218973359,0.3439305861868918,0.6929824561403509,0.654320987654321,0.7383177570093458,2.004699248120301,0.008771929824561403,5,698,195,0.4912858958469226,l2,0.001,liblinear,0.656790082360956
