roc_auc,pr_auc,accuracy,f1,balanced_accuracy,matthews_corrcoef,sensitivity,specificity,precision,pos_LR,sensitivity_at_spec100,fold,n_train,n_val,threshold,best_penalty,best_C,best_solver,best_inner_score
0.6716318659396197,0.6968252742594463,0.6306818181818182,0.656084656084656,0.6365873121425721,0.2692464070047591,0.6019417475728155,0.6712328767123288,0.7209302325581395,1.830906148867314,0.009708737864077669,1,655,176,0.5291239899555584,l2,0.0001,liblinear,0.7428932334530469
0.7571053260090759,0.8254968376722891,0.7196969696969697,0.7672955974842768,0.7068306663482207,0.4150015721211639,0.7721518987341772,0.6415094339622641,0.7625,2.1538974017321784,0.22784810126582278,2,699,132,0.508391670537129,l2,0.0001,liblinear,0.6639267214543547
0.7223307291666666,0.7347069048205397,0.6830357142857143,0.7340823970037453,0.6692708333333333,0.3452517322768225,0.765625,0.5729166666666666,0.7050359712230215,1.792682926829268,0.0234375,3,607,224,0.46893129282151047,l2,0.0001,liblinear,0.720671599321798
0.733251633986928,0.8354586094308344,0.66,0.7243243243243244,0.6617647058823529,0.3035694229919555,0.6568627450980392,0.6666666666666666,0.8072289156626506,1.9705882352941175,0.0784313725490196,4,681,150,0.5516681656075417,l2,0.0001,liblinear,0.6877242609314071
0.7236842105263158,0.752844307535894,0.697986577181208,0.7457627118644068,0.6920289855072463,0.3770758119336734,0.717391304347826,0.6666666666666666,0.7764705882352941,2.152173913043478,0.010869565217391304,5,682,149,0.5341131048963672,l2,0.0001,liblinear,0.7115318745574439
