roc_auc,pr_auc,accuracy,f1,balanced_accuracy,matthews_corrcoef,sensitivity,specificity,precision,pos_LR,sensitivity_at_spec100,fold,n_train,n_val,threshold,best_penalty,best_C,best_solver,best_inner_score
0.5715,0.6581300227590554,0.5692307692307692,0.6585365853658537,0.5375000000000001,0.07630846195841998,0.675,0.4,0.6428571428571429,1.1250000000000002,0.0,1,737,130,0.4673324126587025,l2,0.0001,liblinear,0.7003795550645046
0.6482003129890453,0.7133594242856967,0.6982758620689655,0.779874213836478,0.6477308294209703,0.33644665225867254,0.8732394366197183,0.4222222222222222,0.7045454545454546,1.5113759479956663,0.07042253521126761,2,751,116,0.45937142046112095,l2,0.0001,liblinear,0.648486792908011
0.649313725490196,0.6208062433620646,0.5979020979020979,0.5993031358885017,0.5991666666666666,0.19827016907608566,0.5733333333333334,0.625,0.6277372262773723,1.528888888888889,0.0,3,581,286,0.515364345981198,l2,0.0001,lbfgs,0.6659809899877591
0.6750836120401339,0.7875103962528605,0.6467065868263473,0.7203791469194313,0.6381270903010033,0.258758520973562,0.6608695652173913,0.6153846153846154,0.7916666666666666,1.7182608695652175,0.0,4,700,167,0.5096038879905503,l2,0.001,liblinear,0.6394000830344613
0.6751470588235294,0.7006658501363154,0.6666666666666666,0.7254901960784313,0.6494117647058824,0.30203869878810374,0.74,0.5588235294117647,0.7115384615384616,1.6773333333333333,0.01,5,699,168,0.49854241638648017,l2,0.0001,liblinear,0.6418858377854091
