n_pairs,pairwise_accuracy,both_correct_rate,mean_delta,median_delta,std_delta,n_positive_delta,per_drug_accuracy,per_drug_roc_auc,per_drug_pr_auc,n_train,n_test,best_penalty,best_C,best_solver,inner_cv_score,threshold,seed
38,0.6052631578947368,0.34210526315789475,0.0749978089077374,0.07595981367412734,0.13521455971657614,23,0.6129032258064516,0.5987394957983193,0.6733301037860164,831,62,l1,0.1,liblinear,0.6879580147834916,0.46161128652010447,0
