roc_auc,pr_auc,accuracy,f1,balanced_accuracy,matthews_corrcoef,sensitivity,specificity,precision,pos_LR,sensitivity_at_spec100,fold,n_train,n_val,threshold,best_penalty,best_C,best_solver,best_inner_score
0.6161616161616161,0.7690059782795912,0.5929203539823009,0.676056338028169,0.5755772005772006,0.14247547481675898,0.6233766233766234,0.5277777777777778,0.7384615384615385,1.3200916730328496,0.06493506493506493,1,718,113,0.5366560831219054,l2,0.001,liblinear,0.6913208090427884
0.667719298245614,0.7332358351082271,0.7433628318584071,0.8129032258064516,0.6963157894736842,0.40794883110977015,0.84,0.5526315789473685,0.7875,1.8776470588235297,0.0,2,718,113,0.5090085870464618,l2,0.0001,liblinear,0.6858775407187381
0.7387387387387387,0.8013895131765244,0.711764705882353,0.776255707762557,0.6879676286455947,0.37178582790309006,0.7657657657657657,0.6101694915254238,0.7870370370370371,1.964355660007834,0.06306306306306306,3,661,170,0.4738068587558888,l2,0.0001,liblinear,0.6659746909645852
0.6684716599190282,0.6969010003596154,0.624113475177305,0.6748466257668712,0.6156882591093118,0.23726094164969577,0.7236842105263158,0.5076923076923077,0.632183908045977,1.469983552631579,0.07236842105263158,4,549,282,0.45267500154921175,l2,0.0001,liblinear,0.6876127474786424
0.6232443820224719,0.6308067519924676,0.6535947712418301,0.6971428571428572,0.6473841292134832,0.2930752059537348,0.6853932584269663,0.609375,0.7093023255813954,1.7546067415730338,0.0,5,678,153,0.5061070984780289,l2,0.0001,liblinear,0.6956529629706549
