roc_auc,pr_auc,accuracy,f1,balanced_accuracy,matthews_corrcoef,sensitivity,specificity,precision,pos_LR,sensitivity_at_spec100,fold,n_train,n_val,threshold,best_penalty,best_C,best_solver,best_inner_score
0.6374375496101228,0.7385937147344586,0.6073825503355704,0.6912928759894459,0.5766680674230751,0.16114340229521504,0.7401129943502824,0.4132231404958678,0.6485148514851485,1.261319328399777,0.02824858757062147,1,595,298,0.4388196695784045,l2,0.01,lbfgs,0.6668349651699458
0.7052257737189245,0.7740905040375562,0.6464088397790055,0.6831683168316832,0.6482115677321156,0.2910461451278423,0.6388888888888888,0.6575342465753424,0.7340425531914894,1.8655555555555552,0.08333333333333333,2,712,181,0.508529780469947,l2,0.01,lbfgs,0.6367827300272795
0.538876404494382,0.6778566561314869,0.5827338129496403,0.6741573033707865,0.5470786516853933,0.09415730337078651,0.6741573033707865,0.42,0.6741573033707865,1.1623401782254938,0.011235955056179775,3,754,139,0.5283561878910715,l2,0.01,lbfgs,0.6909833284528512
0.6590909090909091,0.7561584379880678,0.6388888888888888,0.7161572052401747,0.6084415584415584,0.22337404582222767,0.7454545454545455,0.4714285714285714,0.6890756302521008,1.4103194103194103,0.01818181818181818,4,713,180,0.4749379116574391,l2,0.01,lbfgs,0.6505328537747351
0.7682926829268293,0.7528686695569142,0.7263157894736842,0.7547169811320755,0.7240289069557362,0.4458481452296645,0.7407407407407407,0.7073170731707317,0.7692307692307693,2.530864197530864,0.037037037037037035,5,798,95,0.47214771250477655,l2,0.01,lbfgs,0.6598149392816429
