n_pairs,pairwise_accuracy,both_correct_rate,mean_delta,median_delta,std_delta,n_positive_delta,per_drug_accuracy,per_drug_roc_auc,per_drug_pr_auc,n_train,n_test,best_penalty,best_C,best_solver,inner_cv_score,threshold,seed
13,0.15384615384615385,0.6153846153846154,-0.07457880768467803,-0.07760682570855104,0.09454712898914049,2,0.8461538461538461,0.6022727272727273,0.9072918238380981,867,26,l1,0.1,liblinear,0.6699957838635587,0.4485691120282095,0
