roc_auc,pr_auc,accuracy,f1,balanced_accuracy,matthews_corrcoef,sensitivity,specificity,precision,pos_LR,sensitivity_at_spec100,fold,n_train,n_val,threshold,best_penalty,best_C,best_solver,best_inner_score
0.6345893449129196,0.7240696865208123,0.6241610738255033,0.7052631578947368,0.5934071065041789,0.1968699411360613,0.7570621468926554,0.4297520661157025,0.6600985221674877,1.3276017358552363,0.03389830508474576,1,595,298,0.4558395663591845,l2,0.01,lbfgs,0.671247196227876
0.7290081177067479,0.7649526075603247,0.6850828729281768,0.7510917030567685,0.6584221207508878,0.33018004005817014,0.7962962962962963,0.5205479452054794,0.7107438016528925,1.6608465608465608,0.0,2,712,181,0.46182862342488296,l1,0.1,liblinear,0.6354172127721549
0.5325842696629214,0.7016916721502926,0.5827338129496403,0.6914893617021277,0.5251685393258427,0.05336056506006734,0.7303370786516854,0.32,0.6565656565656566,1.0740251156642433,0.06741573033707865,3,754,139,0.4752858339309033,l1,0.1,liblinear,0.6929313732505566
0.7092207792207791,0.7929234046588524,0.6388888888888888,0.6798029556650246,0.6422077922077922,0.27745825570194516,0.6272727272727273,0.6571428571428571,0.7419354838709677,1.8295454545454546,0.09090909090909091,4,713,180,0.5085873887477194,l1,0.1,liblinear,0.6405015670427205
0.6734417344173442,0.709514555666717,0.5894736842105263,0.6355140186915887,0.5831074977416442,0.1657663711955463,0.6296296296296297,0.5365853658536586,0.6415094339622641,1.358674463937622,0.018518518518518517,5,798,95,0.48767511613895165,l2,0.01,liblinear,0.6527952857133932
