n_pairs,pairwise_accuracy,both_correct_rate,mean_delta,median_delta,std_delta,n_positive_delta,per_drug_accuracy,per_drug_roc_auc,per_drug_pr_auc,n_train,n_test,best_penalty,best_C,best_solver,inner_cv_score,threshold,seed
38,0.6052631578947368,0.18421052631578946,0.05140348236169698,0.022247431568641257,0.14421212297085192,23,0.5483870967741935,0.5945378151260504,0.6414184742762722,831,62,l2,0.0001,liblinear,0.7037484131009034,0.48986811739117475,2
