roc_auc,pr_auc,accuracy,f1,balanced_accuracy,matthews_corrcoef,sensitivity,specificity,precision,pos_LR,sensitivity_at_spec100,fold,n_train,n_val,threshold,best_penalty,best_C,best_solver,best_inner_score
0.7328267477203647,0.7826248981059375,0.6837606837606838,0.7412587412587412,0.6658054711246201,0.3356131996791166,0.7571428571428571,0.574468085106383,0.726027397260274,1.7792857142857144,0.11428571428571428,1,714,117,0.4932191952217338,l2,0.0001,liblinear,0.6770594890376754
0.7339324618736384,0.7788981350172275,0.6931818181818182,0.7452830188679245,0.681917211328976,0.3603190317848975,0.7314814814814815,0.6323529411764706,0.7596153846153846,1.9896296296296296,0.05555555555555555,2,655,176,0.46873489974483057,l1,0.01,liblinear,0.6581310342459965
0.6941077441077441,0.778155387216358,0.7177914110429447,0.7946428571428571,0.6665824915824916,0.34775601306490633,0.8240740740740741,0.509090909090909,0.7672413793103449,1.6786694101508914,0.027777777777777776,3,668,163,0.47815252607718056,l2,0.0001,liblinear,0.6620143428887821
0.6851119894598156,0.7026357106858984,0.6645569620253164,0.7039106145251397,0.6605731225296443,0.3184050368680311,0.6847826086956522,0.6363636363636364,0.7241379310344828,1.8831521739130435,0.0,4,673,158,0.5005851508541193,l2,0.0001,liblinear,0.6763984217218016
0.6398918541775683,0.6902885233408361,0.6129032258064516,0.6585365853658537,0.6071428571428572,0.2126780636616917,0.6428571428571429,0.5714285714285714,0.675,1.5,0.007936507936507936,5,614,217,0.5017166311778442,l2,1.0,liblinear,0.7203883026632654
