accuracy,balanced_accuracy,f1_macro,f1_weighted,mae,adjacent_accuracy,kappa_linear,kappa_quadratic,spearman_r,roc_auc_macro_ovr,roc_auc_weighted_ovr,fold,n_train,n_val,best_penalty,best_C,best_solver,inner_auc_score
0.46875,0.42974775901605167,0.42887351692132575,0.46630081665097844,0.6640625,0.8671875,0.1960987143490468,0.24299878239693862,0.20537322936847457,0.6005637523262978,0.6001092632776795,1,611,256,l2,0.001,lbfgs,0.6320936249301696
0.375,0.3758912278721523,0.3700398547283689,0.3810331138921728,0.8125,0.8125,0.0649058724360776,0.06497500961168778,0.14442677853387462,0.572371896319758,0.5715123641384605,2,739,128,l2,0.01,lbfgs,0.6145869971250211
0.4601226993865031,0.46617933723196875,0.4552599391309069,0.4654862790623725,0.6625766871165644,0.8773006134969326,0.22823323103901794,0.2682601310361562,0.3491722834022999,0.6327077868670011,0.6212917109246651,3,704,163,l2,0.01,lbfgs,0.5957843129355724
0.46745562130177515,0.4946338383838384,0.46888492127901316,0.4612699275553708,0.6568047337278107,0.8757396449704142,0.26224092500098306,0.3175231609786998,0.3078369136014349,0.636188091532565,0.6252444755604404,4,698,169,l2,0.01,lbfgs,0.6189936067141641
0.4503311258278146,0.46835597352838737,0.4509882995655354,0.44934360254986977,0.6754966887417219,0.8741721854304636,0.22290615539858738,0.2743374982836744,0.2843491347540004,0.6461830838982476,0.634383017533076,5,716,151,l2,0.001,lbfgs,0.610680367659101
