accuracy,balanced_accuracy,f1_macro,f1_weighted,mae,adjacent_accuracy,kappa_linear,kappa_quadratic,spearman_r,roc_auc_macro_ovr,roc_auc_weighted_ovr,fold,n_train,n_val,best_penalty,best_C,best_solver,inner_auc_score
0.3435114503816794,0.3537936913895993,0.3448614362304614,0.3430116904624249,0.816793893129771,0.8396946564885496,0.07153739153474192,0.1222287179025946,0.1973516696329628,0.5331439344002953,0.522637129141418,1,736,131,l2,0.01,lbfgs,0.6629308117064644
0.48677248677248675,0.484132292827945,0.4621068109092061,0.47129010948990036,0.671957671957672,0.8412698412698413,0.2676430205949658,0.31050157045591986,0.3236954037273837,0.6552205080255571,0.6536656294720811,2,678,189,l2,0.001,lbfgs,0.6524407622532509
0.45625,0.4616619981325864,0.456091047000138,0.4591946563537473,0.675,0.86875,0.23526287838555493,0.2880873279544376,0.32796165329928995,0.6520652636168913,0.6497537390299457,3,707,160,l2,0.001,lbfgs,0.6315005585154181
0.4700854700854701,0.48698155645524066,0.45432391363147256,0.4723061762579702,0.6581196581196581,0.8717948717948718,0.2392332376287789,0.28189979063297677,0.3257265981349585,0.6666175001388175,0.65451880951596,4,633,234,l2,0.001,lbfgs,0.6293901619356586
0.477124183006536,0.4894770954092988,0.4679370840895342,0.4834466151856992,0.6535947712418301,0.869281045751634,0.2308465714860246,0.25199050146668533,0.31215972681041665,0.6713109276721448,0.6580305522388298,5,714,153,l2,0.01,lbfgs,0.6450957734221288
