roc_auc,pr_auc,accuracy,f1,balanced_accuracy,matthews_corrcoef,sensitivity,specificity,precision,pos_LR,sensitivity_at_spec100,fold,n_train,n_val,threshold,best_penalty,best_C,best_solver,best_inner_score
0.6241554054054054,0.7239917436447482,0.5901639344262295,0.6621621621621622,0.5706644144144144,0.14132882882882883,0.6621621621621622,0.4791666666666667,0.6621621621621622,1.2713513513513515,0.14864864864864866,1,745,122,0.48587643700876415,l2,0.01,liblinear,0.6535362796101201
0.7197222222222222,0.8189831881649801,0.672,0.7453416149068323,0.6416666666666666,0.2847607143234434,0.75,0.5333333333333333,0.7407407407407407,1.6071428571428572,0.1875,2,742,125,0.4828255755331251,l1,0.1,liblinear,0.6301924664326195
0.6403705363812939,0.7100234294284058,0.5914893617021276,0.6033057851239669,0.6046989391901987,0.20756081626157363,0.5289855072463768,0.6804123711340206,0.7019230769230769,1.655212716222534,0.0,3,632,235,0.5414299707388519,l2,0.01,liblinear,0.6837399170809803
0.6282907360503492,0.6666568832886459,0.6652173913043479,0.6956521739130435,0.6628674495356512,0.3243068022452624,0.6821705426356589,0.6435643564356436,0.7096774193548387,1.913867355727821,0.023255813953488372,4,637,230,0.5289058508081207,l2,0.1,liblinear,0.6800075259776787
0.6914035087719297,0.7446490665524113,0.6709677419354839,0.7384615384615385,0.6456140350877193,0.29647584494317364,0.7578947368421053,0.5333333333333333,0.72,1.62406015037594,0.010526315789473684,5,712,155,0.4625744593109477,l1,0.1,liblinear,0.6340743087934253
