accuracy,balanced_accuracy,f1_macro,f1_weighted,mae,adjacent_accuracy,kappa_linear,kappa_quadratic,spearman_r,roc_auc_macro_ovr,roc_auc_weighted_ovr,fold,n_train,n_val,best_penalty,best_C,best_solver,inner_auc_score
0.44140625,0.4135397123202001,0.32817714511664686,0.36579700474495846,0.80078125,0.7578125,0.14354722893139238,0.17278227390586942,0.21428889888409,0.6119590333808117,0.6012066183381247,1,611,256,l2,0.001,lbfgs,0.6507973955823745
0.3984375,0.4402571627443234,0.33720906699048775,0.30962237211596844,0.796875,0.8046875,0.17617364967188287,0.22151088348271442,0.24627289140872646,0.6088519074461247,0.5958151507767736,2,739,128,l2,0.01,lbfgs,0.6438811272105267
0.4049079754601227,0.4405458089668615,0.31932173136992414,0.2891861926232538,0.7607361963190185,0.8343558282208589,0.20469032816557808,0.26394033182809884,0.31938218356187326,0.6128257478642604,0.6068452494971124,3,704,163,l2,0.001,liblinear,0.6266865991157845
0.41420118343195267,0.46140491452991456,0.34079506686370026,0.3162673477127235,0.7810650887573964,0.8047337278106509,0.21550147700098476,0.26807821864473513,0.3324779624865374,0.6773104260688277,0.6661113239989553,4,698,169,l2,0.001,lbfgs,0.6156560476398797
0.44370860927152317,0.4858585858585858,0.360169007651022,0.344193897483716,0.7284768211920529,0.8278145695364238,0.26543428268176195,0.3291833488729228,0.355315917271743,0.6737380035423058,0.6604332180009549,5,716,151,l2,0.001,lbfgs,0.6269411179080779
