roc_auc,pr_auc,accuracy,f1,balanced_accuracy,matthews_corrcoef,sensitivity,specificity,precision,pos_LR,sensitivity_at_spec100,fold,n_train,n_val,threshold,best_penalty,best_C,best_solver,best_inner_score
0.6619974786384648,0.7239637274551542,0.6208053691275168,0.6586102719033232,0.6219591912966336,0.2397078427330865,0.615819209039548,0.628099173553719,0.7077922077922078,1.6558694287507847,0.01694915254237288,1,595,298,0.5118615726255726,l2,0.0001,lbfgs,0.6840059888846184
0.7640791476407914,0.8193317050523604,0.6961325966850829,0.7465437788018433,0.6832191780821918,0.3672778494895253,0.75,0.6164383561643836,0.7431192660550459,1.955357142857143,0.018518518518518517,2,712,181,0.5240067620023394,l2,0.001,liblinear,0.6528904653170142
0.5599999999999999,0.6493133775879129,0.5755395683453237,0.6703910614525139,0.5370786516853933,0.07449285849342499,0.6741573033707865,0.4,0.6666666666666666,1.1235955056179776,0.0,3,754,139,0.5277479342815922,l2,0.001,lbfgs,0.7226430021743057
0.6553246753246753,0.7089713447052584,0.6222222222222222,0.6792452830188679,0.612987012987013,0.22230872018035167,0.6545454545454545,0.5714285714285714,0.7058823529411765,1.5272727272727271,0.0,4,713,180,0.5021747587503603,l2,0.001,liblinear,0.7011012574740179
0.6779584462511292,0.7280697427259332,0.6631578947368421,0.7142857142857143,0.6508581752484192,0.30645929304023617,0.7407407407407407,0.5609756097560976,0.6896551724137931,1.6872427983539096,0.12962962962962962,5,798,95,0.4507328113491716,l1,0.1,liblinear,0.6808538962792146
