roc_auc,pr_auc,accuracy,f1,balanced_accuracy,matthews_corrcoef,sensitivity,specificity,precision,pos_LR,sensitivity_at_spec100,fold,n_train,n_val,threshold,best_penalty,best_C,best_solver,best_inner_score
0.6355623100303951,0.6618319490899498,0.6153846153846154,0.6511627906976745,0.6191489361702127,0.23365663133352121,0.6,0.6382978723404256,0.711864406779661,1.6588235294117648,0.0,1,714,117,0.5325899813774495,l2,0.01,liblinear,0.6577237653921238
0.690767973856209,0.7651190727792141,0.6477272727272727,0.6836734693877551,0.6557734204793029,0.3033940182060688,0.6203703703703703,0.6911764705882353,0.7613636363636364,2.008818342151675,0.046296296296296294,2,655,176,0.4756689905311019,l2,0.01,liblinear,0.6509388300068758
0.6677609427609428,0.7814329646102165,0.6380368098159509,0.7230046948356808,0.6019360269360269,0.20134566069400395,0.7129629629629629,0.4909090909090909,0.7333333333333333,1.400462962962963,0.018518518518518517,3,668,163,0.5053429218773803,l1,0.1,liblinear,0.6451073191708239
0.6711133069828722,0.7187183904374799,0.620253164556962,0.6551724137931034,0.6203886693017128,0.23766638960278788,0.6195652173913043,0.6212121212121212,0.6951219512195121,1.6356521739130434,0.010869565217391304,4,673,158,0.5248020393512066,l1,0.1,liblinear,0.661335876879319
0.6362288505145648,0.6627629272744678,0.5668202764976958,0.5648148148148148,0.5827228327228328,0.1657060049701036,0.48412698412698413,0.6813186813186813,0.6777777777777778,1.5191570881226055,0.023809523809523808,5,614,217,0.5136766891059898,l2,0.001,lbfgs,0.6697247692805341
