accuracy,balanced_accuracy,f1_macro,f1_weighted,mae,adjacent_accuracy,kappa_linear,kappa_quadratic,spearman_r,roc_auc_macro_ovr,roc_auc_weighted_ovr,fold,n_train,n_val,best_penalty,best_C,best_solver,inner_auc_score
0.44274809160305345,0.49630576868428533,0.37537867357226906,0.3482662841935238,0.732824427480916,0.8244274809160306,0.2791470824257709,0.33993329075296297,0.3615051173881485,0.6342015582566509,0.6251891616015257,1,736,131,l2,0.01,liblinear,0.6480985617014043
0.43386243386243384,0.4196952805648458,0.38149551597827464,0.39726848593843667,0.7936507936507936,0.7724867724867724,0.15770396339651782,0.176227237469065,0.19130129077916194,0.5736484346231893,0.5798326591337345,2,678,189,l2,0.1,liblinear,0.6821607577325888
0.525,0.521998132586368,0.44811677332002536,0.4648448209423819,0.6625,0.8125,0.3363593676631711,0.3804814331031908,0.4701890582227884,0.6676693708009543,0.671197012963087,3,707,160,l2,0.01,liblinear,0.6549471373742148
0.4444444444444444,0.45063877642825007,0.42265837940530737,0.4421169069562255,0.7136752136752137,0.8418803418803419,0.1696838347781744,0.18883231207387585,0.25645658877633776,0.6325542864598485,0.6183110075276939,4,633,234,l1,1.0,liblinear,0.6013519198215034
0.477124183006536,0.5091777337540049,0.4563609775915903,0.45881261413983526,0.6535947712418301,0.869281045751634,0.2728828058169376,0.31870229007633577,0.3525853422421123,0.6725032200690456,0.6649695772333553,5,714,153,l2,0.1,liblinear,0.6455603351371587
