accuracy,balanced_accuracy,f1_macro,f1_weighted,mae,adjacent_accuracy,kappa_linear,kappa_quadratic,spearman_r,roc_auc_macro_ovr,roc_auc_weighted_ovr,fold,n_train,n_val,best_penalty,best_C,best_solver,inner_auc_score
0.45038167938931295,0.47726626882637113,0.3830546847788227,0.3641827594183477,0.7099236641221374,0.8396946564885496,0.2706973959892247,0.33547514372675,0.3592567353965444,0.6304781590658077,0.6190494528259088,1,736,131,l1,0.1,liblinear,0.6499466871004104
0.42328042328042326,0.4081382385730212,0.33444321124676285,0.341768992712389,0.8042328042328042,0.7724867724867724,0.14024061770515361,0.1726078799249532,0.14733271576023388,0.5735473834351814,0.5688935231945984,2,678,189,l2,0.01,liblinear,0.6454194391259468
0.4625,0.4434080298786181,0.36860205707663335,0.39403053020425904,0.7625,0.775,0.22979797979797978,0.2708137568126291,0.2748875647502731,0.6529518071983934,0.6592183417632477,3,707,160,l1,0.1,liblinear,0.6207870986425763
0.41452991452991456,0.4495141700404859,0.35255578559926387,0.35887998206838784,0.7735042735042735,0.811965811965812,0.1889314438912294,0.23020667726550081,0.27566907042120314,0.6378795475916083,0.6307281614432909,4,633,234,l1,0.1,liblinear,0.6257278637004419
0.42483660130718953,0.48547826937657446,0.3516849029908731,0.32801535764661316,0.7254901960784313,0.8496732026143791,0.25666389460323025,0.32477863668306406,0.350361826283956,0.6830254411554137,0.6782428162917568,5,714,153,l1,0.1,liblinear,0.6295106550150444
