roc_auc,pr_auc,accuracy,f1,balanced_accuracy,matthews_corrcoef,sensitivity,specificity,precision,pos_LR,sensitivity_at_spec100,fold,n_train,n_val,threshold,best_penalty,best_C,best_solver,best_inner_score
0.649156626506024,0.6728377789608306,0.6229508196721312,0.6229508196721312,0.6283734939759036,0.2567469879518072,0.57,0.6867469879518072,0.6867469879518072,1.8196153846153844,0.0,1,684,183,0.5420452094084236,l2,0.001,liblinear,0.6938412671208458
0.6936936936936936,0.6844771850610517,0.6589595375722543,0.6844919786096256,0.661070161070161,0.31880692534596994,0.6464646464646465,0.6756756756756757,0.7272727272727273,1.9932659932659933,0.0,2,694,173,0.5022784598815563,l2,0.001,liblinear,0.7095442502533593
0.7306479357798165,0.7870039152980608,0.6820809248554913,0.7263681592039801,0.6864248853211009,0.36074530960288126,0.6697247706422018,0.703125,0.7934782608695652,2.2559150169000484,0.03669724770642202,3,694,173,0.5286924576990945,l1,0.01,liblinear,0.6739097906905519
0.6848254504504504,0.7924376810286415,0.64,0.7123287671232876,0.6169763513513513,0.23180898425492635,0.7027027027027027,0.53125,0.7222222222222222,1.499099099099099,0.11711711711711711,4,692,175,0.5255275530563641,l2,0.0001,liblinear,0.6856593365310282
0.6879100281162137,0.7463503651479522,0.6441717791411042,0.7070707070707071,0.6259762574195564,0.25475340699742327,0.7216494845360825,0.5303030303030303,0.693069306930693,1.5364150315929497,0.020618556701030927,5,704,163,0.5445254549354067,l2,0.001,liblinear,0.6712700612555953
