roc_auc,pr_auc,accuracy,f1,balanced_accuracy,matthews_corrcoef,sensitivity,specificity,precision,pos_LR,sensitivity_at_spec100,fold,n_train,n_val,threshold,best_penalty,best_C,best_solver,best_inner_score
0.6753513563991221,0.7406262561917187,0.6308724832214765,0.6726190476190477,0.6291263949199235,0.25422507132000355,0.6384180790960452,0.6198347107438017,0.710691823899371,1.679317121100467,0.022598870056497175,1,595,298,0.49383033023315714,l2,0.01,lbfgs,0.6709171320745597
0.7361745306950787,0.7849637313761737,0.6574585635359116,0.69,0.661910197869102,0.31775221746651816,0.6388888888888888,0.684931506849315,0.75,2.0277777777777772,0.027777777777777776,2,712,181,0.5229695155763622,l2,0.01,liblinear,0.625894275397721
0.5534831460674158,0.7109665878758968,0.5611510791366906,0.6629834254143646,0.5170786516853932,0.0346513963272507,0.6741573033707865,0.36,0.6521739130434783,1.0533707865168538,0.07865168539325842,3,754,139,0.5055662865737531,l2,0.01,lbfgs,0.7000043012212325
0.6519480519480518,0.7510726931615429,0.6222222222222222,0.66,0.6285714285714286,0.2507132682112035,0.6,0.6571428571428571,0.7333333333333333,1.75,0.1,4,713,180,0.5224673355197619,l2,0.01,liblinear,0.6757376733682724
0.7434507678410117,0.7882112343700521,0.6947368421052632,0.7128712871287128,0.6991869918699187,0.3946482934941718,0.6666666666666666,0.7317073170731707,0.7659574468085106,2.4848484848484844,0.12962962962962962,5,798,95,0.5142968984356954,l2,0.01,lbfgs,0.6704529385890888
