roc_auc,pr_auc,accuracy,f1,balanced_accuracy,matthews_corrcoef,sensitivity,specificity,precision,pos_LR,sensitivity_at_spec100,fold,n_train,n_val,threshold,best_penalty,best_C,best_solver,best_inner_score
0.7164179104477613,0.8115890972418907,0.6702702702702703,0.7312775330396476,0.6576650645079687,0.3080518550392696,0.7033898305084746,0.6119402985074627,0.7614678899082569,1.8125814863102998,0.0847457627118644,1,646,185,0.45594247200461063,l2,0.01,liblinear,0.6412691192652302
0.6457470532016566,0.6828426380000483,0.6810344827586207,0.7299270072992701,0.6796750557502389,0.3489970717090045,0.684931506849315,0.6744186046511628,0.78125,2.1037181996086103,0.0,2,715,116,0.4768723803754203,l2,0.01,liblinear,0.6793139533204835
0.6556390977443609,0.6889473135435924,0.6121495327102804,0.6556016597510373,0.6056169836355595,0.21199480088574485,0.6638655462184874,0.5473684210526316,0.6475409836065574,1.4666796951338676,0.0,3,617,214,0.4903493861634254,l2,0.01,liblinear,0.6618168637399687
0.6310526315789474,0.7157121881350228,0.6,0.6666666666666666,0.5846491228070176,0.167486266770096,0.6526315789473685,0.5166666666666667,0.6813186813186813,1.3502722323049003,0.010526315789473684,4,676,155,0.4908786213468241,l2,0.0001,liblinear,0.6242826756744728
0.6472792440534376,0.7124146960739179,0.5714285714285714,0.6145251396648045,0.5761648745519714,0.14825544949292674,0.5555555555555556,0.5967741935483871,0.6875,1.377777777777778,0.0,5,670,161,0.5449792697033127,l2,0.01,liblinear,0.6398143442409425
