accuracy,balanced_accuracy,f1_macro,f1_weighted,mae,adjacent_accuracy,kappa_linear,kappa_quadratic,spearman_r,roc_auc_macro_ovr,roc_auc_weighted_ovr,fold,n_train,n_val,best_penalty,best_C,best_solver,inner_auc_score
0.5078125,0.4667770751781592,0.43373303022758786,0.4804374147387549,0.671875,0.8203125,0.25774586156906376,0.2927436739990372,0.3833279901638953,0.6674571059724642,0.6776534857363998,1,611,256,l2,0.001,liblinear,0.643581673499735
0.390625,0.40941926745301654,0.379757192681006,0.37127709081239196,0.765625,0.84375,0.1429352282044274,0.19679883594034198,0.20005190977367318,0.6093579467055803,0.6024423234538366,2,739,128,l1,0.1,liblinear,0.664434238787838
0.4662576687116564,0.47745753272069064,0.45945821854912766,0.4610471699707617,0.6134969325153374,0.9202453987730062,0.28364243649468235,0.37665412164623047,0.4443045214314689,0.6650619994429988,0.6547510664184427,3,704,163,l2,0.01,lbfgs,0.6445648375803341
0.4911242603550296,0.5200684731934732,0.472431875717408,0.47199209184535057,0.6863905325443787,0.8224852071005917,0.2836366293941387,0.30566319622764837,0.3329234428630355,0.6822590873258348,0.6750244154650427,4,698,169,l2,0.001,lbfgs,0.66566262654299
0.4966887417218543,0.5407349355625218,0.4519607843137255,0.44319169338647335,0.6490066225165563,0.8543046357615894,0.33486156058971606,0.3940883915451565,0.41923198012376767,0.6899540634575795,0.6757463343934436,5,716,151,l2,0.0001,liblinear,0.6523746475293983
