accuracy,balanced_accuracy,f1_macro,f1_weighted,mae,adjacent_accuracy,kappa_linear,kappa_quadratic,spearman_r,roc_auc_macro_ovr,roc_auc_weighted_ovr,fold,n_train,n_val,best_penalty,best_C,best_solver,inner_auc_score
0.35294117647058826,0.41283950617283943,0.3034586038292488,0.2639773343126589,0.8319327731092437,0.8151260504201681,0.13622699611408462,0.18262164369085943,0.29944975944219376,0.6326831102650297,0.6188352006986059,1,748,119,l2,0.01,liblinear,0.6280982579333596
0.35877862595419846,0.439005439005439,0.3087426389697793,0.25398018023625446,0.8320610687022901,0.8091603053435115,0.16939096038624868,0.21851198739353916,0.2656289327403807,0.66487294195474,0.6623704687096654,2,736,131,l2,0.001,lbfgs,0.6157398389774984
0.4,0.40824372759856625,0.3174441039609579,0.30489695367421743,0.8294117647058824,0.7705882352941177,0.13919413919413925,0.1723356009070296,0.24350024616984414,0.6038884287506135,0.5984301427320668,3,697,170,l2,0.001,liblinear,0.6387361727434373
0.4553191489361702,0.40906448483882113,0.3376004631598209,0.3856260831075032,0.7659574468085106,0.7787234042553192,0.1657462922057431,0.20234253615393805,0.2685425830794692,0.6324859326079243,0.6247509519268498,4,632,235,l2,0.01,liblinear,0.6332372243689937
0.44339622641509435,0.4466332184726108,0.3441713121926313,0.3606176487620305,0.75,0.8066037735849056,0.1920809165428311,0.23747835950092533,0.339443668388529,0.668576881307887,0.6515853970289489,5,655,212,l2,0.01,liblinear,0.6322571912830263
