accuracy,balanced_accuracy,f1_macro,f1_weighted,mae,adjacent_accuracy,kappa_linear,kappa_quadratic,spearman_r,roc_auc_macro_ovr,roc_auc_weighted_ovr,fold,n_train,n_val,best_penalty,best_C,best_solver,inner_auc_score
0.36134453781512604,0.4290123456790124,0.3198817307146382,0.2823448156040058,0.8319327731092437,0.8067226890756303,0.14932486100079434,0.1875794528932624,0.28790734631849196,0.6085433638490466,0.5908495126489138,1,748,119,l2,0.0001,liblinear,0.619021613242903
0.33587786259541985,0.4120211238855307,0.29441244523211735,0.24732283278147377,0.8778625954198473,0.7862595419847328,0.1243824469630922,0.15959482273494652,0.24304344775427214,0.6594673449802937,0.6561051486641786,2,736,131,l2,0.0001,lbfgs,0.6282335736208281
0.4235294117647059,0.45598224953063665,0.3598759856455826,0.3444736211013957,0.7941176470588235,0.7823529411764706,0.20987399297665776,0.24874191229331433,0.2635272002766064,0.616522037986132,0.609703158023334,3,697,170,l2,0.0001,liblinear,0.6347109479715805
0.4765957446808511,0.451775890935183,0.36341926008164777,0.40775090224193006,0.7319148936170212,0.7914893617021277,0.23637875009446085,0.2814269535673839,0.30506427804409053,0.5956789021144266,0.5937899644969334,4,632,235,l2,0.0001,liblinear,0.6423182783761073
0.44339622641509435,0.46353230780794535,0.35505928075599374,0.36953227581200976,0.7594339622641509,0.7971698113207547,0.206601580660158,0.24764367816091948,0.3554453709120043,0.6548099433846196,0.6420351669029217,5,655,212,l2,0.0001,lbfgs,0.6147042999494229
