roc_auc,pr_auc,accuracy,f1,balanced_accuracy,matthews_corrcoef,sensitivity,specificity,precision,pos_LR,sensitivity_at_spec100,fold,n_train,n_val,threshold,best_penalty,best_C,best_solver,best_inner_score
0.6808510638297872,0.743762673351291,0.6495726495726496,0.7132867132867133,0.630243161094225,0.2636301669340082,0.7285714285714285,0.5319148936170213,0.6986301369863014,1.5564935064935064,0.05714285714285714,1,714,117,0.5046656580108665,l2,0.0001,liblinear,0.686075993515723
0.7378812636165577,0.755872593282092,0.6761363636363636,0.7164179104477612,0.678921568627451,0.3490426573026627,0.6666666666666666,0.6911764705882353,0.7741935483870968,2.1587301587301586,0.0,2,655,176,0.4842016089735591,l2,0.0001,liblinear,0.6675291615611048
0.7035353535353536,0.7651522472925466,0.7116564417177914,0.7772511848341233,0.6887205387205387,0.3700395534755587,0.7592592592592593,0.6181818181818182,0.7961165048543689,1.9885361552028218,0.0,3,668,163,0.49684905968342696,l2,0.0001,liblinear,0.6604398194626429
0.6949934123847168,0.6938489854454815,0.6582278481012658,0.6931818181818182,0.6572793148880105,0.3108937439455565,0.6630434782608695,0.6515151515151515,0.7261904761904762,1.9026465028355384,0.0,4,673,158,0.5091799629687398,l2,0.0001,liblinear,0.6794249073017264
0.660474446188732,0.6782434817119511,0.6497695852534562,0.7076923076923077,0.6343101343101343,0.27274280484862234,0.7301587301587301,0.5384615384615384,0.6865671641791045,1.5820105820105819,0.015873015873015872,5,614,217,0.4662400880851808,l2,0.0001,liblinear,0.705379692554946
