roc_auc,pr_auc,accuracy,f1,balanced_accuracy,matthews_corrcoef,sensitivity,specificity,precision,pos_LR,sensitivity_at_spec100,fold,n_train,n_val,threshold,best_penalty,best_C,best_solver,best_inner_score
0.5537518037518038,0.6316309732000356,0.5833333333333334,0.6762589928057554,0.5465367965367965,0.0969454968489533,0.7121212121212122,0.38095238095238093,0.6438356164383562,1.1503496503496504,0.0,1,723,108,0.4788963058739414,l2,0.001,liblinear,0.6947593652600434
0.6362311801845556,0.7304218950384864,0.5989304812834224,0.6376811594202898,0.6084264205925207,0.21055568550460813,0.5689655172413793,0.647887323943662,0.7252747252747253,1.6158620689655174,0.02586206896551724,2,644,187,0.4991657391918379,l2,0.001,liblinear,0.663010150467618
0.6723091664005111,0.6892975420002259,0.6222222222222222,0.6413502109704642,0.6232832960715426,0.24527739729289275,0.6129032258064516,0.6336633663366337,0.672566371681416,1.6730601569311248,0.024193548387096774,3,606,225,0.5048884131613465,l2,0.01,lbfgs,0.6918229939761398
0.6475468975468975,0.6923360143703617,0.6903225806451613,0.7857142857142857,0.6140873015873016,0.27743629804136927,0.8888888888888888,0.3392857142857143,0.704,1.3453453453453452,0.0,4,676,155,0.45975807761117576,l2,0.001,liblinear,0.6739873598073782
0.7907141591352118,0.8567239230797534,0.6794871794871795,0.7159090909090909,0.6953748006379585,0.3763523744890688,0.6363636363636364,0.7543859649122807,0.8181818181818182,2.590909090909091,0.1414141414141414,5,675,156,0.5365020475200863,l2,0.01,lbfgs,0.6379118693754837
