roc_auc,pr_auc,accuracy,f1,balanced_accuracy,matthews_corrcoef,sensitivity,specificity,precision,pos_LR,sensitivity_at_spec100,fold,n_train,n_val,threshold,best_penalty,best_C,best_solver,best_inner_score
0.6331306990881459,0.7060858401231109,0.6153846153846154,0.6938775510204082,0.5876899696048632,0.18126022131861,0.7285714285714285,0.44680851063829785,0.6623376623376623,1.317032967032967,0.05714285714285714,1,714,117,0.48579429651942957,l2,0.01,lbfgs,0.6929012470176052
0.724128540305011,0.7497097889085595,0.6818181818181818,0.7227722772277227,0.6835511982570806,0.35832961320885875,0.6759259259259259,0.6911764705882353,0.776595744680851,2.188712522045855,0.0,2,655,176,0.5315605788474269,l2,0.01,lbfgs,0.6597042772124848
0.7136363636363636,0.8305336732185069,0.6748466257668712,0.7414634146341463,0.6609427609427609,0.3100536373277507,0.7037037037037037,0.6181818181818182,0.7835051546391752,1.8430335097001764,0.1111111111111111,3,668,163,0.5257165410465543,l2,0.01,lbfgs,0.6370549502184476
0.6472332015810277,0.6989261414910923,0.5822784810126582,0.6206896551724138,0.5813570487483531,0.1606117598683683,0.5869565217391305,0.5757575757575758,0.6585365853658537,1.3835403726708078,0.0,4,673,158,0.5379603854923048,l2,0.01,lbfgs,0.681649658394993
0.7260596546310832,0.7621160164842126,0.6820276497695853,0.6960352422907489,0.6926129426129426,0.3810936821730903,0.626984126984127,0.7582417582417582,0.7821782178217822,2.593434343434343,0.07142857142857142,5,614,217,0.5152533508210723,l2,0.01,liblinear,0.6777980151773988
