roc_auc,pr_auc,accuracy,f1,balanced_accuracy,matthews_corrcoef,sensitivity,specificity,precision,pos_LR,sensitivity_at_spec100,fold,n_train,n_val,threshold,best_penalty,best_C,best_solver,best_inner_score
0.610683102208526,0.6794507182918423,0.610738255033557,0.7184466019417476,0.5585749638137928,0.1409019933391928,0.8361581920903954,0.2809917355371901,0.6297872340425532,1.1629326579648027,0.0,1,595,298,0.44765560049986647,l2,0.001,lbfgs,0.6793183792477093
0.7228564180618975,0.7693324266560779,0.6519337016574586,0.6896551724137931,0.6528411973617453,0.3002843555025151,0.6481481481481481,0.6575342465753424,0.7368421052631579,1.8925925925925924,0.018518518518518517,2,712,181,0.5100998731217391,l2,0.01,liblinear,0.6401438892002256
0.5559550561797753,0.6821471142884059,0.5755395683453237,0.6775956284153005,0.528314606741573,0.05808317545844374,0.6966292134831461,0.36,0.6595744680851063,1.0884831460674158,0.0,3,754,139,0.49101995525172953,l2,0.001,lbfgs,0.6578836222055477
0.6455844155844157,0.7310379889263046,0.5722222222222222,0.5925925925925926,0.5902597402597403,0.17733530455649651,0.509090909090909,0.6714285714285714,0.7088607594936709,1.5494071146245054,0.03636363636363636,4,713,180,0.5248269859320941,l2,0.01,liblinear,0.6499386812070183
0.7588075880758808,0.7527835651492817,0.7368421052631579,0.7706422018348624,0.7303523035230353,0.46216816065298133,0.7777777777777778,0.6829268292682927,0.7636363636363637,2.4529914529914536,0.018518518518518517,5,798,95,0.48669477151677326,l2,0.001,lbfgs,0.6506338630655646
