accuracy,balanced_accuracy,f1_macro,f1_weighted,mae,adjacent_accuracy,kappa_linear,kappa_quadratic,spearman_r,roc_auc_macro_ovr,roc_auc_weighted_ovr,fold,n_train,n_val,best_penalty,best_C,best_solver,inner_auc_score
0.36134453781512604,0.4333333333333333,0.3043600562587904,0.2590504556252881,0.8235294117647058,0.8151260504201681,0.16676193198056588,0.21645182231289983,0.2508640743833904,0.6340613444868763,0.6373007468126367,1,748,119,l2,0.001,lbfgs,0.6244319669578727
0.3435114503816794,0.42035742035742035,0.29554131883776613,0.24330115993188903,0.8625954198473282,0.7938931297709924,0.13951055048538052,0.17993027701765574,0.1977921840314695,0.6158971205752445,0.6116355298619061,2,736,131,l2,0.001,liblinear,0.6178177732324418
0.43529411764705883,0.466905615292712,0.3570876379225525,0.3358571765201969,0.7588235294117647,0.8058823529411765,0.2357819905213271,0.28987618353969413,0.3498611745027061,0.6370016975242179,0.6247269684197666,3,697,170,l2,0.001,lbfgs,0.6280112296443634
0.48936170212765956,0.4311086529006883,0.3505670040238995,0.3978860906946999,0.7063829787234043,0.8042553191489362,0.20468909276248726,0.24879197125511088,0.2822927829765079,0.6326821543374308,0.6310922747815085,4,632,235,l2,0.001,liblinear,0.6141336079630384
0.41037735849056606,0.4003436426116838,0.3063931237844281,0.3286072964497903,0.8113207547169812,0.7783018867924528,0.12143407864302236,0.15360369825593612,0.33040118720575185,0.6184066319088878,0.6167430959572625,5,655,212,l2,0.01,lbfgs,0.6308033383980706
