roc_auc,pr_auc,accuracy,f1,balanced_accuracy,matthews_corrcoef,sensitivity,specificity,precision,pos_LR,sensitivity_at_spec100,fold,n_train,n_val,threshold,best_penalty,best_C,best_solver,best_inner_score
0.7042752339994941,0.8062698976191648,0.6648648648648648,0.7232142857142857,0.6566531748039464,0.3044255667974304,0.6864406779661016,0.6268656716417911,0.7641509433962265,1.8396610169491525,0.0423728813559322,1,646,185,0.4904252723447881,l2,0.01,liblinear,0.6593494668486631
0.6718700223000955,0.760645822985496,0.6724137931034483,0.7205882352941176,0.6728257406817457,0.33513969555605155,0.6712328767123288,0.6744186046511628,0.7777777777777778,2.0616438356164384,0.0273972602739726,2,715,116,0.4803568063373743,l2,0.01,liblinear,0.6841382841614141
0.6084918177797435,0.6325371572736123,0.5934579439252337,0.6297872340425532,0.5898717381689518,0.17924472671398045,0.6218487394957983,0.5578947368421052,0.6379310344827587,1.4065626250500198,0.0,3,617,214,0.4850106758206444,l2,0.001,liblinear,0.687415704022803
0.6649122807017543,0.7551609865255675,0.6387096774193548,0.6888888888888889,0.6346491228070176,0.2635800093851701,0.6526315789473685,0.6166666666666667,0.7294117647058823,1.7025171624713962,0.0,4,676,155,0.532878475173614,l2,0.01,liblinear,0.6797002684715281
0.6924079504724666,0.7623500832823171,0.6708074534161491,0.7439613526570048,0.6388888888888888,0.28764784765612345,0.7777777777777778,0.5,0.7129629629629629,1.5555555555555556,0.020202020202020204,5,670,161,0.461589387576669,l1,0.1,liblinear,0.6569294646232999
