n_pairs,pairwise_accuracy,both_correct_rate,mean_delta,median_delta,std_delta,n_positive_delta,per_drug_accuracy,per_drug_roc_auc,per_drug_pr_auc,n_train,n_test,best_penalty,best_C,best_solver,inner_cv_score,threshold,seed
13,0.3076923076923077,0.46153846153846156,-0.0198037135379992,-0.028084944425154523,0.03187582866930584,4,0.7692307692307693,0.13636363636363635,0.7293551453923582,867,26,l1,0.01,liblinear,0.6736508052402111,0.511346935327426,4
