roc_auc,pr_auc,accuracy,f1,balanced_accuracy,matthews_corrcoef,sensitivity,specificity,precision,pos_LR,sensitivity_at_spec100,fold,n_train,n_val,threshold,best_penalty,best_C,best_solver,best_inner_score
0.6225,0.6836287389773053,0.6538461538461539,0.7096774193548387,0.64375,0.28311042925246527,0.6875,0.6,0.7333333333333333,1.71875,0.0125,1,737,130,0.5146295067376665,l2,0.001,liblinear,0.7058689224330248
0.6372456964006259,0.6959715030025946,0.6379310344827587,0.6956521739130435,0.6269170579029734,0.2504090275121618,0.676056338028169,0.5777777777777777,0.7164179104477612,1.6011860637509263,0.028169014084507043,2,751,116,0.5111752703229785,l2,0.0001,liblinear,0.6799288901804132
0.6881372549019608,0.6682048720825751,0.6398601398601399,0.6791277258566978,0.6353921568627451,0.2757983164676084,0.7266666666666667,0.5441176470588235,0.6374269005847953,1.5939784946236557,0.006666666666666667,3,581,286,0.46316754959036005,l2,0.0001,liblinear,0.695444464596232
0.7043478260869566,0.8005003905481355,0.718562874251497,0.7929515418502202,0.6797658862876255,0.3542399287437286,0.782608695652174,0.5769230769230769,0.8035714285714286,1.8498023715415017,0.008695652173913044,4,700,167,0.5001810867730195,l2,0.0001,lbfgs,0.6575639604780971
0.6710294117647058,0.7069015432192169,0.6547619047619048,0.71,0.6417647058823529,0.28352941176470586,0.71,0.5735294117647058,0.71,1.6648275862068964,0.01,5,699,168,0.5272937142289622,l2,0.001,liblinear,0.6784410338554971
