roc_auc,pr_auc,accuracy,f1,balanced_accuracy,matthews_corrcoef,sensitivity,specificity,precision,pos_LR,sensitivity_at_spec100,fold,n_train,n_val,threshold,best_penalty,best_C,best_solver,best_inner_score
0.6440045248868778,0.6696639703781714,0.5978835978835979,0.5824175824175825,0.6077488687782806,0.2177509491729074,0.5096153846153846,0.7058823529411765,0.6794871794871795,1.7326923076923078,0.019230769230769232,1,678,189,0.5362884901845364,l2,0.01,liblinear,0.6810984330192057
0.6360000000000001,0.6955019955415949,0.5916666666666667,0.6370370370370371,0.5871428571428572,0.17244785222861356,0.6142857142857143,0.56,0.6615384615384615,1.3961038961038963,0.02857142857142857,2,747,120,0.5067210613875629,l2,0.01,lbfgs,0.6825426839315744
0.6410699588477367,0.7104225873249941,0.6,0.6511627906976745,0.5944444444444444,0.18588395715729553,0.6222222222222222,0.5666666666666667,0.6829268292682927,1.435897435897436,0.007407407407407408,3,642,225,0.45319980729604065,l2,0.01,lbfgs,0.6687069339836893
0.6645220588235294,0.7226530773715039,0.6746987951807228,0.7378640776699029,0.6537990196078431,0.3095003334102624,0.7450980392156863,0.5625,0.7307692307692307,1.7030812324929971,0.049019607843137254,4,701,166,0.49640788644169453,l2,0.001,lbfgs,0.6520688859678906
0.635483870967742,0.7470236779159901,0.5988023952095808,0.6666666666666666,0.5851766513056835,0.16648544105340676,0.638095238095238,0.532258064516129,0.6979166666666666,1.3642036124794743,0.06666666666666667,5,700,167,0.4965135772173859,l2,0.01,liblinear,0.6692871510928899
