roc_auc,pr_auc,accuracy,f1,balanced_accuracy,matthews_corrcoef,sensitivity,specificity,precision,pos_LR,sensitivity_at_spec100,fold,n_train,n_val,threshold,best_penalty,best_C,best_solver,best_inner_score
0.641566265060241,0.6575832885635827,0.6120218579234973,0.6602870813397129,0.6040361445783132,0.21106886877490466,0.69,0.5180722891566265,0.6330275229357798,1.4317499999999999,0.01,1,684,183,0.4787108674471254,l2,0.0001,lbfgs,0.7292642073173251
0.7268632268632269,0.7561030038158365,0.6473988439306358,0.6666666666666666,0.6526754026754027,0.30227197286852237,0.6161616161616161,0.6891891891891891,0.7261904761904762,1.9824330259112863,0.030303030303030304,2,694,173,0.5043298079726865,l2,0.0001,liblinear,0.707712918480629
0.7647649082568807,0.8234983132239915,0.7109826589595376,0.7685185185185185,0.6932339449541285,0.38410750716340286,0.7614678899082569,0.625,0.7757009345794392,2.0305810397553516,0.027522935779816515,3,694,173,0.5071443282348812,l2,0.0001,liblinear,0.6838489082479393
0.6607545045045046,0.7336588836506357,0.6685714285714286,0.7387387387387387,0.6428068693693694,0.28561373873873874,0.7387387387387387,0.546875,0.7387387387387387,1.6303199751475614,0.036036036036036036,4,692,175,0.47510922627429175,l1,0.01,liblinear,0.7054311541491332
0.7311777569509528,0.7957197133876354,0.7055214723926381,0.7647058823529411,0.6823648859731334,0.3770015603209108,0.8041237113402062,0.5606060606060606,0.7289719626168224,1.830074653394952,0.09278350515463918,5,704,163,0.4904914114477368,l2,0.0001,liblinear,0.6914479940055023
