roc_auc,pr_auc,accuracy,f1,balanced_accuracy,matthews_corrcoef,sensitivity,specificity,precision,pos_LR,sensitivity_at_spec100,fold,n_train,n_val,threshold,best_penalty,best_C,best_solver,best_inner_score
0.6847364243358078,0.7701033000908386,0.62751677852349,0.6991869918699187,0.6040762011486203,0.21352916355186913,0.7288135593220338,0.4793388429752066,0.671875,1.3997847726661283,0.02824858757062147,1,595,298,0.4907665697297617,l2,0.0001,lbfgs,0.677014192231802
0.7114408929477424,0.740896116179798,0.6629834254143646,0.7109004739336493,0.655441400304414,0.30796693426078753,0.6944444444444444,0.6164383561643836,0.7281553398058253,1.810515873015873,0.009259259259259259,2,712,181,0.5163901662394046,l2,0.001,liblinear,0.647488001412829
0.5669662921348314,0.6482071498119728,0.6258992805755396,0.7263157894736842,0.5676404494382022,0.1456679473735589,0.7752808988764045,0.36,0.6831683168316832,1.211376404494382,0.0,3,754,139,0.5073307488556458,l2,0.0001,liblinear,0.7227858502296685
0.6977922077922079,0.7433971300658407,0.6388888888888888,0.6798029556650246,0.6422077922077922,0.27745825570194516,0.6272727272727273,0.6571428571428571,0.7419354838709677,1.8295454545454546,0.0,4,713,180,0.5410399363514041,l2,0.0001,liblinear,0.676705749017479
0.7276422764227641,0.7224831195617349,0.6526315789473685,0.6732673267326733,0.6562782294489612,0.309633354986357,0.6296296296296297,0.6829268292682927,0.723404255319149,1.985754985754986,0.07407407407407407,5,798,95,0.5264288070616223,l2,0.0001,lbfgs,0.6819996940766446
