accuracy,balanced_accuracy,f1_macro,f1_weighted,mae,adjacent_accuracy,kappa_linear,kappa_quadratic,spearman_r,roc_auc_macro_ovr,roc_auc_weighted_ovr,fold,n_train,n_val,best_penalty,best_C,best_solver,inner_auc_score
0.41015625,0.41026799156880456,0.3914266972072566,0.41451289136851954,0.7578125,0.83203125,0.15857956085660074,0.2107986699843657,0.23112236292839614,0.6158486884325063,0.6121020784958721,1,611,256,l2,0.0001,lbfgs,0.6464977413950846
0.4140625,0.44489436950918976,0.41296263960835294,0.40837777438255435,0.7734375,0.8125,0.157334751961697,0.17197676465411016,0.15556835167263447,0.5696958960437569,0.5582730170860652,2,739,128,l2,0.001,lbfgs,0.6555041892998212
0.5337423312883436,0.5481342244500139,0.5305872156983141,0.5394093732386508,0.5828220858895705,0.8834355828220859,0.32008781558726684,0.33871213738828054,0.38017189938187285,0.6642146359690858,0.6567938020700674,3,704,163,l2,0.0001,lbfgs,0.6321482932400315
0.46153846153846156,0.5091418997668997,0.45906526255944735,0.44649941633119367,0.6982248520710059,0.8402366863905325,0.24226764951744062,0.26791920616531506,0.39245158929269613,0.6729020616343245,0.6532120882698237,4,698,169,l2,0.001,lbfgs,0.6389453722230113
0.5629139072847682,0.578544061302682,0.5592423808994061,0.5704420034872855,0.5695364238410596,0.8675496688741722,0.35309355385075225,0.35505084745762716,0.36982276364278155,0.696014788594114,0.6860223184074744,5,716,151,l2,0.0001,lbfgs,0.6342700589596493
