roc_auc,pr_auc,accuracy,f1,balanced_accuracy,matthews_corrcoef,sensitivity,specificity,precision,pos_LR,sensitivity_at_spec100,fold,n_train,n_val,threshold,best_penalty,best_C,best_solver,best_inner_score
0.5731404958677686,0.6777550174911504,0.6178010471204188,0.7020408163265306,0.5839433293978749,0.1695155906835134,0.7107438016528925,0.45714285714285713,0.6935483870967742,1.309264897781644,0.0,1,702,191,0.446294290737767,l1,0.1,liblinear,0.6669507496232956
0.6439598917714467,0.7651380634136957,0.6402439024390244,0.7354260089686099,0.5865828425911188,0.18889845430164862,0.7961165048543689,0.3770491803278688,0.6833333333333333,1.2779764946346448,0.02912621359223301,2,729,164,0.40940387293857317,l2,0.1,lbfgs,0.6006818970156758
0.6149495942955495,0.6228637872113811,0.5966850828729282,0.6368159203980099,0.5915908532087534,0.18431822126914202,0.6530612244897959,0.5301204819277109,0.6213592233009708,1.3898482469911042,0.01020408163265306,3,712,181,0.46882126400057644,l2,0.001,lbfgs,0.6155875796039999
0.6257463229940294,0.7254743892295424,0.6337209302325582,0.7248908296943232,0.5870831513033348,0.18270707338873976,0.7614678899082569,0.4126984126984127,0.6916666666666667,1.296553434168113,0.027522935779816515,4,721,172,0.4523994020170534,l1,0.1,liblinear,0.6650669385173208
0.6755331895518811,0.7331571717053211,0.6324324324324324,0.6792452830188679,0.6249101365923795,0.24901598475901646,0.6728971962616822,0.5769230769230769,0.6857142857142857,1.590484282073067,0.04672897196261682,5,708,185,0.4743161692522026,l2,0.01,lbfgs,0.5865236423680578
