accuracy,balanced_accuracy,f1_macro,f1_weighted,mae,adjacent_accuracy,kappa_linear,kappa_quadratic,spearman_r,roc_auc_macro_ovr,roc_auc_weighted_ovr,fold,n_train,n_val,best_penalty,best_C,best_solver,inner_auc_score
0.3816793893129771,0.39627735152031834,0.38150326167293297,0.37852049838725454,0.7938931297709924,0.8244274809160306,0.10872693968337044,0.1344374944938772,0.28426696990722733,0.6012122703556247,0.5963845772825539,1,736,131,l2,0.001,lbfgs,0.6631585662825329
0.3968253968253968,0.3851356373095503,0.37168831677736636,0.3863493742880095,0.783068783068783,0.8201058201058201,0.13195134061569003,0.17931810871662912,0.26101031610512376,0.5979589776223717,0.6000067129099387,2,678,189,l2,0.0001,lbfgs,0.6780029858260734
0.46875,0.4735107376283847,0.46196884780875075,0.47145229126543564,0.66875,0.8625,0.2726036709721279,0.3335540108131966,0.3582203371202646,0.6519265083224509,0.6536615277684733,3,707,160,l2,0.0001,lbfgs,0.6477391184085516
0.5299145299145299,0.5468825910931174,0.5170796310362237,0.5405346673453659,0.5982905982905983,0.8717948717948718,0.2993412610146292,0.3088986680055523,0.34890315678843253,0.6967734905536945,0.68890156443246,4,633,234,l2,0.0001,lbfgs,0.616982520318769
0.4444444444444444,0.47853229632890654,0.4379314298818943,0.4480251635111102,0.7058823529411765,0.8496732026143791,0.22240000000000015,0.25545092586740814,0.3754798741535302,0.6590498606939658,0.6491083330536094,5,714,153,l2,0.0001,lbfgs,0.6363146121645705
