roc_auc,pr_auc,accuracy,f1,balanced_accuracy,matthews_corrcoef,sensitivity,specificity,precision,pos_LR,sensitivity_at_spec100,fold,n_train,n_val,threshold,best_penalty,best_C,best_solver,best_inner_score
0.6933102806224232,0.745299378816485,0.6306818181818182,0.644808743169399,0.6425721505519351,0.2821396534664416,0.5728155339805825,0.7123287671232876,0.7375,1.9912159038372628,0.0,1,655,176,0.5097802125551307,l2,0.001,lbfgs,0.7205398944819253
0.7165034631000716,0.7613363966042164,0.7045454545454546,0.7547169811320755,0.6910675901600192,0.3833732767862946,0.759493670886076,0.6226415094339622,0.75,2.0126582278481013,0.02531645569620253,2,699,132,0.5387108884923256,l1,0.1,liblinear,0.6933761512396013
0.7274576822916667,0.7706928406828791,0.6607142857142857,0.7007874015748031,0.6549479166666667,0.3091420111676559,0.6953125,0.6145833333333334,0.7063492063492064,1.8040540540540542,0.0390625,3,607,224,0.5106490941615469,l1,0.1,liblinear,0.7073626895765014
0.7066993464052287,0.7947268117490048,0.64,0.7096774193548387,0.6360294117647058,0.2556653716805367,0.6470588235294118,0.625,0.7857142857142857,1.7254901960784315,0.0,4,681,150,0.538919333588014,l2,0.001,liblinear,0.7064758280586356
0.6956521739130435,0.7732033945837032,0.5973154362416108,0.6703296703296703,0.577135774218154,0.15330980087473564,0.6630434782608695,0.49122807017543857,0.6777777777777778,1.3032233883058468,0.010869565217391304,5,682,149,0.5186981768770855,l1,0.1,liblinear,0.7003718388348747
