roc_auc,pr_auc,accuracy,f1,balanced_accuracy,matthews_corrcoef,sensitivity,specificity,precision,pos_LR,sensitivity_at_spec100,fold,n_train,n_val,threshold,best_penalty,best_C,best_solver,best_inner_score
0.6689999999999999,0.747978907933182,0.6,0.6388888888888888,0.6074999999999999,0.20922159124340928,0.575,0.64,0.71875,1.597222222222222,0.0125,1,737,130,0.5297725010265302,l2,0.0001,liblinear,0.7124258487152736
0.6913928012519561,0.7412501663527677,0.6724137931034483,0.7466666666666667,0.638810641627543,0.2902510375737024,0.7887323943661971,0.4888888888888889,0.7088607594936709,1.543172075933864,0.0,2,751,116,0.5072806488723656,l2,0.001,liblinear,0.7041826259331462
0.6903431372549018,0.6505850036623626,0.6468531468531469,0.6599326599326599,0.6465196078431372,0.29280248584390145,0.6533333333333333,0.6397058823529411,0.6666666666666666,1.813333333333333,0.0,3,581,286,0.5238337840061398,l2,0.0001,lbfgs,0.712142004315318
0.6478260869565217,0.7776646826643301,0.6227544910179641,0.7174887892376681,0.5785953177257526,0.15227877624394212,0.6956521739130435,0.46153846153846156,0.7407407407407407,1.2919254658385093,0.0,4,700,167,0.47131091722685226,l2,0.001,liblinear,0.6841872803748892
0.7083823529411765,0.7288721454878611,0.6785714285714286,0.7352941176470589,0.6617647058823529,0.3270104022312147,0.75,0.5735294117647058,0.7211538461538461,1.7586206896551722,0.0,5,699,168,0.4834788753639767,l2,0.0001,liblinear,0.687050654185531
