accuracy,balanced_accuracy,f1_macro,f1_weighted,mae,adjacent_accuracy,kappa_linear,kappa_quadratic,spearman_r,roc_auc_macro_ovr,roc_auc_weighted_ovr,fold,n_train,n_val,best_penalty,best_C,best_solver,inner_auc_score
0.3543307086614173,0.35598621877691644,0.35504700246195237,0.36308731366271874,0.7401574803149606,0.905511811023622,0.1404089861751152,0.25899920886075944,0.40759335357212734,0.5891304082385905,0.5938793865637576,1,740,127,l2,0.001,lbfgs,0.6840663339133881
0.5181347150259067,0.4996088193456614,0.4944962166467543,0.5198308788480942,0.5803108808290155,0.9015544041450777,0.28622374851406684,0.32388247933112235,0.4005037255017497,0.6980971696679661,0.6970659803664526,2,674,193,l2,0.001,lbfgs,0.6717667933376775
0.47674418604651164,0.4727116653112858,0.47338156807574644,0.47951075077002653,0.5930232558139535,0.9302325581395349,0.28752436647173485,0.3813656085864353,0.3975407800959033,0.6560778274013569,0.6536774272239388,3,695,172,l2,0.001,lbfgs,0.6837053381249869
0.5529953917050692,0.5732935951379149,0.5269589034712828,0.5608661293372414,0.5714285714285714,0.8755760368663594,0.3795139049024582,0.43410103141115797,0.487618643438365,0.758724937028935,0.7548666176289033,4,650,217,l2,0.0001,lbfgs,0.623841808189895
0.45569620253164556,0.4638820638820638,0.4525799277926334,0.45824719973933414,0.6645569620253164,0.879746835443038,0.20309347679892387,0.23133972919643464,0.29226811891388615,0.6490600570941784,0.6381547692982725,5,709,158,l2,0.001,lbfgs,0.6834614852154904
