accuracy,balanced_accuracy,f1_macro,f1_weighted,mae,adjacent_accuracy,kappa_linear,kappa_quadratic,spearman_r,roc_auc_macro_ovr,roc_auc_weighted_ovr,fold,n_train,n_val,best_penalty,best_C,best_solver,inner_auc_score
0.4296875,0.42676943151197894,0.4159784949775527,0.44487363495267995,0.70703125,0.86328125,0.20030375202788997,0.2571560693641618,0.23860234999491223,0.598915603688125,0.6039381138968745,1,611,256,l2,0.0001,lbfgs,0.635169712372119
0.4609375,0.4898037887766427,0.461437908496732,0.46628880718954246,0.7265625,0.8125,0.22145192936559843,0.22300671603237476,0.23325600397928425,0.6386627152427996,0.6356252584322759,2,739,128,l2,0.0001,lbfgs,0.6358108415512653
0.5153374233128835,0.5305903648008911,0.5113188453394639,0.5207235999722243,0.6134969325153374,0.8711656441717791,0.28671451076492216,0.29677340949140185,0.39674956031484704,0.6797723868888154,0.6736847770489152,3,704,163,l2,0.0001,lbfgs,0.6258039083879441
0.514792899408284,0.5496552059052059,0.5117633828160143,0.5087886991032429,0.6272189349112426,0.8579881656804734,0.3247135102533173,0.3573192414065587,0.41057000759056567,0.6908593056184542,0.6748049551031111,4,698,169,l2,0.0001,lbfgs,0.6278871293386524
0.5165562913907285,0.5250609543712992,0.5119115535316028,0.5205586859467382,0.6158940397350994,0.8675496688741722,0.2903633331648896,0.3083175477871535,0.32644607864049263,0.6781563986311258,0.6658794389957875,5,716,151,l2,0.0001,lbfgs,0.6351792801985152
