accuracy,balanced_accuracy,f1_macro,f1_weighted,mae,adjacent_accuracy,kappa_linear,kappa_quadratic,spearman_r,roc_auc_macro_ovr,roc_auc_weighted_ovr,fold,n_train,n_val,best_penalty,best_C,best_solver,inner_auc_score
0.35294117647058826,0.425,0.2980108499095841,0.25264789460087833,0.8403361344537815,0.8067226890756303,0.14975707344955702,0.19438004265974218,0.23925636308228335,0.5967531022773863,0.5851348125900178,1,748,119,l2,0.01,liblinear,0.6245152372815153
0.3816793893129771,0.46620046620046623,0.3284789644012945,0.2704735788927592,0.7862595419847328,0.8320610687022901,0.21456429361429663,0.27684103796612713,0.31389694737803686,0.6633607068850252,0.6565132441957864,2,736,131,l2,0.001,lbfgs,0.6124124762259269
0.3764705882352941,0.39062980030721967,0.3176895010998161,0.3082857022750487,0.8764705882352941,0.7470588235294118,0.10304532577903691,0.12378821774794924,0.16773695631059538,0.5672256459827759,0.563362128153442,3,697,170,l1,0.1,liblinear,0.6243532348443215
0.4595744680851064,0.41844886922320557,0.33585858585858586,0.3797227595099935,0.7659574468085106,0.774468085106383,0.16846864556713192,0.20320094842916425,0.24481025484995156,0.6020355950122026,0.6028020893599482,4,632,235,l2,0.001,lbfgs,0.6179575287275014
0.4386792452830189,0.44230421414360643,0.3389249639249639,0.3509199134199134,0.7405660377358491,0.8207547169811321,0.1900914930893518,0.2474251934913766,0.3414688891986262,0.6263579037585414,0.6062179863946434,5,655,212,l1,0.1,liblinear,0.6204713045759154
