accuracy,balanced_accuracy,f1_macro,f1_weighted,mae,adjacent_accuracy,kappa_linear,kappa_quadratic,spearman_r,roc_auc_macro_ovr,roc_auc_weighted_ovr,fold,n_train,n_val,best_penalty,best_C,best_solver,inner_auc_score
0.3816793893129771,0.4255470304063655,0.32616910168397584,0.3052385680942636,0.8549618320610687,0.7633587786259542,0.16131244998285132,0.19393167833651614,0.2644978809444441,0.5667377095765843,0.5584418500224517,1,736,131,l2,0.01,lbfgs,0.6323323786136607
0.42857142857142855,0.43534002229654406,0.3396754797792603,0.3490102407819235,0.798941798941799,0.7724867724867724,0.20319959795627773,0.24526108274781377,0.2406384822436234,0.56175300070812,0.5726425793630094,2,678,189,l2,0.01,liblinear,0.6436382201917568
0.48125,0.47985060690943043,0.4063448694596235,0.4203438069216758,0.7375,0.78125,0.2597239648682559,0.2966704077815189,0.35492161115862403,0.6264054793709092,0.6275012770483017,3,707,160,l2,0.01,liblinear,0.6070061053514852
0.3888888888888889,0.4545299145299146,0.31505136919410914,0.3100010917894429,0.8162393162393162,0.7948717948717948,0.1927536755409457,0.24116969108042763,0.355822373845551,0.6676329551083704,0.6601333717094151,4,633,234,l2,0.0001,liblinear,0.6007358623629816
0.37254901960784315,0.44713478611783697,0.31272626009468113,0.29068859512615963,0.8235294117647058,0.803921568627451,0.1966830569214102,0.24908966172357383,0.3146128733336452,0.6111042829343437,0.6049135109819587,5,714,153,l2,0.001,lbfgs,0.6216433981514065
