accuracy,balanced_accuracy,f1_macro,f1_weighted,mae,adjacent_accuracy,kappa_linear,kappa_quadratic,spearman_r,roc_auc_macro_ovr,roc_auc_weighted_ovr,fold,n_train,n_val,best_penalty,best_C,best_solver,inner_auc_score
0.44954128440366975,0.4373211397287546,0.4322490543421105,0.44928529111313203,0.6880733944954128,0.8623853211009175,0.19954959365514535,0.24679170779861803,0.35321657831743625,0.6308762658089984,0.6282021148705159,1,758,109,l1,0.1,liblinear,0.6292265827998412
0.4049586776859504,0.4700443390098563,0.39259748843357567,0.36395317714791364,0.7603305785123967,0.8347107438016529,0.20610469262587372,0.24823496187517657,0.3621041130290648,0.6767024461858863,0.6620880018292882,2,746,121,l1,0.01,liblinear,0.6411103517323771
0.4444444444444444,0.43752040309417356,0.4248854938444963,0.4388208348155448,0.6851851851851852,0.8703703703703703,0.20150976909413865,0.24886356748893868,0.3043953374236681,0.630436027324926,0.6301285881905483,3,705,162,l2,0.001,lbfgs,0.6465913195355897
0.5110132158590308,0.5029761904761905,0.4438619834666581,0.4670466516568146,0.6387665198237885,0.8502202643171806,0.28800103830928636,0.33788428620335487,0.38725628417529534,0.6682201606089193,0.6619606706247443,4,640,227,l2,0.0001,liblinear,0.62666379235124
0.47580645161290325,0.5014111580649591,0.42047145003073405,0.4190819922636212,0.717741935483871,0.8064516129032258,0.2748538011695907,0.3150552374808483,0.382484785643618,0.6846728376507324,0.6776837336637164,5,619,248,l2,0.0001,liblinear,0.6242156816066788
