roc_auc,pr_auc,accuracy,f1,balanced_accuracy,matthews_corrcoef,sensitivity,specificity,precision,pos_LR,sensitivity_at_spec100,fold,n_train,n_val,threshold,best_penalty,best_C,best_solver,best_inner_score
0.6410861865407319,0.6858983081172437,0.643979057591623,0.7043478260869566,0.6347107438016528,0.2622731061759395,0.6694214876033058,0.6,0.7431192660550459,1.6735537190082643,0.008264462809917356,1,702,191,0.49398032898323635,l2,0.0001,liblinear,0.6743490695883387
0.6205634251153908,0.6941341613123699,0.6341463414634146,0.7222222222222222,0.5917555307973897,0.19161145453423384,0.7572815533980582,0.4262295081967213,0.6902654867256637,1.3198335644937587,0.009708737864077669,2,729,164,0.4784433429722888,l1,0.01,liblinear,0.6522293105610483
0.6656011802311286,0.6659645207313767,0.6408839779005525,0.6948356807511737,0.6305630686009343,0.2703220924226287,0.7551020408163265,0.5060240963855421,0.6434782608695652,1.5286212045793925,0.01020408163265306,3,712,181,0.48108220529599466,l2,0.0001,lbfgs,0.6264616988557876
0.6574923547400614,0.7453711900496103,0.6627906976744186,0.7264150943396226,0.6468618028251056,0.28872156078932354,0.7064220183486238,0.5873015873015873,0.7475728155339806,1.7117148906139732,0.07339449541284404,4,721,172,0.5080716128545033,l2,0.0001,liblinear,0.6757064200079578
0.7185478073328542,0.7337773687480824,0.6972972972972973,0.72,0.7018332135154565,0.39868182062124347,0.6728971962616822,0.7307692307692307,0.7741935483870968,2.4993324432576762,0.018691588785046728,5,708,185,0.5086476088756797,l2,0.0001,liblinear,0.6290462242442643
