roc_auc,pr_auc,accuracy,f1,balanced_accuracy,matthews_corrcoef,sensitivity,specificity,precision,pos_LR,sensitivity_at_spec100,fold,n_train,n_val,threshold,best_penalty,best_C,best_solver,best_inner_score
0.6613437923145165,0.71942385518288,0.6040268456375839,0.6358024691358025,0.6091422701592193,0.21441499579465068,0.5819209039548022,0.6363636363636364,0.7006802721088435,1.600282485875706,0.0,1,595,298,0.49141518385480565,l2,0.001,lbfgs,0.6661635123009557
0.7023084728564181,0.7609507619219391,0.6685082872928176,0.719626168224299,0.6578513444951801,0.31438949381861164,0.7129629629629629,0.6027397260273972,0.7264150943396226,1.794699872286079,0.07407407407407407,2,712,181,0.47317284590367537,l2,0.01,lbfgs,0.6255880970005938
0.5267415730337078,0.6773504646095707,0.5755395683453237,0.6878306878306878,0.5151685393258427,0.03240570390587533,0.7303370786516854,0.3,0.65,1.043338683788122,0.0449438202247191,3,754,139,0.48125657979762354,l2,0.001,liblinear,0.6668742917695043
0.6497402597402597,0.7256778413739458,0.6388888888888888,0.7257383966244726,0.5980519480519481,0.2097450834164293,0.7818181818181819,0.4142857142857143,0.6771653543307087,1.3348115299334815,0.0,4,713,180,0.4668573406207264,l2,0.001,liblinear,0.6665872770897967
0.7470641373080398,0.7185621165565302,0.7263157894736842,0.7592592592592593,0.721093044263776,0.4421860885275519,0.7592592592592593,0.6829268292682927,0.7592592592592593,2.394586894586895,0.018518518518518517,5,798,95,0.49696169721680267,l2,0.0001,lbfgs,0.6552860667079013
