accuracy,balanced_accuracy,f1_macro,f1_weighted,mae,adjacent_accuracy,kappa_linear,kappa_quadratic,spearman_r,roc_auc_macro_ovr,roc_auc_weighted_ovr,fold,n_train,n_val,best_penalty,best_C,best_solver,inner_auc_score
0.47265625,0.42041901188242653,0.34082971292273617,0.3846034053156146,0.73828125,0.7890625,0.17201724964063247,0.20912041274860615,0.26257813045671674,0.6278763688089369,0.6240870098039215,1,611,256,l2,0.001,liblinear,0.6249265430356037
0.3515625,0.39398385913426265,0.28966861598440546,0.2659630847953216,0.890625,0.7578125,0.10346522487097565,0.13005869632375655,0.205374492981051,0.6206320434069091,0.6178970927291926,2,739,128,l2,0.001,lbfgs,0.6281828702416445
0.4110429447852761,0.4668615984405458,0.3385051718385052,0.3026308517106063,0.7484662576687117,0.8404907975460123,0.24012227741688952,0.3070608355729294,0.4085174233660742,0.6571250612391885,0.6468117300937307,3,704,163,l2,0.01,liblinear,0.6136984511902512
0.40828402366863903,0.4595352564102564,0.33709827031156214,0.3108150647846179,0.7928994082840237,0.7988165680473372,0.20640594336977847,0.25654427457641893,0.3179965257699283,0.6392919266962397,0.6223253307845713,4,698,169,l2,0.001,liblinear,0.6341767786983356
0.40397350993377484,0.42525252525252527,0.3241201799331264,0.31330711472481215,0.7947019867549668,0.8013245033112583,0.17267829421970615,0.22289569990850877,0.2923339720224896,0.6537466730232704,0.6432550771638827,5,716,151,l2,0.01,lbfgs,0.622541059344306
