roc_auc,pr_auc,accuracy,f1,balanced_accuracy,matthews_corrcoef,sensitivity,specificity,precision,pos_LR,sensitivity_at_spec100,fold,n_train,n_val,threshold,best_penalty,best_C,best_solver,best_inner_score
0.6865102639296188,0.8197011493512146,0.6145251396648045,0.6820276497695853,0.6256598240469209,0.2320747708798294,0.5967741935483871,0.6545454545454545,0.7956989247311828,1.7275042444821733,0.04838709677419355,1,714,179,0.5049345774882289,l2,0.001,lbfgs,0.6208662017036987
0.6516642072470896,0.6059848530075644,0.6244343891402715,0.6278026905829597,0.6247745532054435,0.24944687826911385,0.6140350877192983,0.6355140186915887,0.6422018348623854,1.684660368870895,0.0,2,672,221,0.498041303218257,l1,0.1,liblinear,0.6409286903864111
0.6562417174662072,0.7461600021743636,0.6428571428571429,0.7169811320754716,0.6150278293135436,0.23525727277291042,0.7402597402597403,0.4897959183673469,0.6951219512195121,1.450909090909091,0.07792207792207792,3,767,126,0.46564072043913207,l2,0.001,liblinear,0.617950071404894
0.5851172273190621,0.6992692914785562,0.622093023255814,0.7368421052631579,0.5444153196446775,0.1074650659613101,0.8348623853211009,0.25396825396825395,0.6594202898550725,1.1190708569197736,0.01834862385321101,4,721,172,0.4201753949606793,l2,0.01,liblinear,0.6693490407606653
0.6686159844054581,0.7346743032606802,0.6102564102564103,0.680672268907563,0.5898310591293048,0.18399729314199,0.7105263157894737,0.4691358024691358,0.6532258064516129,1.3384332925336597,0.017543859649122806,5,698,195,0.44678904958635773,l2,0.01,liblinear,0.6438683769589112
