accuracy,balanced_accuracy,f1_macro,f1_weighted,mae,adjacent_accuracy,kappa_linear,kappa_quadratic,spearman_r,roc_auc_macro_ovr,roc_auc_weighted_ovr,fold,n_train,n_val,best_penalty,best_C,best_solver,inner_auc_score
0.4117647058823529,0.43512345679012343,0.41167030639931174,0.415801222216105,0.7058823529411765,0.8823529411764706,0.17917556248973554,0.23700480879322194,0.35890503151775643,0.6452338502154464,0.6280420423985956,1,748,119,l2,0.01,lbfgs,0.6290854929637202
0.3816793893129771,0.39426863155676717,0.3799568607930978,0.38379201988000566,0.7938931297709924,0.8244274809160306,0.08539205155746499,0.0884208573019113,0.2002007293719524,0.5848491093385292,0.572014373843353,2,736,131,l2,0.01,lbfgs,0.6198871315300167
0.47058823529411764,0.485099846390169,0.46917678496408377,0.4682958843907124,0.6882352941176471,0.8411764705882353,0.2485265225933202,0.2784810126582279,0.2541671577040153,0.6136517775193687,0.6090291857552991,3,697,170,l2,0.001,lbfgs,0.6257202228250879
0.3617021276595745,0.3535172340482075,0.34784779084803347,0.37587273306113395,0.7957446808510639,0.8425531914893617,0.08920392132479416,0.14054508512576191,0.21855462284907753,0.5606741547405666,0.5713119254961919,4,632,235,l2,0.01,lbfgs,0.6448335188785088
0.5235849056603774,0.4989042428000648,0.4824558391982801,0.5197951961030627,0.5424528301886793,0.9339622641509434,0.3544116089397309,0.4570916905444127,0.49643924989951926,0.6897329695193921,0.6930559353446967,5,655,212,l2,0.001,lbfgs,0.6026940341211278
