accuracy,balanced_accuracy,f1_macro,f1_weighted,mae,adjacent_accuracy,kappa_linear,kappa_quadratic,spearman_r,roc_auc_macro_ovr,roc_auc_weighted_ovr,fold,n_train,n_val,best_penalty,best_C,best_solver,inner_auc_score
0.4330708661417323,0.42977318403674997,0.37830442649719753,0.39182428424435817,0.7874015748031497,0.7795275590551181,0.17820628963375174,0.20998484727649736,0.2669040991221203,0.5767739550432673,0.5781783830650601,1,740,127,l2,1.0,liblinear,0.6234082397673488
0.34196891191709844,0.405049786628734,0.28471478546441065,0.2666668146311744,0.9015544041450777,0.7564766839378239,0.11964557227494366,0.15000328666272278,0.19332242904201843,0.59842686771541,0.5955263117673132,2,674,193,l2,0.1,lbfgs,0.6309042516762136
0.36046511627906974,0.4015089906930514,0.3158313057583131,0.2975663441407797,0.8662790697674418,0.7732558139534884,0.13442312888408536,0.1739866294321739,0.22865916655558202,0.5855633455728332,0.5775898520084567,3,695,172,l2,1.0,liblinear,0.6431775623724375
0.5161290322580645,0.4713768115942029,0.37696068671047095,0.44633509494763635,0.6682027649769585,0.815668202764977,0.2708502305749311,0.3272291348021992,0.3717829061021957,0.6473002995066538,0.6511375244466294,4,650,217,l2,0.1,liblinear,0.6098222441082273
0.34810126582278483,0.43177723177723176,0.3067847914359542,0.250514599716837,0.8417721518987342,0.810126582278481,0.15395764554311941,0.19697687891715387,0.32105082434905147,0.6453938918702523,0.6327830813893778,5,709,158,l1,1.0,liblinear,0.6266281064440781
