accuracy,balanced_accuracy,f1_macro,f1_weighted,mae,adjacent_accuracy,kappa_linear,kappa_quadratic,spearman_r,roc_auc_macro_ovr,roc_auc_weighted_ovr,fold,n_train,n_val,best_penalty,best_C,best_solver,inner_auc_score
0.46218487394957986,0.4356790123456791,0.43641477187960215,0.46847085173522485,0.6638655462184874,0.8739495798319328,0.16576448664477772,0.1647240646532293,0.21190410888798034,0.6185646974811173,0.6176144161283813,1,748,119,l2,0.01,lbfgs,0.6396452786953424
0.4351145038167939,0.4558624050149474,0.43629629629629624,0.4323042126095561,0.6870229007633588,0.8778625954198473,0.20219244823386118,0.2494599417676342,0.3518128034580683,0.6693660911012738,0.655658200330691,2,736,131,l2,0.01,lbfgs,0.6276193485616584
0.4235294117647059,0.4316777607100188,0.42360224521241463,0.42489178568191527,0.7529411764705882,0.8235294117647058,0.15521391412376728,0.1674047829937998,0.25507741469218065,0.6064253887434673,0.6011369535560849,3,697,170,l2,0.01,lbfgs,0.6545597183681411
0.451063829787234,0.44120226421111375,0.42589610419789237,0.4505317554433718,0.7191489361702128,0.8297872340425532,0.18611799905731907,0.22234035484085313,0.30467994477931654,0.646410194373504,0.641860239231151,4,632,235,l2,0.001,lbfgs,0.6326613795151295
0.5094339622641509,0.5144198359065424,0.4965605662179311,0.5142402881544327,0.6084905660377359,0.8820754716981132,0.27776897480589435,0.31293453070683663,0.40094933761008156,0.672768759245868,0.664042716587199,5,655,212,l2,0.001,lbfgs,0.6224320821600031
