accuracy,balanced_accuracy,f1_macro,f1_weighted,mae,adjacent_accuracy,kappa_linear,kappa_quadratic,spearman_r,roc_auc_macro_ovr,roc_auc_weighted_ovr,fold,n_train,n_val,best_penalty,best_C,best_solver,inner_auc_score
0.3779527559055118,0.39109962675854143,0.3715797550774198,0.37802798301962687,0.7874015748031497,0.8346456692913385,0.1483369098712446,0.21345080251221216,0.298143967927228,0.5715077969994774,0.5695668981569367,1,740,127,l2,0.0001,lbfgs,0.6509329094008078
0.41968911917098445,0.424188003793267,0.40335978835978836,0.4194111357841928,0.7461139896373057,0.8341968911917098,0.15138931297709912,0.1730048205677558,0.22244359348936424,0.6165078921133881,0.6184836848897558,2,674,193,l2,0.0001,lbfgs,0.6362366037625363
0.43023255813953487,0.44677118159091594,0.429078579976067,0.42767182122614816,0.7151162790697675,0.8546511627906976,0.20370370370370372,0.2513837174197445,0.2276266952077528,0.5958048671758349,0.5936920637502033,3,695,172,l2,0.0001,lbfgs,0.644573040777499
0.5345622119815668,0.5275712949976624,0.4908334483657724,0.5394620637858586,0.6221198156682027,0.8433179723502304,0.3241746833690913,0.3655062151612486,0.45000696240440896,0.7108799131066986,0.7108947919632411,4,650,217,l2,0.0001,lbfgs,0.6097468361093938
0.4810126582278481,0.49565929565929573,0.47984994833013755,0.4801556651484415,0.6075949367088608,0.9113924050632911,0.2676709154113558,0.3279363336992316,0.3114698791672635,0.6565318235534561,0.6475479556539924,5,709,158,l2,0.0001,lbfgs,0.638416287540316
