n_pairs,pairwise_accuracy,both_correct_rate,mean_delta,median_delta,std_delta,n_positive_delta,per_drug_accuracy,per_drug_roc_auc,per_drug_pr_auc,n_train,n_test,best_penalty,best_C,best_solver,inner_cv_score,threshold,seed
13,0.23076923076923078,0.6153846153846154,-0.011490092883218886,-0.005796824300460912,0.03339341664169402,3,0.8461538461538461,0.11363636363636363,0.7177209462581591,867,26,l2,0.0001,liblinear,0.672862296671418,0.48854251794525805,2
