roc_auc,pr_auc,accuracy,f1,balanced_accuracy,matthews_corrcoef,sensitivity,specificity,precision,pos_LR,sensitivity_at_spec100,fold,n_train,n_val,threshold,best_penalty,best_C,best_solver,best_inner_score
0.6749704840613933,0.7381870680184734,0.6649214659685864,0.7090909090909091,0.6723140495867768,0.33233867102428954,0.6446280991735537,0.7,0.7878787878787878,2.148760330578512,0.01652892561983471,1,702,191,0.4977771140586139,l2,0.0001,liblinear,0.666678668397218
0.6686296355244309,0.7254237093906764,0.6829268292682927,0.7475728155339806,0.6606716536686297,0.3213433073372593,0.7475728155339806,0.5737704918032787,0.7475728155339806,1.7539208364451082,0.02912621359223301,2,729,164,0.49700713752401715,l2,0.0001,liblinear,0.6696356685818469
0.679370543398082,0.688279879095475,0.6187845303867403,0.649746192893401,0.615687238750922,0.2316023765745781,0.6530612244897959,0.5783132530120482,0.6464646464646465,1.5486880466472301,0.01020408163265306,3,712,181,0.5154117641423888,l2,0.0001,lbfgs,0.62769211388259
0.6599679627202564,0.735123900515935,0.6627906976744186,0.7339449541284404,0.63681374690549,0.27362749381098006,0.7339449541284404,0.5396825396825397,0.7339449541284404,1.5944321417273015,0.009174311926605505,4,721,172,0.5037376583821307,l2,0.001,liblinear,0.6877738510973628
0.7057272945123412,0.7407465413627126,0.6810810810810811,0.7330316742081447,0.6669662113587347,0.33909093395676515,0.7570093457943925,0.5769230769230769,0.7105263157894737,1.7892948173322003,0.04672897196261682,5,708,185,0.47084776398446565,l1,0.01,liblinear,0.6196058355004034
