accuracy,balanced_accuracy,f1_macro,f1_weighted,mae,adjacent_accuracy,kappa_linear,kappa_quadratic,spearman_r,roc_auc_macro_ovr,roc_auc_weighted_ovr,fold,n_train,n_val,best_penalty,best_C,best_solver,inner_auc_score
0.44881889763779526,0.43362044214757395,0.41420217209690896,0.43296430051506724,0.6771653543307087,0.8740157480314961,0.24613473219215898,0.33122099250267767,0.3761275182657169,0.6126974100447168,0.6119391039260892,1,740,127,l2,0.001,liblinear,0.6717238789705668
0.43005181347150256,0.4382408724513988,0.41045198447477144,0.42141160733341937,0.6994818652849741,0.8704663212435233,0.2016240232878811,0.26145413176129906,0.34243682530854813,0.6444588187485253,0.6393972848188997,2,674,193,l2,0.001,liblinear,0.6508955347310266
0.3488372093023256,0.37188638896418785,0.3088390147213677,0.2985159551507021,0.9011627906976745,0.75,0.07404834676298966,0.09024668598015984,0.2609345403518392,0.6130388481432125,0.6108472922426411,3,695,172,l2,0.0001,liblinear,0.6640065942188667
0.5299539170506913,0.5196353436185134,0.4328859917733923,0.4911832294118303,0.6589861751152074,0.8110599078341014,0.3154574132492114,0.3606866480732216,0.4511322227422718,0.7270886477687588,0.7288860142727261,4,650,217,l2,0.0001,lbfgs,0.5891094280964579
0.4936708860759494,0.5077395577395577,0.49190966513801165,0.49628314474322643,0.6265822784810127,0.879746835443038,0.2562054208273894,0.274549232522287,0.3095336223650942,0.660089692566276,0.6536034088654377,5,709,158,l2,0.001,liblinear,0.6521801969731318
