accuracy,balanced_accuracy,f1_macro,f1_weighted,mae,adjacent_accuracy,kappa_linear,kappa_quadratic,spearman_r,roc_auc_macro_ovr,roc_auc_weighted_ovr,fold,n_train,n_val,best_penalty,best_C,best_solver,inner_auc_score
0.4369747899159664,0.45512345679012345,0.43387998280203915,0.4408985263536039,0.7058823529411765,0.8571428571428571,0.18279921517331588,0.20405849676907384,0.288644831616246,0.6383354357485788,0.6285403875445225,1,748,119,l2,0.0001,lbfgs,0.6576428085677121
0.46564885496183206,0.49005043920298164,0.468513186160245,0.4608993461261086,0.6335877862595419,0.9007633587786259,0.2650895572828659,0.3309123283819877,0.3408641770389517,0.6627062660526709,0.6521619185344234,2,736,131,l2,0.001,lbfgs,0.6683226140387791
0.49411764705882355,0.5102406554019457,0.4939725224611753,0.49196838041386004,0.6588235294117647,0.8470588235294118,0.2708333333333335,0.29004329004329,0.32135582673474705,0.6630453942838427,0.6563236169649584,3,697,170,l2,0.0001,lbfgs,0.6554163144539766
0.43829787234042555,0.42414759892636006,0.4194359412775894,0.4479968807704427,0.6723404255319149,0.8893617021276595,0.2098991360599225,0.2877760138548131,0.39648241056152334,0.648722094422526,0.6499646424439265,4,632,235,l2,0.001,lbfgs,0.6752066607159526
0.5141509433962265,0.54187601149077,0.511743175232576,0.5179104284345407,0.5849056603773585,0.9009433962264151,0.31352170052749784,0.3666630673433394,0.4095821315082807,0.6977522392377633,0.6843332002761721,5,655,212,l2,0.0001,lbfgs,0.6537358831448754
