roc_auc,pr_auc,accuracy,f1,balanced_accuracy,matthews_corrcoef,sensitivity,specificity,precision,pos_LR,sensitivity_at_spec100,fold,n_train,n_val,threshold,best_penalty,best_C,best_solver,best_inner_score
0.6311341457720503,0.7120969394212096,0.5771812080536913,0.5935483870967742,0.5904655180464118,0.17874116979812343,0.519774011299435,0.6611570247933884,0.6917293233082706,1.5339672040788206,0.01694915254237288,1,595,298,0.4889979106747301,l1,0.1,liblinear,0.6608451519547456
0.680238457635718,0.7440343216263876,0.6022099447513812,0.6363636363636364,0.6067351598173516,0.20944445032296122,0.5833333333333334,0.6301369863013698,0.7,1.5771604938271604,0.05555555555555555,2,712,181,0.5186685070453825,l2,0.01,lbfgs,0.642572566261552
0.543370786516854,0.6886461323936286,0.6115107913669064,0.7352941176470589,0.5213483146067416,0.054214949107467485,0.8426966292134831,0.2,0.6521739130434783,1.0533707865168538,0.011235955056179775,3,754,139,0.47545236998774915,l2,0.001,liblinear,0.6713723109591594
0.7445454545454545,0.7994697271237375,0.7166666666666667,0.7487684729064039,0.724025974025974,0.43709177268114646,0.6909090909090909,0.7571428571428571,0.8172043010752689,2.8449197860962565,0.045454545454545456,4,713,180,0.5246270089167152,l2,0.01,lbfgs,0.6480843637667546
0.7104787714543812,0.6893586811627685,0.6947368421052632,0.7128712871287128,0.6991869918699187,0.3946482934941718,0.6666666666666666,0.7317073170731707,0.7659574468085106,2.4848484848484844,0.0,5,798,95,0.5110830083331519,l2,0.01,lbfgs,0.668980861482743
