accuracy,balanced_accuracy,f1_macro,f1_weighted,mae,adjacent_accuracy,kappa_linear,kappa_quadratic,spearman_r,roc_auc_macro_ovr,roc_auc_weighted_ovr,fold,n_train,n_val,best_penalty,best_C,best_solver,inner_auc_score
0.42016806722689076,0.4435802469135803,0.407758584675578,0.4020921842467599,0.7142857142857143,0.865546218487395,0.18368170446291665,0.22996515679442509,0.32258836065922525,0.6458956723751589,0.6290206616944153,1,748,119,l2,0.001,lbfgs,0.6665536611397578
0.44274809160305345,0.4906957449330331,0.4376797148725384,0.41890890050328006,0.7022900763358778,0.8549618320610687,0.24362997364127026,0.28643258191569587,0.30232891202583245,0.6372258630391066,0.6245570027989069,2,736,131,l2,0.001,lbfgs,0.6709392714923632
0.38823529411764707,0.40942140296979,0.33599298764796703,0.3259551349489873,0.8647058823529412,0.7470588235294118,0.127687796704831,0.14652014652014655,0.2350257536100253,0.6307975302261505,0.6279279661189502,3,697,170,l1,0.01,liblinear,0.6491841687726736
0.46382978723404256,0.4300788620478886,0.42417394059862296,0.45938453985293387,0.6851063829787234,0.851063829787234,0.1920604753464734,0.23687355029169888,0.37275158755366933,0.6462037932310788,0.6488988842944295,4,632,235,l2,0.001,liblinear,0.6622976789136931
0.4716981132075472,0.4646339372329605,0.42687245732500106,0.4572402326856742,0.7358490566037735,0.7924528301886793,0.19083969465648853,0.19283462846799626,0.3321519175351818,0.6531597289514045,0.647391608179139,5,655,212,l2,0.0001,lbfgs,0.641321211355819
