roc_auc,pr_auc,accuracy,f1,balanced_accuracy,matthews_corrcoef,sensitivity,specificity,precision,pos_LR,sensitivity_at_spec100,fold,n_train,n_val,threshold,best_penalty,best_C,best_solver,best_inner_score
0.6295093795093796,0.6766271172125642,0.6574074074074074,0.7375886524822695,0.6201298701298701,0.2542670091152983,0.7878787878787878,0.4523809523809524,0.6933333333333334,1.4387351778656126,0.0,1,723,108,0.5156364414789966,l2,0.001,liblinear,0.739601353557142
0.7065322972316659,0.7442805746910317,0.6577540106951871,0.7037037037037037,0.6585721223895095,0.30857119139129524,0.6551724137931034,0.6619718309859155,0.76,1.9382183908045976,0.017241379310344827,2,644,187,0.5011351454173572,l2,0.0001,liblinear,0.6960890525801549
0.6988981156180134,0.7500467792483315,0.6533333333333333,0.680327868852459,0.6515091025231555,0.3021029583971031,0.6693548387096774,0.6336633663366337,0.6916666666666667,1.8271578029642546,0.03225806451612903,3,606,225,0.4811635700302702,l1,0.1,liblinear,0.7589703884633516
0.6617965367965368,0.7320922430307326,0.632258064516129,0.7046632124352331,0.6112914862914862,0.21886418766367222,0.6868686868686869,0.5357142857142857,0.723404255319149,1.4794094794094794,0.030303030303030304,4,676,155,0.5032981769739188,l2,0.0001,liblinear,0.6855588859287481
0.7930178982810563,0.8573297863645932,0.717948717948718,0.7731958762886598,0.7033492822966507,0.40132937115128337,0.7575757575757576,0.6491228070175439,0.7894736842105263,2.159090909090909,0.08080808080808081,5,675,156,0.503807838058989,l1,0.1,liblinear,0.6786096035835285
