roc_auc,pr_auc,accuracy,f1,balanced_accuracy,matthews_corrcoef,sensitivity,specificity,precision,pos_LR,sensitivity_at_spec100,fold,n_train,n_val,threshold,best_penalty,best_C,best_solver,best_inner_score
0.6472188875550221,0.6390930348789827,0.6071428571428571,0.6535433070866141,0.6011204481792717,0.20624110368798992,0.6974789915966386,0.5047619047619047,0.6148148148148148,1.4083710407239818,0.01680672268907563,1,669,224,0.47163063720704823,l2,0.001,lbfgs,0.701062343814089
0.6067750677506775,0.715055196728863,0.6994535519125683,0.7955390334572491,0.6099593495934958,0.257047301508836,0.8699186991869918,0.35,0.7328767123287672,1.3383364602876797,0.008130081300813009,2,710,183,0.4400871762529925,l2,0.001,liblinear,0.7210322216823645
0.6575580134461071,0.727843927091495,0.6428571428571429,0.7093023255813954,0.6241596183040555,0.24661365394812249,0.7011494252873564,0.5471698113207547,0.7176470588235294,1.5483716475095786,0.04597701149425287,3,753,140,0.4928709322233767,l1,0.01,liblinear,0.6728979735017991
0.6620979532163743,0.766375413324546,0.6078431372549019,0.6842105263157895,0.5841557017543859,0.1671847473486963,0.6770833333333334,0.49122807017543857,0.6914893617021277,1.3308189655172413,0.052083333333333336,4,740,153,0.5089558650844852,l2,0.001,liblinear,0.6946453357214473
0.7244469026548672,0.7700993657564639,0.6010362694300518,0.5837837837837838,0.6264380530973451,0.25759241897116586,0.4778761061946903,0.775,0.75,2.1238938053097347,0.008849557522123894,5,700,193,0.5513130803103788,l2,0.001,liblinear,0.6875197144805683
