roc_auc,pr_auc,accuracy,f1,balanced_accuracy,matthews_corrcoef,sensitivity,specificity,precision,pos_LR,sensitivity_at_spec100,fold,n_train,n_val,threshold,best_penalty,best_C,best_solver,best_inner_score
0.5885091102540231,0.6803749228206547,0.5625,0.6091370558375635,0.558385423593563,0.11533035278615966,0.5825242718446602,0.5342465753424658,0.6382978723404256,1.2507138777841234,0.019417475728155338,1,655,176,0.5142510953701437,l2,1.0,liblinear,0.7002683877307496
0.6773346071172677,0.7460943077022896,0.6666666666666666,0.7555555555555555,0.6190589921184619,0.2753608185936198,0.8607594936708861,0.37735849056603776,0.6732673267326733,1.382431914077484,0.0379746835443038,2,699,132,0.5000209139821071,l2,0.01,liblinear,0.6522553629970563
0.6577148437500001,0.7011573636764834,0.625,0.676923076923077,0.6145833333333333,0.23052135826937487,0.6875,0.5416666666666666,0.6666666666666666,1.4999999999999998,0.0234375,3,607,224,0.498617501079909,l2,0.01,liblinear,0.6393718830787568
0.6280637254901961,0.7369018522905857,0.62,0.7015706806282722,0.5992647058823529,0.1885322452124782,0.6568627450980392,0.5416666666666666,0.7528089887640449,1.4331550802139037,0.0,4,681,150,0.50906113404279,l2,0.1,liblinear,0.6493774086513816
0.6454996186117468,0.7166917958555988,0.610738255033557,0.6704545454545454,0.6013539282990084,0.19865779085857171,0.6413043478260869,0.5614035087719298,0.7023809523809523,1.462173913043478,0.0,5,682,149,0.5067611058366697,l2,0.1,liblinear,0.6484093810805674
