roc_auc,pr_auc,accuracy,f1,balanced_accuracy,matthews_corrcoef,sensitivity,specificity,precision,pos_LR,sensitivity_at_spec100,fold,n_train,n_val,threshold,best_penalty,best_C,best_solver,best_inner_score
0.58325,0.6527278579351706,0.6076923076923076,0.6751592356687898,0.59125,0.1806797858192099,0.6625,0.52,0.6883116883116883,1.3802083333333333,0.0,1,737,130,0.49607037053029035,l2,0.01,liblinear,0.6548815906479242
0.6287949921752739,0.7169589452952712,0.6810344827586207,0.7612903225806451,0.6377151799687011,0.3002842878855556,0.8309859154929577,0.4444444444444444,0.7023809523809523,1.495774647887324,0.07042253521126761,2,751,116,0.46228313835148427,l1,0.1,liblinear,0.6420201312622924
0.628235294117647,0.604318496676209,0.5769230769230769,0.5468164794007491,0.5815686274509804,0.16570360264119838,0.4866666666666667,0.6764705882352942,0.6239316239316239,1.5042424242424246,0.006666666666666667,3,581,286,0.5161362493049214,l2,0.01,liblinear,0.6651345461197052
0.6740802675585285,0.7831913095385583,0.6407185628742516,0.7169811320754716,0.6285117056856186,0.2412061564478291,0.6608695652173913,0.5961538461538461,0.7835051546391752,1.636438923395445,0.017391304347826087,4,700,167,0.48771273874241633,l2,0.01,liblinear,0.6325676954363602
0.6270588235294118,0.7416772340483013,0.6011904761904762,0.6564102564102564,0.5920588235294117,0.18231677911742003,0.64,0.5441176470588235,0.6736842105263158,1.4038709677419354,0.1,5,699,168,0.523372931117627,l2,0.01,liblinear,0.6417048457377255
