accuracy,balanced_accuracy,f1_macro,f1_weighted,mae,adjacent_accuracy,kappa_linear,kappa_quadratic,spearman_r,roc_auc_macro_ovr,roc_auc_weighted_ovr,fold,n_train,n_val,best_penalty,best_C,best_solver,inner_auc_score
0.3700787401574803,0.34364053976457076,0.34614963580480823,0.37308691851184383,0.7322834645669292,0.8976377952755905,0.1259527862058758,0.22881053222432002,0.3336677849862008,0.561106626103851,0.5685199841122812,1,740,127,l2,0.001,lbfgs,0.683726130537491
0.45077720207253885,0.42497629208155524,0.4222912518253021,0.4533841769788062,0.6735751295336787,0.8756476683937824,0.17150970809668475,0.19767387547293191,0.3148945191746126,0.6472081877298459,0.6504649143124085,2,674,193,l2,0.001,lbfgs,0.6682692832369544
0.4941860465116279,0.5005045028764195,0.4911232785797246,0.49420630418928774,0.6104651162790697,0.8953488372093024,0.29847731510254827,0.35861631228181534,0.37458418210056516,0.6462681188724831,0.6386912506098552,3,695,172,l2,0.0001,lbfgs,0.6628936615209375
0.5391705069124424,0.560682561944834,0.5249985146708086,0.5492445003608792,0.5668202764976958,0.8940092165898618,0.3589595792204049,0.41988705569704365,0.4419513421963922,0.72545196980805,0.7184836748858523,4,650,217,l2,0.0001,lbfgs,0.6007927405144914
0.5063291139240507,0.515990990990991,0.5019311845505235,0.5097087729627277,0.6139240506329114,0.879746835443038,0.26662838549143475,0.27827028490221284,0.2925372257914758,0.6770478806105479,0.6739372769512282,5,709,158,l2,0.0001,lbfgs,0.659698938566956
