roc_auc,pr_auc,accuracy,f1,balanced_accuracy,matthews_corrcoef,sensitivity,specificity,precision,pos_LR,sensitivity_at_spec100,fold,n_train,n_val,threshold,best_penalty,best_C,best_solver,best_inner_score
0.6662650602409639,0.6742176768040754,0.639344262295082,0.648936170212766,0.6423493975903614,0.283675309081179,0.61,0.6746987951807228,0.6931818181818182,1.8751851851851848,0.01,1,684,183,0.498191353189161,l2,0.01,liblinear,0.707917142839974
0.6788151788151788,0.6926610680828764,0.5780346820809249,0.5034013605442177,0.6125443625443625,0.24872049495746146,0.37373737373737376,0.8513513513513513,0.7708333333333334,2.5142332415059685,0.0,2,694,173,0.5603367644779312,l2,0.001,liblinear,0.6811014497276515
0.7323681192660552,0.8056264937740926,0.7167630057803468,0.7914893617021277,0.668793004587156,0.3663983202457998,0.8532110091743119,0.484375,0.7380952380952381,1.6547122602168474,0.08256880733944955,3,694,173,0.46434468083430014,l2,0.001,liblinear,0.6861062638142703
0.6482263513513514,0.7377322101512749,0.6114285714285714,0.6792452830188679,0.5977618243243243,0.19062252704098248,0.6486486486486487,0.546875,0.7128712871287128,1.4315004659832247,0.0,4,692,175,0.5061911961148725,l2,0.01,lbfgs,0.6820280520938994
0.7154014370509215,0.7651709475989981,0.7239263803680982,0.7867298578199052,0.6929865666979069,0.41320393128936383,0.8556701030927835,0.5303030303030303,0.7280701754385965,1.821749251745926,0.05154639175257732,5,704,163,0.5049468249774468,l2,0.001,liblinear,0.6645082904617101
