accuracy,balanced_accuracy,f1_macro,f1_weighted,mae,adjacent_accuracy,kappa_linear,kappa_quadratic,spearman_r,roc_auc_macro_ovr,roc_auc_weighted_ovr,fold,n_train,n_val,best_penalty,best_C,best_solver,inner_auc_score
0.4566929133858268,0.46586276198679294,0.4452188552188552,0.4551610594130279,0.6850393700787402,0.8582677165354331,0.2571101996907147,0.32002785879075446,0.3158289850777989,0.6062756129580879,0.6040981567037209,1,740,127,l2,0.0001,lbfgs,0.6722086617640137
0.44041450777202074,0.43645092460881935,0.4209685614607839,0.44238921384767205,0.7098445595854922,0.8497409326424871,0.1796916203890423,0.20505671376972312,0.2872469558197831,0.6385688239204774,0.6385316694707314,2,674,193,l2,0.0001,lbfgs,0.6617671029288161
0.4069767441860465,0.40705852233366463,0.4029463195348855,0.40993682980562085,0.7674418604651163,0.8255813953488372,0.11173708920187797,0.11549175058924355,0.13558622633889547,0.5779975677390289,0.5724253943730687,3,695,172,l2,0.01,lbfgs,0.685751616732138
0.5253456221198156,0.5420757363253856,0.5026599182443339,0.5368453571817029,0.6129032258064516,0.8617511520737328,0.3308525190698106,0.3778909998366037,0.44509779554181533,0.7359767570763908,0.7280070546005312,4,650,217,l2,0.0001,lbfgs,0.6137226012843723
0.5126582278481012,0.5350532350532351,0.5121406776002194,0.5122918386966056,0.5949367088607594,0.8924050632911392,0.30232995114618566,0.33438651922064244,0.33095715525418096,0.693542469607367,0.6901574293489571,5,709,158,l2,0.001,lbfgs,0.6484722095675182
