accuracy,balanced_accuracy,f1_macro,f1_weighted,mae,adjacent_accuracy,kappa_linear,kappa_quadratic,spearman_r,roc_auc_macro_ovr,roc_auc_weighted_ovr,fold,n_train,n_val,best_penalty,best_C,best_solver,inner_auc_score
0.3816793893129771,0.4313725490196078,0.3169667212220404,0.29162554190977125,0.8473282442748091,0.7709923664122137,0.17291394118650816,0.21347565043362238,0.28222115922660473,0.5654691175738188,0.5539006985496646,1,736,131,l2,0.01,liblinear,0.6287617773773045
0.4021164021164021,0.41356373095503535,0.3413602966719223,0.35066071300938756,0.8677248677248677,0.7301587301587301,0.1429519438146326,0.16028060798396526,0.19580501484227397,0.5824506461953868,0.5893331457847586,2,678,189,l2,0.1,liblinear,0.6425844017300936
0.5,0.5051447245564892,0.46267806267806266,0.4720940170940171,0.70625,0.79375,0.28071292170591977,0.30774436817171036,0.3338667800207452,0.6375266510838273,0.6369124112346753,3,707,160,l2,0.1,lbfgs,0.62598965212558
0.405982905982906,0.44700854700854703,0.3202360615002329,0.3154189945617186,0.7777777777777778,0.8162393162393162,0.18731394550034353,0.24016768846778302,0.2915499796841388,0.6697223179264867,0.6595462056566881,4,633,234,l2,0.01,liblinear,0.5952881792198903
0.4117647058823529,0.4524176388583168,0.36445523020865483,0.3571048265112192,0.7777777777777778,0.8104575163398693,0.18225915113406688,0.2101210441884207,0.35116928263034713,0.6470627722764212,0.6371750320084013,5,714,153,l2,0.1,lbfgs,0.6059378271263728
