accuracy,balanced_accuracy,f1_macro,f1_weighted,mae,adjacent_accuracy,kappa_linear,kappa_quadratic,spearman_r,roc_auc_macro_ovr,roc_auc_weighted_ovr,fold,n_train,n_val,best_penalty,best_C,best_solver,inner_auc_score
0.42016806722689076,0.44277777777777777,0.41911764705882354,0.42150271873455264,0.7058823529411765,0.8739495798319328,0.18479856467134248,0.23364591571573845,0.2751549963781625,0.6307517771419379,0.6216172984348393,1,748,119,l2,0.0001,lbfgs,0.6277980603804133
0.46564885496183206,0.48446656921233194,0.4634220922477041,0.46556430625056544,0.6717557251908397,0.8625954198473282,0.22495629958316532,0.24397281951037886,0.27512080111316123,0.6571653931704992,0.6534318313009462,2,736,131,l2,0.0001,lbfgs,0.6366244198844484
0.4235294117647059,0.44031404676565966,0.42223390324425014,0.42053394566480384,0.7529411764705882,0.8235294117647058,0.18556778201961222,0.21731890091590333,0.2302976187400696,0.615618313120534,0.6118237656017754,3,697,170,l2,0.0001,lbfgs,0.6479898806086721
0.4340425531914894,0.413424486433336,0.40375372393247266,0.4415179699549958,0.7446808510638298,0.8212765957446808,0.167998543365231,0.20265933058230168,0.29331652470020203,0.6270053161657213,0.6355428016542185,4,632,235,l2,0.0001,lbfgs,0.6542241411628088
0.49056603773584906,0.5202509554110205,0.48488306978873014,0.4974414606846077,0.660377358490566,0.8490566037735849,0.25171440096813236,0.2611978543851856,0.3431779679874574,0.6680478443497232,0.6624251553468549,5,655,212,l2,0.0001,lbfgs,0.6271945521719312
