roc_auc,pr_auc,accuracy,f1,balanced_accuracy,matthews_corrcoef,sensitivity,specificity,precision,pos_LR,sensitivity_at_spec100,fold,n_train,n_val,threshold,best_penalty,best_C,best_solver,best_inner_score
0.6204881952781113,0.6300264053825346,0.6071428571428571,0.6535433070866141,0.6011204481792717,0.20624110368798992,0.6974789915966386,0.5047619047619047,0.6148148148148148,1.4083710407239818,0.008403361344537815,1,669,224,0.4634934796557964,l2,0.01,lbfgs,0.6539913595706421
0.6001355013550136,0.730268622802783,0.6502732240437158,0.751937984496124,0.5776422764227642,0.16571771400402088,0.7886178861788617,0.36666666666666664,0.7185185185185186,1.245186136071887,0.008130081300813009,2,710,183,0.4783510467522404,l2,0.01,liblinear,0.6555312813190355
0.660377358490566,0.7445982065704145,0.5785714285714286,0.6143790849673203,0.5908696595098677,0.17658695990933226,0.5402298850574713,0.6415094339622641,0.7121212121212122,1.5069570477918934,0.04597701149425287,3,753,140,0.5366950127882999,l2,0.01,liblinear,0.646081477860962
0.6657529239766081,0.7598204696766993,0.6535947712418301,0.7195767195767195,0.6348684210526316,0.2671137310792345,0.7083333333333334,0.5614035087719298,0.7311827956989247,1.615,0.08333333333333333,4,740,153,0.4785695312034804,l1,0.1,liblinear,0.647671085870373
0.6526548672566372,0.7214808987721106,0.5906735751295337,0.582010582010582,0.612112831858407,0.2260839885979498,0.48672566371681414,0.7375,0.7236842105263158,1.8541930046354826,0.0,5,700,193,0.517242047658818,l1,0.1,liblinear,0.6751006277839648
