n_pairs,pairwise_accuracy,both_correct_rate,mean_delta,median_delta,std_delta,n_positive_delta,per_drug_accuracy,per_drug_roc_auc,per_drug_pr_auc,n_train,n_test,best_penalty,best_C,best_solver,inner_cv_score,threshold,seed
38,0.7105263157894737,0.3157894736842105,0.14431930365192777,0.11629588767307242,0.34943081887684285,27,0.6290322580645161,0.6165966386554621,0.6413704025859444,831,62,l2,0.001,liblinear,0.6957708468488312,0.5065907303859277,4
