roc_auc,pr_auc,accuracy,f1,balanced_accuracy,matthews_corrcoef,sensitivity,specificity,precision,pos_LR,sensitivity_at_spec100,fold,n_train,n_val,threshold,best_penalty,best_C,best_solver,best_inner_score
0.6489898989898989,0.7099864861687882,0.6388888888888888,0.7022900763358778,0.6222943722943723,0.2435803077182359,0.696969696969697,0.5476190476190477,0.7076923076923077,1.5406698564593304,0.0,1,723,108,0.5115499652765386,l2,0.0001,liblinear,0.7273019451488143
0.6926906265177271,0.751195155093104,0.6524064171122995,0.7031963470319634,0.6487979601748421,0.2903533805885029,0.6637931034482759,0.6338028169014085,0.7475728155339806,1.812665782493369,0.05172413793103448,2,644,187,0.5100224435845281,l2,0.0001,liblinear,0.6841271037878187
0.6734270201213669,0.6835006042565145,0.6488888888888888,0.694980694980695,0.6401309485787289,0.28454269990233455,0.7258064516129032,0.5544554455445545,0.6666666666666666,1.6290322580645165,0.0,3,606,225,0.46980972881433625,l2,0.001,lbfgs,0.7276798194852809
0.6332972582972582,0.7286988441758367,0.6258064516129033,0.7040816326530612,0.5984848484848485,0.19552899302094864,0.696969696969697,0.5,0.711340206185567,1.393939393939394,0.050505050505050504,4,676,155,0.5132253832504137,l2,0.0001,liblinear,0.7038583862269007
0.7419812156654262,0.8222182357634225,0.7307692307692307,0.7961165048543689,0.694843168527379,0.40427815529866373,0.8282828282828283,0.5614035087719298,0.7663551401869159,1.8884848484848484,0.09090909090909091,5,675,156,0.49464108795644296,l2,0.001,liblinear,0.6785165565871317
