roc_auc,pr_auc,accuracy,f1,balanced_accuracy,matthews_corrcoef,sensitivity,specificity,precision,pos_LR,sensitivity_at_spec100,fold,n_train,n_val,threshold,best_penalty,best_C,best_solver,best_inner_score
0.7090036014405762,0.7365565977266109,0.6651785714285714,0.7035573122529645,0.6596638655462185,0.32503573563691446,0.7478991596638656,0.5714285714285714,0.664179104477612,1.745098039215686,0.06722689075630252,1,669,224,0.47472969015131744,l2,0.01,liblinear,0.6546606195438766
0.6223577235772357,0.7469387008488668,0.6284153005464481,0.7043478260869566,0.6126016260162601,0.21453796339364753,0.6585365853658537,0.5666666666666667,0.7570093457943925,1.5196998123827392,0.016260162601626018,2,710,183,0.5397848255624258,l2,0.01,lbfgs,0.6880969913816812
0.6324007807417047,0.6873507577095024,0.5928571428571429,0.6627218934911243,0.5765560615918456,0.15076003061449791,0.6436781609195402,0.5094339622641509,0.6829268292682927,1.3121131741821397,0.0,3,753,140,0.5033445426197518,l2,0.01,lbfgs,0.6782825889235756
0.7213084795321638,0.8102119642097432,0.6797385620915033,0.7351351351351352,0.6699561403508771,0.3331615773248152,0.7083333333333334,0.631578947368421,0.7640449438202247,1.9226190476190474,0.10416666666666667,4,740,153,0.5229520656303585,l2,0.01,lbfgs,0.6529831954152024
0.7345132743362833,0.7415631434288598,0.6839378238341969,0.726457399103139,0.6771570796460177,0.35256348844683827,0.7168141592920354,0.6375,0.7363636363636363,1.977418370460787,0.008849557522123894,5,700,193,0.4811731936926599,l2,0.001,lbfgs,0.6426907425626313
