accuracy,balanced_accuracy,f1_macro,f1_weighted,mae,adjacent_accuracy,kappa_linear,kappa_quadratic,spearman_r,roc_auc_macro_ovr,roc_auc_weighted_ovr,fold,n_train,n_val,best_penalty,best_C,best_solver,inner_auc_score
0.3969465648854962,0.41446433645922137,0.39465345650912664,0.38905644603291567,0.7557251908396947,0.8473282442748091,0.1406136107613809,0.17855370595930897,0.3103768359034698,0.5799714656518516,0.5699906026784681,1,736,131,l2,0.001,lbfgs,0.6575708317265322
0.4126984126984127,0.408992939427722,0.38718820861678,0.3960155490767736,0.783068783068783,0.8042328042328042,0.14740307242136064,0.18344231667445132,0.2420250868020674,0.5973180327317774,0.5935567360298544,2,678,189,l2,0.001,lbfgs,0.6724087043913172
0.4625,0.475172735760971,0.4604403164774682,0.4638996388028896,0.675,0.8625,0.2620430474888966,0.31899641577060933,0.36130290724966097,0.6477341811693972,0.6488236919675756,3,707,160,l2,0.001,lbfgs,0.6439086376015833
0.5170940170940171,0.5316689158794422,0.5041765324914497,0.5279805752872051,0.6025641025641025,0.8803418803418803,0.28990185950413216,0.3110858714170428,0.3239025759031213,0.6832740191685787,0.6724647095006147,4,633,234,l2,0.0001,lbfgs,0.6219019815781596
0.45098039215686275,0.46747743781642087,0.4462835249042145,0.47004883179325374,0.6928104575163399,0.8562091503267973,0.21878612716763002,0.24436981430264715,0.33062802768381483,0.6539192565893139,0.6482577935062506,5,714,153,l2,0.0001,lbfgs,0.6247423848752509
