accuracy,balanced_accuracy,f1_macro,f1_weighted,mae,adjacent_accuracy,kappa_linear,kappa_quadratic,spearman_r,roc_auc_macro_ovr,roc_auc_weighted_ovr,fold,n_train,n_val,best_penalty,best_C,best_solver,inner_auc_score
0.484375,0.4601197507701573,0.45517649543299993,0.4936022062317324,0.69140625,0.82421875,0.2090766276837145,0.21503054802701094,0.2763197733630057,0.6407155849025977,0.6531449199745688,1,611,256,l2,0.001,lbfgs,0.6330666644686928
0.4453125,0.45292717798220367,0.4404441631059766,0.44639739772907105,0.7109375,0.84375,0.18738663317985205,0.2062109448967998,0.2576902460608219,0.6361375036251041,0.6319535587970347,2,739,128,l2,0.0001,lbfgs,0.6391159912788227
0.5030674846625767,0.5061821219715956,0.4972451054247365,0.5079071794988769,0.5950920245398773,0.901840490797546,0.29405723980890286,0.34346020545165024,0.453565576740431,0.7007027661680675,0.6970304197582581,3,704,163,l2,0.0001,lbfgs,0.6082707151824971
0.4556213017751479,0.46308032245532244,0.4533193814672712,0.4578853841819687,0.7218934911242604,0.8224852071005917,0.16829366680112945,0.15393079165978985,0.22148021016924085,0.631279972983203,0.6241757505243459,4,698,169,l2,0.001,lbfgs,0.65302881523424
0.48344370860927155,0.46565656565656566,0.4656172328086164,0.48814272467684955,0.6291390728476821,0.8874172185430463,0.24040243579560494,0.2752539345909143,0.37414772814361275,0.6644216804752994,0.6589040762131404,5,716,151,l2,0.0001,lbfgs,0.6356360651529068
