roc_auc,pr_auc,accuracy,f1,balanced_accuracy,matthews_corrcoef,sensitivity,specificity,precision,pos_LR,sensitivity_at_spec100,fold,n_train,n_val,threshold,best_penalty,best_C,best_solver,best_inner_score
0.6109234234234233,0.7011148104712144,0.639344262295082,0.6944444444444444,0.6295045045045045,0.2558589757343202,0.6756756756756757,0.5833333333333334,0.7142857142857143,1.6216216216216217,0.013513513513513514,1,745,122,0.4894903820162999,l1,0.1,liblinear,0.6729944585294254
0.6230555555555556,0.7303993305850186,0.608,0.6573426573426573,0.6159722222222223,0.22267379234203424,0.5875,0.6444444444444445,0.746031746031746,1.6523437500000002,0.025,2,742,125,0.513988804317057,l2,0.01,liblinear,0.6637955325125129
0.6983415508740476,0.7337432302622502,0.676595744680851,0.7266187050359713,0.6649111011504557,0.3308868265235204,0.7318840579710145,0.5979381443298969,0.7214285714285714,1.82032701597919,0.014492753623188406,3,632,235,0.45596379957247446,l2,0.01,liblinear,0.654744694251822
0.5386445621306317,0.5892443091672044,0.5608695652173913,0.6405693950177936,0.5419065162330187,0.08786137610660068,0.6976744186046512,0.38613861386138615,0.5921052631578947,1.1365341335333834,0.015503875968992248,4,637,230,0.4768677938373728,l2,0.001,lbfgs,0.666077810523358
0.7414035087719298,0.8115779885300908,0.6903225806451613,0.7333333333333333,0.6890350877192983,0.370042293306216,0.6947368421052632,0.6833333333333333,0.7764705882352941,2.1939058171745156,0.09473684210526316,5,712,155,0.5247410891089905,l1,0.1,liblinear,0.6586414425006228
