roc_auc,pr_auc,accuracy,f1,balanced_accuracy,matthews_corrcoef,sensitivity,specificity,precision,pos_LR,sensitivity_at_spec100,fold,n_train,n_val,threshold,best_penalty,best_C,best_solver,best_inner_score
0.59175,0.7005499054433897,0.6307692307692307,0.7037037037037037,0.60625,0.21422067586365157,0.7125,0.5,0.6951219512195121,1.425,0.0375,1,737,130,0.4442171398528608,l2,0.01,liblinear,0.7283806850330794
0.6544600938967136,0.7204341368249758,0.6551724137931034,0.7297297297297297,0.6247261345852895,0.2573032216958986,0.7605633802816901,0.4888888888888889,0.7012987012987013,1.4880587875076547,0.056338028169014086,2,751,116,0.49680155057622305,l2,0.001,liblinear,0.6825666675038511
0.6720588235294118,0.6399797567945353,0.6153846153846154,0.6405228758169934,0.6134313725490196,0.22753294669138657,0.6533333333333333,0.5735294117647058,0.6282051282051282,1.5319540229885056,0.013333333333333334,3,581,286,0.4779663106112485,l2,0.0001,liblinear,0.7024474937589977
0.7254180602006689,0.8014868894291036,0.7065868263473054,0.7741935483870968,0.6921404682274248,0.36495781528023796,0.7304347826086957,0.6538461538461539,0.8235294117647058,2.110144927536232,0.0,4,700,167,0.5188946667080312,l2,0.001,liblinear,0.6673327939929772
0.6710294117647059,0.7424518949822447,0.625,0.6896551724137931,0.6073529411764705,0.21638298558431068,0.7,0.5147058823529411,0.6796116504854369,1.4424242424242422,0.04,5,699,168,0.5416153247870898,l2,0.01,liblinear,0.6805152590967064
