accuracy,balanced_accuracy,f1_macro,f1_weighted,mae,adjacent_accuracy,kappa_linear,kappa_quadratic,spearman_r,roc_auc_macro_ovr,roc_auc_weighted_ovr,fold,n_train,n_val,best_penalty,best_C,best_solver,inner_auc_score
0.42748091603053434,0.46462063086104005,0.3510265700483092,0.3258905852417303,0.7557251908396947,0.816793893129771,0.24055747496632895,0.29905725621519297,0.3615212214864342,0.6206501598099272,0.6098533578064892,1,736,131,l2,0.0001,liblinear,0.6388131846276408
0.3968253968253968,0.38762541806020073,0.3274021523535277,0.33864854807180056,0.8201058201058201,0.783068783068783,0.13545816733067728,0.18226627964291575,0.22061752545909258,0.5545891324292446,0.5599852427809417,2,678,189,l2,0.001,liblinear,0.6688699864438095
0.48125,0.4659477124183007,0.39442957395126604,0.4116798680228556,0.73125,0.7875,0.24831352393189843,0.28894013644662253,0.33474080142938506,0.6563080711438681,0.6561665103503718,3,707,160,l1,0.01,liblinear,0.653477296939165
0.41452991452991456,0.4434233018443545,0.32631880836324034,0.32349140022790196,0.7692307692307693,0.8162393162393162,0.17708658955923728,0.22286313581541684,0.3033609981407952,0.656182600719835,0.6510984094469544,4,633,234,l2,0.0001,liblinear,0.6251053275555325
0.41830065359477125,0.4729742950081934,0.3509711213090438,0.33111969118987694,0.7450980392156863,0.8366013071895425,0.2312235543018335,0.2878873878987398,0.38767862048084684,0.6586858271222772,0.6483816584268011,5,714,153,l2,0.0001,liblinear,0.6181501796085247
