roc_auc,pr_auc,accuracy,f1,balanced_accuracy,matthews_corrcoef,sensitivity,specificity,precision,pos_LR,sensitivity_at_spec100,fold,n_train,n_val,threshold,best_penalty,best_C,best_solver,best_inner_score
0.6692379305758746,0.6816730197284759,0.6136363636363636,0.6421052631578947,0.6180343130735471,0.23262890977213233,0.5922330097087378,0.6438356164383562,0.7011494252873564,1.662808065720687,0.0,1,655,176,0.49866603620581057,l2,0.0001,liblinear,0.7144638881555736
0.6916646763792691,0.7297810329770322,0.6590909090909091,0.7019867549668874,0.6561977549558156,0.30754905019980056,0.6708860759493671,0.6415094339622641,0.7361111111111112,1.8714190539640239,0.0379746835443038,2,699,132,0.5306524289593009,l2,0.0001,liblinear,0.6803812768631741
0.7032877604166666,0.7114898385270658,0.6383928571428571,0.6334841628959276,0.6536458333333333,0.3086130325912942,0.546875,0.7604166666666666,0.7526881720430108,2.2826086956521734,0.0,3,607,224,0.5530341755411469,l2,0.001,liblinear,0.6963796486697926
0.7218137254901961,0.8038894466051216,0.7466666666666667,0.8155339805825242,0.7034313725490196,0.4115977992858353,0.8235294117647058,0.5833333333333334,0.8076923076923077,1.9764705882352942,0.0,4,681,150,0.48477732677464813,l2,0.0001,liblinear,0.6682453327652852
0.7160564454614798,0.7430868514216797,0.6845637583892618,0.745945945945946,0.6644736842105263,0.3300823253355268,0.75,0.5789473684210527,0.7419354838709677,1.78125,0.0,5,682,149,0.48647499379824855,l2,0.0001,liblinear,0.6849833375148691
