roc_auc,pr_auc,accuracy,f1,balanced_accuracy,matthews_corrcoef,sensitivity,specificity,precision,pos_LR,sensitivity_at_spec100,fold,n_train,n_val,threshold,best_penalty,best_C,best_solver,best_inner_score
0.7071952187514591,0.7780700104511529,0.6375838926174496,0.6878612716763006,0.6295466218424617,0.25680128882197684,0.672316384180791,0.5867768595041323,0.7041420118343196,1.6270056497175143,0.011299435028248588,1,595,298,0.46417447873130485,l1,0.01,liblinear,0.6834103410004874
0.7540588533739219,0.7876836694756879,0.6961325966850829,0.7393364928909952,0.6898782343987824,0.37619461492321415,0.7222222222222222,0.6575342465753424,0.7572815533980582,2.1088888888888886,0.018518518518518517,2,712,181,0.5128667698222404,l2,0.001,liblinear,0.658221761013851
0.636629213483146,0.7106299105979011,0.6258992805755396,0.7045454545454546,0.598314606741573,0.19501443064661347,0.6966292134831461,0.5,0.7126436781609196,1.3932584269662922,0.011235955056179775,3,754,139,0.571890126478129,l2,0.0001,liblinear,0.7091990214420051
0.692987012987013,0.74383781663249,0.6333333333333333,0.6826923076923077,0.6298701298701299,0.2542521704670826,0.6454545454545455,0.6142857142857143,0.7244897959183674,1.6734006734006737,0.01818181818181818,4,713,180,0.5277384337893469,l2,0.0001,liblinear,0.713828462374795
0.7524841915085818,0.7269048469603826,0.7052631578947368,0.7254901960784313,0.708446251129178,0.4129936223300687,0.6851851851851852,0.7317073170731707,0.7708333333333334,2.553872053872054,0.018518518518518517,5,798,95,0.5224544242875759,l2,0.0001,lbfgs,0.6977801081605488
