roc_auc,pr_auc,accuracy,f1,balanced_accuracy,matthews_corrcoef,sensitivity,specificity,precision,pos_LR,sensitivity_at_spec100,fold,n_train,n_val,threshold,best_penalty,best_C,best_solver,best_inner_score
0.6972644376899696,0.7602123452218814,0.6581196581196581,0.7183098591549296,0.6408814589665653,0.2839286909062852,0.7285714285714285,0.5531914893617021,0.7083333333333334,1.6306122448979592,0.07142857142857142,1,714,117,0.5079816707333845,l2,0.0001,liblinear,0.7314490582704427
0.732979302832244,0.7324111420295797,0.7045454545454546,0.7523809523809524,0.6966230936819172,0.387895649785843,0.7314814814814815,0.6617647058823529,0.7745098039215687,2.1626409017713364,0.0,2,655,176,0.4731612082764204,l2,0.0001,liblinear,0.6959137753021405
0.7217171717171718,0.7768712695506201,0.7055214723926381,0.7692307692307693,0.6885521885521886,0.36617148483159984,0.7407407407407407,0.6363636363636364,0.8,2.0370370370370368,0.0,3,668,163,0.5459755181463826,l2,0.0001,liblinear,0.6896771528941752
0.6543148880105402,0.66912084067762,0.6455696202531646,0.7021276595744681,0.6314229249011858,0.2654822833820532,0.717391304347826,0.5454545454545454,0.6875,1.5782608695652172,0.0,4,673,158,0.482138741139907,l2,0.0001,liblinear,0.6964285572150553
0.6794871794871794,0.7095548543545918,0.6036866359447005,0.6692307692307692,0.586996336996337,0.17666295314058494,0.6904761904761905,0.4835164835164835,0.6492537313432836,1.3368794326241136,0.007936507936507936,5,614,217,0.4998591602485209,l2,0.0001,lbfgs,0.6995376297677105
