accuracy,balanced_accuracy,f1_macro,f1_weighted,mae,adjacent_accuracy,kappa_linear,kappa_quadratic,spearman_r,roc_auc_macro_ovr,roc_auc_weighted_ovr,fold,n_train,n_val,best_penalty,best_C,best_solver,inner_auc_score
0.46875,0.4214092140921409,0.340616642276833,0.3825318066559015,0.74609375,0.78515625,0.1693112704291393,0.20550995999505095,0.31760563804956893,0.6068179226445438,0.6141222599237063,1,611,256,l1,0.01,liblinear,0.6232938181491761
0.4296875,0.4668905318208327,0.4156967979255864,0.40562239630444835,0.7578125,0.8125,0.19803642940188604,0.22343096234309623,0.2194117720098351,0.6273490517313803,0.6216838754873295,2,739,128,l1,0.1,liblinear,0.6496191111257115
0.4723926380368098,0.5045530492898914,0.45736670736670737,0.4543697611182273,0.6625766871165644,0.8650306748466258,0.28809446780977044,0.3383892330698569,0.3388772628821365,0.632361518845766,0.6328026862173259,3,704,163,l2,0.1,lbfgs,0.626713367552817
0.42011834319526625,0.45549242424242425,0.38752452720706687,0.37237991963266687,0.7633136094674556,0.8165680473372781,0.2005793700267683,0.24639880465995845,0.27334875370747197,0.6461735387776276,0.6353469963138487,4,698,169,l2,0.1,liblinear,0.6393309587226893
0.4503311258278146,0.5006966213862766,0.3754969658924461,0.35775931953954176,0.7218543046357616,0.8278145695364238,0.2763047970804202,0.3374485596707819,0.39101228734404614,0.6658777381020552,0.65028568096868,5,716,151,l2,0.0001,liblinear,0.6339633398267205
