accuracy,balanced_accuracy,f1_macro,f1_weighted,mae,adjacent_accuracy,kappa_linear,kappa_quadratic,spearman_r,roc_auc_macro_ovr,roc_auc_weighted_ovr,fold,n_train,n_val,best_penalty,best_C,best_solver,inner_auc_score
0.35294117647058826,0.445,0.31015149707741857,0.2653329016206268,0.8403361344537815,0.8067226890756303,0.18804585152838438,0.24084593201083637,0.3239321581782604,0.6252456654310502,0.6087979984717995,1,748,119,l2,0.001,liblinear,0.6198462623381892
0.42748091603053434,0.4466832602425823,0.42104072398190046,0.41960035922766054,0.732824427480916,0.8396946564885496,0.17001055966209078,0.18464730290456433,0.1955666390939985,0.5969314730763305,0.593248229704538,2,736,131,l1,1.0,liblinear,0.6187027717752482
0.38235294117647056,0.41445639187574673,0.31336325366176115,0.2981010210158586,0.8647058823529412,0.7529411764705882,0.14831981460023191,0.1814316087880935,0.2547640262148266,0.5835830088066446,0.5758362225887239,3,697,170,l1,0.1,liblinear,0.6202767019128499
0.4340425531914894,0.4247173058013766,0.3323140200286123,0.3721997991051046,0.8042553191489362,0.7617021276595745,0.18479158636638948,0.22537370640091992,0.2320669945996532,0.55796549763327,0.5694266139641997,4,632,235,l2,0.01,lbfgs,0.6318961570829774
0.5235849056603774,0.5308374027853138,0.39910773056388504,0.4190309644817151,0.589622641509434,0.8867924528301887,0.372484016102297,0.4617236116003288,0.4960507297913111,0.6661341476606525,0.6664053455452567,5,655,212,l2,0.001,lbfgs,0.5988787890023305
