accuracy,balanced_accuracy,f1_macro,f1_weighted,mae,adjacent_accuracy,kappa_linear,kappa_quadratic,spearman_r,roc_auc_macro_ovr,roc_auc_weighted_ovr,fold,n_train,n_val,best_penalty,best_C,best_solver,inner_auc_score
0.4409448818897638,0.4491817398794143,0.3823414207045921,0.395357558255035,0.7637795275590551,0.7952755905511811,0.2254636906633134,0.2727796779524231,0.3127470530739194,0.5734430640202609,0.5713163264209259,1,740,127,l2,0.001,liblinear,0.6569575353188999
0.41450777202072536,0.427275960170697,0.3671271658693042,0.37344394163242534,0.8031088082901554,0.7823834196891192,0.1367269789051453,0.1378614283311217,0.24058292122343386,0.6254936130372787,0.6289531727080445,2,674,193,l2,0.001,liblinear,0.6365407332663512
0.4069767441860465,0.44613114062829434,0.36328856328856324,0.34475679359400285,0.7790697674418605,0.813953488372093,0.20589856670341788,0.2595233953731084,0.2425491135426271,0.5907865313581633,0.5860515937550822,3,695,172,l2,0.001,liblinear,0.6633800556862918
0.4930875576036866,0.45744506778868627,0.41759964173757275,0.47633631266238924,0.695852534562212,0.8110599078341014,0.22971861115682068,0.2703935121718928,0.3472331848795981,0.6569799499238639,0.656649288050817,4,650,217,l2,0.01,lbfgs,0.6087644084287722
0.4177215189873418,0.48898443898443905,0.4040423654015887,0.36792630743964155,0.7341772151898734,0.8481012658227848,0.2317236753856472,0.2778149386845039,0.3231825919247927,0.6652174579638898,0.6583982685204751,5,709,158,l2,0.001,liblinear,0.6381676250883446
