roc_auc,pr_auc,accuracy,f1,balanced_accuracy,matthews_corrcoef,sensitivity,specificity,precision,pos_LR,sensitivity_at_spec100,fold,n_train,n_val,threshold,best_penalty,best_C,best_solver,best_inner_score
0.6789915966386555,0.6609064388744079,0.59375,0.6160337552742616,0.592436974789916,0.18477785163677335,0.6134453781512605,0.5714285714285714,0.6186440677966102,1.4313725490196079,0.0,1,669,224,0.4642029784715949,l1,0.1,liblinear,0.7273817046069343
0.6558265582655827,0.7351645513384347,0.7049180327868853,0.782258064516129,0.6609756097560975,0.32482485414524453,0.7886178861788617,0.5333333333333333,0.776,1.6898954703832751,0.0,2,710,183,0.5308612134358601,l2,0.001,liblinear,0.7494658972599915
0.7050531338104533,0.7757600411247464,0.6785714285714286,0.7457627118644068,0.6528952504879635,0.30953894257824355,0.7586206896551724,0.5471698113207547,0.7333333333333333,1.675287356321839,0.011494252873563218,3,753,140,0.47592387403028835,l2,0.0001,liblinear,0.6898604830646615
0.7485380116959064,0.8310327036572056,0.6862745098039216,0.7551020408163265,0.6573464912280702,0.31975855153698823,0.7708333333333334,0.543859649122807,0.74,1.6899038461538463,0.020833333333333332,4,740,153,0.49171678339847436,l2,0.001,liblinear,0.6895623604837005
0.7732300884955753,0.7806057533710162,0.6994818652849741,0.7314814814814815,0.6995575221238938,0.394132680123207,0.6991150442477876,0.7,0.7669902912621359,2.3303834808259585,0.008849557522123894,5,700,193,0.5069026550532144,l2,0.001,liblinear,0.7141014871236034
