roc_auc,pr_auc,accuracy,f1,balanced_accuracy,matthews_corrcoef,sensitivity,specificity,precision,pos_LR,sensitivity_at_spec100,fold,n_train,n_val,threshold,best_penalty,best_C,best_solver,best_inner_score
0.6765454545454546,0.6263484735425457,0.6190476190476191,0.6116504854368932,0.6195454545454546,0.23883050867700623,0.63,0.6090909090909091,0.5943396226415094,1.6116279069767443,0.02,1,683,210,0.4830206158471221,l1,0.1,liblinear,0.6685570018458277
0.6370767960363337,0.7544733146475349,0.603112840466926,0.6709677419354839,0.6041494632535095,0.19583883626426044,0.6011560693641619,0.6071428571428571,0.7591240875912408,1.5302154492905937,0.005780346820809248,2,636,257,0.5180256704588694,l2,0.1,lbfgs,0.6727411386183841
0.6725925925925926,0.7654738678466306,0.6416666666666667,0.7114093959731543,0.62,0.23897548660111503,0.7066666666666667,0.5333333333333333,0.7162162162162162,1.5142857142857142,0.09333333333333334,3,773,120,0.4900685171537631,l2,0.01,liblinear,0.6672979955478617
0.7156964656964657,0.7446558192077118,0.702247191011236,0.7414634146341463,0.6964656964656964,0.39087978237835835,0.7307692307692307,0.6621621621621622,0.7524752475247525,2.163076923076923,0.028846153846153848,4,715,178,0.5062661287121766,l1,0.1,liblinear,0.6306192398737003
0.629014396456257,0.7567463361433332,0.640625,0.7415730337078652,0.5741971207087486,0.15496932979225803,0.7674418604651163,0.38095238095238093,0.717391304347826,1.2397137745974955,0.011627906976744186,5,765,128,0.4716207664951396,l2,0.01,liblinear,0.67563830129333
