roc_auc,pr_auc,accuracy,f1,balanced_accuracy,matthews_corrcoef,sensitivity,specificity,precision,pos_LR,sensitivity_at_spec100,fold,n_train,n_val,threshold,best_penalty,best_C,best_solver,best_inner_score
0.6311085972850679,0.6621402274140474,0.5978835978835979,0.6448598130841121,0.590554298642534,0.18266498737467027,0.6634615384615384,0.5176470588235295,0.6272727272727273,1.37546904315197,0.019230769230769232,1,678,189,0.4695673506458812,l2,0.01,liblinear,0.6570033234580798
0.5937142857142856,0.6421298172250662,0.6083333333333333,0.6758620689655173,0.59,0.1833030277982336,0.7,0.48,0.6533333333333333,1.346153846153846,0.0,2,747,120,0.48284434397004383,l2,0.01,lbfgs,0.6946924661358284
0.6646913580246914,0.7170074867948204,0.6222222222222222,0.6473029045643154,0.6333333333333333,0.26171611080971846,0.5777777777777777,0.6888888888888889,0.7358490566037735,1.857142857142857,0.05185185185185185,3,642,225,0.4876212050145227,l2,0.001,lbfgs,0.64256626502957
0.6306678921568628,0.721197631666025,0.5903614457831325,0.6421052631578947,0.5880821078431373,0.1717984060269639,0.5980392156862745,0.578125,0.6931818181818182,1.4175744371822803,0.058823529411764705,4,701,166,0.49613512509829194,l2,0.0001,liblinear,0.6584087410255786
0.6353302611367128,0.713703630143266,0.6526946107784432,0.7314814814814815,0.6181259600614439,0.24177441341095754,0.7523809523809524,0.4838709677419355,0.7117117117117117,1.4577380952380952,0.0,5,700,167,0.46729203405943676,l1,1.0,liblinear,0.6692348445872603
