accuracy,balanced_accuracy,f1_macro,f1_weighted,mae,adjacent_accuracy,kappa_linear,kappa_quadratic,spearman_r,roc_auc_macro_ovr,roc_auc_weighted_ovr,fold,n_train,n_val,best_penalty,best_C,best_solver,inner_auc_score
0.40625,0.3886823554845235,0.38312943095551794,0.42047741094955765,0.7890625,0.8046875,0.12117195200706976,0.14179783762182807,0.22894923883201676,0.6128615225499114,0.6215093339967567,1,611,256,l2,0.0001,lbfgs,0.6297110664054955
0.390625,0.41208589649528754,0.39101511515304627,0.3983388199444234,0.8359375,0.7734375,0.09429969580743292,0.07156673114119927,0.13921450793183102,0.6060337243783525,0.6074578709241538,2,739,128,l2,0.0001,lbfgs,0.6329707126623975
0.5030674846625767,0.5162628794207742,0.5011180165071849,0.507604711162594,0.588957055214724,0.9079754601226994,0.3165021402987682,0.380190729116369,0.4158771728622084,0.6835061397722719,0.6795424107883368,3,704,163,l2,0.0001,lbfgs,0.6117458003014683
0.47928994082840237,0.5184052059052059,0.4792999799986292,0.47149030008834386,0.6449704142011834,0.8757396449704142,0.2958064146182957,0.35272035510462907,0.36735841107025236,0.680595503989828,0.663314146071083,4,698,169,l2,0.0001,lbfgs,0.6298246528566439
0.5033112582781457,0.5090212469522815,0.498674165340832,0.50447026605967,0.6225165562913907,0.8741721854304636,0.2739641943734016,0.30288192501399,0.3652362462131744,0.6735789801512544,0.6618955002467144,5,716,151,l2,0.0001,lbfgs,0.6275020877896067
