roc_auc,pr_auc,accuracy,f1,balanced_accuracy,matthews_corrcoef,sensitivity,specificity,precision,pos_LR,sensitivity_at_spec100,fold,n_train,n_val,threshold,best_penalty,best_C,best_solver,best_inner_score
0.660176495307466,0.7284948774083881,0.6208053691275168,0.6501547987616099,0.6271886818882196,0.24989614622385134,0.5932203389830508,0.6611570247933884,0.7191780821917808,1.7507234394377842,0.0,1,595,298,0.4928483291091409,l1,0.01,liblinear,0.6809490608070827
0.7503805175038052,0.7775997850805005,0.7182320441988951,0.7692307692307693,0.7017376966007103,0.4086925143522622,0.7870370370370371,0.6164383561643836,0.7522123893805309,2.0519179894179898,0.018518518518518517,2,712,181,0.4739559685732232,l1,0.01,liblinear,0.6320375463011858
0.5474157303370787,0.6543042018819597,0.6115107913669064,0.71875,0.5476404494382022,0.10437968655524386,0.7752808988764045,0.32,0.6699029126213593,1.140118968935889,0.0,3,754,139,0.5052170267137844,l2,0.0001,liblinear,0.6897276523362329
0.6610389610389611,0.7087804195671243,0.6611111111111111,0.7288888888888889,0.637012987012987,0.27811953475321577,0.7454545454545455,0.5285714285714286,0.7130434782608696,1.581267217630854,0.00909090909090909,4,713,180,0.488040342558837,l2,0.0001,liblinear,0.6759673879529703
0.7231255645889791,0.6782857779033258,0.6526315789473685,0.6666666666666666,0.6592140921409214,0.31587048676365875,0.6111111111111112,0.7073170731707317,0.7333333333333333,2.087962962962963,0.0,5,798,95,0.5195700697973842,l2,0.0001,liblinear,0.6602665370938059
