accuracy,balanced_accuracy,f1_macro,f1_weighted,mae,adjacent_accuracy,kappa_linear,kappa_quadratic,spearman_r,roc_auc_macro_ovr,roc_auc_weighted_ovr,fold,n_train,n_val,best_penalty,best_C,best_solver,inner_auc_score
0.42578125,0.4235440360101606,0.41243038859640463,0.4286017605647896,0.75390625,0.8203125,0.13050823595663807,0.14933308460031713,0.14275434220764874,0.6034301630164225,0.5930941266309155,1,611,256,l2,0.001,lbfgs,0.6598481073871987
0.421875,0.44690257162744323,0.422973246138801,0.41602586231622773,0.7421875,0.8359375,0.16586637398820137,0.1921872120877096,0.23377998885462192,0.6084321060396153,0.5980563585415559,2,739,128,l2,0.01,lbfgs,0.6397174706728703
0.50920245398773,0.5197855750487329,0.5037057445929191,0.5074396327977032,0.5766871165644172,0.9141104294478528,0.3237111581920904,0.3919770072769523,0.42171796051570004,0.6711745844665168,0.6605105967861354,3,704,163,l2,0.001,lbfgs,0.6288995258084916
0.5088757396449705,0.533957362082362,0.5074496236575747,0.5089228970668631,0.650887573964497,0.8402366863905325,0.2881213142375737,0.29868421052631566,0.3594594455884656,0.682856831524214,0.6723646922388808,4,698,169,l2,0.001,lbfgs,0.6344305581216803
0.5099337748344371,0.5151515151515151,0.5054543539056814,0.5120708132048459,0.6225165562913907,0.8675496688741722,0.2693297642335015,0.28258403063395277,0.3299975937662292,0.6846632228987389,0.6722161213940095,5,716,151,l2,0.001,lbfgs,0.6372590918983273
