accuracy,balanced_accuracy,f1_macro,f1_weighted,mae,adjacent_accuracy,kappa_linear,kappa_quadratic,spearman_r,roc_auc_macro_ovr,roc_auc_weighted_ovr,fold,n_train,n_val,best_penalty,best_C,best_solver,inner_auc_score
0.4566929133858268,0.46468561584840656,0.4173199678194129,0.42965106609176623,0.6692913385826772,0.8740157480314961,0.29633009582165437,0.3910495471497071,0.4401388066069845,0.5962404254319292,0.5960493331568973,1,740,127,l2,0.001,liblinear,0.6619349208630034
0.44559585492227977,0.4709874348032243,0.4176907812867858,0.42214852079884024,0.7150259067357513,0.8393782383419689,0.2246288209606988,0.2633868936300141,0.301702280822562,0.6365238868441011,0.6326722324704809,2,674,193,l2,0.001,liblinear,0.6680139169107105
0.436046511627907,0.46153730309328034,0.4185868901108492,0.4103792542793986,0.7093023255813954,0.8546511627906976,0.2419075144508671,0.30645161290322576,0.3899725324847139,0.6428652980479356,0.6359214912993983,3,695,172,l2,0.001,liblinear,0.6669038423296654
0.543778801843318,0.53424497428705,0.4295193857237653,0.4891231745818177,0.6359447004608295,0.8202764976958525,0.340628853267571,0.3913201568708933,0.4432670611061213,0.7201263619046996,0.722454854355718,4,650,217,l2,0.0001,lbfgs,0.62438709348892
0.43037974683544306,0.49799344799344797,0.4185480765865099,0.3885715728874929,0.7278481012658228,0.8417721518987342,0.23713158115710808,0.27166564228641676,0.32500398603530795,0.6800795926520725,0.6730259595566904,5,709,158,l2,0.0001,liblinear,0.6504704062657038
