n_pairs,pairwise_accuracy,both_correct_rate,mean_delta,median_delta,std_delta,n_positive_delta,per_drug_accuracy,per_drug_roc_auc,per_drug_pr_auc,n_train,n_test,best_penalty,best_C,best_solver,inner_cv_score,threshold,seed
13,0.3076923076923077,0.23076923076923078,-0.030793916532433244,-0.018929909586341997,0.10729071031923473,4,0.5384615384615384,0.4431818181818182,0.8421392789652619,867,26,l2,0.0001,liblinear,0.6896311392441252,0.5561909201028915,1
