roc_auc,pr_auc,accuracy,f1,balanced_accuracy,matthews_corrcoef,sensitivity,specificity,precision,pos_LR,sensitivity_at_spec100,fold,n_train,n_val,threshold,best_penalty,best_C,best_solver,best_inner_score
0.6472289156626506,0.663611257912819,0.639344262295082,0.6597938144329897,0.639277108433735,0.2774532736821271,0.64,0.6385542168674698,0.6808510638297872,1.7706666666666664,0.02,1,684,183,0.5065789912568168,l2,0.0001,liblinear,0.6915073507609342
0.6941031941031941,0.7127603894308115,0.5895953757225434,0.5644171779141104,0.6107016107016108,0.22688937393368022,0.46464646464646464,0.7567567567567568,0.71875,1.9102132435465773,0.0,2,694,173,0.5556679486527943,l2,0.0001,liblinear,0.6783258254509504
0.7424025229357798,0.7935273722431613,0.7225433526011561,0.7948717948717948,0.676605504587156,0.3808569124587134,0.8532110091743119,0.5,0.744,1.7064220183486238,0.009174311926605505,3,694,173,0.456717625480746,l2,0.0001,liblinear,0.6790722788784072
0.6468186936936936,0.7595894782945206,0.6342857142857142,0.7090909090909091,0.6091638513513513,0.21695771823128115,0.7027027027027027,0.515625,0.7155963302752294,1.4507410636442895,0.09009009009009009,4,692,175,0.4810629837587944,l2,0.001,liblinear,0.6826820062475434
0.6949390815370197,0.74844275670336,0.7055214723926381,0.7623762376237624,0.6847860043736332,0.37892063730466674,0.7938144329896907,0.5757575757575758,0.7333333333333333,1.8711340206185567,0.041237113402061855,5,704,163,0.5038320910695003,l2,0.0001,liblinear,0.6630514232575601
