accuracy,balanced_accuracy,f1_macro,f1_weighted,mae,adjacent_accuracy,kappa_linear,kappa_quadratic,spearman_r,roc_auc_macro_ovr,roc_auc_weighted_ovr,fold,n_train,n_val,best_penalty,best_C,best_solver,inner_auc_score
0.48623853211009177,0.5100628343909418,0.4230151292006962,0.43180927650803747,0.6788990825688074,0.8348623853211009,0.31189216857191604,0.3723827470686767,0.3772238593854646,0.6401208562388688,0.6421932531771237,1,758,109,l2,0.001,liblinear,0.6270257442776361
0.371900826446281,0.4136631929735379,0.3628234398782344,0.34415921355522855,0.8016528925619835,0.8264462809917356,0.13258443574015222,0.16774704339650637,0.2424231642380575,0.5972931772304814,0.5882973775535759,2,746,121,l2,0.1,lbfgs,0.6506717658513276
0.3950617283950617,0.450382040545975,0.3406152711511785,0.31855247247275964,0.808641975308642,0.7962962962962963,0.19086472472167149,0.2341987810145415,0.3009933587206378,0.6285021788203135,0.6247737204002554,3,705,162,l2,0.0001,liblinear,0.6312070179340493
0.4669603524229075,0.44722222222222224,0.38107928418487425,0.41007399674321726,0.7136563876651982,0.8193832599118943,0.20871885355252395,0.25135164359861584,0.29689946879142415,0.6287530881500436,0.6235022894134201,4,640,227,l2,0.001,liblinear,0.6481624541245113
0.4596774193548387,0.4711882205169669,0.37498177963294244,0.37704361987932883,0.7338709677419355,0.8064516129032258,0.25380240708900936,0.3036522301228184,0.3782530165226476,0.6604670271611072,0.6556531046558408,5,619,248,l2,0.0001,liblinear,0.6174114669079165
