roc_auc,pr_auc,accuracy,f1,balanced_accuracy,matthews_corrcoef,sensitivity,specificity,precision,pos_LR,sensitivity_at_spec100,fold,n_train,n_val,threshold,best_penalty,best_C,best_solver,best_inner_score
0.6558441558441559,0.6984256161414695,0.6649214659685864,0.7264957264957265,0.6512396694214876,0.2965178873399712,0.7024793388429752,0.6,0.7522123893805309,1.7561983471074378,0.0,1,702,191,0.4911134728978302,l2,0.0001,lbfgs,0.658872597058427
0.6769059366544643,0.7284135893293313,0.676829268292683,0.7488151658767772,0.6457902275982811,0.29719127024717257,0.7669902912621359,0.5245901639344263,0.7314814814814815,1.613324405758286,0.0,2,729,164,0.47936125989806927,l2,0.0001,liblinear,0.6426957513555978
0.6604376690435211,0.6694365128152763,0.6464088397790055,0.7142857142857143,0.6310548315711827,0.2839674091159875,0.8163265306122449,0.4457831325301205,0.6349206349206349,1.4729370008873115,0.01020408163265306,3,712,181,0.4801905091467416,l2,0.0001,lbfgs,0.6231160545955292
0.6572011067423912,0.7437820067676626,0.622093023255814,0.6889952153110048,0.608053007135576,0.21104940350358906,0.6605504587155964,0.5555555555555556,0.72,1.486238532110092,0.03669724770642202,4,721,172,0.5083585214712285,l2,0.0001,liblinear,0.668742631071107
0.6864366163431584,0.6924299960685436,0.6432432432432432,0.65625,0.653366882338845,0.30394241667768085,0.5887850467289719,0.717948717948718,0.7411764705882353,2.0875106202209004,0.0,5,708,185,0.5072835444376399,l2,0.0001,liblinear,0.627376556246164
