roc_auc,pr_auc,accuracy,f1,balanced_accuracy,matthews_corrcoef,sensitivity,specificity,precision,pos_LR,sensitivity_at_spec100,fold,n_train,n_val,threshold,best_penalty,best_C,best_solver,best_inner_score
0.6122500000000001,0.7008138892071278,0.5615384615384615,0.632258064516129,0.54625,0.09108770332470623,0.6125,0.48,0.6533333333333333,1.1778846153846154,0.0125,1,737,130,0.5247064280087826,l2,0.01,lbfgs,0.6977625763403374
0.6538341158059469,0.7396529763886046,0.5948275862068966,0.6618705035971223,0.5794992175273865,0.157308868045106,0.647887323943662,0.5111111111111111,0.6764705882352942,1.3252240717029449,0.0,2,751,116,0.5334740761336467,l2,0.01,lbfgs,0.6813843259064559
0.727107843137255,0.712316521637992,0.6853146853146853,0.6691176470588235,0.6893627450980393,0.38241751999471146,0.6066666666666667,0.7720588235294118,0.7459016393442623,2.6615053763440866,0.013333333333333334,3,581,286,0.5102938909797123,l2,0.001,liblinear,0.6485518596476524
0.6911371237458194,0.8220347214425558,0.6407185628742516,0.7272727272727273,0.6074414715719063,0.2059501162290936,0.6956521739130435,0.5192307692307693,0.7619047619047619,1.4469565217391305,0.034782608695652174,4,700,167,0.48858820859380236,l2,0.01,lbfgs,0.6481594064559407
0.6552941176470589,0.7076268549085605,0.6428571428571429,0.6938775510204082,0.6341176470588236,0.26605321596532183,0.68,0.5882352941176471,0.7083333333333334,1.6514285714285717,0.01,5,699,168,0.5534071787722983,l2,0.01,lbfgs,0.6825621723013293
