accuracy,balanced_accuracy,f1_macro,f1_weighted,mae,adjacent_accuracy,kappa_linear,kappa_quadratic,spearman_r,roc_auc_macro_ovr,roc_auc_weighted_ovr,fold,n_train,n_val,best_penalty,best_C,best_solver,inner_auc_score
0.44537815126050423,0.49222222222222217,0.4218212276787326,0.40267397386353104,0.6974789915966386,0.8571428571428571,0.24424209962506693,0.28851755327303397,0.3214936559203717,0.637784684800126,0.6225681844968612,1,748,119,l2,0.001,liblinear,0.6525495033628703
0.46564885496183206,0.5136501916162933,0.4633938051054794,0.4448364661594522,0.6641221374045801,0.8702290076335878,0.2764268935305695,0.3243681002514811,0.3557070503614629,0.6711197495622172,0.6581103013171193,2,736,131,l2,0.001,lbfgs,0.6609431789587847
0.47058823529411764,0.4963645673323092,0.43667433336644534,0.4288222573718757,0.7294117647058823,0.8,0.25847755733783595,0.28518242740134037,0.32406969292660565,0.6607969912890624,0.6532120334738257,3,697,170,l2,0.0001,liblinear,0.6473442447875484
0.48936170212765956,0.47150801243721596,0.4225049694748073,0.4550569110010227,0.6510638297872341,0.8595744680851064,0.28403592265875477,0.36088171375349276,0.393310908516306,0.639266282790348,0.6391650931697872,4,632,235,l2,0.001,liblinear,0.6739619022882734
0.5141509433962265,0.5417961492296816,0.4698717948717949,0.48293722786647314,0.6509433962264151,0.8349056603773585,0.29959300933684463,0.33303082554375774,0.39784185955655754,0.6864544793497708,0.6682598690172733,5,655,212,l2,0.0001,lbfgs,0.6425516382402281
