accuracy,balanced_accuracy,f1_macro,f1_weighted,mae,adjacent_accuracy,kappa_linear,kappa_quadratic,spearman_r,roc_auc_macro_ovr,roc_auc_weighted_ovr,fold,n_train,n_val,best_penalty,best_C,best_solver,inner_auc_score
0.4122137404580153,0.4173060528559249,0.41318977809624274,0.4150847137364085,0.7099236641221374,0.8778625954198473,0.17195677292190592,0.2289400574469087,0.3626819128490913,0.6107974603258306,0.6023662849101237,1,736,131,l2,0.001,lbfgs,0.6653615084895436
0.4074074074074074,0.39877369007803787,0.37903975567053755,0.3923353140382348,0.798941798941799,0.7936507936507936,0.1326850022792888,0.16182194937738437,0.2285145749889954,0.5867351953607213,0.5894547588095975,2,678,189,l2,0.001,lbfgs,0.6798885355274524
0.50625,0.5243790849673203,0.5054917479326495,0.5065140731715773,0.65,0.84375,0.2940777193280162,0.31601154785698427,0.33798000621982793,0.6467031957643601,0.6456869682454613,3,707,160,l2,0.0001,lbfgs,0.6525243985173155
0.5170940170940171,0.5262798020692757,0.5012302133819312,0.5329578208061029,0.6282051282051282,0.8547008547008547,0.27347611202635913,0.27118644067796616,0.32057698525827133,0.6943747521958077,0.6871648808304764,4,633,234,l2,0.0001,lbfgs,0.6189650548773586
0.43790849673202614,0.44426712647051625,0.4284623965998926,0.45456518766761356,0.7189542483660131,0.8431372549019608,0.17982456140350878,0.19242333132892364,0.3341873531927944,0.6579036762099298,0.6567263165802719,5,714,153,l2,0.0001,lbfgs,0.6371804901283512
