n_pairs,pairwise_accuracy,both_correct_rate,mean_delta,median_delta,std_delta,n_positive_delta,per_drug_accuracy,per_drug_roc_auc,per_drug_pr_auc,n_train,n_test,best_penalty,best_C,best_solver,inner_cv_score,threshold,seed
38,0.5263157894736842,0.18421052631578946,0.0456312613359805,0.01494813550628514,0.14719215693074217,20,0.532258064516129,0.588235294117647,0.6190637579659134,831,62,l1,0.01,liblinear,0.6849569031140362,0.46482071353584536,0
