roc_auc,pr_auc,accuracy,f1,balanced_accuracy,matthews_corrcoef,sensitivity,specificity,precision,pos_LR,sensitivity_at_spec100,fold,n_train,n_val,threshold,best_penalty,best_C,best_solver,best_inner_score
0.7297979797979797,0.8330521561503609,0.6814159292035398,0.7464788732394366,0.6774891774891775,0.33459634181310466,0.6883116883116883,0.6666666666666666,0.8153846153846154,2.0649350649350646,0.06493506493506493,1,718,113,0.5127026063487294,l1,0.01,liblinear,0.6790095553529883
0.6687719298245614,0.7459388234428389,0.7345132743362832,0.8125,0.6701754385964912,0.37244386575922783,0.8666666666666667,0.47368421052631576,0.7647058823529411,1.6466666666666665,0.0,2,718,113,0.48602435244949893,l2,0.0001,liblinear,0.698471216612117
0.7027027027027026,0.7859955932573072,0.6705882352941176,0.7307692307692307,0.6643762406474271,0.31616168493244445,0.6846846846846847,0.6440677966101694,0.7835051546391752,1.9236379236379233,0.08108108108108109,3,661,170,0.5036916563134495,l1,0.1,liblinear,0.6795849093163188
0.6434716599190282,0.6682999476767573,0.5886524822695035,0.6158940397350994,0.5866902834008096,0.17320534637605706,0.6118421052631579,0.5615384615384615,0.62,1.3954293628808863,0.006578947368421052,4,549,282,0.45477657963398876,l1,0.01,liblinear,0.712855541871477
0.6453651685393258,0.6700721291187812,0.6601307189542484,0.723404255319149,0.6398349719101124,0.2886797418603737,0.7640449438202247,0.515625,0.6868686868686869,1.5773831098223994,0.0,5,678,153,0.4738073771320431,l1,0.01,liblinear,0.6825900585185907
