roc_auc,pr_auc,accuracy,f1,balanced_accuracy,matthews_corrcoef,sensitivity,specificity,precision,pos_LR,sensitivity_at_spec100,fold,n_train,n_val,threshold,best_penalty,best_C,best_solver,best_inner_score
0.7226157348848974,0.7718657675294218,0.6864864864864865,0.7542372881355932,0.6607007336200355,0.32140146724007085,0.7542372881355932,0.5671641791044776,0.7542372881355932,1.7425482174167153,0.0,1,646,185,0.4590354714582564,l1,0.1,liblinear,0.6931778752321143
0.7104173303599872,0.7630289218385238,0.6810344827586207,0.7338129496402878,0.6748964638419879,0.3411534066187489,0.6986301369863014,0.6511627906976745,0.7727272727272727,2.0027397260273974,0.0,2,715,116,0.5249165890404072,l2,0.001,liblinear,0.7107045695514891
0.6723573639982308,0.713732232099589,0.5981308411214953,0.5865384615384616,0.6089340999557717,0.21962365693621058,0.5126050420168067,0.7052631578947368,0.6853932584269663,1.7391956782713083,0.05042016806722689,3,617,214,0.5684568364656656,l2,0.001,liblinear,0.7440107522324765
0.7189473684210527,0.7923121910920337,0.7161290322580646,0.7777777777777778,0.6885964912280702,0.38911748646772865,0.8105263157894737,0.5666666666666667,0.7475728155339806,1.8704453441295545,0.12631578947368421,4,676,155,0.5343014607340432,l2,0.001,liblinear,0.6990896653774585
0.6968067774519389,0.7796556774802091,0.6708074534161491,0.7464114832535885,0.6358748778103617,0.284250458331315,0.7878787878787878,0.4838709677419355,0.7090909090909091,1.5265151515151516,0.050505050505050504,5,670,161,0.4533469484797113,l2,0.001,liblinear,0.6886982540525897
