accuracy,balanced_accuracy,f1_macro,f1_weighted,mae,adjacent_accuracy,kappa_linear,kappa_quadratic,spearman_r,roc_auc_macro_ovr,roc_auc_weighted_ovr,fold,n_train,n_val,best_penalty,best_C,best_solver,inner_auc_score
0.47265625,0.4343300982867378,0.36197348480231434,0.40166245002498746,0.73046875,0.796875,0.19559080521575478,0.23768982031026153,0.3298630826089112,0.6293712704669646,0.6252509317871886,1,611,256,l1,0.01,liblinear,0.6377656867480408
0.3984375,0.4093816430573584,0.3914814814814815,0.39348090277777775,0.765625,0.8359375,0.13727647867950477,0.17251570003694128,0.21386856359178874,0.5970649897555309,0.5897647204870341,2,739,128,l2,0.01,liblinear,0.6866889616998746
0.5153374233128835,0.5557226399331663,0.4954414096774453,0.49031989281841604,0.6134969325153374,0.8711656441717791,0.35183712422459046,0.3976474262218289,0.43237152149039515,0.6758428280174709,0.6628204460637805,3,704,163,l2,0.0001,liblinear,0.6397193412626138
0.46745562130177515,0.5027316433566433,0.4535572129521612,0.4414261732243589,0.6804733727810651,0.8520710059171598,0.2701565961921214,0.32161537525848427,0.4189078044880072,0.6843403248999776,0.6697665626918228,4,698,169,l2,0.001,liblinear,0.6635564437256201
0.5033112582781457,0.5375827237896204,0.46619156883632384,0.4572565431083284,0.6423841059602649,0.8543046357615894,0.32236872542216055,0.3741070641150013,0.40046555748409196,0.6851456784847935,0.6694501974465332,5,716,151,l2,0.0001,liblinear,0.641638423781413
