accuracy,balanced_accuracy,f1_macro,f1_weighted,mae,adjacent_accuracy,kappa_linear,kappa_quadratic,spearman_r,roc_auc_macro_ovr,roc_auc_weighted_ovr,fold,n_train,n_val,best_penalty,best_C,best_solver,inner_auc_score
0.48046875,0.45829955450551657,0.45347013985170537,0.4889420247896134,0.6328125,0.88671875,0.2578647865144411,0.32175630434259017,0.2948846727696888,0.633746723379003,0.6421556936919505,1,611,256,l2,0.0001,lbfgs,0.6421523597683978
0.4453125,0.45528340576029497,0.44302078412848367,0.4481276324594552,0.703125,0.8515625,0.18690005646527386,0.20558572536850273,0.22950537539791951,0.6235398897625433,0.6179269162753264,2,739,128,l2,0.0001,lbfgs,0.6548085711505549
0.5398773006134969,0.5246727930938457,0.5251683501683502,0.542817748032472,0.5398773006134969,0.9202453987730062,0.3247340175124753,0.36735666621271956,0.42406558224703206,0.7086007381558539,0.703609206384983,3,704,163,l2,0.001,lbfgs,0.6217772768996316
0.5029585798816568,0.5284333721833722,0.5034301856335754,0.5035961431007063,0.6272189349112426,0.8698224852071006,0.3017073360879394,0.33690818728747063,0.40236518990998915,0.6984799114046688,0.687183727400307,4,698,169,l2,0.0001,lbfgs,0.6474489868829573
0.46357615894039733,0.4620515499825845,0.4569327948638294,0.46722749239305533,0.6490066225165563,0.8874172185430463,0.2290299051787017,0.27782608695652167,0.3856803440674274,0.6628840522799914,0.6565225714219665,5,716,151,l2,0.0001,lbfgs,0.6462410893960271
