accuracy,balanced_accuracy,f1_macro,f1_weighted,mae,adjacent_accuracy,kappa_linear,kappa_quadratic,spearman_r,roc_auc_macro_ovr,roc_auc_weighted_ovr,fold,n_train,n_val,best_penalty,best_C,best_solver,inner_auc_score
0.47706422018348627,0.47562834390941894,0.4570001086130118,0.47874184281405346,0.6788990825688074,0.8440366972477065,0.26310981180339854,0.30581436490152136,0.32569081720896503,0.643228393206369,0.6437053706393085,1,758,109,l2,0.0001,lbfgs,0.6354427112699959
0.48760330578512395,0.5297240814482195,0.48755057578586997,0.4771666242254477,0.6115702479338843,0.9008264462809917,0.30632166098543523,0.36844908393694076,0.36012157843277043,0.6702675968247727,0.65827426256819,2,746,121,l2,0.0001,lbfgs,0.645036313626002
0.46296296296296297,0.47048470655028024,0.45946665627516686,0.47225866463455113,0.6666666666666666,0.8703703703703703,0.22925110132158577,0.26157773185851463,0.28595167718320785,0.6521370295508332,0.6520098247339315,3,705,162,l2,0.0001,lbfgs,0.6481307165687189
0.47577092511013214,0.4755952380952381,0.4588168523600136,0.48741470556150834,0.6828193832599119,0.8414096916299559,0.224641353930232,0.24194189040088254,0.29940290826104515,0.6433808850670677,0.637946305295602,4,640,227,l2,0.0001,lbfgs,0.6664156525014538
0.5040322580645161,0.5183062797805204,0.49500962000961996,0.49789950193176,0.6451612903225806,0.8508064516129032,0.29759966012886785,0.3339454595537601,0.3937930622090504,0.684504988248282,0.6796311344878453,5,619,248,l2,0.001,lbfgs,0.6376465287855384
