accuracy,balanced_accuracy,f1_macro,f1_weighted,mae,adjacent_accuracy,kappa_linear,kappa_quadratic,spearman_r,roc_auc_macro_ovr,roc_auc_weighted_ovr,fold,n_train,n_val,best_penalty,best_C,best_solver,inner_auc_score
0.5137614678899083,0.5432530795072789,0.43297696321751306,0.4424204209884716,0.6422018348623854,0.8440366972477065,0.36236002005682766,0.4252687081727844,0.48542695435528616,0.7024074096076792,0.7057193744785093,1,758,109,l2,0.01,liblinear,0.6411288267853705
0.4462809917355372,0.4958400406676269,0.43980180705333716,0.42062651902560755,0.7024793388429752,0.8512396694214877,0.2416869424168694,0.27780792186652203,0.3294876036820142,0.636681858369878,0.6207192167037657,2,746,121,l2,0.1,liblinear,0.6519842595410126
0.4567901234567901,0.47611714333025806,0.43269516012753256,0.4288885195691261,0.6728395061728395,0.8703703703703703,0.2568181818181817,0.320839580209895,0.33576863634854215,0.644887671182777,0.6378594983021925,3,705,162,l2,0.1,lbfgs,0.6502425633262814
0.45374449339207046,0.44226190476190474,0.34574089544849773,0.3713264234170022,0.7444933920704846,0.801762114537445,0.19734281828643163,0.24003722709822517,0.2566924830560412,0.6324601931305679,0.6332089305559577,4,640,227,l2,0.01,liblinear,0.643390882151425
0.4959677419354839,0.500757067232147,0.47098997493734335,0.4768759095318943,0.6935483870967742,0.8104838709677419,0.25722644006408024,0.272903624019046,0.3359665107014152,0.666187047773739,0.6641396001725063,5,619,248,l2,0.1,liblinear,0.6370112218653873
