roc_auc,pr_auc,accuracy,f1,balanced_accuracy,matthews_corrcoef,sensitivity,specificity,precision,pos_LR,sensitivity_at_spec100,fold,n_train,n_val,threshold,best_penalty,best_C,best_solver,best_inner_score
0.7770562770562771,0.8656980963862305,0.7168141592920354,0.7681159420289855,0.733044733044733,0.4357117896215977,0.6883116883116883,0.7777777777777778,0.8688524590163934,3.097402597402598,0.05194805194805195,1,718,113,0.5228301753869359,l1,0.1,liblinear,0.7265578326683432
0.6656140350877193,0.7584242539906969,0.6548672566371682,0.7346938775510204,0.6231578947368421,0.24202292510685544,0.72,0.5263157894736842,0.75,1.5199999999999998,0.0,2,718,113,0.5459059032657456,l2,0.001,liblinear,0.741295501083372
0.7744693846388762,0.8391810434941628,0.7176470588235294,0.7757009345794392,0.704382348450145,0.3982033068469416,0.7477477477477478,0.6610169491525424,0.8058252427184466,2.205855855855856,0.009009009009009009,3,661,170,0.5073755783708416,l1,0.1,liblinear,0.7125390705962001
0.7076417004048584,0.7208191769567148,0.6382978723404256,0.6554054054054054,0.6383097165991902,0.2758388083675096,0.6381578947368421,0.6384615384615384,0.6736111111111112,1.76511758118701,0.046052631578947366,4,549,282,0.5058789883428095,l2,0.001,liblinear,0.739970001583717
0.6825842696629214,0.6865763757212349,0.6601307189542484,0.6941176470588235,0.6595856741573034,0.3154279191190917,0.6629213483146067,0.65625,0.7283950617283951,1.9284984678243104,0.011235955056179775,5,678,153,0.5476842516089374,l2,0.0001,liblinear,0.7074759456967173
