accuracy,balanced_accuracy,f1_macro,f1_weighted,mae,adjacent_accuracy,kappa_linear,kappa_quadratic,spearman_r,roc_auc_macro_ovr,roc_auc_weighted_ovr,fold,n_train,n_val,best_penalty,best_C,best_solver,inner_auc_score
0.3543307086614173,0.3530289979902383,0.338922849655797,0.3572231588548959,0.8267716535433071,0.8188976377952756,0.11706283519830485,0.18447799277057197,0.28405872267935545,0.5639155925804112,0.5699091004741481,1,740,127,l2,0.01,lbfgs,0.6486693323163323
0.39896373056994816,0.39058202939781883,0.38541070587456744,0.4131641639735509,0.7875647668393783,0.8134715025906736,0.08570716200211936,0.07135799286849687,0.09718750062547932,0.5772039281587488,0.5786441181461586,2,674,193,l2,0.01,lbfgs,0.6436456060270423
0.47674418604651164,0.4859868678654258,0.4795386200660316,0.47587599931337327,0.622093023255814,0.9011627906976745,0.2673566878980891,0.3314588157459476,0.322601276711231,0.6400891473590714,0.6307295901772645,3,695,172,l2,0.01,lbfgs,0.6216603312726885
0.5023041474654378,0.5038452547919589,0.4728011131134832,0.5138975337746786,0.6405529953917051,0.8571428571428571,0.2928613292697222,0.34464728420103674,0.41271012105047666,0.6779266023933257,0.6730792558650296,4,650,217,l2,0.001,lbfgs,0.6107267542439253
0.46835443037974683,0.4774774774774775,0.4663792845382428,0.4704822858701892,0.6392405063291139,0.8924050632911392,0.22915660322674147,0.2680667078443483,0.2805357154092163,0.6345831047604018,0.6250581734856342,5,709,158,l2,0.01,lbfgs,0.6288505695699559
