n_pairs,pairwise_accuracy,both_correct_rate,mean_delta,median_delta,std_delta,n_positive_delta,per_drug_accuracy,per_drug_roc_auc,per_drug_pr_auc,n_train,n_test,best_penalty,best_C,best_solver,inner_cv_score,threshold,seed
13,0.46153846153846156,0.6153846153846154,-0.013497013718568093,-0.04774627732485792,0.08811627865104314,6,0.8461538461538461,0.5454545454545454,0.888037396088033,867,26,l1,0.1,liblinear,0.6619327999260577,0.5047306513068246,1
