roc_auc,pr_auc,accuracy,f1,balanced_accuracy,matthews_corrcoef,sensitivity,specificity,precision,pos_LR,sensitivity_at_spec100,fold,n_train,n_val,threshold,best_penalty,best_C,best_solver,best_inner_score
0.6308433734939759,0.6825891066083528,0.5737704918032787,0.5465116279069767,0.5843975903614458,0.17201699296862027,0.47,0.6987951807228916,0.6527777777777778,1.5604,0.05,1,684,183,0.5457430774312044,l1,0.1,liblinear,0.6619603407301904
0.6777231777231778,0.7216371366561649,0.5838150289017341,0.5662650602409639,0.6022386022386023,0.207676818599926,0.47474747474747475,0.7297297297297297,0.7014925373134329,1.7565656565656564,0.010101010101010102,2,694,173,0.49531224636565946,l1,0.1,liblinear,0.6346986913816369
0.626290137614679,0.7171446128109475,0.5606936416184971,0.6122448979591837,0.5642918577981652,0.1241596144040348,0.5504587155963303,0.578125,0.6896551724137931,1.3047910295616718,0.009174311926605505,3,694,173,0.5130530007016549,l2,0.001,lbfgs,0.6494844461496144
0.6589245495495496,0.7429788209836995,0.5657142857142857,0.6082474226804123,0.5782657657657657,0.15098032329719663,0.5315315315315315,0.625,0.7108433734939759,1.4174174174174174,0.009009009009009009,4,692,175,0.5419542023016303,l2,0.01,liblinear,0.6525731856954422
0.6701030927835051,0.7094934290485269,0.6503067484662577,0.6984126984126984,0.6432364885973134,0.283607955043496,0.6804123711340206,0.6060606060606061,0.717391304347826,1.7272006344171293,0.041237113402061855,5,704,163,0.5155418666490926,l2,0.001,lbfgs,0.6475889224216278
