accuracy,balanced_accuracy,f1_macro,f1_weighted,mae,adjacent_accuracy,kappa_linear,kappa_quadratic,spearman_r,roc_auc_macro_ovr,roc_auc_weighted_ovr,fold,n_train,n_val,best_penalty,best_C,best_solver,inner_auc_score
0.42748091603053434,0.46462063086104005,0.3511528505207393,0.32691939168425593,0.7557251908396947,0.816793893129771,0.24268613138686124,0.30149805941455987,0.41975208301150363,0.6065082812596128,0.5929380922511446,1,736,131,l2,0.0001,liblinear,0.6262117728789499
0.41798941798941797,0.4055741360089186,0.34429716903943713,0.3540252679918856,0.8148148148148148,0.7671957671957672,0.1354482266975584,0.16282900757769891,0.17971632067365126,0.547543217459066,0.5446233645158376,2,678,189,l2,0.001,liblinear,0.6678364406984679
0.46875,0.4574136321195145,0.3797699214365881,0.3958881974506975,0.7375,0.79375,0.24431636247198196,0.29447852760736204,0.3503948694543784,0.6466085363021294,0.6464644394386012,3,707,160,l2,0.0001,liblinear,0.618820547535641
0.42735042735042733,0.46367521367521364,0.33411699919515403,0.3273149098539872,0.7393162393162394,0.8333333333333334,0.21336131514515555,0.27213919250501883,0.3133931204158994,0.6290675410543181,0.6144274983028091,4,633,234,l1,0.01,liblinear,0.5942311880229443
0.3790849673202614,0.440274414850686,0.31065840396989336,0.2871701473998437,0.8104575163398693,0.8104575163398693,0.18195929630907215,0.23259659372760844,0.32885741713051775,0.6184332554845506,0.6088729813927691,5,714,153,l2,0.0001,liblinear,0.6101266939232588
