accuracy,balanced_accuracy,f1_macro,f1_weighted,mae,adjacent_accuracy,kappa_linear,kappa_quadratic,spearman_r,roc_auc_macro_ovr,roc_auc_weighted_ovr,fold,n_train,n_val,best_penalty,best_C,best_solver,inner_auc_score
0.42748091603053434,0.46717817561807334,0.35232909860859046,0.3248721962843407,0.7557251908396947,0.816793893129771,0.23948865302292854,0.29783044667274383,0.2665834956173338,0.580143140477467,0.56909669982733,1,736,131,l2,0.0001,lbfgs,0.6285104765648883
0.43386243386243384,0.4247491638795986,0.336846728151076,0.3434343434343434,0.7883597883597884,0.7777777777777778,0.17389773827334332,0.21211958563684186,0.25855377302031046,0.592847333204977,0.5926843789747016,2,678,189,l2,0.001,lbfgs,0.6341898202649776
0.4875,0.48249299719887956,0.38316046369737644,0.39989322757779133,0.7125,0.8,0.2860497886331611,0.339149805086319,0.3454295506992024,0.6494208827811064,0.6482167799959805,3,707,160,l2,0.001,lbfgs,0.6154212180910705
0.42735042735042733,0.4688888888888889,0.3356779748936612,0.3299448554350515,0.7393162393162394,0.8333333333333334,0.22439360846074263,0.2851091798729277,0.30546685008829755,0.6175880659843046,0.6024429642308704,4,633,234,l2,0.0001,lbfgs,0.6050717325192292
0.3790849673202614,0.42776432606941084,0.30525599922277274,0.2841641854448959,0.8104575163398693,0.8104575163398693,0.1663590825204324,0.21378959850923251,0.320471457945577,0.6129582412904099,0.5959090561797394,5,714,153,l2,0.001,lbfgs,0.6117113604713983
