roc_auc,pr_auc,accuracy,f1,balanced_accuracy,matthews_corrcoef,sensitivity,specificity,precision,pos_LR,sensitivity_at_spec100,fold,n_train,n_val,threshold,best_penalty,best_C,best_solver,best_inner_score
0.6691142191142191,0.7237715838686771,0.6542553191489362,0.7058823529411765,0.643006993006993,0.28656560462869474,0.7090909090909091,0.5769230769230769,0.7027027027027027,1.6760330578512395,0.00909090909090909,1,679,188,0.5193798590734181,l2,0.1,liblinear,0.6605944821562874
0.667942302031204,0.7271718708183914,0.6557377049180327,0.7272727272727273,0.6335001471886959,0.26210780468478856,0.7088607594936709,0.5581395348837209,0.7466666666666667,1.604263824117255,0.0,2,745,122,0.5062999865935537,l2,0.1,liblinear,0.6658473821063475
0.6295795795795796,0.7405160187210371,0.6140350877192983,0.6857142857142857,0.5993243243243244,0.19201664802926105,0.6486486486486487,0.55,0.7272727272727273,1.4414414414414416,0.05405405405405406,3,696,171,0.5133425705581889,l2,0.1,lbfgs,0.6851367333566255
0.6655633523103404,0.6633736541159545,0.632183908045977,0.6701030927835051,0.6282271944922547,0.2606286122989662,0.7142857142857143,0.5421686746987951,0.6310679611650486,1.5601503759398496,0.02197802197802198,4,693,174,0.5261270541477326,l2,0.1,liblinear,0.636812781510964
0.7486896551724138,0.7899190235451856,0.6886792452830188,0.7380952380952381,0.6765977011494253,0.3545017235487904,0.744,0.6091954022988506,0.7322834645669292,1.903764705882353,0.016,5,655,212,0.4374315273671355,l2,1.0,lbfgs,0.6417652442334018
