roc_auc,pr_auc,accuracy,f1,balanced_accuracy,matthews_corrcoef,sensitivity,specificity,precision,pos_LR,sensitivity_at_spec100,fold,n_train,n_val,threshold,best_penalty,best_C,best_solver,best_inner_score
0.7128181818181818,0.6188343660680675,0.6714285714285714,0.684931506849315,0.675,0.35275258913333507,0.75,0.6,0.6302521008403361,1.875,0.0,1,683,210,0.49287286463355645,l2,0.0001,liblinear,0.6886314936934991
0.691233140655106,0.8072868802338846,0.6147859922178989,0.6710963455149501,0.6311932287365813,0.24615251119186085,0.5838150289017341,0.6785714285714286,0.7890625,1.8163134232498395,0.05202312138728324,2,636,257,0.5334012640404365,l2,0.0001,lbfgs,0.6900584886617528
0.674962962962963,0.7609749292973917,0.6083333333333333,0.6758620689655173,0.5933333333333333,0.1833030277982336,0.6533333333333333,0.5333333333333333,0.7,1.4,0.04,3,773,120,0.5346386896728132,l2,0.0001,liblinear,0.6963779410917827
0.7193347193347193,0.7341902506250287,0.6797752808988764,0.7076923076923077,0.6830821205821206,0.3610174021895583,0.6634615384615384,0.7027027027027027,0.7582417582417582,2.2316433566433567,0.009615384615384616,4,715,178,0.514829495815886,l2,0.0001,liblinear,0.676095732727225
0.6630675526024363,0.8030662423350834,0.6328125,0.7314285714285714,0.5744739756367663,0.15194314030854572,0.7441860465116279,0.40476190476190477,0.7191011235955056,1.2502325581395348,0.09302325581395349,5,765,128,0.4970432943960493,l2,0.001,liblinear,0.6891492804062134
