accuracy,balanced_accuracy,f1_macro,f1_weighted,mae,adjacent_accuracy,kappa_linear,kappa_quadratic,spearman_r,roc_auc_macro_ovr,roc_auc_weighted_ovr,fold,n_train,n_val,best_penalty,best_C,best_solver,inner_auc_score
0.4566929133858268,0.4583692219351134,0.3760618544201873,0.3912324722070947,0.7165354330708661,0.8267716535433071,0.2684980062029242,0.3378007801938898,0.38735365958738355,0.6433354146072371,0.6431465586466993,1,740,127,l2,0.01,lbfgs,0.63858477253894
0.36787564766839376,0.38999525841631105,0.2867037724180581,0.2762378997760197,0.8497409326424871,0.7823834196891192,0.10627964761689634,0.13590410167533218,0.22812748341764136,0.6396255352124006,0.6380617779925405,2,674,193,l2,0.001,lbfgs,0.649729667276132
0.3953488372093023,0.431206891358694,0.3385713470459233,0.31682584047582074,0.813953488372093,0.7906976744186046,0.16942604856512133,0.20977808599167824,0.2787029220147148,0.6326838299798451,0.6277890713937225,3,695,172,l2,0.01,lbfgs,0.6590634474312687
0.5069124423963134,0.4384057971014493,0.35513335769090243,0.436819889246021,0.7004608294930875,0.7926267281105991,0.22688918057378582,0.26936026936026936,0.3209790537842789,0.6868379639417519,0.6757451791101103,4,650,217,l2,0.001,lbfgs,0.6370873927221841
0.3924050632911392,0.4755937755937756,0.3588377825124285,0.3069846321276896,0.7658227848101266,0.8417721518987342,0.2187167960768288,0.2736706274530889,0.3390664612849612,0.6759718552704724,0.6644718358328775,5,709,158,l2,0.01,lbfgs,0.6582119287935628
