roc_auc,pr_auc,accuracy,f1,balanced_accuracy,matthews_corrcoef,sensitivity,specificity,precision,pos_LR,sensitivity_at_spec100,fold,n_train,n_val,threshold,best_penalty,best_C,best_solver,best_inner_score
0.6662665066026411,0.6248439669872923,0.6294642857142857,0.6795366795366795,0.6221288515406163,0.2517750774186695,0.7394957983193278,0.5047619047619047,0.6285714285714286,1.493212669683258,0.0,1,669,224,0.4904958908983017,l2,0.0001,lbfgs,0.6909402589159646
0.6060975609756099,0.7078722124814072,0.6338797814207651,0.7196652719665272,0.5995934959349594,0.19409875864402476,0.6991869918699187,0.5,0.7413793103448276,1.3983739837398375,0.008130081300813009,2,710,183,0.5121913029974648,l2,0.0001,liblinear,0.7227169256315665
0.6506180871828238,0.7214215073569186,0.6714285714285714,0.7472527472527473,0.636087616569074,0.28266894967150524,0.7816091954022989,0.49056603773584906,0.7157894736842105,1.5342699020859942,0.022988505747126436,3,753,140,0.43756862532713947,l1,0.01,liblinear,0.6725167519011037
0.6697733918128655,0.7603063695442712,0.6405228758169934,0.708994708994709,0.6208881578947368,0.23942511261370408,0.6979166666666666,0.543859649122807,0.7204301075268817,1.5300480769230769,0.08333333333333333,4,740,153,0.4978923886061658,l2,0.0001,liblinear,0.6812571756174346
0.7356194690265487,0.7775446815857714,0.6424870466321243,0.6461538461538462,0.6600110619469026,0.31893031574348557,0.5575221238938053,0.7625,0.7682926829268293,2.347461574289706,0.017699115044247787,5,700,193,0.5118844515743535,l2,0.0001,liblinear,0.6950634837008844
