roc_auc,pr_auc,accuracy,f1,balanced_accuracy,matthews_corrcoef,sensitivity,specificity,precision,pos_LR,sensitivity_at_spec100,fold,n_train,n_val,threshold,best_penalty,best_C,best_solver,best_inner_score
0.624418140710201,0.6776086693175707,0.6306818181818182,0.6486486486486487,0.6405772044154807,0.27768606581997896,0.5825242718446602,0.6986301369863014,0.7317073170731707,1.9329214474845542,0.019417475728155338,1,655,176,0.4771462906049997,l2,0.01,lbfgs,0.6843373384956475
0.70074038691187,0.7524394591769017,0.7272727272727273,0.7931034482758621,0.6914258418915691,0.4178490097018091,0.8734177215189873,0.5094339622641509,0.7263157894736842,1.7804284323271664,0.0759493670886076,2,699,132,0.4537709056603251,l2,0.01,liblinear,0.6547763182973603
0.6914876302083334,0.7034553032134009,0.6473214285714286,0.6748971193415638,0.6484375,0.2939355122488421,0.640625,0.65625,0.7130434782608696,1.8636363636363635,0.046875,3,607,224,0.5178011398951451,l2,0.01,lbfgs,0.6781448958960407
0.6783088235294118,0.7916216279015729,0.6733333333333333,0.7487179487179487,0.6495098039215687,0.2873700278319295,0.7156862745098039,0.5833333333333334,0.7849462365591398,1.7176470588235295,0.00980392156862745,4,681,150,0.48641386674394554,l2,0.001,lbfgs,0.6626309116919519
0.6674294431731502,0.7611147811243664,0.6577181208053692,0.7384615384615385,0.6193745232646835,0.25117444954874263,0.782608695652174,0.45614035087719296,0.6990291262135923,1.4389901823281908,0.06521739130434782,5,682,149,0.43786135420410205,l2,0.1,lbfgs,0.6432075656190043
