roc_auc,pr_auc,accuracy,f1,balanced_accuracy,matthews_corrcoef,sensitivity,specificity,precision,pos_LR,sensitivity_at_spec100,fold,n_train,n_val,threshold,best_penalty,best_C,best_solver,best_inner_score
0.6617473435655253,0.7779773210982128,0.6492146596858639,0.7413127413127413,0.596694214876033,0.20811084579241618,0.7933884297520661,0.4,0.6956521739130435,1.322314049586777,0.05785123966942149,1,702,191,0.4408011299184335,l1,0.1,liblinear,0.6339021790335954
0.6823173643164093,0.739504454943765,0.6463414634146342,0.71,0.6315454400763967,0.25868190779172606,0.6893203883495146,0.5737704918032787,0.7319587628865979,1.6172516803584764,0.009708737864077669,2,729,164,0.4953255941545704,l2,0.01,lbfgs,0.6332755910612683
0.6240472092451439,0.6102450286655035,0.6243093922651933,0.6565656565656566,0.6207892795672485,0.24208504492268954,0.6632653061224489,0.5783132530120482,0.65,1.572886297376093,0.0,3,712,181,0.47255439717239395,l1,0.1,liblinear,0.6399625198738499
0.6622979467016163,0.7575371636726576,0.6569767441860465,0.7377777777777778,0.6188291830493665,0.24435071974838468,0.7614678899082569,0.47619047619047616,0.7155172413793104,1.4537114261884903,0.08256880733944955,4,721,172,0.5031085194756125,l1,0.1,liblinear,0.6575864271300479
0.6780493649652528,0.7393307744987178,0.6270270270270271,0.6387434554973822,0.6376108315360651,0.27297412029937174,0.5700934579439252,0.7051282051282052,0.7261904761904762,1.9333604225924423,0.04672897196261682,5,708,185,0.5147479180172516,l1,0.1,liblinear,0.6271886046073648
