roc_auc,pr_auc,accuracy,f1,balanced_accuracy,matthews_corrcoef,sensitivity,specificity,precision,pos_LR,sensitivity_at_spec100,fold,n_train,n_val,threshold,best_penalty,best_C,best_solver,best_inner_score
0.638382763665381,0.7034816974230931,0.5795454545454546,0.5978260869565217,0.5889080994813141,0.17577093088632076,0.5339805825242718,0.6438356164383562,0.6790123456790124,1.4992531740104555,0.009708737864077669,1,655,176,0.5405125489145185,l2,0.01,liblinear,0.7309410343323681
0.7179364700262718,0.7851021967332026,0.6666666666666666,0.717948717948718,0.6563171721996657,0.3108575778767982,0.7088607594936709,0.6037735849056604,0.7272727272727273,1.7890295358649788,0.0379746835443038,2,699,132,0.5362896126410395,l2,0.001,liblinear,0.6547425887940452
0.7216796874999999,0.7528649075093734,0.6696428571428571,0.7238805970149254,0.6549479166666667,0.3167762968124702,0.7578125,0.5520833333333334,0.6928571428571428,1.6918604651162792,0.046875,3,607,224,0.48885889949707767,l2,0.0001,lbfgs,0.6729366551935552
0.6695261437908497,0.7824402929685992,0.6266666666666667,0.6888888888888889,0.6372549019607843,0.2563096836445085,0.6078431372549019,0.6666666666666666,0.7948717948717948,1.8235294117647056,0.00980392156862745,4,681,150,0.5442392545242437,l2,0.001,lbfgs,0.6962622934121083
0.6866895499618612,0.7410318919465152,0.6510067114093959,0.7263157894736842,0.6206140350877193,0.24709335038383273,0.75,0.49122807017543857,0.7040816326530612,1.4741379310344827,0.0,5,682,149,0.523510235183711,l1,0.1,liblinear,0.6922506713363343
