roc_auc,pr_auc,accuracy,f1,balanced_accuracy,matthews_corrcoef,sensitivity,specificity,precision,pos_LR,sensitivity_at_spec100,fold,n_train,n_val,threshold,best_penalty,best_C,best_solver,best_inner_score
0.5987012987012986,0.707087857719164,0.6230366492146597,0.712,0.5820543093270366,0.16888162345806212,0.7355371900826446,0.42857142857142855,0.689922480620155,1.287190082644628,0.024793388429752067,1,702,191,0.4852427222456433,l2,0.1,lbfgs,0.6923495773120749
0.715263409199427,0.7694019800293034,0.676829268292683,0.7389162561576355,0.6591596371160273,0.31539621620672165,0.7281553398058253,0.5901639344262295,0.75,1.7766990291262135,0.009708737864077669,2,729,164,0.522571135514335,l2,0.1,lbfgs,0.6466788827776708
0.6837964101303172,0.6785867159752239,0.6187845303867403,0.591715976331361,0.6285960167199409,0.2624726640132095,0.5102040816326531,0.7469879518072289,0.704225352112676,2.016520894071914,0.0,3,712,181,0.5211547730476906,l2,0.1,liblinear,0.6772061493818472
0.6748216106014272,0.7466819735291322,0.627906976744186,0.6893203883495146,0.6193388670452891,0.23188835036346628,0.6513761467889908,0.5873015873015873,0.7319587628865979,1.5783345095271701,0.027522935779816515,4,721,172,0.5407635343424496,l2,0.1,lbfgs,0.6644536969637149
0.684040258806614,0.7329280836948426,0.6324324324324324,0.66,0.6353342918763479,0.26732627865342506,0.616822429906542,0.6538461538461539,0.7096774193548387,1.7819314641744548,0.009345794392523364,5,708,185,0.5326538232154753,l2,0.1,lbfgs,0.6446549559806439
