accuracy,balanced_accuracy,f1_macro,f1_weighted,mae,adjacent_accuracy,kappa_linear,kappa_quadratic,spearman_r,roc_auc_macro_ovr,roc_auc_weighted_ovr,fold,n_train,n_val,best_penalty,best_C,best_solver,inner_auc_score
0.4921875,0.4568750530810151,0.45579524201630245,0.4931583401253806,0.66796875,0.83984375,0.18513830460518965,0.17425671885358762,0.19593334017355904,0.6227249608039248,0.6266856767378003,1,611,256,l2,1.0,liblinear,0.6363339359739271
0.5078125,0.556784619147055,0.47514683753215864,0.4563156445682248,0.6171875,0.875,0.35534871860257555,0.4189432357271389,0.375145592590471,0.6891401051898782,0.6761736863333629,2,739,128,l2,0.1,liblinear,0.6536274675691212
0.49693251533742333,0.5099554441659705,0.4746787603930461,0.4783815366637453,0.6503067484662577,0.852760736196319,0.2737284573350147,0.29341890446433594,0.38526341007295495,0.6694699556320609,0.6623266117234861,3,704,163,l2,0.1,liblinear,0.6367131196905366
0.4556213017751479,0.4889763014763015,0.44063153749120215,0.4336305682046723,0.727810650887574,0.8165680473372781,0.23275384785738018,0.25878950238258935,0.38693675727609994,0.6676956098212633,0.6560748054917068,4,698,169,l2,0.1,lbfgs,0.6533729695875123
0.4105960264900662,0.45372692441657964,0.34286478250546876,0.33297644495485634,0.8013245033112583,0.7880794701986755,0.20791607057701478,0.25189470019549554,0.3775538499177527,0.6726282256211933,0.6602604787278495,5,716,151,l2,0.01,liblinear,0.6424025135645179
