roc_auc,pr_auc,accuracy,f1,balanced_accuracy,matthews_corrcoef,sensitivity,specificity,precision,pos_LR,sensitivity_at_spec100,fold,n_train,n_val,threshold,best_penalty,best_C,best_solver,best_inner_score
0.7203812316715543,0.8245755414410709,0.6480446927374302,0.7248908296943232,0.6346774193548387,0.25235183063211947,0.6693548387096774,0.6,0.7904761904761904,1.6733870967741933,0.024193548387096774,1,714,179,0.4907292696558312,l2,0.01,liblinear,0.6531273672741726
0.6619117888178391,0.6609428333462368,0.6018099547511312,0.6071428571428571,0.601983931792097,0.2038676090371769,0.5964912280701754,0.6074766355140186,0.6181818181818182,1.5196324143692561,0.017543859649122806,2,672,221,0.46561485460380064,l2,0.01,lbfgs,0.6530160572726407
0.6745295520805724,0.7593252486927119,0.6190476190476191,0.6666666666666666,0.6178107606679035,0.23019450440380027,0.6233766233766234,0.6122448979591837,0.7164179104477612,1.6076555023923444,0.06493506493506493,3,767,126,0.5052582418295393,l2,0.01,lbfgs,0.6494117182576888
0.6091451871268386,0.6928283206802098,0.6569767441860465,0.7445887445887446,0.608781127129751,0.23083526446779612,0.7889908256880734,0.42857142857142855,0.7049180327868853,1.3807339449541285,0.009174311926605505,4,721,172,0.474580512025345,l2,0.01,liblinear,0.7102593049860546
0.6642841672081438,0.6906890603235223,0.6666666666666666,0.6859903381642513,0.6756010396361274,0.3465057560736774,0.6228070175438597,0.7283950617283951,0.7634408602150538,2.293062200956938,0.017543859649122806,5,698,195,0.4917373312686078,l2,0.001,lbfgs,0.6623970188946405
