roc_auc,pr_auc,accuracy,f1,balanced_accuracy,matthews_corrcoef,sensitivity,specificity,precision,pos_LR,sensitivity_at_spec100,fold,n_train,n_val,threshold,best_penalty,best_C,best_solver,best_inner_score
0.6544567399729186,0.7673084240346878,0.6174496644295302,0.6724137931034483,0.6073679787085027,0.21324761152474112,0.6610169491525424,0.5537190082644629,0.6842105263157895,1.4811676082862526,0.12994350282485875,1,595,298,0.4793799143630045,l1,0.1,liblinear,0.6577479495003201
0.7153729071537291,0.7693630683945204,0.6243093922651933,0.6730769230769231,0.6185946220192795,0.23400535140871087,0.6481481481481481,0.589041095890411,0.7,1.5771604938271606,0.046296296296296294,2,712,181,0.4993230618074185,l1,0.1,liblinear,0.6010681619879629
0.511685393258427,0.6656225342135051,0.539568345323741,0.6521739130434783,0.4870786516853932,-0.026664269734399105,0.6741573033707865,0.3,0.631578947368421,0.9630818619582665,0.02247191011235955,3,754,139,0.4977439366054256,l2,0.001,lbfgs,0.6671961268298802
0.652987012987013,0.7150964991795228,0.6277777777777778,0.6883720930232559,0.6149350649350649,0.22730166791617876,0.6727272727272727,0.5571428571428572,0.7047619047619048,1.5190615835777126,0.01818181818181818,4,713,180,0.49783898185127795,l1,0.1,liblinear,0.6498993711433521
0.6639566395663956,0.6854776102912632,0.6105263157894737,0.6336633663366337,0.6133694670280037,0.22461841647854225,0.5925925925925926,0.6341463414634146,0.6808510638297872,1.6197530864197531,0.037037037037037035,5,798,95,0.4802463382653355,l1,0.1,liblinear,0.6761159467320325
