roc_auc,pr_auc,accuracy,f1,balanced_accuracy,matthews_corrcoef,sensitivity,specificity,precision,pos_LR,sensitivity_at_spec100,fold,n_train,n_val,threshold,best_penalty,best_C,best_solver,best_inner_score
0.7225829725829725,0.833507140036348,0.7079646017699115,0.7843137254901961,0.6673881673881674,0.3323867515202971,0.7792207792207793,0.5555555555555556,0.7894736842105263,1.7532467532467535,0.07792207792207792,1,718,113,0.498086506608598,l2,0.001,liblinear,0.6982425095355379
0.6821052631578949,0.7499901274046135,0.6991150442477876,0.7671232876712328,0.6759649122807018,0.3440524726968872,0.7466666666666667,0.6052631578947368,0.7887323943661971,1.8915555555555557,0.0,2,718,113,0.5190140057545953,l2,0.001,liblinear,0.7021440358960388
0.7081997251488776,0.7779749729505667,0.6882352941176471,0.7464114832535885,0.6818598259276225,0.3504087770632603,0.7027027027027027,0.6610169491525424,0.7959183673469388,2.0729729729729733,0.009009009009009009,3,661,170,0.4904028833014077,l1,0.1,liblinear,0.6829306105525511
0.6895748987854251,0.6933493555950083,0.6382978723404256,0.6506849315068494,0.6394230769230769,0.2780032920071564,0.625,0.6538461538461539,0.6785714285714286,1.8055555555555556,0.006578947368421052,4,549,282,0.4824393737664007,l2,0.0001,liblinear,0.7089204913532348
0.6794241573033709,0.6902823734032874,0.6470588235294118,0.6707317073170732,0.6527387640449438,0.30142989684819804,0.6179775280898876,0.6875,0.7333333333333333,1.9775280898876404,0.011235955056179775,5,678,153,0.5483355978080908,l2,0.001,liblinear,0.7000963515266775
