roc_auc,pr_auc,accuracy,f1,balanced_accuracy,matthews_corrcoef,sensitivity,specificity,precision,pos_LR,sensitivity_at_spec100,fold,n_train,n_val,threshold,best_penalty,best_C,best_solver,best_inner_score
0.6626984126984128,0.7096531149082304,0.6481481481481481,0.7076923076923077,0.6341991341991342,0.26629315143831916,0.696969696969697,0.5714285714285714,0.71875,1.6262626262626263,0.0,1,723,108,0.4884415758336577,l2,0.001,lbfgs,0.7223856486906058
0.6736279747450219,0.7141479738411888,0.6042780748663101,0.6407766990291263,0.6154686741136475,0.2243082369116832,0.5689655172413793,0.6619718309859155,0.7333333333333333,1.683189655172414,0.008620689655172414,2,644,187,0.5299974935659041,l2,0.0001,liblinear,0.6905940202975926
0.6750239540083041,0.6804351701737019,0.6088888888888889,0.6071428571428571,0.6157777068029384,0.2317776002045137,0.5483870967741935,0.6831683168316832,0.68,1.7308467741935485,0.0,3,606,225,0.5996071476839456,l2,0.001,lbfgs,0.7365332461735685
0.6702741702741702,0.7451749569780806,0.632258064516129,0.7015706806282722,0.6151695526695526,0.22527608914833028,0.6767676767676768,0.5535714285714286,0.7282608695652174,1.5159595959595962,0.030303030303030304,4,676,155,0.5058714633465214,l2,0.001,liblinear,0.6734925918591304
0.7487152223994329,0.8145542050705361,0.6923076923076923,0.75,0.6794258373205742,0.3521747811653698,0.7272727272727273,0.631578947368421,0.7741935483870968,1.9740259740259738,0.010101010101010102,5,675,156,0.513734908126147,l2,0.001,liblinear,0.6741397738857892
