accuracy,balanced_accuracy,f1_macro,f1_weighted,mae,adjacent_accuracy,kappa_linear,kappa_quadratic,spearman_r,roc_auc_macro_ovr,roc_auc_weighted_ovr,fold,n_train,n_val,best_penalty,best_C,best_solver,inner_auc_score
0.47265625,0.45105158316540434,0.38914328260970726,0.42996351330913485,0.73046875,0.796875,0.2277214944828031,0.26910246850594566,0.3276084518041482,0.6500645927594128,0.656257423199543,1,611,256,l2,0.0001,lbfgs,0.6306660041471777
0.453125,0.45766314878567266,0.4396225563230846,0.4469075917648653,0.71875,0.828125,0.19165293794618343,0.2017608217168012,0.2746232309796302,0.6415726178456096,0.635627796606415,2,739,128,l2,0.001,liblinear,0.6649674785482951
0.50920245398773,0.530952380952381,0.5019295337668409,0.5025504357369199,0.6012269938650306,0.8895705521472392,0.32135270626221435,0.3713808783744892,0.3960711601187206,0.6724876319537163,0.6711538717671717,3,704,163,l2,0.001,liblinear,0.6373920079069479
0.4437869822485207,0.46520493395493395,0.4289241622574956,0.4258727027957797,0.6982248520710059,0.8579881656804734,0.2424403586081142,0.30404366162242613,0.3562679443837033,0.6432990058340132,0.6319328083876828,4,698,169,l2,0.001,liblinear,0.656886168850482
0.45695364238410596,0.4899860675722745,0.43524547977085576,0.43107132187137664,0.7284768211920529,0.8145695364238411,0.23371470751061085,0.2619832764103167,0.3655594509037332,0.6672326504588341,0.6555195655543617,5,716,151,l2,0.0001,liblinear,0.6438922710299746
