roc_auc,pr_auc,accuracy,f1,balanced_accuracy,matthews_corrcoef,sensitivity,specificity,precision,pos_LR,sensitivity_at_spec100,fold,n_train,n_val,threshold,best_penalty,best_C,best_solver,best_inner_score
0.6609557109557109,0.7223722805254905,0.6276595744680851,0.6534653465346535,0.6333333333333333,0.2628347876592152,0.6,0.6666666666666666,0.717391304347826,1.7999999999999998,0.01818181818181818,1,679,188,0.49840597479236165,l1,0.1,liblinear,0.6471092257755102
0.6608772446276125,0.7294112862297963,0.5819672131147541,0.6330935251798561,0.5924345010303209,0.176660884436276,0.5569620253164557,0.627906976744186,0.7333333333333333,1.4968354430379747,0.0,2,745,122,0.5128831298882279,l2,0.01,liblinear,0.6621821500030032
0.6355855855855856,0.7345163486829305,0.631578947368421,0.6896551724137931,0.631981981981982,0.25268199483347176,0.6306306306306306,0.6333333333333333,0.7608695652173914,1.7199017199017197,0.009009009009009009,3,696,171,0.5161363938276317,l2,0.01,liblinear,0.6640364293422972
0.6209453197405005,0.6109641907725709,0.6149425287356322,0.6731707317073171,0.6080365417714815,0.2270556750715134,0.7582417582417582,0.4578313253012048,0.6052631578947368,1.3985347985347982,0.01098901098901099,4,693,174,0.4765875524418829,l2,0.01,liblinear,0.6649429102517079
0.6979310344827586,0.7668110205374242,0.6226415094339622,0.6521739130434783,0.6275862068965516,0.2510509194456472,0.6,0.6551724137931034,0.7142857142857143,1.7399999999999998,0.048,5,655,212,0.5126183464423526,l2,0.01,lbfgs,0.6343304735443202
