roc_auc,pr_auc,accuracy,f1,balanced_accuracy,matthews_corrcoef,sensitivity,specificity,precision,pos_LR,sensitivity_at_spec100,fold,n_train,n_val,threshold,best_penalty,best_C,best_solver,best_inner_score
0.6147500000000001,0.6906998084719879,0.6384615384615384,0.7080745341614907,0.61625,0.23340620825052322,0.7125,0.52,0.7037037037037037,1.484375,0.0375,1,737,130,0.49032103357899004,l2,0.001,liblinear,0.7043448541446038
0.593114241001565,0.6711136181484791,0.5603448275862069,0.6433566433566433,0.5350547730829421,0.07040767456742064,0.647887323943662,0.4222222222222222,0.6388888888888888,1.1213434452871074,0.014084507042253521,2,751,116,0.5020645524086613,l1,0.01,liblinear,0.6790327274522643
0.6913725490196079,0.6656347405684513,0.6398601398601399,0.6508474576271186,0.6398529411764706,0.27939789266619164,0.64,0.6397058823529411,0.6620689655172414,1.7763265306122447,0.006666666666666667,3,581,286,0.4800512283498022,l2,0.0001,liblinear,0.6961919107165928
0.6648829431438128,0.7986382371348651,0.6407185628742516,0.7247706422018348,0.6127090301003344,0.21469933578420888,0.6869565217391305,0.5384615384615384,0.7669902912621359,1.4884057971014493,0.02608695652173913,4,700,167,0.5307253469964804,l2,0.01,liblinear,0.6712017635061237
0.6920588235294118,0.7345810898504835,0.6547619047619048,0.7184466019417476,0.6347058823529412,0.27404522268239245,0.74,0.5294117647058824,0.6981132075471698,1.5725,0.01,5,699,168,0.5056590213884992,l2,0.001,liblinear,0.6845696746363267
