roc_auc,pr_auc,accuracy,f1,balanced_accuracy,matthews_corrcoef,sensitivity,specificity,precision,pos_LR,sensitivity_at_spec100,fold,n_train,n_val,threshold,best_penalty,best_C,best_solver,best_inner_score
0.6954407294832827,0.7327530023574012,0.6410256410256411,0.7123287671232876,0.6161094224924012,0.23861441977571307,0.7428571428571429,0.48936170212765956,0.6842105263157895,1.4547619047619047,0.0,1,714,117,0.5039641220299721,l2,0.0001,lbfgs,0.6945179771847383
0.7075163398692811,0.7703421134337078,0.6534090909090909,0.6995073891625616,0.6522331154684096,0.2974412195057088,0.6574074074074074,0.6470588235294118,0.7473684210526316,1.8626543209876545,0.027777777777777776,2,655,176,0.5236713267627292,l2,0.001,liblinear,0.7004792269251009
0.7604377104377105,0.8126565080373427,0.754601226993865,0.8245614035087719,0.6988215488215488,0.4266402449046341,0.8703703703703703,0.5272727272727272,0.7833333333333333,1.841168091168091,0.009259259259259259,3,668,163,0.47634180100739654,l2,0.0001,liblinear,0.6457818049135983
0.6470685111989459,0.6560942799187579,0.6265822784810127,0.6740331491712708,0.6194005270092227,0.23745568526198355,0.6630434782608695,0.5757575757575758,0.6853932584269663,1.562888198757764,0.0,4,673,158,0.4747672770411742,l2,0.01,lbfgs,0.6994131413527657
0.6766091051805337,0.6825617658080212,0.6451612903225806,0.6882591093117408,0.6394993894993894,0.2771915389732001,0.6746031746031746,0.6043956043956044,0.7024793388429752,1.7052469135802468,0.0,5,614,217,0.5087059560267045,l2,0.001,liblinear,0.7193235783459191
