roc_auc,pr_auc,accuracy,f1,balanced_accuracy,matthews_corrcoef,sensitivity,specificity,precision,pos_LR,sensitivity_at_spec100,fold,n_train,n_val,threshold,best_penalty,best_C,best_solver,best_inner_score
0.6619999999999999,0.5994887146899439,0.6285714285714286,0.6388888888888888,0.6313636363636363,0.2638812780149699,0.69,0.5727272727272728,0.5948275862068966,1.6148936170212767,0.0,1,683,210,0.4863865906669305,l2,0.1,lbfgs,0.7017505506122053
0.6871043214973851,0.8106019654004853,0.6614785992217899,0.7418397626112759,0.6291288191577209,0.25208817345062,0.7225433526011561,0.5357142857142857,0.7621951219512195,1.5562472209871054,0.028901734104046242,2,636,257,0.4706134033370751,l2,0.0001,liblinear,0.6867175117942336
0.6977777777777778,0.7905920476129538,0.65,0.7123287671232876,0.6355555555555555,0.26702811567992596,0.6933333333333334,0.5777777777777777,0.7323943661971831,1.6421052631578945,0.10666666666666667,3,773,120,0.517576909053635,l2,0.0001,liblinear,0.6981874714909961
0.6941268191268191,0.7163862418996683,0.6460674157303371,0.6865671641791045,0.64254158004158,0.2821471820808658,0.6634615384615384,0.6216216216216216,0.711340206185567,1.7534340659340657,0.0,4,715,178,0.5523654891369953,l2,0.001,liblinear,0.7044144384908378
0.7059800664451827,0.812172691034972,0.671875,0.7407407407407407,0.6583610188261351,0.3027915043555015,0.6976744186046512,0.6190476190476191,0.7894736842105263,1.8313953488372094,0.08139534883720931,5,765,128,0.5335675968639566,l2,0.0001,liblinear,0.6943298506386612
