roc_auc,pr_auc,accuracy,f1,balanced_accuracy,matthews_corrcoef,sensitivity,specificity,precision,pos_LR,sensitivity_at_spec100,fold,n_train,n_val,threshold,best_penalty,best_C,best_solver,best_inner_score
0.6855542216886754,0.6439429978620913,0.6517857142857143,0.6694915254237288,0.6509803921568627,0.3016712030586074,0.6638655462184874,0.638095238095238,0.6752136752136753,1.834365325077399,0.025210084033613446,1,669,224,0.49854057516404343,l2,0.0001,lbfgs,0.6763013896571528
0.6401084010840108,0.73982615512809,0.6775956284153005,0.7686274509803922,0.615040650406504,0.2409003612972721,0.7967479674796748,0.43333333333333335,0.7424242424242424,1.406025824964132,0.0,2,710,183,0.4896222641619662,l2,0.0001,liblinear,0.7205984678529097
0.7130774235523747,0.7949933679026516,0.6785714285714286,0.7428571428571429,0.6565820863153329,0.31435952525507,0.7471264367816092,0.5660377358490566,0.7386363636363636,1.721639180409795,0.04597701149425287,3,753,140,0.47986441311364597,l2,0.0001,liblinear,0.6567932634710372
0.6776315789473685,0.731405565998938,0.6601307189542484,0.723404255319149,0.6436403508771931,0.28367474044653357,0.7083333333333334,0.5789473684210527,0.7391304347826086,1.6822916666666667,0.0,4,740,153,0.5088769664927876,l2,0.0001,liblinear,0.6558590968504279
0.7345132743362831,0.7886991377271855,0.6528497409326425,0.6824644549763034,0.6560840707964601,0.3076082320812787,0.6371681415929203,0.675,0.7346938775510204,1.9605173587474476,0.1504424778761062,5,700,193,0.5253928243881373,l2,0.0001,liblinear,0.6986384472281688
