n_pairs,pairwise_accuracy,both_correct_rate,mean_delta,median_delta,std_delta,n_positive_delta,per_drug_accuracy,per_drug_roc_auc,per_drug_pr_auc,n_train,n_test,best_penalty,best_C,best_solver,inner_cv_score,threshold,seed
38,0.6578947368421053,0.15789473684210525,0.015067571051496207,0.012548488571583027,0.054242699329406195,25,0.5645161290322581,0.578781512605042,0.5953237252335115,831,62,l2,0.001,liblinear,0.6650066803934551,0.49162886363639213,0
