roc_auc,pr_auc,accuracy,f1,balanced_accuracy,matthews_corrcoef,sensitivity,specificity,precision,pos_LR,sensitivity_at_spec100,fold,n_train,n_val,threshold,best_penalty,best_C,best_solver,best_inner_score
0.7438672438672438,0.8414121494550445,0.7433628318584071,0.8,0.7377344877344878,0.45254115822932517,0.7532467532467533,0.7222222222222222,0.8529411764705882,2.7116883116883117,0.07792207792207792,1,718,113,0.48307315910623977,l2,0.001,lbfgs,0.6230613546039797
0.6340350877192983,0.7771618923546252,0.6106194690265486,0.7027027027027027,0.5703508771929825,0.13900503034749567,0.6933333333333334,0.4473684210526316,0.7123287671232876,1.2546031746031747,0.02666666666666667,2,718,113,0.4874037964738385,l2,0.01,liblinear,0.6865974980137665
0.7065200794014354,0.7709539786387583,0.6470588235294118,0.7,0.6542983661627729,0.2941313427348678,0.6306306306306306,0.6779661016949152,0.7865168539325843,1.9582740635372213,0.0,3,661,170,0.5112722185123517,l1,0.1,liblinear,0.651366761372077
0.5732793522267207,0.5906533426744383,0.5390070921985816,0.5390070921985816,0.5423076923076924,0.08461538461538462,0.5,0.5846153846153846,0.5846153846153846,1.2037037037037037,0.0,4,549,282,0.50642719379667,l1,0.1,liblinear,0.6956133381730302
0.6040203651685393,0.6588373705277842,0.5816993464052288,0.6235294117647059,0.579002808988764,0.15615243520747113,0.5955056179775281,0.5625,0.654320987654321,1.36115569823435,0.011235955056179775,5,678,153,0.5117442472659236,l1,0.1,liblinear,0.694414329405113
