roc_auc,pr_auc,accuracy,f1,balanced_accuracy,matthews_corrcoef,sensitivity,specificity,precision,pos_LR,sensitivity_at_spec100,fold,n_train,n_val,threshold,best_penalty,best_C,best_solver,best_inner_score
0.6214999999999999,0.7014005385396216,0.6307692307692307,0.7,0.61,0.22,0.7,0.52,0.7,1.4583333333333333,0.0125,1,737,130,0.47882832366957484,l2,0.0001,liblinear,0.6982204931870075
0.6635367762128326,0.7212905890210923,0.6379310344827587,0.7272727272727273,0.5943661971830986,0.20383833571193424,0.7887323943661971,0.4,0.6746987951807228,1.3145539906103285,0.0,2,751,116,0.47358969727451605,l2,0.0001,liblinear,0.6764868315866337
0.6873529411764706,0.6410780634676503,0.6363636363636364,0.6708860759493671,0.6327450980392157,0.26866983272056355,0.7066666666666667,0.5588235294117647,0.6385542168674698,1.6017777777777777,0.0,3,581,286,0.49498107984734935,l2,0.0001,lbfgs,0.693300023326425
0.7152173913043478,0.8126039868107617,0.7005988023952096,0.7727272727272727,0.677257525083612,0.33977762366200653,0.7391304347826086,0.6153846153846154,0.8095238095238095,1.9217391304347826,0.008695652173913044,4,700,167,0.49777091520841904,l2,0.0001,liblinear,0.6575507994395616
0.6986764705882352,0.7304433721460649,0.6904761904761905,0.7450980392156863,0.6741176470588235,0.35198210567432564,0.76,0.5882352941176471,0.7307692307692307,1.8457142857142859,0.03,5,699,168,0.5004624652472548,l2,0.0001,liblinear,0.6605258428529295
