roc_auc,pr_auc,accuracy,f1,balanced_accuracy,matthews_corrcoef,sensitivity,specificity,precision,pos_LR,sensitivity_at_spec100,fold,n_train,n_val,threshold,best_penalty,best_C,best_solver,best_inner_score
0.7701745509739438,0.7938318403821966,0.6918918918918919,0.7373271889400922,0.6971920060713381,0.3800413769402194,0.6779661016949152,0.7164179104477612,0.8080808080808081,2.3907225691347005,0.0,1,646,185,0.49044630003573825,l2,0.0001,liblinear,0.6716868013493889
0.6667728575979611,0.7376423210976959,0.6293103448275862,0.6993006993006993,0.6099076138897738,0.21703286178737394,0.684931506849315,0.5348837209302325,0.7142857142857143,1.472602739726027,0.0136986301369863,2,715,116,0.4884721318297057,l2,0.0001,liblinear,0.6952736906641886
0.6750110570544008,0.669841749637826,0.616822429906542,0.6666666666666666,0.6076957098628926,0.2178723889463098,0.6890756302521008,0.5263157894736842,0.6456692913385826,1.4547152194211017,0.0,3,617,214,0.45064214676784714,l2,0.0001,liblinear,0.6994391186297104
0.6721052631578948,0.7160858284887788,0.6967741935483871,0.7813953488372093,0.6421052631578947,0.33109524332188156,0.8842105263157894,0.4,0.7,1.4736842105263157,0.010526315789473684,4,676,155,0.4259512910568097,l2,0.001,liblinear,0.6798311087769846
0.6531443466927338,0.7063628986556079,0.5962732919254659,0.656084656084656,0.5873248615184099,0.17117128628399536,0.6262626262626263,0.5483870967741935,0.6888888888888889,1.3867243867243866,0.0,5,670,161,0.5071718895823958,l2,0.001,liblinear,0.6577111777159729
