roc_auc,pr_auc,accuracy,f1,balanced_accuracy,matthews_corrcoef,sensitivity,specificity,precision,pos_LR,sensitivity_at_spec100,fold,n_train,n_val,threshold,best_penalty,best_C,best_solver,best_inner_score
0.6777497007580795,0.7153758056625554,0.6193181818181818,0.6171428571428571,0.6388482510972204,0.27827073431004173,0.5242718446601942,0.7534246575342466,0.75,2.1262135922330097,0.0,1,655,176,0.532853414271687,l2,0.001,liblinear,0.718803506753207
0.720085980415572,0.7563244481625359,0.7121212121212122,0.7888888888888889,0.6663482206830666,0.38473181574815685,0.8987341772151899,0.4339622641509434,0.7029702970297029,1.587763713080169,0.05063291139240506,2,699,132,0.438779780225914,l1,0.01,liblinear,0.664053578619944
0.7250162760416667,0.732682957307548,0.6830357142857143,0.7340823970037453,0.6692708333333333,0.3452517322768225,0.765625,0.5729166666666666,0.7050359712230215,1.792682926829268,0.0,3,607,224,0.5090537772206177,l2,0.001,liblinear,0.7056136834413909
0.6891339869281046,0.8180571780575041,0.6266666666666667,0.6923076923076923,0.6317401960784315,0.24636272107633178,0.6176470588235294,0.6458333333333334,0.7875,1.743944636678201,0.13725490196078433,4,681,150,0.5633670185641066,l2,0.001,liblinear,0.700009713054002
0.6723874904652937,0.6969221734536896,0.6845637583892618,0.7486631016042781,0.6611365369946606,0.32583421053768424,0.7608695652173914,0.5614035087719298,0.7368421052631579,1.7347826086956522,0.0,5,682,149,0.5058331927541514,l2,0.001,lbfgs,0.6945456276379887
