n_pairs,pairwise_accuracy,both_correct_rate,mean_delta,median_delta,std_delta,n_positive_delta,per_drug_accuracy,per_drug_roc_auc,per_drug_pr_auc,n_train,n_test,best_penalty,best_C,best_solver,inner_cv_score,threshold,seed
13,0.3076923076923077,0.6153846153846154,-0.014694219877979612,-0.022547934009981452,0.08673630625791279,4,0.8461538461538461,0.2159090909090909,0.7424030934336219,867,26,l2,0.0001,liblinear,0.6941245851109454,0.5049137923078546,4
