roc_auc,pr_auc,accuracy,f1,balanced_accuracy,matthews_corrcoef,sensitivity,specificity,precision,pos_LR,sensitivity_at_spec100,fold,n_train,n_val,threshold,best_penalty,best_C,best_solver,best_inner_score
0.7375366568914956,0.8106463554052206,0.6983240223463687,0.7692307692307693,0.6810850439882699,0.3433079638033622,0.7258064516129032,0.6363636363636364,0.8181818181818182,1.995967741935484,0.0,1,714,179,0.48859619975761215,l2,0.0001,liblinear,0.6786116493151875
0.7173307099524512,0.7168203564147251,0.6561085972850679,0.680672268907563,0.6543285784554844,0.31083073567392083,0.7105263157894737,0.5981308411214953,0.6532258064516129,1.7680538555691552,0.05263157894736842,2,672,221,0.4822663746266733,l2,0.0001,liblinear,0.6531435222419318
0.7394646170156374,0.7957746170265713,0.6825396825396826,0.7368421052631579,0.6697588126159555,0.33720189562189706,0.7272727272727273,0.6122448979591837,0.7466666666666667,1.875598086124402,0.012987012987012988,3,767,126,0.5156847097229307,l2,0.0001,liblinear,0.6637402205250414
0.6548711227610311,0.726326841342563,0.6569767441860465,0.728110599078341,0.6322265909421872,0.26359092597996125,0.7247706422018348,0.5396825396825397,0.7314814814814815,1.5745017399557102,0.027522935779816515,4,721,172,0.5121122849463473,l2,0.0001,liblinear,0.6902095758974806
0.6290881524799653,0.6778114623916102,0.5846153846153846,0.6301369863013698,0.5804093567251463,0.158970161079422,0.6052631578947368,0.5555555555555556,0.6571428571428571,1.361842105263158,0.0,5,698,195,0.5299238640891832,l2,0.001,liblinear,0.700425347594287
