roc_auc,pr_auc,accuracy,f1,balanced_accuracy,matthews_corrcoef,sensitivity,specificity,precision,pos_LR,sensitivity_at_spec100,fold,n_train,n_val,threshold,best_penalty,best_C,best_solver,best_inner_score
0.6181927710843372,0.656851539891321,0.5573770491803278,0.5846153846153846,0.5560843373493976,0.11176543070443404,0.57,0.5421686746987951,0.6,1.2449999999999999,0.01,1,684,183,0.5337248925565448,l1,0.1,liblinear,0.7249126045351308
0.7222222222222222,0.7225649978664578,0.6705202312138728,0.6918918918918919,0.6745836745836746,0.34550809819677286,0.6464646464646465,0.7027027027027027,0.7441860465116279,2.174471992653811,0.0,2,694,173,0.524185261302644,l2,0.0001,liblinear,0.6940951894590851
0.7280676605504587,0.816072125754191,0.6820809248554913,0.7417840375586855,0.6670728211009174,0.3294563044136562,0.7247706422018348,0.609375,0.7596153846153846,1.8554128440366973,0.12844036697247707,3,694,173,0.5080796499120422,l1,0.01,liblinear,0.6869618238841014
0.7000281531531531,0.7855831513612774,0.6685714285714286,0.7314814814814815,0.6527308558558558,0.3003064000881998,0.7117117117117117,0.59375,0.7523809523809524,1.7519057519057517,0.07207207207207207,4,692,175,0.4861394943464799,l2,0.0001,liblinear,0.6807395484330082
0.7299281474539207,0.7727742091638953,0.7177914110429447,0.7766990291262136,0.6926741643236488,0.40188443447117317,0.8247422680412371,0.5606060606060606,0.7339449541284404,1.8769996445076427,0.030927835051546393,5,704,163,0.4533448512200776,l1,0.1,liblinear,0.6692398352084394
