accuracy,balanced_accuracy,f1_macro,f1_weighted,mae,adjacent_accuracy,kappa_linear,kappa_quadratic,spearman_r,roc_auc_macro_ovr,roc_auc_weighted_ovr,fold,n_train,n_val,best_penalty,best_C,best_solver,inner_auc_score
0.40458015267175573,0.40821256038647347,0.4093611960584438,0.40707410260600263,0.6641221374045801,0.9312977099236641,0.19959266802443987,0.31618195376584635,0.46382990647476147,0.6403376149503579,0.6265177484387947,1,736,131,l2,0.01,lbfgs,0.6667277827598973
0.4497354497354497,0.44871794871794873,0.439866171732445,0.44373957591341245,0.7354497354497355,0.8148148148148148,0.1756565941824345,0.19149763595799973,0.21538513620378036,0.6351259050417536,0.634843954736428,2,678,189,l2,0.01,lbfgs,0.6694460221011926
0.475,0.48646125116713357,0.4801648249584313,0.47680016786049223,0.6375,0.8875,0.26300578034682065,0.31700074239049747,0.3412192110102709,0.6592282767107424,0.6590349701882495,3,707,160,l2,0.001,lbfgs,0.647490419213361
0.5170940170940171,0.536531713900135,0.506354482825071,0.5248807013512895,0.6324786324786325,0.8504273504273504,0.25866940662727966,0.24874083237607136,0.29015461000510795,0.6821844694489414,0.6679148741414888,4,633,234,l2,0.001,lbfgs,0.641598443633812
0.47058823529411764,0.4525521559419865,0.44464289036483046,0.47813647607468124,0.6797385620915033,0.8496732026143791,0.18517001229004515,0.17889087656529512,0.3077404421881282,0.664922063895863,0.6653861260163967,5,714,153,l2,0.001,lbfgs,0.6472421585915332
