n_pairs,pairwise_accuracy,both_correct_rate,mean_delta,median_delta,std_delta,n_positive_delta,per_drug_accuracy,per_drug_roc_auc,per_drug_pr_auc,n_train,n_test,best_penalty,best_C,best_solver,inner_cv_score,threshold,seed
38,0.6842105263157895,0.18421052631578946,0.05395135997437888,0.048458056388939255,0.20016314532043616,26,0.5483870967741935,0.5367647058823529,0.5696149386045221,831,62,l1,0.01,liblinear,0.7015414872792689,0.4831733836276528,2
