roc_auc,pr_auc,accuracy,f1,balanced_accuracy,matthews_corrcoef,sensitivity,specificity,precision,pos_LR,sensitivity_at_spec100,fold,n_train,n_val,threshold,best_penalty,best_C,best_solver,best_inner_score
0.60475,0.7091842358324965,0.5846153846153846,0.6746987951807228,0.55,0.10281451514408312,0.7,0.4,0.6511627906976745,1.1666666666666667,0.075,1,737,130,0.48435322387881846,l2,0.0001,liblinear,0.6849649853717172
0.6131455399061033,0.690041778212777,0.6206896551724138,0.6716417910447762,0.6169014084507043,0.22870568548602035,0.6338028169014085,0.6,0.7142857142857143,1.5845070422535212,0.028169014084507043,2,751,116,0.512575231851919,l2,0.0001,liblinear,0.6643556475865462
0.6860294117647059,0.6480263278438606,0.6293706293706294,0.6748466257668712,0.6240196078431373,0.2546142795927774,0.7333333333333333,0.5147058823529411,0.625,1.5111111111111108,0.0,3,581,286,0.44916176476569303,l2,0.0001,liblinear,0.661534828348344
0.7028428093645486,0.8050786285524241,0.6586826347305389,0.7246376811594203,0.6626254180602007,0.30279205000145587,0.6521739130434783,0.6730769230769231,0.8152173913043478,1.9948849104859339,0.017391304347826087,4,700,167,0.5206668994558202,l2,0.0001,liblinear,0.6498754234047904
0.6930882352941176,0.7164822265744143,0.6666666666666666,0.7254901960784313,0.6494117647058824,0.30203869878810374,0.74,0.5588235294117647,0.7115384615384616,1.6773333333333333,0.01,5,699,168,0.4938413422581275,l2,0.0001,liblinear,0.6513300060177409
