roc_auc,pr_auc,accuracy,f1,balanced_accuracy,matthews_corrcoef,sensitivity,specificity,precision,pos_LR,sensitivity_at_spec100,fold,n_train,n_val,threshold,best_penalty,best_C,best_solver,best_inner_score
0.6553191489361702,0.7499289591288167,0.6068376068376068,0.684931506849315,0.5805471124620061,0.1655309456559266,0.7142857142857143,0.44680851063829785,0.6578947368421053,1.2912087912087913,0.11428571428571428,1,714,117,0.44701790215970655,l1,0.1,liblinear,0.7319087334257294
0.6919934640522876,0.7182464863199882,0.6420454545454546,0.6926829268292682,0.6375272331154684,0.2692685443452954,0.6574074074074074,0.6176470588235294,0.7319587628865979,1.7193732193732196,0.027777777777777776,2,655,176,0.5640897737194899,l2,0.001,liblinear,0.6903066642147166
0.745959595959596,0.7965361060297063,0.7177914110429447,0.7889908256880734,0.6799663299663299,0.3633123834693305,0.7962962962962963,0.5636363636363636,0.7818181818181819,1.8248456790123455,0.0,3,668,163,0.4854524333276811,l2,0.001,liblinear,0.6481074659193561
0.7025691699604744,0.7192353317754809,0.6329113924050633,0.6463414634146342,0.6441040843214756,0.2854017905151575,0.5760869565217391,0.7121212121212122,0.7361111111111112,2.0011441647597255,0.010869565217391304,4,673,158,0.558910152852942,l2,0.0001,liblinear,0.6709171511706724
0.6859410430839002,0.7230608652730117,0.6359447004608295,0.6748971193415638,0.6330891330891331,0.2635030398267818,0.6507936507936508,0.6153846153846154,0.7008547008547008,1.6920634920634923,0.015873015873015872,5,614,217,0.5576523264564989,l2,0.0001,lbfgs,0.7061718739190317
