accuracy,balanced_accuracy,f1_macro,f1_weighted,mae,adjacent_accuracy,kappa_linear,kappa_quadratic,spearman_r,roc_auc_macro_ovr,roc_auc_weighted_ovr,fold,n_train,n_val,best_penalty,best_C,best_solver,inner_auc_score
0.40458015267175573,0.4440181869849389,0.3536539368222536,0.331743632378505,0.7938931297709924,0.8015267175572519,0.19868250794024245,0.2480682905291045,0.3147977044759432,0.6067832612650618,0.5976188726454618,1,736,131,l2,0.0001,liblinear,0.6555136968582783
0.43915343915343913,0.41932367149758454,0.4019370172311349,0.41915098699412423,0.7195767195767195,0.8412698412698413,0.19443399774351255,0.24933127988976256,0.29264317864445893,0.5970265781626231,0.597538653990267,2,678,189,l2,0.001,liblinear,0.6731571803409275
0.55,0.5413258636788049,0.500876135358894,0.5158723173378346,0.60625,0.84375,0.3695157621059473,0.4168402261231776,0.43629018487909166,0.6876441827976137,0.6916428074964829,3,707,160,l2,0.0001,liblinear,0.643440050127923
0.44871794871794873,0.48766081871345035,0.4013595678687993,0.41095588289828144,0.7350427350427351,0.8162393162393162,0.22492682175319667,0.25435367932218456,0.32813052943938975,0.6816973272241582,0.6781596772098056,4,633,234,l2,0.0001,lbfgs,0.6233208820579529
0.477124183006536,0.5079793088267665,0.4613001244138195,0.4657697800145994,0.6535947712418301,0.869281045751634,0.26801263037029943,0.310722100656455,0.36927006413532065,0.6640713443752603,0.6498009165351964,5,714,153,l2,0.001,lbfgs,0.6569656499674117
