roc_auc,pr_auc,accuracy,f1,balanced_accuracy,matthews_corrcoef,sensitivity,specificity,precision,pos_LR,sensitivity_at_spec100,fold,n_train,n_val,threshold,best_penalty,best_C,best_solver,best_inner_score
0.713341204250295,0.7688306082977571,0.6544502617801047,0.7027027027027027,0.6580283353010625,0.305087717949727,0.6446280991735537,0.6714285714285714,0.7722772277227723,1.9619116061803805,0.0,1,702,191,0.5245205166573194,l2,0.0001,liblinear,0.6976729343155319
0.6867738341556581,0.7513154850651441,0.6890243902439024,0.746268656716418,0.6755530797389782,0.3460485012460716,0.7281553398058253,0.6229508196721312,0.7653061224489796,1.9311945968763193,0.009708737864077669,2,729,164,0.48788620749764083,l2,0.0001,lbfgs,0.695062308350089
0.7488320629456602,0.7440047377212793,0.6685082872928176,0.6629213483146067,0.6745143840668797,0.35019313496088217,0.6020408163265306,0.7469879518072289,0.7375,2.3794946550048586,0.02040816326530612,3,712,181,0.5322520538174894,l2,0.0001,liblinear,0.6584779020164897
0.6920052424639581,0.7800854803749759,0.6395348837209303,0.696078431372549,0.6352118829183049,0.2620120196662116,0.6513761467889908,0.6190476190476191,0.7473684210526316,1.709862385321101,0.045871559633027525,4,721,172,0.5363462386934682,l2,0.0001,liblinear,0.7236551937934056
0.7331655883057753,0.7187375265027846,0.6594594594594595,0.6666666666666666,0.6725976515696142,0.34314567509825283,0.5887850467289719,0.7564102564102564,0.7682926829268293,2.4171175602557793,0.009345794392523364,5,708,185,0.5490274958369284,l2,0.0001,liblinear,0.6746088636165741
