n_pairs,pairwise_accuracy,both_correct_rate,mean_delta,median_delta,std_delta,n_positive_delta,per_drug_accuracy,per_drug_roc_auc,per_drug_pr_auc,n_train,n_test,best_penalty,best_C,best_solver,inner_cv_score,threshold,seed
38,0.5789473684210527,0.2894736842105263,0.1465737037196169,0.07268446709972459,0.3119570277618207,22,0.5645161290322581,0.60609243697479,0.6462285234110329,831,62,l2,0.001,lbfgs,0.7109221444366931,0.5547232559071161,0
