roc_auc,pr_auc,accuracy,f1,balanced_accuracy,matthews_corrcoef,sensitivity,specificity,precision,pos_LR,sensitivity_at_spec100,fold,n_train,n_val,threshold,best_penalty,best_C,best_solver,best_inner_score
0.7189754689754689,0.819826089248818,0.6371681415929203,0.7092198581560284,0.6302308802308803,0.24487957203529342,0.6493506493506493,0.6111111111111112,0.78125,1.6697588126159557,0.06493506493506493,1,718,113,0.5297378622050402,l2,0.001,lbfgs,0.6949059126074499
0.6978947368421053,0.7887606438395999,0.6637168141592921,0.7323943661971831,0.649298245614035,0.28713809376558314,0.6933333333333334,0.6052631578947368,0.7761194029850746,1.7564444444444445,0.013333333333333334,2,718,113,0.5688051191461893,l2,0.001,lbfgs,0.711381868295453
0.7767598106581157,0.8454590572596572,0.7058823529411765,0.7619047619047619,0.699343411207818,0.3848332645858839,0.7207207207207207,0.6779661016949152,0.8080808080808081,2.2380275011853956,0.0,3,661,170,0.5259299683405088,l2,0.001,liblinear,0.6995470622223354
0.6662955465587046,0.6545994866689011,0.6205673758865248,0.6624605678233438,0.6146255060728745,0.23193688968934928,0.6907894736842105,0.5384615384615384,0.6363636363636364,1.4967105263157894,0.0,4,549,282,0.4972699352317328,l2,0.001,liblinear,0.7046544598223367
0.7018960674157303,0.7313367265968664,0.673202614379085,0.7222222222222222,0.6620435393258427,0.32563431600740633,0.7303370786516854,0.59375,0.7142857142857143,1.797752808988764,0.02247191011235955,5,678,153,0.5046198559116211,l2,0.0001,liblinear,0.6940397998796157
