roc_auc,pr_auc,accuracy,f1,balanced_accuracy,matthews_corrcoef,sensitivity,specificity,precision,pos_LR,sensitivity_at_spec100,fold,n_train,n_val,threshold,best_penalty,best_C,best_solver,best_inner_score
0.5768398268398268,0.629818761093088,0.6203703703703703,0.7092198581560284,0.5811688311688312,0.17180203318601237,0.7575757575757576,0.40476190476190477,0.6666666666666666,1.2727272727272727,0.0,1,723,108,0.44796870433789565,l2,0.001,liblinear,0.7214310317156174
0.6721709567751335,0.7221314518585311,0.6470588235294118,0.6915887850467289,0.6499514327343371,0.2914276425148906,0.6379310344827587,0.6619718309859155,0.7551020408163265,1.887212643678161,0.017241379310344827,2,644,187,0.5090650514602921,l2,0.001,lbfgs,0.6747484257152403
0.6672788246566592,0.6868457189526807,0.6266666666666667,0.671875,0.6190514212711594,0.24049589606318,0.6935483870967742,0.5445544554455446,0.6515151515151515,1.5227910238429174,0.008064516129032258,3,606,225,0.4683938935727648,l2,0.001,liblinear,0.7081171526412229
0.6414141414141414,0.6966929539105478,0.632258064516129,0.7015706806282722,0.6151695526695526,0.22527608914833028,0.6767676767676768,0.5535714285714286,0.7282608695652174,1.5159595959595962,0.030303030303030304,4,676,155,0.4900915034647917,l2,0.0001,liblinear,0.6722523093550972
0.7903597377281588,0.8296449219247202,0.75,0.8020304568527918,0.7323232323232323,0.46296763077661157,0.797979797979798,0.6666666666666666,0.8061224489795918,2.3939393939393936,0.010101010101010102,5,675,156,0.48923099285738564,l2,0.0001,liblinear,0.6427708671926138
