roc_auc,pr_auc,accuracy,f1,balanced_accuracy,matthews_corrcoef,sensitivity,specificity,precision,pos_LR,sensitivity_at_spec100,fold,n_train,n_val,threshold,best_penalty,best_C,best_solver,best_inner_score
0.7187645687645687,0.7596896365011621,0.6170212765957447,0.6288659793814433,0.6298368298368299,0.2573447008827828,0.5545454545454546,0.7051282051282052,0.7261904761904762,1.8806324110671941,0.02727272727272727,1,679,188,0.507906274982439,l2,0.001,liblinear,0.6676389597381667
0.6390933176332058,0.6991785769118102,0.680327868852459,0.7607361963190185,0.6365911098027671,0.2818180213871202,0.7848101265822784,0.4883720930232558,0.7380952380952381,1.533947065592635,0.0,2,745,122,0.5054852361585341,l2,0.001,liblinear,0.6744329710748931
0.6432432432432432,0.7318300499190946,0.6140350877192983,0.67,0.6184684684684685,0.22634346225547197,0.6036036036036037,0.6333333333333333,0.7528089887640449,1.6461916461916462,0.02702702702702703,3,696,171,0.5411430631945222,l2,0.001,liblinear,0.6982271772687424
0.6671521249834503,0.6851133580957459,0.603448275862069,0.6461538461538462,0.5991658943466172,0.20201628547345504,0.6923076923076923,0.5060240963855421,0.6057692307692307,1.4015009380863037,0.03296703296703297,4,693,174,0.5007726092357286,l2,0.0001,liblinear,0.6632941579886033
0.7377471264367816,0.7672597970205743,0.7216981132075472,0.7739463601532567,0.7028505747126437,0.4161449422159593,0.808,0.5977011494252874,0.7426470588235294,2.0084571428571434,0.0,5,655,212,0.4629616912040408,l2,0.001,liblinear,0.6717558091071913
