roc_auc,pr_auc,accuracy,f1,balanced_accuracy,matthews_corrcoef,sensitivity,specificity,precision,pos_LR,sensitivity_at_spec100,fold,n_train,n_val,threshold,best_penalty,best_C,best_solver,best_inner_score
0.7280058651026393,0.8211309294291644,0.7318435754189944,0.7966101694915254,0.7153958944281524,0.410689114126647,0.7580645161290323,0.6727272727272727,0.8392857142857143,2.3163082437275984,0.04032258064516129,1,714,179,0.5025925929294115,l2,0.0001,liblinear,0.6869388861571348
0.6965076242006886,0.6867627570590978,0.6561085972850679,0.6885245901639344,0.6534677816035415,0.31167297986451487,0.7368421052631579,0.5700934579439252,0.6461538461538462,1.7139588100686496,0.03508771929824561,2,672,221,0.5082222115720068,l1,0.1,liblinear,0.6763082893413775
0.7442353564802544,0.7939825809145185,0.6984126984126984,0.7466666666666667,0.6901669758812616,0.3755857734839418,0.7272727272727273,0.6530612244897959,0.7671232876712328,2.0962566844919786,0.012987012987012988,3,767,126,0.5336905290425941,l2,0.0001,liblinear,0.6857560800177287
0.654871122761031,0.7412967325552178,0.6627906976744186,0.7289719626168224,0.6435124508519003,0.2835770300087265,0.7155963302752294,0.5714285714285714,0.7428571428571429,1.6697247706422018,0.03669724770642202,4,721,172,0.5095708533481961,l2,0.0001,liblinear,0.699843483284281
0.642949967511371,0.680001619078072,0.6,0.6666666666666666,0.5828460038986355,0.16783218203174283,0.6842105263157895,0.48148148148148145,0.65,1.319548872180451,0.0,5,698,195,0.4874490611771289,l2,0.001,lbfgs,0.7208821562490502
