roc_auc,pr_auc,accuracy,f1,balanced_accuracy,matthews_corrcoef,sensitivity,specificity,precision,pos_LR,sensitivity_at_spec100,fold,n_train,n_val,threshold,best_penalty,best_C,best_solver,best_inner_score
0.6461038961038961,0.7229100404506679,0.6296296296296297,0.696969696969697,0.6103896103896105,0.22077922077922077,0.696969696969697,0.5238095238095238,0.696969696969697,1.4636363636363638,0.015151515151515152,1,723,108,0.5063771898427064,l2,0.0001,liblinear,0.7037774258107539
0.662093249150073,0.7306555633259313,0.5989304812834224,0.6445497630331753,0.6029626032054395,0.19989961727762356,0.5862068965517241,0.6197183098591549,0.7157894736842105,1.5415070242656446,0.0,2,644,187,0.4841236098063564,l1,0.01,liblinear,0.665921103694916
0.6547428936442031,0.6692231289392024,0.6177777777777778,0.6475409836065574,0.6155780900670712,0.23045798802624862,0.6370967741935484,0.594059405940594,0.6583333333333333,1.5694335169158142,0.016129032258064516,3,606,225,0.4777874530042321,l2,0.001,liblinear,0.7077912261904291
0.6168831168831169,0.7018656650540185,0.5870967741935483,0.627906976744186,0.6030844155844155,0.19841123636191377,0.5454545454545454,0.6607142857142857,0.7397260273972602,1.6076555023923442,0.04040404040404041,4,676,155,0.5217583729441164,l1,0.01,liblinear,0.7056324848362373
0.7935495303916357,0.8501615160570217,0.7371794871794872,0.7960199004975125,0.7110579479000532,0.4272575700795037,0.8080808080808081,0.6140350877192983,0.7843137254901961,2.0936639118457303,0.10101010101010101,5,675,156,0.48525365736084525,l2,0.0001,liblinear,0.6318462845434961
