roc_auc,pr_auc,accuracy,f1,balanced_accuracy,matthews_corrcoef,sensitivity,specificity,precision,pos_LR,sensitivity_at_spec100,fold,n_train,n_val,threshold,best_penalty,best_C,best_solver,best_inner_score
0.5661157024793388,0.6645189372803895,0.5235602094240838,0.5844748858447488,0.5216056670602125,0.04165670052600877,0.5289256198347108,0.5142857142857142,0.6530612244897959,1.0889645114244044,0.0,1,702,191,0.5461688560532372,l2,0.1,liblinear,0.6511206314255358
0.6659239216934586,0.743278566118122,0.6158536585365854,0.6956521739130435,0.587219481139583,0.17503896208121467,0.6990291262135923,0.47540983606557374,0.6923076923076923,1.3325242718446602,0.0,2,729,164,0.4862015124457176,l2,0.1,liblinear,0.6243737066922482
0.6188836980575362,0.6628236696701426,0.569060773480663,0.4868421052631579,0.5863658716498648,0.18811589788648325,0.37755102040816324,0.7951807228915663,0.6851851851851852,1.8433373349339734,0.04081632653061224,3,712,181,0.5296481759458919,l2,0.01,liblinear,0.6478253794493533
0.6592398427260813,0.7653526818702077,0.6104651162790697,0.6824644549763034,0.59217999126256,0.1808011031999518,0.6605504587155964,0.5238095238095238,0.7058823529411765,1.3871559633027524,0.045871559633027525,4,721,172,0.5298497360933682,l2,0.1,liblinear,0.6678434925430615
0.6225736879942487,0.6646847527861423,0.5837837837837838,0.6484018264840182,0.5689551881140666,0.13933675499096287,0.6635514018691588,0.47435897435897434,0.6339285714285714,1.262366081604741,0.0,5,708,185,0.5228704678029996,l2,1.0,liblinear,0.6259854352129691
