roc_auc,pr_auc,accuracy,f1,balanced_accuracy,matthews_corrcoef,sensitivity,specificity,precision,pos_LR,sensitivity_at_spec100,fold,n_train,n_val,threshold,best_penalty,best_C,best_solver,best_inner_score
0.613997113997114,0.6692045442723823,0.6481481481481481,0.7164179104477612,0.6255411255411256,0.25347093953487776,0.7272727272727273,0.5238095238095238,0.7058823529411765,1.5272727272727273,0.0,1,723,108,0.540115455864636,l2,0.0001,liblinear,0.7033797467477505
0.6703496843127732,0.7481421452124006,0.6470588235294118,0.6972477064220184,0.644487615347256,0.28164966521574375,0.6551724137931034,0.6338028169014085,0.7450980392156863,1.7891246684350135,0.017241379310344827,2,644,187,0.48041040077642955,l2,0.001,liblinear,0.6801352859633573
0.6589747684445864,0.6588234902802101,0.6533333333333333,0.6904761904761905,0.6478361545832003,0.29695547076001577,0.7016129032258065,0.594059405940594,0.6796875,1.7283634933123524,0.0,3,606,225,0.5342992445047824,l2,0.0001,lbfgs,0.7148382995584687
0.6652236652236653,0.74333515286165,0.6258064516129033,0.6847826086956522,0.6217532467532467,0.235051850612292,0.6363636363636364,0.6071428571428571,0.7411764705882353,1.6198347107438014,0.06060606060606061,4,676,155,0.5341219343467848,l2,0.0001,liblinear,0.6840624906484072
0.6273258904837852,0.7775789674406175,0.6025641025641025,0.69,0.5677830940988836,0.1366357605019174,0.696969696969697,0.43859649122807015,0.6831683168316832,1.241477272727273,0.10101010101010101,5,675,156,0.44705884099225807,l1,1.0,liblinear,0.6596738913707128
