n_pairs,pairwise_accuracy,both_correct_rate,mean_delta,median_delta,std_delta,n_positive_delta,per_drug_accuracy,per_drug_roc_auc,per_drug_pr_auc,n_train,n_test,best_penalty,best_C,best_solver,inner_cv_score,threshold,seed
13,0.38461538461538464,0.46153846153846156,-0.02078308598824417,-0.02265773215837985,0.04466513029718198,5,0.6923076923076923,0.6022727272727273,0.8503741203294856,867,26,l2,0.01,liblinear,0.6504205890895317,0.5114145137428223,1
