roc_auc,pr_auc,accuracy,f1,balanced_accuracy,matthews_corrcoef,sensitivity,specificity,precision,pos_LR,sensitivity_at_spec100,fold,n_train,n_val,threshold,best_penalty,best_C,best_solver,best_inner_score
0.67218887555022,0.681083649100832,0.5803571428571429,0.5523809523809524,0.5865546218487395,0.17589029308348822,0.48739495798319327,0.6857142857142857,0.6373626373626373,1.5508021390374331,0.025210084033613446,1,669,224,0.5208612334509145,l2,0.01,liblinear,0.6667157380546651
0.6231707317073171,0.7495559149172963,0.6065573770491803,0.6727272727272727,0.6091463414634146,0.2053204780453272,0.6016260162601627,0.6166666666666667,0.7628865979381443,1.5694591728525984,0.008130081300813009,2,710,183,0.5588797158852564,l2,0.1,liblinear,0.682242965045126
0.6829321188462373,0.7492864869895632,0.65,0.7134502923976608,0.6335935805682065,0.2645327764596317,0.7011494252873564,0.5660377358490566,0.7261904761904762,1.6156921539230384,0.022988505747126436,3,753,140,0.5150628454602494,l2,0.01,liblinear,0.641445697688644
0.695906432748538,0.7835710235286892,0.6535947712418301,0.7165775401069518,0.6384320175438596,0.27266101531560066,0.6979166666666666,0.5789473684210527,0.7362637362637363,1.6575520833333333,0.041666666666666664,4,740,153,0.5068391676092044,l2,0.1,lbfgs,0.628067100062961
0.7065265486725664,0.7161698211580043,0.7046632124352331,0.759493670886076,0.6857300884955753,0.3818221234821232,0.7964601769911505,0.575,0.7258064516129032,1.8740239458615302,0.008849557522123894,5,700,193,0.5077779845687214,l2,0.01,liblinear,0.6193428158407565
