n_pairs,pairwise_accuracy,both_correct_rate,mean_delta,median_delta,std_delta,n_positive_delta,per_drug_accuracy,per_drug_roc_auc,per_drug_pr_auc,n_train,n_test,best_penalty,best_C,best_solver,inner_cv_score,threshold,seed
13,0.7692307692307693,0.38461538461538464,0.04072993835199127,0.03963234521765735,0.06408375217600076,10,0.6538461538461539,0.6590909090909092,0.9162837443023506,867,26,l2,0.01,lbfgs,0.6635849530659479,0.5164320716465899,1
