roc_auc,pr_auc,accuracy,f1,balanced_accuracy,matthews_corrcoef,sensitivity,specificity,precision,pos_LR,sensitivity_at_spec100,fold,n_train,n_val,threshold,best_penalty,best_C,best_solver,best_inner_score
0.6439759036144579,0.6979350602347408,0.6174863387978142,0.6634615384615384,0.6100602409638554,0.2228214477790714,0.69,0.5301204819277109,0.6388888888888888,1.4684615384615385,0.12,1,684,183,0.47714584137623783,l2,0.001,liblinear,0.6311752623254724
0.7059787059787059,0.7180539923169329,0.6127167630057804,0.593939393939394,0.6326098826098826,0.2701316596409191,0.494949494949495,0.7702702702702703,0.7424242424242424,2.1544860368389784,0.010101010101010102,2,694,173,0.5399408747733424,l2,0.01,lbfgs,0.6637267101011058
0.6476490825688073,0.7090541650422083,0.6184971098265896,0.67,0.6198394495412844,0.2317423543450371,0.6146788990825688,0.625,0.7362637362637363,1.6391437308868502,0.0,3,694,173,0.5078259613938774,l2,0.01,lbfgs,0.6585864613538991
0.6255630630630631,0.7158932432424558,0.5657142857142857,0.6346153846153846,0.5551097972972974,0.10680144218507043,0.5945945945945946,0.515625,0.6804123711340206,1.2275501307759373,0.0,4,692,175,0.5297597984842802,l2,0.01,liblinear,0.678000796815428
0.648078725398313,0.6875337597058973,0.6196319018404908,0.6666666666666666,0.6150421743205248,0.2268475268044356,0.6391752577319587,0.5909090909090909,0.6966292134831461,1.5624284077892325,0.010309278350515464,5,704,163,0.5170740032143709,l2,0.01,lbfgs,0.6675370680708305
