accuracy,balanced_accuracy,f1_macro,f1_weighted,mae,adjacent_accuracy,kappa_linear,kappa_quadratic,spearman_r,roc_auc_macro_ovr,roc_auc_weighted_ovr,fold,n_train,n_val,best_penalty,best_C,best_solver,inner_auc_score
0.453781512605042,0.4481481481481482,0.4424497906465119,0.46131043773694275,0.6554621848739496,0.8907563025210085,0.20408163265306123,0.24499755978526105,0.21304490645794352,0.6044628073279658,0.6044606286443394,1,748,119,l2,0.001,lbfgs,0.6214446250316545
0.4198473282442748,0.44321968050781607,0.4185464805917791,0.4199915822710753,0.7557251908396947,0.8244274809160306,0.15262985952303176,0.1534827755247561,0.17572860842416638,0.6171705276413667,0.6171880938457914,2,736,131,l2,0.001,lbfgs,0.6084758598710505
0.45294117647058824,0.461273254821642,0.4449415816843385,0.4416826898247649,0.6823529411764706,0.8647058823529412,0.24334279794336588,0.3047210300429185,0.2700914535284041,0.6195453272357302,0.612825915745322,3,697,170,l2,0.001,lbfgs,0.6218976945306796
0.46808510638297873,0.4607749342262617,0.4471057409208048,0.47357969279886764,0.7063829787234043,0.825531914893617,0.20617801473281516,0.22807947019867558,0.29496775286517757,0.6187757169174618,0.6191968364802902,4,632,235,l2,0.001,lbfgs,0.6194135259777049
0.4386792452830189,0.44151146375780126,0.4290428625349772,0.4453903034152854,0.6509433962264151,0.910377358490566,0.21670682730923696,0.304892134580275,0.32442931222088667,0.6114677803781433,0.6058532054727352,5,655,212,l2,0.001,lbfgs,0.6119302879186437
