roc_auc,pr_auc,accuracy,f1,balanced_accuracy,matthews_corrcoef,sensitivity,specificity,precision,pos_LR,sensitivity_at_spec100,fold,n_train,n_val,threshold,best_penalty,best_C,best_solver,best_inner_score
0.6601914414414415,0.71762200352314,0.6639344262295082,0.7421383647798742,0.6278153153153153,0.271668350023786,0.7972972972972973,0.4583333333333333,0.6941176470588235,1.4719334719334716,0.02702702702702703,1,745,122,0.48545263548635004,l2,0.0001,liblinear,0.7007817365137926
0.6941666666666666,0.7616576394354359,0.664,0.7375,0.6354166666666667,0.2708333333333333,0.7375,0.5333333333333333,0.7375,1.580357142857143,0.0,2,742,125,0.5025378843216315,l2,0.001,liblinear,0.7138419490660461
0.7371134020618556,0.7827911103059185,0.6638297872340425,0.6901960784313725,0.6693560436276706,0.33352022179589846,0.6376811594202898,0.7010309278350515,0.7521367521367521,2.1329335332333828,0.021739130434782608,3,632,235,0.5216518911182615,l2,0.0001,liblinear,0.6771864563414186
0.6623685624376391,0.6871705444031886,0.5956521739130435,0.640926640926641,0.5890321590298565,0.17826281762061622,0.6434108527131783,0.5346534653465347,0.6384615384615384,1.3826488537027875,0.007751937984496124,4,637,230,0.48974909384130294,l2,0.001,liblinear,0.716212806768807
0.6696491228070176,0.7462416523328519,0.6645161290322581,0.723404255319149,0.649561403508772,0.2974059387397313,0.7157894736842105,0.5833333333333334,0.7311827956989247,1.7178947368421054,0.042105263157894736,5,712,155,0.4717870965440648,l2,0.01,liblinear,0.698480557171421
