roc_auc,pr_auc,accuracy,f1,balanced_accuracy,matthews_corrcoef,sensitivity,specificity,precision,pos_LR,sensitivity_at_spec100,fold,n_train,n_val,threshold,best_penalty,best_C,best_solver,best_inner_score
0.6112049549549549,0.6727979678288744,0.639344262295082,0.7142857142857143,0.611204954954955,0.22867620383209136,0.7432432432432432,0.4791666666666667,0.6875,1.427027027027027,0.0,1,745,122,0.5176977891241494,l2,0.0001,liblinear,0.6869009670751731
0.6669444444444445,0.7488320742347316,0.616,0.6666666666666666,0.6222222222222222,0.23473427987697595,0.6,0.6444444444444445,0.75,1.6875000000000002,0.0,2,742,125,0.5600367843566346,l2,0.001,lbfgs,0.6805443773656732
0.7138801733154042,0.7778676828769114,0.6595744680851063,0.6992481203007519,0.6565441506051097,0.3095247466784668,0.6739130434782609,0.6391752577319587,0.7265625,1.867701863354037,0.036231884057971016,3,632,235,0.4754758152974816,l1,0.01,liblinear,0.6572632427435987
0.6711182746181594,0.7142330590120719,0.6,0.6515151515151515,0.5907590759075907,0.1829561093187887,0.6666666666666666,0.5148514851485149,0.6370370370370371,1.3741496598639455,0.0,4,637,230,0.5210538948132051,l2,0.001,liblinear,0.6894961596302582
0.7063157894736842,0.7479252101900908,0.6580645161290323,0.7309644670050761,0.6289473684210527,0.2648145761483666,0.7578947368421053,0.5,0.7058823529411765,1.5157894736842106,0.0,5,712,155,0.47260370836602084,l2,0.001,lbfgs,0.6889981672483546
