accuracy,balanced_accuracy,f1_macro,f1_weighted,mae,adjacent_accuracy,kappa_linear,kappa_quadratic,spearman_r,roc_auc_macro_ovr,roc_auc_weighted_ovr,fold,n_train,n_val,best_penalty,best_C,best_solver,inner_auc_score
0.47706422018348627,0.5047281323877069,0.38000000000000006,0.38605504587155964,0.6972477064220184,0.8256880733944955,0.3067782426778243,0.3710901913149104,0.414011135847916,0.6864725715890755,0.6844570968452989,1,758,109,l2,0.001,lbfgs,0.622224326589304
0.4049586776859504,0.47189697534525116,0.3684845162299591,0.32900819615834404,0.768595041322314,0.8264462809917356,0.2104820037886761,0.2509286009079653,0.20258296532870024,0.6269581861376873,0.6232988475173168,2,746,121,l1,0.1,liblinear,0.6353681001119099
0.35185185185185186,0.3886026541764247,0.2862970362970363,0.2647676397676398,0.8888888888888888,0.7592592592592593,0.08946135831381741,0.11305119857946144,0.231710783095642,0.6112938552592512,0.6074666884065921,3,705,162,l2,0.001,lbfgs,0.6388237701701083
0.4713656387665198,0.4398809523809524,0.37319725293558736,0.4003373261007207,0.7224669603524229,0.8061674008810573,0.1761894224385927,0.20348659110529388,0.2820072847763374,0.6475999460484237,0.6411976774572077,4,640,227,l1,0.1,liblinear,0.6444174824464669
0.45564516129032256,0.44067033822026275,0.3690986623050412,0.3768066136663847,0.7379032258064516,0.8064516129032258,0.2070447636020547,0.24905578467549372,0.31967974062666943,0.6637116557412689,0.6605108441225952,5,619,248,l1,0.1,liblinear,0.6193109796496005
