roc_auc,pr_auc,accuracy,f1,balanced_accuracy,matthews_corrcoef,sensitivity,specificity,precision,pos_LR,sensitivity_at_spec100,fold,n_train,n_val,threshold,best_penalty,best_C,best_solver,best_inner_score
0.6280909090909091,0.6123720402923853,0.5666666666666667,0.6094420600858369,0.5731818181818181,0.15169048865936607,0.71,0.43636363636363634,0.5338345864661654,1.2596774193548386,0.05,1,683,210,0.42207812403974054,l2,0.1,liblinear,0.6756263142156734
0.6875172034131571,0.7951447862160463,0.622568093385214,0.686084142394822,0.6277869529314617,0.24016906397099316,0.6127167630057804,0.6428571428571429,0.7794117647058824,1.7156069364161852,0.06358381502890173,2,636,257,0.480442290196994,l2,0.01,lbfgs,0.6820713279735241
0.6589629629629631,0.7655984514351437,0.6333333333333333,0.7027027027027027,0.6133333333333333,0.22480925559017592,0.6933333333333334,0.5333333333333333,0.7123287671232876,1.4857142857142858,0.13333333333333333,3,773,120,0.49701140237719554,l2,0.01,lbfgs,0.6779690833623475
0.7257016632016632,0.7525571420594419,0.7134831460674157,0.7605633802816901,0.7002338877338877,0.4051000628178817,0.7788461538461539,0.6216216216216216,0.7431192660550459,2.058379120879121,0.0,4,715,178,0.4455992592114616,l2,0.01,lbfgs,0.64797514580524
0.6578073089700996,0.7602259201381258,0.734375,0.8152173913043478,0.6622369878183831,0.3596500091246544,0.872093023255814,0.4523809523809524,0.7653061224489796,1.5925176946410513,0.046511627906976744,5,765,128,0.4502507777918334,l2,0.01,liblinear,0.6690287195984359
