roc_auc,pr_auc,accuracy,f1,balanced_accuracy,matthews_corrcoef,sensitivity,specificity,precision,pos_LR,sensitivity_at_spec100,fold,n_train,n_val,threshold,best_penalty,best_C,best_solver,best_inner_score
0.6917888563049853,0.8049896333399527,0.6201117318435754,0.7017543859649122,0.6043988269794721,0.19524076498647688,0.6451612903225806,0.5636363636363636,0.7692307692307693,1.4784946236559138,0.0,1,714,179,0.5424723370646891,l1,0.1,liblinear,0.7151525820038217
0.6951139531070668,0.6901198015140299,0.6425339366515838,0.6721991701244814,0.6403098868666994,0.28365915011431797,0.7105263157894737,0.5700934579439252,0.6377952755905512,1.6527459954233408,0.03508771929824561,2,672,221,0.5204332434206465,l2,0.001,lbfgs,0.6890526602710255
0.660482374768089,0.7313426780291629,0.6111111111111112,0.6201550387596899,0.637291280148423,0.27189349739571544,0.5194805194805194,0.7551020408163265,0.7692307692307693,2.1212121212121207,0.025974025974025976,3,767,126,0.5447513762334409,l1,0.01,liblinear,0.6821995192859159
0.5938546672491627,0.6865365372892058,0.5930232558139535,0.6846846846846847,0.5549730595602156,0.11158304284978178,0.6972477064220184,0.4126984126984127,0.672566371681416,1.1872055541780313,0.0,4,721,172,0.4792364356713485,l1,0.1,liblinear,0.7096034591688207
0.6729478016027725,0.699120724432428,0.6,0.6176470588235294,0.6096491228070176,0.21677749238103,0.5526315789473685,0.6666666666666666,0.7,1.6578947368421053,0.008771929824561403,5,698,195,0.6014654010797434,l1,0.1,liblinear,0.7298219895602169
