roc_auc,pr_auc,accuracy,f1,balanced_accuracy,matthews_corrcoef,sensitivity,specificity,precision,pos_LR,sensitivity_at_spec100,fold,n_train,n_val,threshold,best_penalty,best_C,best_solver,best_inner_score
0.6779720279720279,0.7505669799323811,0.6276595744680851,0.6788990825688074,0.6184149184149184,0.23600607837977894,0.6727272727272727,0.5641025641025641,0.6851851851851852,1.5433155080213903,0.05454545454545454,1,679,188,0.45897515607489353,l1,0.1,liblinear,0.6420138683703216
0.6458639976449809,0.7338724853323461,0.680327868852459,0.7515923566878981,0.6524874889608479,0.30341590479744956,0.7468354430379747,0.5581395348837209,0.7564102564102564,1.6902065289806796,0.012658227848101266,2,745,122,0.499347804855958,l2,0.01,liblinear,0.6386784615498854
0.5888888888888889,0.7001775914280124,0.543859649122807,0.5979381443298969,0.552927927927928,0.10108148653078934,0.5225225225225225,0.5833333333333334,0.6987951807228916,1.2540540540540541,0.0,3,696,171,0.499991535196503,l2,0.001,liblinear,0.6529787255112433
0.6344498874619358,0.633117931417386,0.6379310344827587,0.6594594594594595,0.6363696544419436,0.2733370844618942,0.6703296703296703,0.6024096385542169,0.648936170212766,1.685980685980686,0.01098901098901099,4,693,174,0.4925246581310576,l2,0.01,liblinear,0.6389410019235789
0.6757241379310345,0.7250181871998991,0.6037735849056604,0.6111111111111112,0.6203218390804598,0.23915293136339458,0.528,0.7126436781609196,0.7252747252747253,1.8374400000000002,0.016,5,655,212,0.5353564521764798,l1,0.1,liblinear,0.6649021179901797
