roc_auc,pr_auc,accuracy,f1,balanced_accuracy,matthews_corrcoef,sensitivity,specificity,precision,pos_LR,sensitivity_at_spec100,fold,n_train,n_val,threshold,best_penalty,best_C,best_solver,best_inner_score
0.7620794333417658,0.8061915836326747,0.6756756756756757,0.7247706422018348,0.6780293448014166,0.3433922831761633,0.6694915254237288,0.6865671641791045,0.79,2.135996771589992,0.01694915254237288,1,646,185,0.5008556560238081,l2,0.001,liblinear,0.6928417935222186
0.719018795794839,0.7552367200625414,0.7068965517241379,0.7605633802816901,0.6954444090474674,0.38457002504560656,0.7397260273972602,0.6511627906976745,0.782608695652174,2.1205479452054794,0.0,2,715,116,0.5047200203772159,l2,0.0001,liblinear,0.697130187828184
0.6810260946483856,0.7173450370528516,0.6121495327102804,0.6437768240343348,0.6098628925254312,0.21880834561570695,0.6302521008403361,0.5894736842105263,0.6578947368421053,1.5352294764059466,0.058823529411764705,3,617,214,0.4932898837367072,l2,0.001,lbfgs,0.7225472154457135
0.7135087719298245,0.7604710691203556,0.7161290322580646,0.7864077669902912,0.6763157894736842,0.3809524771695703,0.8526315789473684,0.5,0.7297297297297297,1.7052631578947368,0.010526315789473684,4,676,155,0.49380729640350596,l2,0.001,liblinear,0.696291730747977
0.651840990550668,0.7188094398248046,0.5900621118012422,0.6666666666666666,0.5672043010752688,0.13440860215053763,0.6666666666666666,0.46774193548387094,0.6666666666666666,1.2525252525252526,0.010101010101010102,5,670,161,0.4964550798653976,l2,0.01,liblinear,0.677109791887518
