accuracy,balanced_accuracy,f1_macro,f1_weighted,mae,adjacent_accuracy,kappa_linear,kappa_quadratic,spearman_r,roc_auc_macro_ovr,roc_auc_weighted_ovr,fold,n_train,n_val,best_penalty,best_C,best_solver,inner_auc_score
0.366412213740458,0.40011366865586817,0.3200047658763255,0.3006216558145965,0.8778625954198473,0.7557251908396947,0.11220460840355939,0.13603035997199808,0.3060608176542943,0.6147671477077309,0.6048358593457057,1,736,131,l2,1.0,liblinear,0.623377189898906
0.30158730158730157,0.30390189520624306,0.2485306323686515,0.25773522014163336,1.0317460317460319,0.6666666666666666,-0.03656307129798897,-0.03759128456841854,0.08416012074822186,0.5326655910807383,0.5381452988979871,2,678,189,l2,1.0,lbfgs,0.6563336278316145
0.50625,0.4938842203548086,0.4387445887445887,0.45362824675324676,0.7,0.79375,0.2783505154639174,0.31047840402866544,0.32225075355753224,0.6540340819564019,0.6525626800428752,3,707,160,l1,1.0,liblinear,0.6204289955662501
0.4358974358974359,0.46201979307242463,0.39028132992327363,0.395282750781472,0.7222222222222222,0.8418803418803419,0.19989479221462392,0.24751872535267172,0.348681165983562,0.6617362775439205,0.6472218780658596,4,633,234,l2,1.0,lbfgs,0.6028693056591135
0.3660130718954248,0.42897497982243743,0.30347596703784113,0.28416152977520354,0.8366013071895425,0.7973856209150327,0.17325227963525835,0.220183486238532,0.31733215457193986,0.5891829828840162,0.5760759889836752,5,714,153,l2,0.1,lbfgs,0.6270091233619802
