accuracy,balanced_accuracy,f1_macro,f1_weighted,mae,adjacent_accuracy,kappa_linear,kappa_quadratic,spearman_r,roc_auc_macro_ovr,roc_auc_weighted_ovr,fold,n_train,n_val,best_penalty,best_C,best_solver,inner_auc_score
0.4251968503937008,0.42675854148722364,0.39669626799347796,0.40641661284582203,0.7007874015748031,0.8740157480314961,0.2360256843528219,0.3336946624463425,0.40533368855909974,0.5866796037375894,0.5853143339429697,1,740,127,l2,0.001,liblinear,0.6727141865918078
0.45595854922279794,0.484601706970128,0.4248543365204555,0.4229117658004818,0.7046632124352331,0.8393782383419689,0.2308052983237605,0.26627241657386425,0.33640207797729094,0.6485090219021286,0.6425153616106892,2,674,193,l2,0.001,liblinear,0.6591971184134752
0.436046511627907,0.4687434113430318,0.4237107978784735,0.41227046346721585,0.7093023255813954,0.8546511627906976,0.24365628604382927,0.3073609290129238,0.35757136592299954,0.6356264281786103,0.6285696861278256,3,695,172,l2,0.001,liblinear,0.6665652268131919
0.5622119815668203,0.5324918186068256,0.4313587289098697,0.4921501569334112,0.5990783410138248,0.8387096774193549,0.3505985267034991,0.40742763517203706,0.4576738916494333,0.7344948674313665,0.7293561711179825,4,650,217,l2,0.0001,liblinear,0.6124065737414526
0.4050632911392405,0.4822891072891073,0.38430672641198954,0.3399258599125355,0.7468354430379747,0.8481012658227848,0.2265184201792234,0.27976713532513175,0.35151101347788666,0.6864564634580246,0.6779152881130095,5,709,158,l2,0.0001,liblinear,0.6473041808579463
