accuracy,balanced_accuracy,f1_macro,f1_weighted,mae,adjacent_accuracy,kappa_linear,kappa_quadratic,spearman_r,roc_auc_macro_ovr,roc_auc_weighted_ovr,fold,n_train,n_val,best_penalty,best_C,best_solver,inner_auc_score
0.4351145038167939,0.465331059960216,0.3789207091369569,0.3575338737669592,0.7099236641221374,0.8549618320610687,0.26382258746752063,0.3446247851823563,0.37333011816876177,0.6088132757959003,0.5984929566380736,1,736,131,l2,0.01,liblinear,0.6496042334996242
0.42857142857142855,0.4052025269416574,0.3445200666654933,0.35703439201075987,0.798941798941799,0.7724867724867724,0.13505076526746485,0.1604093643980432,0.22361764403501355,0.6352533351130827,0.6277551331314772,2,678,189,l2,0.01,liblinear,0.6512056048292514
0.49375,0.4696825396825397,0.4004128564262839,0.4207858259057762,0.70625,0.8,0.26480156148340916,0.3093356745683348,0.3046669465084453,0.6291015754730913,0.6267248944865009,3,707,160,l2,0.01,lbfgs,0.6298605203765322
0.41025641025641024,0.48162393162393163,0.33258721516434764,0.31492908516501983,0.7735042735042735,0.8162393162393162,0.2070618189987644,0.2614719024090404,0.2755248548549889,0.6589242481792946,0.639312567138435,4,633,234,l2,0.001,lbfgs,0.6351085559556242
0.39869281045751637,0.4447134786117837,0.31864473168820995,0.29815365237360125,0.7712418300653595,0.8300653594771242,0.20235044623133347,0.2604492465169178,0.3043766442249114,0.6329749173175564,0.6238148963343387,5,714,153,l2,0.001,lbfgs,0.6343538519247213
