accuracy,balanced_accuracy,f1_macro,f1_weighted,mae,adjacent_accuracy,kappa_linear,kappa_quadratic,spearman_r,roc_auc_macro_ovr,roc_auc_weighted_ovr,fold,n_train,n_val,best_penalty,best_C,best_solver,inner_auc_score
0.3944954128440367,0.39500124424536515,0.31833811833811837,0.33342252424821234,0.8715596330275229,0.7339449541284404,0.1118449266660948,0.1288199341795958,0.3536794052534492,0.647325727910557,0.6452109660206946,1,758,109,l1,0.1,liblinear,0.6160277376771415
0.36363636363636365,0.44563811460363184,0.3204108818321722,0.2680428440277013,0.8264462809917356,0.8099173553719008,0.17043740573152333,0.21505376344086025,0.26023682068417325,0.606027287525175,0.5910533651281046,2,746,121,l2,0.01,liblinear,0.632617614706976
0.3765432098765432,0.40880467437844487,0.330322954274108,0.32216698976804525,0.8580246913580247,0.7654320987654321,0.12842545285647944,0.14695077149155034,0.262386123773032,0.6046833968004667,0.595783080057787,3,705,162,l2,0.01,lbfgs,0.6186990967711611
0.43612334801762115,0.4238095238095238,0.32674126116749064,0.3487638718374617,0.775330396475771,0.788546255506608,0.15549167159888388,0.19242440096264513,0.2303870524429481,0.6181991689749301,0.613391035349376,4,640,227,l2,0.0001,lbfgs,0.6095323627770682
0.43548387096774194,0.44668746535670517,0.35779426085912186,0.35489574803372426,0.7782258064516129,0.7862903225806451,0.1958063106959239,0.2355148665924368,0.23193451927523218,0.607504083831795,0.5987312330846317,5,619,248,l2,0.01,liblinear,0.6281677568051913
