roc_auc,pr_auc,accuracy,f1,balanced_accuracy,matthews_corrcoef,sensitivity,specificity,precision,pos_LR,sensitivity_at_spec100,fold,n_train,n_val,threshold,best_penalty,best_C,best_solver,best_inner_score
0.6598639455782312,0.6228584287893557,0.5848214285714286,0.541871921182266,0.5929971988795518,0.19171863693348226,0.46218487394957986,0.7238095238095238,0.6547619047619048,1.6734279918864097,0.0,1,669,224,0.5716062029950949,l2,0.0001,lbfgs,0.7152772138420762
0.6535230352303523,0.7568057301327734,0.6939890710382514,0.7777777777777778,0.640040650406504,0.28828401413882493,0.7967479674796748,0.48333333333333334,0.7596899224806202,1.5420928402832417,0.008130081300813009,2,710,183,0.5083563392323126,l2,0.0001,liblinear,0.7383652287502537
0.7375840381695944,0.8230387444029094,0.6571428571428571,0.7176470588235294,0.6430275428323574,0.2824039457659554,0.7011494252873564,0.5849056603773585,0.7349397590361446,1.6891327063740857,0.12643678160919541,3,753,140,0.49630165426188483,l2,0.0001,liblinear,0.6569107345980317
0.6743421052631579,0.7268029748044176,0.6143790849673203,0.6810810810810811,0.6000548245614035,0.1961354447154154,0.65625,0.543859649122807,0.7078651685393258,1.4387019230769231,0.0,4,740,153,0.5256798501331598,l2,0.0001,liblinear,0.6906290480565952
0.7475663716814158,0.7840774355204395,0.6735751295336787,0.704225352112676,0.675608407079646,0.3462725300236876,0.6637168141592921,0.6875,0.75,2.1238938053097347,0.02654867256637168,5,700,193,0.5099049260293657,l2,0.0001,liblinear,0.6989471725722393
