accuracy,balanced_accuracy,f1_macro,f1_weighted,mae,adjacent_accuracy,kappa_linear,kappa_quadratic,spearman_r,roc_auc_macro_ovr,roc_auc_weighted_ovr,fold,n_train,n_val,best_penalty,best_C,best_solver,inner_auc_score
0.4251968503937008,0.4214183175423485,0.41332853889488197,0.42598396883237494,0.7007874015748031,0.8740157480314961,0.20841795643952654,0.28654997910766533,0.3640916636477152,0.6027504097050946,0.5983676777375008,1,740,127,l2,0.001,lbfgs,0.6151518506232374
0.46632124352331605,0.4467223802750118,0.4435222191240409,0.47451906352732603,0.7253886010362695,0.8082901554404145,0.1329182979269623,0.08021557099590237,0.13241358388467833,0.611954811122254,0.6121045847534912,2,674,193,l2,0.001,lbfgs,0.6245993182747384
0.4127906976744186,0.42855636878407277,0.4108508977361436,0.4102390937312782,0.7558139534883721,0.8313953488372093,0.16417464114832536,0.19610182975338097,0.20828421878381453,0.5941742621178105,0.5933170027646772,3,695,172,l2,0.001,lbfgs,0.6336619692791958
0.5161290322580645,0.5382772323515662,0.49908720924054534,0.5301118410218313,0.631336405529954,0.8525345622119815,0.31197204286144087,0.34821201751371067,0.3821415202659422,0.6809623664609684,0.6806264818843109,4,650,217,l2,0.001,lbfgs,0.6227217688075017
0.4620253164556962,0.46300163800163796,0.4560023014180797,0.46586494034606096,0.6582278481012658,0.879746835443038,0.19781292716266363,0.21760357093039473,0.2684423148736334,0.6491840083332053,0.6445540543592407,5,709,158,l2,0.001,lbfgs,0.6360146449497599
