roc_auc,pr_auc,accuracy,f1,balanced_accuracy,matthews_corrcoef,sensitivity,specificity,precision,pos_LR,sensitivity_at_spec100,fold,n_train,n_val,threshold,best_penalty,best_C,best_solver,best_inner_score
0.5960899055725495,0.6384099806704573,0.5738636363636364,0.6113989637305699,0.5740789998670035,0.1460275060386084,0.5728155339805825,0.5753424657534246,0.6555555555555556,1.3488881929220167,0.0,1,655,176,0.4967165476376953,l2,0.001,liblinear,0.7007980075630535
0.6916646763792691,0.7400606170761186,0.6666666666666666,0.7441860465116279,0.6314783854788631,0.2825283679462357,0.810126582278481,0.4528301886792453,0.6881720430107527,1.4805761676123963,0.0379746835443038,2,699,132,0.4839487724950044,l2,0.0001,liblinear,0.6571842406479524
0.7266438802083333,0.732998002935653,0.6875,0.7426470588235294,0.6705729166666667,0.35233390163414696,0.7890625,0.5520833333333334,0.7013888888888888,1.7616279069767444,0.015625,3,607,224,0.4710146246515579,l2,0.0001,liblinear,0.6611711971119508
0.7252859477124183,0.8091487487566983,0.7333333333333333,0.8095238095238095,0.6770833333333334,0.3679525911682681,0.8333333333333334,0.5208333333333334,0.7870370370370371,1.7391304347826089,0.00980392156862745,4,681,150,0.46089552194806876,l2,0.0001,liblinear,0.6486964285664353
0.6727688787185354,0.7155820443203769,0.697986577181208,0.7593582887700535,0.6753432494279177,0.3545616054312434,0.7717391304347826,0.5789473684210527,0.7473684210526316,1.8328804347826089,0.0,5,682,149,0.4864674441200539,l2,0.0001,liblinear,0.6638392388425934
