accuracy,balanced_accuracy,f1_macro,f1_weighted,mae,adjacent_accuracy,kappa_linear,kappa_quadratic,spearman_r,roc_auc_macro_ovr,roc_auc_weighted_ovr,fold,n_train,n_val,best_penalty,best_C,best_solver,inner_auc_score
0.43119266055045874,0.45567375886524825,0.3435464212163241,0.3457504462225225,0.7889908256880734,0.7798165137614679,0.20640027091093804,0.2502823118776306,0.3326730343189244,0.6511897922970841,0.6466614179445,1,758,109,l2,0.0001,liblinear,0.6368071226956611
0.4214876033057851,0.49644440678923435,0.39865689865689863,0.36098749735113367,0.7355371900826446,0.8429752066115702,0.24380310371462677,0.2931137586825522,0.31698687350310045,0.6730879832215528,0.6611216367774039,2,746,121,l2,0.001,liblinear,0.643386256994068
0.43209876543209874,0.4879757765003667,0.4104078336361801,0.3972508244161787,0.7654320987654321,0.8024691358024691,0.21945912340690088,0.24539147670961348,0.3261228836484952,0.655801846038475,0.6514576342349166,3,705,162,l2,0.001,liblinear,0.6467681210989398
0.4581497797356828,0.45416666666666666,0.3789775222581547,0.39828426522894667,0.7224669603524229,0.8193832599118943,0.20541278920857176,0.2528498795825529,0.3244056068111495,0.6455203363282989,0.631363819977135,4,640,227,l2,0.001,liblinear,0.6703509273153123
0.4959677419354839,0.506653419579246,0.4364367816091954,0.4391142936596218,0.6774193548387096,0.8266129032258065,0.29806590740615946,0.34399733399983323,0.3744453077728809,0.6824726614742742,0.6773164530148976,5,619,248,l2,0.001,liblinear,0.6319113770075265
