n_pairs,pairwise_accuracy,both_correct_rate,mean_delta,median_delta,std_delta,n_positive_delta,per_drug_accuracy,per_drug_roc_auc,per_drug_pr_auc,n_train,n_test,best_penalty,best_C,best_solver,inner_cv_score,threshold,seed
38,0.631578947368421,0.15789473684210525,0.05780566973037443,0.03571987133042143,0.16969165568789255,24,0.5161290322580645,0.5777310924369747,0.6248193721363816,831,62,l2,0.001,liblinear,0.6740089123744506,0.530877657420265,0
