roc_auc,pr_auc,accuracy,f1,balanced_accuracy,matthews_corrcoef,sensitivity,specificity,precision,pos_LR,sensitivity_at_spec100,fold,n_train,n_val,threshold,best_penalty,best_C,best_solver,best_inner_score
0.6471084337349398,0.6720854937681515,0.5956284153005464,0.6666666666666666,0.580843373493976,0.17075311565539322,0.74,0.42168674698795183,0.6065573770491803,1.2795833333333333,0.02,1,684,183,0.4499827442240214,l2,0.0001,liblinear,0.6690414545140108
0.6683046683046684,0.680023277966928,0.6127167630057804,0.6081871345029239,0.6274911274911275,0.25592722025294384,0.5252525252525253,0.7297297297297297,0.7222222222222222,1.9434343434343435,0.0,2,694,173,0.49815789894019624,l2,0.0001,liblinear,0.6586266491327943
0.6930905963302753,0.7408292583870124,0.7052023121387283,0.7713004484304933,0.6757454128440368,0.35796354338449216,0.7889908256880734,0.5625,0.7543859649122807,1.8034076015727394,0.0,3,694,173,0.47441949792840166,l2,0.0001,liblinear,0.6639527653201627
0.6561092342342342,0.741178202973679,0.6228571428571429,0.7,0.5968468468468469,0.19247828516198764,0.6936936936936937,0.5,0.7064220183486238,1.3873873873873874,0.018018018018018018,4,692,175,0.5103941171854123,l2,0.001,liblinear,0.6550119730806178
0.6930646672914715,0.7512955614248551,0.6993865030674846,0.7699530516431925,0.6651046547953765,0.3578238008119671,0.845360824742268,0.48484848484848486,0.7068965517241379,1.6409945421467556,0.07216494845360824,5,704,163,0.4667638506238835,l2,0.0001,liblinear,0.6524628371101681
