n_pairs,pairwise_accuracy,both_correct_rate,mean_delta,median_delta,std_delta,n_positive_delta,per_drug_accuracy,per_drug_roc_auc,per_drug_pr_auc,n_train,n_test,best_penalty,best_C,best_solver,inner_cv_score,threshold,seed
38,0.6578947368421053,0.23684210526315788,0.10877316511879835,0.0799073076381576,0.233853851405428,25,0.5806451612903226,0.6418067226890757,0.6765371945914741,831,62,l2,0.1,liblinear,0.7229409598588605,0.48506335894104935,1
