roc_auc,pr_auc,accuracy,f1,balanced_accuracy,matthews_corrcoef,sensitivity,specificity,precision,pos_LR,sensitivity_at_spec100,fold,n_train,n_val,threshold,best_penalty,best_C,best_solver,best_inner_score
0.6966228181128258,0.7618991745518877,0.6648648648648648,0.7129629629629629,0.6695547685302302,0.3265470350304168,0.652542372881356,0.6865671641791045,0.7857142857142857,2.0819209039548023,0.025423728813559324,1,646,185,0.534911230447726,l2,0.1,liblinear,0.7133963150834294
0.6584899649569926,0.7477704754383532,0.6896551724137931,0.7534246575342466,0.667410003185728,0.33482000637145587,0.7534246575342466,0.5813953488372093,0.7534246575342466,1.7998477929984782,0.0684931506849315,2,715,116,0.5126385196010962,l2,0.01,lbfgs,0.7226874763172031
0.7102609464838567,0.7425704844801319,0.6588785046728972,0.7044534412955465,0.6497567448031845,0.30352709123453253,0.7310924369747899,0.5684210526315789,0.6796875,1.6939946710391471,0.01680672268907563,3,617,214,0.4651721682682101,l2,0.1,liblinear,0.7239226584812751
0.7156140350877193,0.7764087451484035,0.6838709677419355,0.73224043715847,0.6776315789473684,0.349308265536217,0.7052631578947368,0.65,0.7613636363636364,2.0150375939849625,0.06315789473684211,4,676,155,0.4973750928380308,l2,0.1,lbfgs,0.7035400903583172
0.7766373411534702,0.8175388808509897,0.6770186335403726,0.7263157894736842,0.6710654936461389,0.3358428730389861,0.696969696969697,0.6451612903225806,0.7582417582417582,1.9641873278236914,0.050505050505050504,5,670,161,0.5238415252538438,l2,0.1,liblinear,0.6728657997314028
