accuracy,balanced_accuracy,f1_macro,f1_weighted,mae,adjacent_accuracy,kappa_linear,kappa_quadratic,spearman_r,roc_auc_macro_ovr,roc_auc_weighted_ovr,fold,n_train,n_val,best_penalty,best_C,best_solver,inner_auc_score
0.4351145038167939,0.4462915601023018,0.43690646702694896,0.4378780421270994,0.7099236641221374,0.8549618320610687,0.20502446982055456,0.2476215528957868,0.3160579649505929,0.617671667501604,0.6123910396770655,1,736,131,l2,0.0001,lbfgs,0.648733530916395
0.38095238095238093,0.38547008547008543,0.36319497495968084,0.36980987681267796,0.798941798941799,0.8201058201058201,0.13583648750946242,0.1948059527283338,0.23283752063418525,0.5917930165475748,0.5925403102822459,2,678,189,l2,0.0001,lbfgs,0.6663182276102095
0.49375,0.49791783380018667,0.4857937777866952,0.4983157438014456,0.65625,0.85,0.29683576092415864,0.3420062358886141,0.352236893068286,0.6535281614220017,0.6571307027533999,3,707,160,l2,0.0001,lbfgs,0.6374061286274737
0.5170940170940171,0.5358299595141701,0.5058943655434883,0.5222267444489667,0.594017094017094,0.8888888888888888,0.2977372830123499,0.3335023412568223,0.36161443866686993,0.6904772666184797,0.6774893335647946,4,633,234,l2,0.0001,lbfgs,0.6205363694889734
0.47058823529411764,0.49128084721305054,0.4631313131313131,0.4802209772798008,0.6797385620915033,0.8496732026143791,0.22749781532187585,0.23941141379996023,0.36497751032973025,0.6645545957736664,0.6561990291184542,5,714,153,l2,0.0001,lbfgs,0.6208170555055827
