accuracy,balanced_accuracy,f1_macro,f1_weighted,mae,adjacent_accuracy,kappa_linear,kappa_quadratic,spearman_r,roc_auc_macro_ovr,roc_auc_weighted_ovr,fold,n_train,n_val,best_penalty,best_C,best_solver,inner_auc_score
0.45871559633027525,0.46495893990294884,0.41261631282461675,0.42983344324541667,0.7339449541284404,0.8073394495412844,0.2402857640703956,0.2805669768448388,0.3717296557579556,0.6211508148819513,0.6223497978277547,1,758,109,l2,0.0001,liblinear,0.6317082222828334
0.38016528925619836,0.45527408286028975,0.3492662859949653,0.3053185448821678,0.7851239669421488,0.8347107438016529,0.19901052191484925,0.25685819571448076,0.32469834998427494,0.6393035575875974,0.6261854985354807,2,746,121,l2,0.0001,liblinear,0.6453241106002074
0.4012345679012346,0.42370543845953684,0.380704841779504,0.38335287149688824,0.7962962962962963,0.8024691358024691,0.1601832502813052,0.18675544920147746,0.27114769509231806,0.634429750171697,0.6373954044299881,3,705,162,l2,0.0001,liblinear,0.6315722423583698
0.46255506607929514,0.452579365079365,0.38014990581736363,0.40385850730617645,0.7048458149779736,0.8325991189427313,0.2221365544418744,0.27884123522601834,0.3645646239272224,0.6447343211394733,0.6395050401962679,4,640,227,l2,0.0001,liblinear,0.6356508646888392
0.4153225806451613,0.40558271928887807,0.39191200237901297,0.40108235653663427,0.7379032258064516,0.8467741935483871,0.16231680756026423,0.22075023050419762,0.25759900632412375,0.5843229117641097,0.5785244541364933,5,619,248,l1,0.1,liblinear,0.6320490822767115
