accuracy,balanced_accuracy,f1_macro,f1_weighted,mae,adjacent_accuracy,kappa_linear,kappa_quadratic,spearman_r,roc_auc_macro_ovr,roc_auc_weighted_ovr,fold,n_train,n_val,best_penalty,best_C,best_solver,inner_auc_score
0.44954128440366975,0.4627504043797437,0.4466162219567238,0.4540158349135364,0.7064220183486238,0.8440366972477065,0.2057348348632536,0.23283241392429133,0.34214854492288915,0.6623812358288436,0.6579317942366872,1,758,109,l2,0.01,lbfgs,0.6332212626600895
0.4628099173553719,0.4789403823886582,0.4608100979068721,0.46508569335815403,0.6859504132231405,0.8512396694214877,0.20135188866799203,0.2034629639873874,0.2666071708207957,0.6418990380895792,0.6318281371281731,2,746,121,l2,0.01,lbfgs,0.642252211829167
0.4876543209876543,0.5032786885245901,0.4846451997614789,0.48918648821749594,0.6358024691358025,0.8765432098765432,0.25588655012486616,0.28203062046736516,0.3643061960162843,0.6753672207020824,0.6675319901941346,3,705,162,l2,0.001,lbfgs,0.6273120231131164
0.45374449339207046,0.43492063492063493,0.4285258569283695,0.4594140698646493,0.7180616740088106,0.8281938325991189,0.14918715077375888,0.14779967287171913,0.19366178448833896,0.6262117755091995,0.6164893227516385,4,640,227,l2,0.001,lbfgs,0.6405167203828371
0.49193548387096775,0.4784391574750695,0.4752287134219162,0.48954291283398943,0.6491935483870968,0.8588709677419355,0.24933258131227676,0.27757881462799494,0.33434509892092956,0.6529701220529208,0.6491198865298808,5,619,248,l2,0.01,lbfgs,0.6248291913879978
