n_pairs,pairwise_accuracy,both_correct_rate,mean_delta,median_delta,std_delta,n_positive_delta,per_drug_accuracy,per_drug_roc_auc,per_drug_pr_auc,n_train,n_test,best_penalty,best_C,best_solver,inner_cv_score,threshold,seed
38,0.6842105263157895,0.21052631578947367,0.09234831428716392,0.06699604717808347,0.17631425906990425,26,0.5483870967741935,0.6176470588235294,0.6514328877667326,831,62,l2,0.001,liblinear,0.6953622114770157,0.5145484949148914,3
