roc_auc,pr_auc,accuracy,f1,balanced_accuracy,matthews_corrcoef,sensitivity,specificity,precision,pos_LR,sensitivity_at_spec100,fold,n_train,n_val,threshold,best_penalty,best_C,best_solver,best_inner_score
0.6463625482111983,0.6813968603506627,0.5965909090909091,0.6120218579234973,0.6074610985503391,0.2126575000008254,0.5436893203883495,0.6712328767123288,0.7,1.6537216828478964,0.0,1,655,176,0.5076062273738715,l2,0.001,liblinear,0.717394163539754
0.7100549319321711,0.7587874485631967,0.7196969696969697,0.7757575757575758,0.6975161213279197,0.4064020437584824,0.810126582278481,0.5849056603773585,0.7441860465116279,1.9516685845799768,0.02531645569620253,2,699,132,0.47903846128583083,l1,0.01,liblinear,0.6855064831394412
0.691650390625,0.7062025875973399,0.6473214285714286,0.694980694980695,0.6380208333333333,0.2772286563955694,0.703125,0.5729166666666666,0.6870229007633588,1.646341463414634,0.046875,3,607,224,0.4754136549796753,l1,0.01,liblinear,0.6878778164129077
0.6337826797385621,0.7362864224598855,0.62,0.7046632124352331,0.59375,0.1790503913770171,0.6666666666666666,0.5208333333333334,0.7472527472527473,1.391304347826087,0.0,4,681,150,0.5460312575295199,l2,0.01,liblinear,0.6733090961969632
0.6996567505720824,0.758582746970083,0.6241610738255033,0.6853932584269663,0.6122234935163997,0.22081349969966355,0.6630434782608695,0.5614035087719298,0.7093023255813954,1.5117391304347825,0.0,5,682,149,0.49372781381503184,l1,0.01,liblinear,0.6618409484106712
