accuracy,balanced_accuracy,f1_macro,f1_weighted,mae,adjacent_accuracy,kappa_linear,kappa_quadratic,spearman_r,roc_auc_macro_ovr,roc_auc_weighted_ovr,fold,n_train,n_val,best_penalty,best_C,best_solver,inner_auc_score
0.3969465648854962,0.43052003410059675,0.32561644661481887,0.3033526209479787,0.816793893129771,0.7862595419847328,0.18034033097479685,0.22411976309000403,0.2828217953674484,0.6017110721473709,0.5962930922742907,1,736,131,l2,0.001,lbfgs,0.6341163161696458
0.4074074074074074,0.39829059829059826,0.32364673618138357,0.3332340498735853,0.8359788359788359,0.7566137566137566,0.12801495065117086,0.15670176691058357,0.21450800302494755,0.5772976860284013,0.5742110728669868,2,678,189,l2,0.01,lbfgs,0.660964000862561
0.45,0.4439775910364146,0.35370205173951835,0.36834299732381803,0.7875,0.7625,0.20604914933837426,0.24457741211667905,0.2975526002037105,0.6442960087364482,0.6390261564614457,3,707,160,l2,0.001,lbfgs,0.6283115227482161
0.4444444444444444,0.48743589743589744,0.3499173973821324,0.3394886132209808,0.7051282051282052,0.8504273504273504,0.24973767051416573,0.3185366941780058,0.3901493165270103,0.6672056368765923,0.6464871483542655,4,633,234,l2,0.001,liblinear,0.6185536435345715
0.42483660130718953,0.48607748184019367,0.3449074074074074,0.31880900508351484,0.7189542483660131,0.8562091503267973,0.2644873699851411,0.3393708293612965,0.39174486925661894,0.6419773779822028,0.6343451344832381,5,714,153,l2,0.001,lbfgs,0.6197341467102844
