n_pairs,pairwise_accuracy,both_correct_rate,mean_delta,median_delta,std_delta,n_positive_delta,per_drug_accuracy,per_drug_roc_auc,per_drug_pr_auc,n_train,n_test,best_penalty,best_C,best_solver,inner_cv_score,threshold,seed
38,0.5263157894736842,0.18421052631578946,0.07648166101508118,0.018922402732927168,0.1840307374060616,20,0.5645161290322581,0.6102941176470588,0.6274476367536557,831,62,l2,0.001,liblinear,0.7109333085326174,0.4937781588180268,2
