roc_auc,pr_auc,accuracy,f1,balanced_accuracy,matthews_corrcoef,sensitivity,specificity,precision,pos_LR,sensitivity_at_spec100,fold,n_train,n_val,threshold,best_penalty,best_C,best_solver,best_inner_score
0.6917933130699089,0.7356767705532861,0.6666666666666666,0.7417218543046358,0.6340425531914894,0.28475861786638273,0.8,0.46808510638297873,0.691358024691358,1.504,0.02857142857142857,1,714,117,0.4854952358682517,l2,0.001,liblinear,0.6891079710868953
0.7079248366013071,0.7536163983155046,0.6420454545454546,0.6865671641791045,0.6429738562091503,0.2789153654245022,0.6388888888888888,0.6470588235294118,0.7419354838709677,1.8101851851851851,0.046296296296296294,2,655,176,0.4896037538902427,l2,0.001,liblinear,0.6830790124915015
0.6930976430976431,0.7590461792184056,0.7055214723926381,0.7777777777777778,0.6707070707070707,0.3414141414141414,0.7777777777777778,0.5636363636363636,0.7777777777777778,1.7824074074074072,0.0,3,668,163,0.470474064392599,l2,0.1,liblinear,0.6621568221026499
0.6994400527009224,0.7352929515692301,0.620253164556962,0.6511627906976745,0.6225296442687747,0.24173790550708857,0.6086956521739131,0.6363636363636364,0.7,1.673913043478261,0.0,4,673,158,0.5220775694099992,l2,0.01,lbfgs,0.6717820617002703
0.699023199023199,0.6996705032323102,0.6820276497695853,0.7206477732793523,0.6773504273504274,0.3524032475786198,0.7063492063492064,0.6483516483516484,0.7355371900826446,2.008680555555556,0.007936507936507936,5,614,217,0.4849304404959814,l2,0.001,liblinear,0.6986282144775621
