roc_auc,pr_auc,accuracy,f1,balanced_accuracy,matthews_corrcoef,sensitivity,specificity,precision,pos_LR,sensitivity_at_spec100,fold,n_train,n_val,threshold,best_penalty,best_C,best_solver,best_inner_score
0.6854256854256855,0.78087780737548,0.6991150442477876,0.7638888888888888,0.6904761904761905,0.3612858795879714,0.7142857142857143,0.6666666666666666,0.8208955223880597,2.142857142857143,0.012987012987012988,1,718,113,0.4899882966818337,l2,0.0001,liblinear,0.6744970887168358
0.6192982456140351,0.7189701745928997,0.6637168141592921,0.7564102564102564,0.603859649122807,0.21781198760625164,0.7866666666666666,0.42105263157894735,0.7283950617283951,1.3587878787878787,0.02666666666666667,2,718,113,0.4983430986112831,l2,0.0001,liblinear,0.6968945838754407
0.7543136356695679,0.8216849910603825,0.7235294117647059,0.7947598253275109,0.681096350587876,0.3741833975361139,0.8198198198198198,0.5423728813559322,0.7711864406779662,1.791458124791458,0.06306306306306306,3,661,170,0.4628841958309254,l2,0.0001,liblinear,0.6627386222410465
0.6653846153846154,0.6896130095709518,0.6205673758865248,0.6445182724252492,0.6190789473684211,0.23781513913384567,0.6381578947368421,0.6,0.6510067114093959,1.5953947368421053,0.019736842105263157,4,549,282,0.4659361654336675,l2,0.0001,liblinear,0.6995682310737166
0.6444873595505618,0.6634793632006251,0.6274509803921569,0.6705202312138728,0.6227176966292135,0.24330889854885585,0.651685393258427,0.59375,0.6904761904761905,1.6041486603284356,0.0,5,678,153,0.5067764729276173,l2,0.0001,liblinear,0.6765304249215633
