accuracy,balanced_accuracy,f1_macro,f1_weighted,mae,adjacent_accuracy,kappa_linear,kappa_quadratic,spearman_r,roc_auc_macro_ovr,roc_auc_weighted_ovr,fold,n_train,n_val,best_penalty,best_C,best_solver,inner_auc_score
0.4198473282442748,0.45737425404944587,0.3452101042985471,0.3202158224711065,0.7709923664122137,0.8091603053435115,0.22630255540611666,0.2812397805312308,0.3575156983525587,0.5769965987291376,0.5648079567075119,1,736,131,l2,0.0001,liblinear,0.6351345641816313
0.3968253968253968,0.38888888888888884,0.3080827633673162,0.3181158039849484,0.8571428571428571,0.746031746031746,0.11426753066419804,0.14139315396534746,0.20707470321473095,0.5553794719993879,0.555218418121644,2,678,189,l2,0.0001,liblinear,0.6492126149375198
0.4625,0.4494771241830065,0.37019593080974156,0.38845761229392944,0.76875,0.76875,0.219419324131366,0.25597205174204507,0.3019164418604677,0.6291660035265306,0.627860755677631,3,707,160,l2,0.0001,liblinear,0.6210316388016376
0.43162393162393164,0.46179487179487183,0.3359351086623814,0.3272742969712667,0.7307692307692307,0.8376068376068376,0.2074238402725509,0.26598257600772157,0.34503777337285785,0.6732523671662923,0.6605011295505973,4,633,234,l2,0.0001,liblinear,0.6046079745002574
0.38562091503267976,0.44532491990119105,0.3225335344977,0.30367607433766547,0.803921568627451,0.8104575163398693,0.19165843391606896,0.24010097961199683,0.38154122807217905,0.6574277795724753,0.6446031997212353,5,714,153,l2,0.0001,liblinear,0.6078429865250143
