roc_auc,pr_auc,accuracy,f1,balanced_accuracy,matthews_corrcoef,sensitivity,specificity,precision,pos_LR,sensitivity_at_spec100,fold,n_train,n_val,threshold,best_penalty,best_C,best_solver,best_inner_score
0.6996503496503497,0.7588887807537597,0.6382978723404256,0.6458333333333334,0.6536130536130536,0.3052403221058821,0.5636363636363636,0.7435897435897436,0.7560975609756098,2.1981818181818182,0.08181818181818182,1,679,188,0.492836640798813,l2,0.001,liblinear,0.6390759041106164
0.6811892846629378,0.7257082372501731,0.639344262295082,0.6857142857142857,0.652634677656756,0.2916763038625407,0.6075949367088608,0.6976744186046512,0.7868852459016393,2.0097370983446936,0.0,2,745,122,0.5079469152838672,l1,0.1,liblinear,0.6672802413219573
0.625975975975976,0.7217489395691459,0.5847953216374269,0.6536585365853659,0.5768018018018019,0.14734290555135254,0.6036036036036037,0.55,0.7127659574468085,1.3413413413413415,0.0,3,696,171,0.48200843724800824,l1,0.1,liblinear,0.692138427943966
0.6450417052826691,0.6636456811203535,0.6149425287356322,0.6417112299465241,0.6128028597908116,0.22658279526460226,0.6593406593406593,0.5662650602409639,0.625,1.5201465201465203,0.01098901098901099,4,693,174,0.49232141193856926,l2,0.001,liblinear,0.6597479339834866
0.6931494252873563,0.7569712055887556,0.6462264150943396,0.6511627906976745,0.6650574712643678,0.3285327323948736,0.56,0.7701149425287356,0.7777777777777778,2.4359999999999995,0.032,5,655,212,0.5426033871669828,l2,0.01,liblinear,0.6489750695276855
