roc_auc,pr_auc,accuracy,f1,balanced_accuracy,matthews_corrcoef,sensitivity,specificity,precision,pos_LR,sensitivity_at_spec100,fold,n_train,n_val,threshold,best_penalty,best_C,best_solver,best_inner_score
0.7060117302052785,0.8319736425466756,0.6312849162011173,0.6886792452830188,0.657991202346041,0.29160371660250356,0.5887096774193549,0.7272727272727273,0.8295454545454546,2.1586021505376345,0.07258064516129033,1,714,179,0.5120509117225756,l2,0.01,liblinear,0.6689047530468727
0.7129857353664537,0.7087767923185319,0.6515837104072398,0.624390243902439,0.6545335300868995,0.31383737555801844,0.5614035087719298,0.7476635514018691,0.7032967032967034,2.22482131254061,0.07017543859649122,2,672,221,0.5333099702468229,l2,0.01,liblinear,0.6541547142485498
0.6180758017492711,0.7338508599828307,0.6349206349206349,0.684931506849315,0.6307977736549165,0.25621926254590827,0.6493506493506493,0.6122448979591837,0.7246376811594203,1.674641148325359,0.06493506493506493,3,767,126,0.5195818574863984,l2,0.01,lbfgs,0.687048104751583
0.6601135867190914,0.7407491548389605,0.6337209302325582,0.7296137339055794,0.5803844473569244,0.17268479065259346,0.7798165137614679,0.38095238095238093,0.6854838709677419,1.2597035991531405,0.03669724770642202,4,721,172,0.4392133021207149,l2,0.01,lbfgs,0.66905839198346
0.710309724929608,0.7564200070998146,0.6615384615384615,0.7203389830508474,0.6444119558154646,0.2940943866050781,0.7456140350877193,0.5432098765432098,0.6967213114754098,1.6322901849217637,0.043859649122807015,5,698,195,0.44300437875720655,l2,0.01,lbfgs,0.6641730884903551
