accuracy,balanced_accuracy,f1_macro,f1_weighted,mae,adjacent_accuracy,kappa_linear,kappa_quadratic,spearman_r,roc_auc_macro_ovr,roc_auc_weighted_ovr,fold,n_train,n_val,best_penalty,best_C,best_solver,inner_auc_score
0.4198473282442748,0.4643364592213697,0.3563208759287191,0.33272374650910796,0.7786259541984732,0.8015267175572519,0.22878910308207323,0.2780044377639397,0.2991141469212162,0.5759849696639451,0.5651473365768752,1,736,131,l2,0.0001,liblinear,0.6383214475981986
0.42857142857142855,0.41921218877740624,0.34532650124726505,0.3551466606543115,0.8095238095238095,0.7619047619047619,0.15642229936695928,0.18213872317692104,0.2368155049100184,0.5671858438338102,0.5662357947304184,2,678,189,l2,0.0001,liblinear,0.6633210241396981
0.4875,0.47211951447245565,0.3908163430456424,0.409054004396361,0.7125,0.8,0.2698158526821457,0.31931166347992357,0.36137495919374235,0.6614818973658109,0.6652307061030347,3,707,160,l2,0.0001,liblinear,0.6313730692896209
0.37606837606837606,0.4236752136752137,0.2998415527827292,0.2992214756920639,0.8418803418803419,0.782051282051282,0.15245449531163824,0.19161178509532062,0.3017299403989631,0.6641821845330783,0.6576161061789092,4,633,234,l2,0.0001,lbfgs,0.6109710493776114
0.38562091503267976,0.4584342211460856,0.3193815987933635,0.29155206577351905,0.7973856209150327,0.8169934640522876,0.2015570194199674,0.257078945932675,0.36040433828716545,0.641370855079275,0.6294344303303778,5,714,153,l2,0.0001,liblinear,0.6233472563585579
