roc_auc,pr_auc,accuracy,f1,balanced_accuracy,matthews_corrcoef,sensitivity,specificity,precision,pos_LR,sensitivity_at_spec100,fold,n_train,n_val,threshold,best_penalty,best_C,best_solver,best_inner_score
0.6796352583586626,0.7319108983544986,0.7094017094017094,0.7733333333333333,0.680243161094225,0.38005012921284015,0.8285714285714286,0.5319148936170213,0.725,1.7701298701298702,0.05714285714285714,1,714,117,0.5298563354405545,l2,0.001,liblinear,0.7174552511660401
0.6854575163398693,0.7209005505598243,0.6761363636363636,0.7272727272727273,0.6680283224400871,0.3308929412307541,0.7037037037037037,0.6323529411764706,0.7524752475247525,1.914074074074074,0.009259259259259259,2,655,176,0.4912863385330833,l2,0.001,liblinear,0.7041986067577793
0.7286195286195287,0.7777571140322339,0.6993865030674846,0.7586206896551724,0.6928451178451178,0.36984147092650244,0.7129629629629629,0.6727272727272727,0.8105263157894737,2.178497942386831,0.0,3,668,163,0.5519495943139541,l2,0.0001,liblinear,0.6486164357171629
0.6944993412384717,0.7127722256791638,0.6329113924050633,0.6463414634146342,0.6441040843214756,0.2854017905151575,0.5760869565217391,0.7121212121212122,0.7361111111111112,2.0011441647597255,0.0,4,673,158,0.5448399615167606,l2,0.001,lbfgs,0.7035101846865016
0.7037327751613466,0.7044410577572296,0.6589861751152074,0.7131782945736435,0.6452991452991452,0.2937667208839121,0.7301587301587301,0.5604395604395604,0.696969696969697,1.661111111111111,0.0,5,614,217,0.4714445812712672,l2,0.0001,liblinear,0.7120914616465159
