roc_auc,pr_auc,accuracy,f1,balanced_accuracy,matthews_corrcoef,sensitivity,specificity,precision,pos_LR,sensitivity_at_spec100,fold,n_train,n_val,threshold,best_penalty,best_C,best_solver,best_inner_score
0.6452702702702703,0.7118996089415681,0.6065573770491803,0.6883116883116883,0.5768581081081081,0.15804709783838214,0.7162162162162162,0.4375,0.6625,1.2732732732732732,0.0,1,745,122,0.5160011075715775,l2,0.0001,lbfgs,0.6881390503249631
0.7491666666666666,0.8275883716170459,0.688,0.7515923566878981,0.66875,0.33308804557338306,0.7375,0.6,0.7662337662337663,1.84375,0.125,2,742,125,0.49189643340083195,l2,0.0001,liblinear,0.6829015237537225
0.688181682354699,0.7431748455524215,0.6595744680851063,0.7058823529411765,0.651949798296728,0.30223339376196506,0.6956521739130435,0.6082474226804123,0.7164179104477612,1.7757437070938211,0.09420289855072464,3,632,235,0.5075080666115174,l2,0.001,liblinear,0.6757031778265887
0.6605265177680559,0.6961266661224815,0.6173913043478261,0.6451612903225806,0.6170082124491518,0.2324164761588717,0.6201550387596899,0.6138613861386139,0.6722689075630253,1.6060425362750943,0.023255813953488372,4,637,230,0.49758709924424444,l2,0.0001,liblinear,0.6814945676121743
0.6943859649122807,0.7578874273158528,0.6258064516129033,0.6914893617021277,0.6087719298245614,0.21629522817435007,0.6842105263157895,0.5333333333333333,0.6989247311827957,1.4661654135338347,0.010526315789473684,5,712,155,0.49962477576772935,l2,0.0001,liblinear,0.684162010968729
