n_pairs,pairwise_accuracy,both_correct_rate,mean_delta,median_delta,std_delta,n_positive_delta,per_drug_accuracy,per_drug_roc_auc,per_drug_pr_auc,n_train,n_test,best_penalty,best_C,best_solver,inner_cv_score,threshold,seed
13,0.6153846153846154,0.3076923076923077,0.07539874685676401,0.03327940648461358,0.13469873232075402,8,0.6538461538461539,0.3068181818181818,0.7800743756570431,867,26,l2,0.001,lbfgs,0.6702850227383493,0.5488847572340366,4
