n_pairs,pairwise_accuracy,both_correct_rate,mean_delta,median_delta,std_delta,n_positive_delta,per_drug_accuracy,per_drug_roc_auc,per_drug_pr_auc,n_train,n_test,best_penalty,best_C,best_solver,inner_cv_score,threshold,seed
13,0.3076923076923077,0.5384615384615384,-0.04505566825552628,-0.01619637764418974,0.06772295051154108,4,0.7692307692307693,0.26136363636363635,0.7606036051315148,867,26,l2,0.001,liblinear,0.6735499459578154,0.5092877089728407,0
