roc_auc,pr_auc,accuracy,f1,balanced_accuracy,matthews_corrcoef,sensitivity,specificity,precision,pos_LR,sensitivity_at_spec100,fold,n_train,n_val,threshold,best_penalty,best_C,best_solver,best_inner_score
0.5678490990990991,0.6389455268128934,0.6311475409836066,0.7398843930635838,0.5678490990990991,0.169484132343342,0.8648648648648649,0.2708333333333333,0.6464646464646465,1.186100386100386,0.0,1,745,122,0.4855811184300477,l2,0.0001,liblinear,0.6759928342418436
0.6591666666666667,0.7347832087886604,0.664,0.7407407407407407,0.6305555555555555,0.26383684758830234,0.75,0.5111111111111111,0.7317073170731707,1.534090909090909,0.025,2,742,125,0.4988076130980445,l2,0.0001,liblinear,0.6535559366881255
0.7268788286269237,0.7815075409697994,0.6723404255319149,0.7049808429118773,0.6735395189003437,0.34213084347223466,0.6666666666666666,0.6804123711340206,0.7479674796747967,2.086021505376344,0.050724637681159424,3,632,235,0.4852930755557318,l2,0.0001,liblinear,0.64747281240312
0.6153196715020338,0.661369921487446,0.5956521739130435,0.640926640926641,0.5890321590298565,0.17826281762061622,0.6434108527131783,0.5346534653465347,0.6384615384615384,1.3826488537027875,0.023255813953488372,4,637,230,0.5281791804148107,l2,0.0001,lbfgs,0.6760202885266687
0.7277192982456141,0.759397184463164,0.7096774193548387,0.7619047619047619,0.6956140350877194,0.39006644378938404,0.7578947368421053,0.6333333333333333,0.7659574468085106,2.066985645933014,0.010526315789473684,5,712,155,0.49654428565627656,l2,0.0001,liblinear,0.6544251246880085
