roc_auc,pr_auc,accuracy,f1,balanced_accuracy,matthews_corrcoef,sensitivity,specificity,precision,pos_LR,sensitivity_at_spec100,fold,n_train,n_val,threshold,best_penalty,best_C,best_solver,best_inner_score
0.6511544011544013,0.735950866831017,0.6018518518518519,0.6614173228346457,0.5919913419913421,0.1809088099002801,0.6363636363636364,0.5476190476190477,0.6885245901639344,1.4066985645933017,0.07575757575757576,1,723,108,0.5404846801269766,l2,0.01,lbfgs,0.688111468400295
0.6039339485186984,0.7152501749206501,0.5989304812834224,0.6724890829694323,0.5783754249635746,0.15556539343789755,0.6637931034482759,0.49295774647887325,0.6814159292035398,1.309147509578544,0.05172413793103448,2,644,187,0.5075300483631696,l2,0.1,liblinear,0.6989624103266856
0.6520281060364101,0.6959141452750071,0.6044444444444445,0.6307053941908713,0.6034813158735228,0.20604337693524916,0.6129032258064516,0.594059405940594,0.6495726495726496,1.5098347757671124,0.04838709677419355,3,606,225,0.46011390165534394,l1,0.1,liblinear,0.6622704940581313
0.6228354978354979,0.6985430885192996,0.6387096774193548,0.72,0.6047077922077922,0.21113636588555057,0.7272727272727273,0.48214285714285715,0.7128712871287128,1.4043887147335425,0.010101010101010102,4,676,155,0.47898693199315284,l2,0.01,liblinear,0.6871747115921214
0.7272727272727272,0.8092559342788943,0.6858974358974359,0.7461139896373057,0.6706539074960127,0.3358470099357953,0.7272727272727273,0.6140350877192983,0.7659574468085106,1.8842975206611572,0.010101010101010102,5,675,156,0.49472173804479563,l1,1.0,liblinear,0.6346443996579517
