roc_auc,pr_auc,accuracy,f1,balanced_accuracy,matthews_corrcoef,sensitivity,specificity,precision,pos_LR,sensitivity_at_spec100,fold,n_train,n_val,threshold,best_penalty,best_C,best_solver,best_inner_score
0.7201631701631701,0.7644682385672391,0.6276595744680851,0.65,0.6351981351981353,0.26669203691376686,0.5909090909090909,0.6794871794871795,0.7222222222222222,1.843636363636364,0.00909090909090909,1,679,188,0.5105888220462023,l2,0.0001,liblinear,0.6973510952809134
0.6800117750956726,0.7618272716901258,0.6475409836065574,0.7261146496815286,0.6165734471592581,0.23195501602276067,0.7215189873417721,0.5116279069767442,0.7307692307692307,1.4773960216998192,0.0,2,745,122,0.4898416400158941,l2,0.0001,liblinear,0.6932396746752895
0.6918918918918919,0.7514864672792954,0.6491228070175439,0.7058823529411765,0.6493243243243243,0.2861599774496502,0.6486486486486487,0.65,0.7741935483870968,1.8532818532818536,0.009009009009009009,3,696,171,0.5414628693402649,l2,0.0001,liblinear,0.7324477108398045
0.6941612604263205,0.6969833525415001,0.632183908045977,0.6235294117647059,0.6345822851846948,0.27002395125610845,0.5824175824175825,0.6867469879518072,0.6708860759493671,1.8592561284868978,0.03296703296703297,4,693,174,0.5359177424413195,l1,0.01,liblinear,0.6618164460315632
0.6959080459770114,0.7266326127677485,0.6415094339622641,0.680672268907563,0.6400919540229886,0.2762491830564688,0.648,0.632183908045977,0.7168141592920354,1.7617500000000001,0.008,5,655,212,0.5359251266161165,l2,0.001,liblinear,0.7144666926162544
