roc_auc,pr_auc,accuracy,f1,balanced_accuracy,matthews_corrcoef,sensitivity,specificity,precision,pos_LR,sensitivity_at_spec100,fold,n_train,n_val,threshold,best_penalty,best_C,best_solver,best_inner_score
0.7237082066869301,0.7957336988259429,0.7264957264957265,0.7746478873239436,0.7120060790273557,0.42727133097547776,0.7857142857142857,0.6382978723404256,0.7638888888888888,2.1722689075630255,0.05714285714285714,1,714,117,0.48368853611408485,l1,0.1,liblinear,0.6670304358651098
0.6642156862745099,0.7332794330895611,0.6022727272727273,0.6067415730337079,0.6323529411764706,0.2633467565598291,0.5,0.7647058823529411,0.7714285714285715,2.1249999999999996,0.0,2,655,176,0.5344783752701171,l2,0.01,liblinear,0.666222606739854
0.6612794612794612,0.7671668626327645,0.7116564417177914,0.7965367965367965,0.6441077441077441,0.3166853596830528,0.8518518518518519,0.43636363636363634,0.7479674796747967,1.5113500597371563,0.05555555555555555,3,668,163,0.44908023406373926,l1,0.1,liblinear,0.6168779393525134
0.6352108036890646,0.6694506219621845,0.5886075949367089,0.6153846153846154,0.5932147562582345,0.183946984788731,0.5652173913043478,0.6212121212121212,0.6753246753246753,1.4921739130434781,0.0,4,673,158,0.520199658848085,l2,0.01,liblinear,0.6407456861345787
0.603959532530961,0.6227423196339903,0.6267281105990783,0.6896551724137931,0.6098901098901099,0.22367670764624706,0.7142857142857143,0.5054945054945055,0.6666666666666666,1.4444444444444444,0.0,5,614,217,0.47792729037850534,l2,0.01,liblinear,0.6998016158281326
