accuracy,balanced_accuracy,f1_macro,f1_weighted,mae,adjacent_accuracy,kappa_linear,kappa_quadratic,spearman_r,roc_auc_macro_ovr,roc_auc_weighted_ovr,fold,n_train,n_val,best_penalty,best_C,best_solver,inner_auc_score
0.4330708661417323,0.44280792420327303,0.40464922772895107,0.4130793261326499,0.7007874015748031,0.8661417322834646,0.25249652800740696,0.3435727192503256,0.4133617762026064,0.5887231950077275,0.5863965140213991,1,740,127,l2,0.001,liblinear,0.672237960059261
0.47668393782383417,0.4920222854433381,0.44754878779280555,0.45222668553050127,0.6683937823834197,0.8549222797927462,0.25038388582783844,0.28631393791600857,0.37436484897973443,0.6722408396896054,0.6657978181202538,2,674,193,l2,0.001,lbfgs,0.6699722114598122
0.45930232558139533,0.4755504352278546,0.44691385474299866,0.4459616976158064,0.6918604651162791,0.8488372093023255,0.24860499265785607,0.2929127800750072,0.40883648410128914,0.6498226644218105,0.644392380874939,3,695,172,l2,0.001,liblinear,0.6721515527181408
0.5852534562211982,0.5544179523141656,0.4706998246453053,0.5280982573989469,0.5622119815668203,0.8525345622119815,0.38277534272125346,0.4376358468483532,0.4657197945833752,0.7394144836298988,0.7395269224287891,4,650,217,l2,0.0001,liblinear,0.6175420258316071
0.37341772151898733,0.3938370188370188,0.37198434195937263,0.3694185730028465,0.7721518987341772,0.8544303797468354,0.10808809920414575,0.1462755692782709,0.252729098655351,0.6082412629301568,0.5959008562491833,5,709,158,l2,0.01,liblinear,0.684770613955147
