n_pairs,pairwise_accuracy,both_correct_rate,mean_delta,median_delta,std_delta,n_positive_delta,per_drug_accuracy,per_drug_roc_auc,per_drug_pr_auc,n_train,n_test,best_penalty,best_C,best_solver,inner_cv_score,threshold,seed
13,0.38461538461538464,0.5384615384615384,0.027777043409494925,-0.013883874312647593,0.10698496592140917,5,0.8076923076923077,0.7045454545454546,0.9322252482568167,867,26,l2,0.01,liblinear,0.6480199150748591,0.4788479740947328,4
