roc_auc,pr_auc,accuracy,f1,balanced_accuracy,matthews_corrcoef,sensitivity,specificity,precision,pos_LR,sensitivity_at_spec100,fold,n_train,n_val,threshold,best_penalty,best_C,best_solver,best_inner_score
0.5885000000000001,0.6972674047536256,0.5461538461538461,0.593103448275862,0.5487500000000001,0.09486832980505137,0.5375,0.56,0.6615384615384615,1.2215909090909092,0.025,1,737,130,0.5132795946596418,l2,0.01,liblinear,0.6698882787618867
0.6341158059467918,0.6951405366199038,0.6379310344827587,0.7083333333333334,0.6147104851330203,0.23145836743090015,0.7183098591549296,0.5111111111111111,0.6986301369863014,1.469270166453265,0.0,2,751,116,0.5066066896317315,l2,0.01,liblinear,0.6585717819870581
0.6380882352941176,0.6397719241633313,0.5909090909090909,0.5682656826568265,0.5949019607843138,0.19186051578253374,0.5133333333333333,0.6764705882352942,0.6363636363636364,1.586666666666667,0.006666666666666667,3,581,286,0.535590515659498,l1,0.1,liblinear,0.6831733672271103
0.7026755852842809,0.8307025580547434,0.6646706586826348,0.7333333333333333,0.6617056856187291,0.3023972427019617,0.6695652173913044,0.6538461538461539,0.8105263157894737,1.9342995169082127,0.13043478260869565,4,700,167,0.48363055951998807,l2,0.001,liblinear,0.6324643191331402
0.6601470588235295,0.7440641249035395,0.6428571428571429,0.7087378640776699,0.6223529411764706,0.24891443806959665,0.73,0.5147058823529411,0.6886792452830188,1.504242424242424,0.07,5,699,168,0.4876899160840668,l1,0.1,liblinear,0.6493587320100398
