roc_auc,pr_auc,accuracy,f1,balanced_accuracy,matthews_corrcoef,sensitivity,specificity,precision,pos_LR,sensitivity_at_spec100,fold,n_train,n_val,threshold,best_penalty,best_C,best_solver,best_inner_score
0.6446608946608946,0.6787897989163286,0.6111111111111112,0.65,0.6168831168831169,0.2279211529192759,0.5909090909090909,0.6428571428571429,0.7222222222222222,1.6545454545454548,0.0,1,723,108,0.5489571414593194,l2,0.0001,liblinear,0.7372871584378722
0.6803059737736766,0.7214945202959555,0.6096256684491979,0.6473429951690821,0.6197790189412336,0.23260154955240306,0.5775862068965517,0.6619718309859155,0.7362637362637363,1.7086925287356323,0.0,2,644,187,0.5384639579327499,l2,0.0001,lbfgs,0.7007961430699039
0.6687160651549026,0.6971107630254472,0.6266666666666667,0.6410256410256411,0.6291520281060364,0.25701442137388825,0.6048387096774194,0.6534653465346535,0.6818181818181818,1.7453917050691246,0.008064516129032258,3,606,225,0.5788521603938644,l2,0.0001,lbfgs,0.7257718803518157
0.6556637806637806,0.7142493245124781,0.6064516129032258,0.6737967914438503,0.5949675324675325,0.18417811464250358,0.6363636363636364,0.5535714285714286,0.7159090909090909,1.4254545454545455,0.0,4,676,155,0.5187309396447656,l2,0.0001,liblinear,0.6843985383928655
0.8009923799397485,0.8430866873135133,0.7692307692307693,0.8163265306122449,0.7549175970228601,0.5062592411332745,0.8080808080808081,0.7017543859649122,0.8247422680412371,2.709447415329768,0.020202020202020204,5,675,156,0.502359337956217,l2,0.0001,liblinear,0.671908038429593
