roc_auc,pr_auc,accuracy,f1,balanced_accuracy,matthews_corrcoef,sensitivity,specificity,precision,pos_LR,sensitivity_at_spec100,fold,n_train,n_val,threshold,best_penalty,best_C,best_solver,best_inner_score
0.6772709083633452,0.6896665426273922,0.6339285714285714,0.6846153846153846,0.6263305322128851,0.26107052898599875,0.7478991596638656,0.5047619047619047,0.6312056737588653,1.510180995475113,0.07563025210084033,1,669,224,0.4711009661933978,l2,0.1,liblinear,0.7098897279162552
0.6360433604336043,0.7465021616684897,0.6284153005464481,0.6964285714285714,0.6254065040650407,0.23676125030518289,0.6341463414634146,0.6166666666666667,0.7722772277227723,1.6542948038176035,0.016260162601626018,2,710,183,0.5518946281950153,l2,0.1,liblinear,0.7342456497048205
0.7720667967902841,0.7922033214391913,0.7642857142857142,0.8092485549132948,0.7513554543482975,0.5009216067905161,0.8045977011494253,0.6981132075471698,0.813953488372093,2.665229885057471,0.011494252873563218,3,753,140,0.49820079223956415,l2,0.01,liblinear,0.6461004039793783
0.7258771929824562,0.7590296511792622,0.6405228758169934,0.6706586826347305,0.6600877192982456,0.31040231881009145,0.5833333333333334,0.7368421052631579,0.7887323943661971,2.2166666666666663,0.010416666666666666,4,740,153,0.5308426334423265,l2,0.01,liblinear,0.6913482894264127
0.7220685840707964,0.7810961694848049,0.6683937823834197,0.7241379310344828,0.6529314159292036,0.3099000025702824,0.7433628318584071,0.5625,0.7058823529411765,1.6991150442477878,0.05309734513274336,5,700,193,0.501051251992789,l2,0.01,liblinear,0.7061425716396001
