roc_auc,pr_auc,accuracy,f1,balanced_accuracy,matthews_corrcoef,sensitivity,specificity,precision,pos_LR,sensitivity_at_spec100,fold,n_train,n_val,threshold,best_penalty,best_C,best_solver,best_inner_score
0.639551357733176,0.7129424047601208,0.5654450261780105,0.6103286384976526,0.5757378984651712,0.1460741743488056,0.5371900826446281,0.6142857142857143,0.7065217391304348,1.3927150290786656,0.0,1,702,191,0.5421690119154572,l1,0.1,liblinear,0.6798158511267206
0.6681521566130829,0.7235371704444293,0.6219512195121951,0.6630434782608695,0.6321820786248606,0.2555668658203152,0.5922330097087378,0.6721311475409836,0.7530864197530864,1.8063106796116501,0.0,2,729,164,0.5400360528201005,l2,0.001,lbfgs,0.6637158677525976
0.7180968773051389,0.7528625197772565,0.6243093922651933,0.6565656565656566,0.6207892795672485,0.24208504492268954,0.6632653061224489,0.5783132530120482,0.65,1.572886297376093,0.04081632653061224,3,712,181,0.4755006803767268,l2,0.001,liblinear,0.6546222795631662
0.7020532983835736,0.7918554979952714,0.6453488372093024,0.7214611872146118,0.6163535750691713,0.23350762354226587,0.7247706422018348,0.5079365079365079,0.7181818181818181,1.4729209825392127,0.03669724770642202,4,721,172,0.5175240212466696,l2,0.001,liblinear,0.6875544005703661
0.7047687514977233,0.7266905752311111,0.6432432432432432,0.6796116504854369,0.6412053678408818,0.27961056007316676,0.6542056074766355,0.6282051282051282,0.7070707070707071,1.7595874959716402,0.0,5,708,185,0.5312505345639305,l2,0.001,liblinear,0.6439091809794697
