roc_auc,pr_auc,accuracy,f1,balanced_accuracy,matthews_corrcoef,sensitivity,specificity,precision,pos_LR,sensitivity_at_spec100,fold,n_train,n_val,threshold,best_penalty,best_C,best_solver,best_inner_score
0.6972498482513891,0.7567791046607197,0.6476510067114094,0.6728971962616822,0.6563244151841995,0.3072518596747219,0.6101694915254238,0.7024793388429752,0.75,2.0508474576271185,0.01694915254237288,1,595,298,0.5383091707041815,l2,0.001,liblinear,0.70146371658392
0.7359208523592086,0.7982779199150006,0.6961325966850829,0.7488584474885844,0.6809994926433283,0.36464490652106,0.7592592592592593,0.6027397260273972,0.7387387387387387,1.9112388250319283,0.046296296296296294,2,712,181,0.4777655658085717,l2,0.01,liblinear,0.64764688960456
0.5817977528089887,0.6502486482109968,0.6330935251798561,0.7085714285714285,0.608314606741573,0.21404735618177023,0.6966292134831461,0.52,0.7209302325581395,1.451310861423221,0.0,3,754,139,0.5618488269272602,l2,0.001,lbfgs,0.7253966581607403
0.6933766233766234,0.7275834971617887,0.6777777777777778,0.7339449541284404,0.6636363636363636,0.3256694736394648,0.7272727272727273,0.6,0.7407407407407407,1.8181818181818181,0.00909090909090909,4,713,180,0.5148265861328053,l2,0.0001,liblinear,0.694546785562743
0.7574525745257452,0.7079992483337895,0.8,0.8376068376068376,0.7829719963866306,0.5930850800475829,0.9074074074074074,0.6585365853658537,0.7777777777777778,2.657407407407408,0.0,5,798,95,0.4431664044321352,l1,0.01,liblinear,0.695170087623645
