accuracy,balanced_accuracy,f1_macro,f1_weighted,mae,adjacent_accuracy,kappa_linear,kappa_quadratic,spearman_r,roc_auc_macro_ovr,roc_auc_weighted_ovr,fold,n_train,n_val,best_penalty,best_C,best_solver,inner_auc_score
0.4015748031496063,0.3987654320987654,0.3148148148148148,0.3301837270341207,0.8503937007874016,0.7480314960629921,0.13963116296575095,0.17201121977105605,0.21359483535644208,0.5514685942825883,0.5503351676436576,1,740,127,l2,0.01,liblinear,0.6238752855630073
0.36787564766839376,0.3807491702228544,0.2810626340424866,0.2753766897535472,0.8497409326424871,0.7823834196891192,0.10033539878346887,0.128541257009686,0.1920593423912902,0.5855849225492914,0.5869889048393336,2,674,193,l2,0.001,lbfgs,0.6154463669499617
0.37209302325581395,0.3952892985151049,0.2980599647266314,0.2792543373938723,0.8604651162790697,0.7674418604651163,0.11561978877153978,0.14509940704569235,0.16177916316297852,0.573382414944322,0.5717947023906327,3,695,172,l2,0.01,liblinear,0.6274366858258625
0.511520737327189,0.45760869565217394,0.3661607015464314,0.43932583638861167,0.6912442396313364,0.7972350230414746,0.24238897681780092,0.28738582112205757,0.365408374309121,0.659347594134656,0.6611838880069568,4,650,217,l2,0.001,lbfgs,0.5970855793215469
0.36075949367088606,0.4522727272727273,0.3151515151515151,0.2508630609896433,0.810126582278481,0.8291139240506329,0.18753013016230113,0.24509083272078125,0.3276392643609722,0.6447364905047778,0.6295845142786165,5,709,158,l2,0.001,lbfgs,0.6067793182691485
