n_pairs,pairwise_accuracy,both_correct_rate,mean_delta,median_delta,std_delta,n_positive_delta,per_drug_accuracy,per_drug_roc_auc,per_drug_pr_auc,n_train,n_test,best_penalty,best_C,best_solver,inner_cv_score,threshold,seed
38,0.5789473684210527,0.23684210526315788,0.05150648654768092,0.01331487810701898,0.13099344522130618,22,0.5161290322580645,0.5903361344537815,0.6575153457152952,831,62,l1,0.01,liblinear,0.6879013597410218,0.46622986753294493,0
