roc_auc,pr_auc,accuracy,f1,balanced_accuracy,matthews_corrcoef,sensitivity,specificity,precision,pos_LR,sensitivity_at_spec100,fold,n_train,n_val,threshold,best_penalty,best_C,best_solver,best_inner_score
0.6713564213564213,0.7826989753799213,0.6283185840707964,0.6865671641791045,0.6459235209235209,0.2719696656145525,0.5974025974025974,0.6944444444444444,0.8070175438596491,1.9551357733175914,0.03896103896103896,1,718,113,0.5466864724627064,l2,0.001,liblinear,0.6971522243441587
0.6498245614035087,0.7296003484207397,0.6902654867256637,0.7651006711409396,0.6563157894736842,0.31067557489301006,0.76,0.5526315789473685,0.7702702702702703,1.6988235294117648,0.0,2,718,113,0.53139669166727,l2,0.001,liblinear,0.7035776734041704
0.7448465414567109,0.813676395592319,0.7058823529411765,0.7685185185185185,0.6874331959077722,0.3672084559161014,0.7477477477477478,0.6271186440677966,0.7904761904761904,2.0053235053235055,0.04504504504504504,3,661,170,0.5173117160481971,l2,0.001,liblinear,0.6677633172579138
0.6898785425101215,0.7084042665156007,0.6205673758865248,0.6192170818505338,0.6246457489878543,0.2494367083678691,0.5723684210526315,0.676923076923077,0.6744186046511628,1.7716165413533835,0.05921052631578947,4,549,282,0.4856429965476841,l2,0.0001,liblinear,0.694754154269009
0.6613412921348314,0.6978091960683313,0.6470588235294118,0.7,0.6351825842696629,0.271655929930339,0.7078651685393258,0.5625,0.6923076923076923,1.6179775280898876,0.033707865168539325,5,678,153,0.4967642668652444,l1,0.1,liblinear,0.6883020862319381
