accuracy,balanced_accuracy,f1_macro,f1_weighted,mae,adjacent_accuracy,kappa_linear,kappa_quadratic,spearman_r,roc_auc_macro_ovr,roc_auc_weighted_ovr,fold,n_train,n_val,best_penalty,best_C,best_solver,inner_auc_score
0.4198473282442748,0.4397556123898834,0.4186888351047038,0.41102841770336895,0.7251908396946565,0.8549618320610687,0.19766617239378503,0.25399272104474413,0.3235284931818125,0.617398921319611,0.6098384864294345,1,736,131,l2,0.01,lbfgs,0.6341691406060426
0.4708994708994709,0.4551839464882943,0.44423561000167816,0.45776438822251886,0.7142857142857143,0.8148148148148148,0.20118343195266275,0.21684555211933776,0.1930567275690515,0.5842224000008012,0.5816544768157671,2,678,189,l2,0.001,lbfgs,0.6430929865431309
0.4375,0.4317833800186741,0.4302681992337165,0.44008620689655176,0.73125,0.83125,0.16651825467497772,0.18619869125520527,0.37045350414800104,0.6458126479773928,0.6446506540162121,3,707,160,l2,0.01,lbfgs,0.6110399676530356
0.46153846153846156,0.45652721547458386,0.44217482537219466,0.47276663881353304,0.6794871794871795,0.8589743589743589,0.1852224947442187,0.19280654953546128,0.23643228038512526,0.6295054834162328,0.6264346019725183,4,633,234,l2,0.01,lbfgs,0.6023736044427006
0.4444444444444444,0.45557267591165895,0.4359452067882436,0.4507975045798,0.6993464052287581,0.8562091503267973,0.1755552198217255,0.19064634787178136,0.24262976944909354,0.6209983425559734,0.6154955827606987,5,714,153,l2,0.01,lbfgs,0.6286566317480882
