accuracy,balanced_accuracy,f1_macro,f1_weighted,mae,adjacent_accuracy,kappa_linear,kappa_quadratic,spearman_r,roc_auc_macro_ovr,roc_auc_weighted_ovr,fold,n_train,n_val,best_penalty,best_C,best_solver,inner_auc_score
0.4330708661417323,0.4404249210450761,0.43192918192918195,0.4398632863199792,0.6850393700787402,0.8818897637795275,0.22107860415932323,0.2904350317558855,0.2872410842393694,0.5825636784580306,0.5847843638243143,1,740,127,l2,1.0,lbfgs,0.6308955421217723
0.39896373056994816,0.4099513987671883,0.3932478788616896,0.41192948231331283,0.7875647668393783,0.8134715025906736,0.11622582394408632,0.11832605946893993,0.15058799735904593,0.5918212482662878,0.59177844714779,2,674,193,l2,0.1,lbfgs,0.6403376736620559
0.45930232558139533,0.4581940303002921,0.45527555046455387,0.46331770514220766,0.6686046511627907,0.872093023255814,0.21283030881884735,0.24344362067057657,0.2401437551610832,0.5878051660546917,0.5821088794926004,3,695,172,l2,1.0,lbfgs,0.6528429837914785
0.4930875576036866,0.4802244039270687,0.45137043070679356,0.4923723887942135,0.6682027649769585,0.8387096774193549,0.246329253395291,0.2915926448928772,0.3714758402414318,0.6681535272730222,0.6693784016366736,4,650,217,l2,0.1,lbfgs,0.6101748526041264
0.46835443037974683,0.48054873054873054,0.46810295437873806,0.4701641493725424,0.6265822784810127,0.9050632911392406,0.2470395686916338,0.3040360581847983,0.3043727742065372,0.6461922672002957,0.6367379374202509,5,709,158,l2,1.0,lbfgs,0.6311554415527806
