accuracy,balanced_accuracy,f1_macro,f1_weighted,mae,adjacent_accuracy,kappa_linear,kappa_quadratic,spearman_r,roc_auc_macro_ovr,roc_auc_weighted_ovr,fold,n_train,n_val,best_penalty,best_C,best_solver,inner_auc_score
0.453781512605042,0.4596296296296296,0.44619092658967213,0.45974152803295754,0.6638655462184874,0.8823529411764706,0.21821205821205814,0.25949403896481527,0.3027569200743094,0.6678874371481428,0.6631067558888728,1,748,119,l2,0.001,lbfgs,0.6316929358879659
0.42748091603053434,0.44420739335993575,0.4278509411936378,0.42869625549851126,0.732824427480916,0.8396946564885496,0.15834560299825995,0.16591307557442092,0.22041781589287082,0.641037283387794,0.6417298001178565,2,736,131,l2,0.001,lbfgs,0.6371512746312652
0.45294117647058824,0.4586448199351425,0.4535578968568659,0.4512362915031199,0.6882352941176471,0.8588235294117647,0.2136475053372342,0.2520398912058024,0.2503167706440762,0.6001109103389678,0.5897779284507157,3,697,170,l2,0.001,lbfgs,0.6497498199568608
0.4978723404255319,0.4712107018522948,0.46051317164820915,0.4908594163694576,0.6723404255319149,0.8297872340425532,0.22383878924704215,0.24531102415328565,0.29438071641637137,0.6543778047091807,0.6515447896340976,4,632,235,l2,0.001,lbfgs,0.6334448966994524
0.4669811320754717,0.458599638740713,0.4497372936236122,0.474954586456164,0.6367924528301887,0.8962264150943396,0.22375915378356404,0.27458326961309076,0.3679176174788402,0.6439585136225286,0.6414252779270743,5,655,212,l2,0.01,lbfgs,0.6484322949684218
