roc_auc,pr_auc,accuracy,f1,balanced_accuracy,matthews_corrcoef,sensitivity,specificity,precision,pos_LR,sensitivity_at_spec100,fold,n_train,n_val,threshold,best_penalty,best_C,best_solver,best_inner_score
0.6881818181818182,0.6219407317491695,0.6523809523809524,0.669683257918552,0.6563636363636364,0.31606354836672884,0.74,0.5727272727272728,0.6115702479338843,1.7319148936170214,0.0,1,683,210,0.47347907652248566,l2,0.001,liblinear,0.6952564190358969
0.7047894302229563,0.8140386149393454,0.669260700389105,0.7335423197492164,0.6655312413982934,0.3134979786926108,0.6763005780346821,0.6547619047619048,0.8013698630136986,1.958939605341838,0.03468208092485549,2,636,257,0.4896790623810087,l2,0.001,lbfgs,0.7018702665175103
0.7303703703703703,0.7843521364941617,0.6916666666666667,0.7338129496402878,0.6955555555555556,0.3795360576382948,0.68,0.7111111111111111,0.796875,2.3538461538461544,0.0,3,773,120,0.5460900920666862,l2,0.0001,liblinear,0.6942386623479925
0.7119282744282744,0.7266916595445219,0.6404494382022472,0.68,0.6377338877338877,0.2723709519505031,0.6538461538461539,0.6216216216216216,0.7083333333333334,1.7280219780219779,0.009615384615384616,4,715,178,0.5099850604565194,l2,0.0001,liblinear,0.6726907804311699
0.6846622369878184,0.8190418384804373,0.6953125,0.7796610169491526,0.6392580287929125,0.2884712601512946,0.8023255813953488,0.47619047619047616,0.7582417582417582,1.5317124735729386,0.1511627906976744,5,765,128,0.49849576846542526,l2,0.0001,liblinear,0.6828871644505145
