n_pairs,pairwise_accuracy,both_correct_rate,mean_delta,median_delta,std_delta,n_positive_delta,per_drug_accuracy,per_drug_roc_auc,per_drug_pr_auc,n_train,n_test,best_penalty,best_C,best_solver,inner_cv_score,threshold,seed
13,0.6923076923076923,0.46153846153846156,0.04048738635623764,0.08553519734117832,0.15142624896098314,9,0.7692307692307693,0.5909090909090909,0.8688029740844263,867,26,l2,0.001,liblinear,0.6972334827494301,0.525243440549724,3
