roc_auc,pr_auc,accuracy,f1,balanced_accuracy,matthews_corrcoef,sensitivity,specificity,precision,pos_LR,sensitivity_at_spec100,fold,n_train,n_val,threshold,best_penalty,best_C,best_solver,best_inner_score
0.7101398601398601,0.7329877362703985,0.675531914893617,0.7024390243902439,0.6798368298368298,0.35444511960669833,0.6545454545454545,0.7051282051282052,0.7578947368421053,2.219762845849803,0.02727272727272727,1,679,188,0.5526921021635757,l2,0.001,lbfgs,0.700294477744576
0.6549896967912865,0.7749625967523163,0.639344262295082,0.6986301369863014,0.6367382984986754,0.262572472962823,0.6455696202531646,0.627906976744186,0.7611940298507462,1.7349683544303798,0.10126582278481013,2,745,122,0.5029198868730321,l2,0.001,liblinear,0.7100858792623399
0.686036036036036,0.7850886112419191,0.6374269005847953,0.7102803738317757,0.6173423423423423,0.22884888180361387,0.6846846846846847,0.55,0.7378640776699029,1.5215215215215216,0.05405405405405406,3,696,171,0.5466213450211025,l2,0.001,liblinear,0.7067258020666813
0.6972064080497816,0.7061025390451461,0.6379310344827587,0.6701570680628273,0.6347808817688336,0.2723341921944459,0.7032967032967034,0.5662650602409639,0.64,1.6214896214896217,0.03296703296703297,4,693,174,0.522975135918174,l1,0.01,liblinear,0.6799997486040927
0.7185287356321839,0.7412550402005511,0.6367924528301887,0.6637554585152838,0.643080459770115,0.28157650114661503,0.608,0.6781609195402298,0.7307692307692307,1.8891428571428568,0.0,5,655,212,0.585300085381973,l2,0.001,liblinear,0.7166159159245099
