accuracy,balanced_accuracy,f1_macro,f1_weighted,mae,adjacent_accuracy,kappa_linear,kappa_quadratic,spearman_r,roc_auc_macro_ovr,roc_auc_weighted_ovr,fold,n_train,n_val,best_penalty,best_C,best_solver,inner_auc_score
0.3445378151260504,0.40166666666666667,0.2837301587301588,0.24409763905562223,0.8571428571428571,0.7983193277310925,0.11954156390541137,0.1558687222169678,0.1867873570024941,0.6102280596216317,0.612942193181733,1,748,119,l2,0.01,liblinear,0.616526562840136
0.35877862595419846,0.439005439005439,0.308843537414966,0.25489951705873193,0.8320610687022901,0.8091603053435115,0.17170369510992511,0.22131668473587796,0.22156486947266305,0.599268863941461,0.5887976553604072,2,736,131,l2,0.01,lbfgs,0.6164215658005403
0.36470588235294116,0.38614097968936684,0.30028860028860027,0.2852177234530176,0.8823529411764706,0.7529411764705882,0.10280768418830488,0.1352549889135254,0.19011627454820193,0.5975968320963195,0.5939687740516768,3,697,170,l2,0.01,liblinear,0.6249028774925125
0.4085106382978723,0.3550884955752212,0.28997641509433963,0.3405138498594942,0.8553191489361702,0.7361702127659574,0.06136359120084256,0.0797638411952527,0.17935920299193633,0.5802116113127914,0.5783292502526364,4,632,235,l2,0.01,liblinear,0.62080860674117
0.42924528301886794,0.41498192529120365,0.3273045849580753,0.35083024133458934,0.7641509433962265,0.8066037735849056,0.15910092551784927,0.20504072537267548,0.31308643693520405,0.6100756614573228,0.604645790312391,5,655,212,l1,0.1,liblinear,0.6130723593628898
