accuracy,balanced_accuracy,f1_macro,f1_weighted,mae,adjacent_accuracy,kappa_linear,kappa_quadratic,spearman_r,roc_auc_macro_ovr,roc_auc_weighted_ovr,fold,n_train,n_val,best_penalty,best_C,best_solver,inner_auc_score
0.3893129770992366,0.4171639670360898,0.364788579493025,0.3486427727040502,0.7709923664122137,0.8396946564885496,0.18362435984451153,0.25695133076831533,0.3715321844893517,0.627790521557495,0.6180572079307839,1,736,131,l2,0.001,liblinear,0.6723304432042156
0.43386243386243384,0.420958751393534,0.3784955450181903,0.3864598506057794,0.7513227513227513,0.8148148148148148,0.17911543402459174,0.22919472124966345,0.24809184543009383,0.5705650103265811,0.5665457090188273,2,678,189,l2,0.001,liblinear,0.6848395262824478
0.525,0.5229878618113912,0.4768597120040244,0.4877358045651764,0.6625,0.8125,0.3187660668380464,0.35333073626801714,0.394321493798276,0.6694061753193271,0.669147622596637,3,707,160,l2,0.0001,liblinear,0.6509770929575899
0.48717948717948717,0.5086369770580297,0.44911262633589627,0.46450616939518724,0.6752136752136753,0.8376068376068376,0.2522752093192574,0.27450512759360846,0.3346415575731915,0.7074682349188753,0.6957493418259594,4,633,234,l2,0.001,liblinear,0.6216971021767719
0.48366013071895425,0.5341917969036613,0.4661919926295339,0.4593941043340367,0.6470588235294118,0.869281045751634,0.2920308483290488,0.3397187121611972,0.41946814062945953,0.7084999563273312,0.6935056879848214,5,714,153,l2,0.001,lbfgs,0.6429951917905833
