accuracy,balanced_accuracy,f1_macro,f1_weighted,mae,adjacent_accuracy,kappa_linear,kappa_quadratic,spearman_r,roc_auc_macro_ovr,roc_auc_weighted_ovr,fold,n_train,n_val,best_penalty,best_C,best_solver,inner_auc_score
0.3700787401574803,0.3505598621877692,0.3404416180886769,0.36251484462693356,0.7795275590551181,0.8503937007874016,0.12058473805693504,0.20264882452683186,0.3395994056453985,0.5789700161422612,0.582900132999545,1,740,127,l2,0.0001,lbfgs,0.6597840999998194
0.46632124352331605,0.4517840208629682,0.44582664431887564,0.47443670012373956,0.6735751295336787,0.8601036269430051,0.19655437427949285,0.20799322003657617,0.28517689714220074,0.6379356511575888,0.6400524483540669,2,674,193,l2,0.0001,lbfgs,0.6429244653672539
0.4127906976744186,0.4082633053221289,0.40668434652522784,0.4165876766009127,0.7151162790697675,0.872093023255814,0.1649826334070097,0.21903208265361607,0.263415313695274,0.6045309410703149,0.601452471946658,3,695,172,l2,0.0001,lbfgs,0.6787423226309773
0.5668202764976958,0.5577723235156615,0.5269218100971655,0.573641057260862,0.5529953917050692,0.880184331797235,0.3816783017523864,0.43554533905994797,0.4969686045531463,0.7439987899236934,0.7448241371717561,4,650,217,l2,0.0001,lbfgs,0.5916553668834817
0.4810126582278481,0.4788288288288289,0.47338929883051195,0.4827269508226311,0.6139240506329114,0.9050632911392406,0.23819465155582065,0.2806338280633828,0.30298644894080984,0.6419450631482301,0.6334952444939854,5,709,158,l2,0.0001,lbfgs,0.6546603626419397
