roc_auc,pr_auc,accuracy,f1,balanced_accuracy,matthews_corrcoef,sensitivity,specificity,precision,pos_LR,sensitivity_at_spec100,fold,n_train,n_val,threshold,best_penalty,best_C,best_solver,best_inner_score
0.7567599067599067,0.7948670495600609,0.7074468085106383,0.7393364928909952,0.7071095571095571,0.4093110472418113,0.7090909090909091,0.7051282051282052,0.7722772277227723,2.404743083003953,0.07272727272727272,1,679,188,0.5181306064934946,l2,0.001,liblinear,0.7007785775611659
0.6087724462761259,0.7175082209022982,0.5819672131147541,0.6433566433566433,0.5818369149249338,0.15657522136399776,0.5822784810126582,0.5813953488372093,0.71875,1.3909985935302391,0.0379746835443038,2,745,122,0.5208873033843054,l2,0.001,liblinear,0.7303141699418532
0.7234234234234234,0.8029827231445524,0.6432748538011696,0.7109004739336493,0.6295045045045045,0.2508550281468462,0.6756756756756757,0.5833333333333334,0.75,1.6216216216216217,0.036036036036036036,3,696,171,0.5554184982529715,l2,0.001,liblinear,0.7139938325425413
0.7003839533960015,0.7064301812627759,0.6379310344827587,0.6358381502890174,0.6395471997881637,0.2792608299105611,0.6043956043956044,0.6746987951807228,0.6707317073170732,1.8579568579568575,0.03296703296703297,4,693,174,0.5473627733310923,l2,0.0001,liblinear,0.6695113315462462
0.6900229885057473,0.7161442476720811,0.6415094339622641,0.6637168141592921,0.6505747126436782,0.29660228688154755,0.6,0.7011494252873564,0.7425742574257426,2.0076923076923077,0.0,5,655,212,0.5531352194255832,l1,0.1,liblinear,0.7334223285627232
