roc_auc,pr_auc,accuracy,f1,balanced_accuracy,matthews_corrcoef,sensitivity,specificity,precision,pos_LR,sensitivity_at_spec100,fold,n_train,n_val,threshold,best_penalty,best_C,best_solver,best_inner_score
0.6411421911421911,0.7004450318336537,0.6223404255319149,0.6816143497757847,0.6082750582750582,0.21788744802285753,0.6909090909090909,0.5256410256410257,0.672566371681416,1.4565110565110566,0.01818181818181818,1,679,188,0.4471568014013424,l2,0.01,lbfgs,0.6390217610598002
0.5893435384162496,0.7032333405188236,0.639344262295082,0.7215189873417721,0.6049455401825139,0.20989108036502796,0.7215189873417721,0.4883720930232558,0.7215189873417721,1.4102416570771,0.05063291139240506,2,745,122,0.4822352230146145,l2,0.01,lbfgs,0.6342839208808567
0.6093093093093094,0.7297424366879642,0.6081871345029239,0.6940639269406392,0.5756756756756757,0.1497411847903656,0.6846846846846847,0.4666666666666667,0.7037037037037037,1.2837837837837838,0.009009009009009009,3,696,171,0.4713045118216578,l2,0.01,liblinear,0.6347485205355421
0.6274328081556997,0.6253916957090434,0.6091954022988506,0.6761904761904762,0.600953263603866,0.21689786438320247,0.7802197802197802,0.42168674698795183,0.5966386554621849,1.3491300366300367,0.03296703296703297,4,693,174,0.4700534274186702,l2,0.001,lbfgs,0.6358271758074506
0.7092413793103447,0.7352804757511238,0.6792452830188679,0.7017543859649122,0.687816091954023,0.36969669383419973,0.64,0.735632183908046,0.7766990291262136,2.4208695652173913,0.048,5,655,212,0.5129499898828126,l2,0.01,lbfgs,0.6037735402819591
