accuracy,balanced_accuracy,f1_macro,f1_weighted,mae,adjacent_accuracy,kappa_linear,kappa_quadratic,spearman_r,roc_auc_macro_ovr,roc_auc_weighted_ovr,fold,n_train,n_val,best_penalty,best_C,best_solver,inner_auc_score
0.33587786259541985,0.3530832622904234,0.33757922871324936,0.3345358201516225,0.8396946564885496,0.8244274809160306,0.07509627727856227,0.12472160356347439,0.237133480656145,0.5535749964112345,0.5449847004198705,1,736,131,l2,0.01,lbfgs,0.6285889885567968
0.3862433862433862,0.4016722408026756,0.3833464946915855,0.38865003460949765,0.8042328042328042,0.8095238095238095,0.14065210888423574,0.1789939107163635,0.20960727084375516,0.6010165315915666,0.6072706018942579,2,678,189,l2,0.1,lbfgs,0.643612139707713
0.4125,0.424593837535014,0.4114736312878728,0.413542907041359,0.725,0.8625,0.2022008253094909,0.27454092042620726,0.30947876329579566,0.6253063516646247,0.6277863519126414,3,707,160,l2,0.1,lbfgs,0.638370399568679
0.45726495726495725,0.4776833108412056,0.44622360987213794,0.4652620523494743,0.7094017094017094,0.8333333333333334,0.18922980588603622,0.19276120458080026,0.27338796301686336,0.6714750267305921,0.6574419665892297,4,633,234,l2,0.01,lbfgs,0.5987026809425647
0.5032679738562091,0.5126751779294153,0.4906582696056381,0.5082503476724324,0.6013071895424836,0.8954248366013072,0.29266331658291445,0.33881647731233,0.3403663857269487,0.6598039773357182,0.6563255154511467,5,714,153,l2,0.1,lbfgs,0.6059241180207333
