n_pairs,pairwise_accuracy,both_correct_rate,mean_delta,median_delta,std_delta,n_positive_delta,per_drug_accuracy,per_drug_roc_auc,per_drug_pr_auc,n_train,n_test,best_penalty,best_C,best_solver,inner_cv_score,threshold,seed
38,0.5526315789473685,0.2894736842105263,0.0780396980326222,0.0375981008439,0.1839178895157061,21,0.5483870967741935,0.6292016806722689,0.6464539671668249,831,62,l1,0.1,liblinear,0.6715998050199381,0.4856645837251449,2
