roc_auc,pr_auc,accuracy,f1,balanced_accuracy,matthews_corrcoef,sensitivity,specificity,precision,pos_LR,sensitivity_at_spec100,fold,n_train,n_val,threshold,best_penalty,best_C,best_solver,best_inner_score
0.7030395136778116,0.7465012039153449,0.6837606837606838,0.7338129496402878,0.6727963525835866,0.3444429908793393,0.7285714285714285,0.6170212765957447,0.7391304347826086,1.9023809523809523,0.07142857142857142,1,714,117,0.48867397824504477,l1,0.1,liblinear,0.652385071554462
0.5777505446623094,0.6793555406154865,0.5625,0.624390243902439,0.5536492374727668,0.10504139254658058,0.5925925925925926,0.5147058823529411,0.6597938144329897,1.2210998877665542,0.046296296296296294,2,655,176,0.5485750123892056,l2,0.1,liblinear,0.6867256405479564
0.6525252525252525,0.7793218097238213,0.6809815950920245,0.7777777777777778,0.6031144781144782,0.23278593235073594,0.8425925925925926,0.36363636363636365,0.7222222222222222,1.324074074074074,0.09259259259259259,3,668,163,0.45178556226799294,l1,0.1,liblinear,0.6324674595670216
0.6760540184453228,0.7639544532490735,0.620253164556962,0.6629213483146067,0.6161067193675889,0.22995229978649837,0.6413043478260869,0.5909090909090909,0.686046511627907,1.567632850241546,0.06521739130434782,4,673,158,0.5093118397466769,l2,0.01,liblinear,0.6518734297180128
0.6567242281527995,0.6925684798903744,0.6451612903225806,0.7072243346007605,0.6272893772893773,0.26038912918225715,0.7380952380952381,0.5164835164835165,0.6788321167883211,1.5265151515151518,0.015873015873015872,5,614,217,0.43695700626166484,l2,0.01,liblinear,0.6826820139554831
