roc_auc,pr_auc,accuracy,f1,balanced_accuracy,matthews_corrcoef,sensitivity,specificity,precision,pos_LR,sensitivity_at_spec100,fold,n_train,n_val,threshold,best_penalty,best_C,best_solver,best_inner_score
0.6625881101210268,0.7083424697764852,0.6193181818181818,0.6127167630057804,0.6408431972336747,0.2835593425348445,0.5145631067961165,0.7671232876712328,0.7571428571428571,2.2095945174186173,0.0,1,655,176,0.5493579793863885,l2,0.001,liblinear,0.7224164902224042
0.7012180558872702,0.7210715887316071,0.6893939393939394,0.7453416149068323,0.6721996656317173,0.34803414315330716,0.759493670886076,0.5849056603773585,0.7317073170731707,1.8296892980437285,0.012658227848101266,2,699,132,0.5510212536957176,l1,0.1,liblinear,0.6821426451057017
0.7130533854166667,0.7395405538461853,0.6517857142857143,0.6776859504132231,0.6536458333333333,0.30418837723745845,0.640625,0.6666666666666666,0.7192982456140351,1.9218749999999998,0.03125,3,607,224,0.5639371754316747,l2,0.001,lbfgs,0.7087373421982341
0.6525735294117647,0.7398903830612698,0.68,0.7551020408163265,0.6544117647058824,0.29783322646824617,0.7254901960784313,0.5833333333333334,0.7872340425531915,1.7411764705882353,0.0,4,681,150,0.452596797886701,l2,0.01,liblinear,0.6854455016247287
0.7177726926010679,0.7541577695638748,0.7114093959731543,0.774869109947644,0.6828756674294432,0.37645638009336324,0.8043478260869565,0.5614035087719298,0.7474747474747475,1.8339130434782607,0.0,5,682,149,0.5193947625756882,l2,0.001,lbfgs,0.7033911628677512
