accuracy,balanced_accuracy,f1_macro,f1_weighted,mae,adjacent_accuracy,kappa_linear,kappa_quadratic,spearman_r,roc_auc_macro_ovr,roc_auc_weighted_ovr,fold,n_train,n_val,best_penalty,best_C,best_solver,inner_auc_score
0.3700787401574803,0.3768303186907838,0.3566267418589503,0.3667880745839553,0.8110236220472441,0.8188976377952756,0.12834010794962347,0.18865497577498602,0.2306678598993179,0.5571016377076705,0.5617536845459633,1,740,127,l2,0.001,lbfgs,0.6605759027391619
0.48186528497409326,0.48518847795163583,0.4626924299396098,0.48214503278903537,0.6735751295336787,0.844559585492228,0.23398668864871475,0.24572157314464382,0.23303948705936234,0.6130790588696969,0.6175944573968325,2,674,193,l2,0.0001,lbfgs,0.6465810806758967
0.4069767441860465,0.42924911900243967,0.4052746283833029,0.40436025737985215,0.7790697674418605,0.813953488372093,0.16249999999999998,0.18867924528301883,0.25004180460528547,0.607249186613513,0.6055130915596032,3,695,172,l2,0.0001,lbfgs,0.6462019753435739
0.47465437788018433,0.5210612435717624,0.4647694375516956,0.4823644097837646,0.7004608294930875,0.8248847926267281,0.26407853636769296,0.2974155069582505,0.4098649032013726,0.7043520166901809,0.7002596294165914,4,650,217,l2,0.0001,lbfgs,0.6077632382870171
0.5189873417721519,0.5357289107289107,0.5171982290092526,0.5209680780696428,0.5886075949367089,0.8924050632911392,0.3034038115103821,0.3303744243475939,0.3332937905815446,0.6899784065986118,0.6882128688488008,5,709,158,l2,0.0001,lbfgs,0.6338594056610268
