accuracy,balanced_accuracy,f1_macro,f1_weighted,mae,adjacent_accuracy,kappa_linear,kappa_quadratic,spearman_r,roc_auc_macro_ovr,roc_auc_weighted_ovr,fold,n_train,n_val,best_penalty,best_C,best_solver,inner_auc_score
0.46875,0.44913873640160906,0.43914482555944295,0.46657619741010603,0.70703125,0.82421875,0.18482812005207416,0.20538782242177123,0.20061711887070124,0.6160695496857578,0.6092955389392599,1,611,256,l2,0.001,lbfgs,0.6517527759601215
0.375,0.37961133999285135,0.372056200791683,0.3832298871199269,0.8046875,0.8203125,0.08125435540069681,0.09024995229917954,0.10419025573820476,0.5769023945762027,0.5753933477686218,2,739,128,l2,0.001,lbfgs,0.6550723588052154
0.4785276073619632,0.47394876079086606,0.4672523821725238,0.4834872318900871,0.656441717791411,0.8650306748466258,0.20891731301310834,0.20967793725716855,0.35882163356036056,0.6664295107765618,0.660706391907054,3,704,163,l2,0.001,lbfgs,0.6259210781245986
0.5207100591715976,0.5504200660450661,0.5212150933878855,0.5180850817747682,0.6272189349112426,0.8520710059171598,0.30257727945184143,0.3128648874061719,0.37005124021177055,0.7054398688710676,0.6921571381644915,4,698,169,l2,0.001,lbfgs,0.6267825413284458
0.543046357615894,0.5440787182166492,0.5365310942009972,0.5451686213314195,0.5496688741721855,0.9072847682119205,0.33550713111712005,0.37033697734700777,0.3729315070248045,0.6889789642829744,0.6792767794980129,5,716,151,l2,0.001,lbfgs,0.6362564299944669
