accuracy,balanced_accuracy,f1_macro,f1_weighted,mae,adjacent_accuracy,kappa_linear,kappa_quadratic,spearman_r,roc_auc_macro_ovr,roc_auc_weighted_ovr,fold,n_train,n_val,best_penalty,best_C,best_solver,inner_auc_score
0.4645669291338583,0.4661211599196095,0.3886937288576633,0.39860744865908154,0.7244094488188977,0.8110236220472441,0.24996790345358832,0.30247155747351906,0.279890896099771,0.6210243267708982,0.6192294297487633,1,740,127,l1,0.1,liblinear,0.6424229393509175
0.34196891191709844,0.3586000474158369,0.27046982072853903,0.2668535060283359,0.9067357512953368,0.7512953367875648,0.05357693277664144,0.064363785978784,0.1387290171383196,0.5948390357682393,0.5989793674923667,2,674,193,l1,0.1,liblinear,0.6420509863935283
0.38372093023255816,0.41533387548567813,0.3291291291291291,0.31129268803687404,0.8255813953488372,0.7906976744186046,0.15709552733296506,0.20052128583840123,0.2302333961320726,0.5965555633487323,0.5925557001138397,3,695,172,l2,0.01,lbfgs,0.6247204380016013
0.5207373271889401,0.45996961196820935,0.39904589765224424,0.4657681089965761,0.6497695852534562,0.8294930875576036,0.2538590972273027,0.3091934791299584,0.34131342151322436,0.6341970515534686,0.6257717507010211,4,650,217,l1,0.1,liblinear,0.6292880266278822
0.36075949367088606,0.45,0.31444421037848463,0.2506686434870257,0.810126582278481,0.8291139240506329,0.18517324738114427,0.24222620427954045,0.3058350436938318,0.6507425282570243,0.6447619128275527,5,709,158,l2,0.001,liblinear,0.617183237707665
