n_pairs,pairwise_accuracy,both_correct_rate,mean_delta,median_delta,std_delta,n_positive_delta,per_drug_accuracy,per_drug_roc_auc,per_drug_pr_auc,n_train,n_test,best_penalty,best_C,best_solver,inner_cv_score,threshold,seed
38,0.6052631578947368,0.15789473684210525,0.03284834415394863,0.031835721718042054,0.07953073763565997,23,0.5,0.5976890756302522,0.6057196792884226,831,62,l2,0.001,liblinear,0.6906053155378722,0.5080090336026607,0
