roc_auc,pr_auc,accuracy,f1,balanced_accuracy,matthews_corrcoef,sensitivity,specificity,precision,pos_LR,sensitivity_at_spec100,fold,n_train,n_val,threshold,best_penalty,best_C,best_solver,best_inner_score
0.6696969696969697,0.7322854330206857,0.6276595744680851,0.6929824561403509,0.6090909090909091,0.22236794204851443,0.7181818181818181,0.5,0.6694915254237288,1.4363636363636363,0.00909090909090909,1,679,188,0.5032751250903373,l2,0.01,lbfgs,0.6756893579772496
0.6864880777156315,0.7819226190736914,0.6721311475409836,0.7368421052631579,0.6567559611421843,0.3055219127135198,0.7088607594936709,0.6046511627906976,0.7671232876712328,1.793000744601638,0.0759493670886076,2,745,122,0.5192241910096662,l2,0.01,lbfgs,0.6638482934645038
0.6283783783783784,0.7192007053445277,0.6081871345029239,0.6731707317073171,0.6024774774774775,0.19660123761250853,0.6216216216216216,0.5833333333333334,0.7340425531914894,1.491891891891892,0.009009009009009009,3,696,171,0.5398616073558219,l2,0.01,lbfgs,0.7059509038027917
0.6172381835032437,0.6310185771937544,0.5977011494252874,0.6391752577319587,0.5936713888521117,0.19039209416780442,0.6813186813186813,0.5060240963855421,0.6019417475728155,1.3792548914500133,0.02197802197802198,4,693,174,0.5369443239402033,l2,0.001,lbfgs,0.6696381300050737
0.7686436781609195,0.8155033511380098,0.6650943396226415,0.6757990867579908,0.6810574712643678,0.3585553017410478,0.592,0.7701149425287356,0.7872340425531915,2.5751999999999993,0.04,5,655,212,0.5189359015886953,l2,0.01,lbfgs,0.6497518183051678
