roc_auc,pr_auc,accuracy,f1,balanced_accuracy,matthews_corrcoef,sensitivity,specificity,precision,pos_LR,sensitivity_at_spec100,fold,n_train,n_val,threshold,best_penalty,best_C,best_solver,best_inner_score
0.6723636363636364,0.6340116716774243,0.6095238095238096,0.6095238095238096,0.6109090909090908,0.22181818181818183,0.64,0.5818181818181818,0.5818181818181818,1.5304347826086955,0.05,1,683,210,0.49561330399966147,l2,0.01,lbfgs,0.6462415234004918
0.6703137902559868,0.7604903567787591,0.5369649805447471,0.5765124555160143,0.5733897605284889,0.139483600365689,0.4682080924855491,0.6785714285714286,0.75,1.4566473988439308,0.0,2,636,257,0.5018784876656764,l2,0.0001,liblinear,0.65000699721658
0.6924444444444445,0.7932841141621212,0.6666666666666666,0.726027397260274,0.6533333333333333,0.30204819642483427,0.7066666666666667,0.6,0.7464788732394366,1.7666666666666666,0.08,3,773,120,0.5344244032997783,l2,0.01,lbfgs,0.672833553618227
0.6719074844074844,0.6956680832562303,0.6179775280898876,0.6666666666666666,0.6107068607068606,0.21993267655474952,0.6538461538461539,0.5675675675675675,0.68,1.5120192307692306,0.0,4,715,178,0.5217191515451969,l2,0.01,lbfgs,0.6695846282933287
0.5985603543743079,0.7159366635968845,0.6484375,0.7337278106508875,0.6104651162790697,0.21726197215932272,0.7209302325581395,0.5,0.7469879518072289,1.441860465116279,0.011627906976744186,5,765,128,0.5188536406325067,l2,0.01,liblinear,0.6895106675818938
