accuracy,balanced_accuracy,f1_macro,f1_weighted,mae,adjacent_accuracy,kappa_linear,kappa_quadratic,spearman_r,roc_auc_macro_ovr,roc_auc_weighted_ovr,fold,n_train,n_val,best_penalty,best_C,best_solver,inner_auc_score
0.4198473282442748,0.4526854219948849,0.3714756536243243,0.35379127496609364,0.7709923664122137,0.8091603053435115,0.21556886227544925,0.2640723241192009,0.34378085056111624,0.6038347790931702,0.5931271091894695,1,736,131,l2,0.001,liblinear,0.6577136717514916
0.4126984126984127,0.4131921218877741,0.3474587423466278,0.3546587478945861,0.8201058201058201,0.7671957671957672,0.15158272756233893,0.1842596046251399,0.26184183455743004,0.5841284874945464,0.5806684516361935,2,678,189,l2,0.001,liblinear,0.6691274947086464
0.5125,0.507609710550887,0.4754112391092244,0.4886513411273343,0.6875,0.8,0.2888314207208664,0.31320307874481934,0.348593570852343,0.6483873288847931,0.6490711253098412,3,707,160,l2,0.001,liblinear,0.6404455743237975
0.44017094017094016,0.46968960863697706,0.37570559800405423,0.3745782138578022,0.7264957264957265,0.8333333333333334,0.20424084816963395,0.24893225998498691,0.30471530417985687,0.6648740891051149,0.6503040671469419,4,633,234,l2,0.001,liblinear,0.6310418385733415
0.38562091503267976,0.45157996429182873,0.3249358259066421,0.3046365285110225,0.803921568627451,0.8104575163398693,0.1980653683896536,0.24777943772918654,0.40754639165864026,0.6451883922897017,0.6307229694845249,5,714,153,l2,0.0001,liblinear,0.6323296276131939
