roc_auc,pr_auc,accuracy,f1,balanced_accuracy,matthews_corrcoef,sensitivity,specificity,precision,pos_LR,sensitivity_at_spec100,fold,n_train,n_val,threshold,best_penalty,best_C,best_solver,best_inner_score
0.7262463343108505,0.8516393930655137,0.6480446927374302,0.7149321266968326,0.6549120234604106,0.2868894093704282,0.6370967741935484,0.6727272727272727,0.8144329896907216,1.94668458781362,0.12096774193548387,1,714,179,0.5121856707353204,l2,0.01,lbfgs,0.6386534427429165
0.6863420232825053,0.6576099884248898,0.6515837104072398,0.6350710900473934,0.6536727332349566,0.30950980824476204,0.5877192982456141,0.719626168224299,0.6907216494845361,2.0961988304093566,0.008771929824561403,2,672,221,0.5357182921679319,l2,0.1,liblinear,0.6182826342746401
0.6408693347468858,0.7228449709851862,0.6111111111111112,0.6474820143884892,0.6187384044526901,0.23156812293422302,0.5844155844155844,0.6530612244897959,0.7258064516129032,1.6844919786096253,0.05194805194805195,3,767,126,0.5179481800184587,l1,0.1,liblinear,0.6674448539207081
0.6505024027959808,0.7036917650645158,0.6453488372093024,0.7162790697674418,0.6230522790155817,0.24382502673823936,0.7064220183486238,0.5396825396825397,0.7264150943396226,1.5346409364125275,0.0,4,721,172,0.5193263574464652,l1,0.1,liblinear,0.6848658201320437
0.6350444011262726,0.6912665512286691,0.6051282051282051,0.6169154228855721,0.6176088369070825,0.2331811188254957,0.543859649122807,0.691358024691358,0.7126436781609196,1.7621052631578946,0.043859649122807015,5,698,195,0.5350541516229721,l2,0.01,liblinear,0.6862184104410995
