n_pairs,pairwise_accuracy,both_correct_rate,mean_delta,median_delta,std_delta,n_positive_delta,per_drug_accuracy,per_drug_roc_auc,per_drug_pr_auc,n_train,n_test,best_penalty,best_C,best_solver,inner_cv_score,threshold,seed
38,0.631578947368421,0.18421052631578946,0.0643171440459328,0.020614861897486486,0.1619877810247659,24,0.5645161290322581,0.6123949579831933,0.7025919787114586,831,62,l2,0.01,liblinear,0.6943748071546617,0.46421169636382953,3
