roc_auc,pr_auc,accuracy,f1,balanced_accuracy,matthews_corrcoef,sensitivity,specificity,precision,pos_LR,sensitivity_at_spec100,fold,n_train,n_val,threshold,best_penalty,best_C,best_solver,best_inner_score
0.6611251496209603,0.7322329585757145,0.6022727272727273,0.6236559139784946,0.6103205213459236,0.2177638685637331,0.5631067961165048,0.6575342465753424,0.6987951807228916,1.6442718446601938,0.038834951456310676,1,655,176,0.4960986086869948,l2,0.01,liblinear,0.6651125238889415
0.6761404346787676,0.7587646110512609,0.6439393939393939,0.7116564417177914,0.6218055887270122,0.2482495269476627,0.7341772151898734,0.5094339622641509,0.6904761904761905,1.4965920155793575,0.10126582278481013,2,699,132,0.4779303595665394,l2,0.001,liblinear,0.6260169983365566
0.67431640625,0.7159637835711192,0.6339285714285714,0.6403508771929824,0.64453125,0.287754095287693,0.5703125,0.71875,0.73,2.0277777777777777,0.015625,3,607,224,0.5301313476482702,l2,0.01,liblinear,0.6952943822142924
0.6977124183006534,0.8290459201442748,0.6466666666666666,0.7071823204419889,0.6574754901960784,0.29425303376691214,0.6274509803921569,0.6875,0.810126582278481,2.007843137254902,0.12745098039215685,4,681,150,0.49800943611046566,l1,0.1,liblinear,0.6570046388219244
0.7086193745232647,0.7677703218350356,0.7114093959731543,0.7817258883248731,0.672864225781846,0.3683371087596092,0.8369565217391305,0.5087719298245614,0.7333333333333333,1.7038043478260871,0.010869565217391304,5,682,149,0.45943703220876697,l2,0.01,liblinear,0.6416950004514851
