roc_auc,pr_auc,accuracy,f1,balanced_accuracy,matthews_corrcoef,sensitivity,specificity,precision,pos_LR,sensitivity_at_spec100,fold,n_train,n_val,threshold,best_penalty,best_C,best_solver,best_inner_score
0.6978568426950553,0.7580481694799398,0.6476510067114094,0.72,0.6210253536909931,0.25174049359321676,0.7627118644067796,0.4793388429752066,0.6818181818181818,1.4648910411622273,0.0,1,595,298,0.48038650273877903,l2,0.0001,lbfgs,0.6736706575398281
0.7553272450532725,0.8144724340987954,0.6906077348066298,0.7333333333333333,0.6852486047691526,0.3664752228835045,0.7129629629629629,0.6575342465753424,0.7549019607843137,2.0818518518518516,0.018518518518518517,2,712,181,0.5245767012565713,l1,0.1,liblinear,0.6446462099237202
0.5658426966292135,0.6624409638064426,0.6187050359712231,0.7225130890052356,0.5576404494382022,0.12518042212168692,0.7752808988764045,0.34,0.6764705882352942,1.174668028600613,0.0,3,754,139,0.523425087819249,l2,0.0001,lbfgs,0.7208325448939258
0.6701298701298702,0.7529065298488745,0.6055555555555555,0.6536585365853659,0.6045454545454545,0.2041781422263832,0.6090909090909091,0.6,0.7052631578947368,1.5227272727272727,0.08181818181818182,4,713,180,0.4922077542468408,l2,0.001,liblinear,0.70315034631496
0.7158988256549232,0.7653848611332638,0.631578947368421,0.6728971962616822,0.6260162601626016,0.2513522693671599,0.6666666666666666,0.5853658536585366,0.6792452830188679,1.6078431372549018,0.037037037037037035,5,798,95,0.5380075708127772,l1,0.1,liblinear,0.6879854924534416
