accuracy,balanced_accuracy,f1_macro,f1_weighted,mae,adjacent_accuracy,kappa_linear,kappa_quadratic,spearman_r,roc_auc_macro_ovr,roc_auc_weighted_ovr,fold,n_train,n_val,best_penalty,best_C,best_solver,inner_auc_score
0.48623853211009177,0.49631392310563643,0.4699722738162535,0.48773436799637265,0.6697247706422018,0.8440366972477065,0.28604755495738,0.3292886307435736,0.39948839313516576,0.6619332695052788,0.6626925454332807,1,758,109,l2,0.1,lbfgs,0.6118138899542517
0.4628099173553719,0.5061086164534441,0.4646380339651075,0.4498276260973657,0.628099173553719,0.9090909090909091,0.2849144634525661,0.3652034261241971,0.43534127340982254,0.6979855477879194,0.677281515944829,2,746,121,l2,0.1,lbfgs,0.613528318223667
0.4012345679012346,0.4134364724528659,0.39845395655195653,0.4071137797390797,0.7716049382716049,0.8271604938271605,0.12170367800138793,0.13171453953212897,0.21518294966982981,0.6081358760484191,0.6074029469329261,3,705,162,l2,0.1,lbfgs,0.6363838027004081
0.4669603524229075,0.4444444444444445,0.4403676034110817,0.4687803577384117,0.6696035242290749,0.8634361233480177,0.1837236810977052,0.2091107420793853,0.3543584648811486,0.6333079399238649,0.6274830813616935,4,640,227,l2,0.1,lbfgs,0.6362914725383021
0.39919354838709675,0.42123831027170516,0.40017351323586525,0.4039009940992972,0.8508064516129032,0.75,0.10736583535191568,0.08875531961567151,0.20628770140847413,0.6335977451905852,0.6325549787567357,5,619,248,l2,0.1,lbfgs,0.6215360903838043
