roc_auc,pr_auc,accuracy,f1,balanced_accuracy,matthews_corrcoef,sensitivity,specificity,precision,pos_LR,sensitivity_at_spec100,fold,n_train,n_val,threshold,best_penalty,best_C,best_solver,best_inner_score
0.6967829294485688,0.7609444066741009,0.62751677852349,0.6584615384615384,0.6328383994023439,0.26094949506161774,0.6045197740112994,0.6611570247933884,0.722972972972973,1.7840705525699325,0.022598870056497175,1,595,298,0.4766054847280459,l2,0.0001,liblinear,0.6856407757938362
0.7463216641298833,0.7844281521103739,0.6906077348066298,0.7431192660550459,0.6763698630136986,0.3544068963125997,0.75,0.6027397260273972,0.7363636363636363,1.8879310344827585,0.018518518518518517,2,712,181,0.49921961686806127,l1,0.01,liblinear,0.6403955505745408
0.5995505617977528,0.6894856211316405,0.6690647482014388,0.7676767676767676,0.5969662921348314,0.22623349972759707,0.8539325842696629,0.34,0.6972477064220184,1.2938372488934289,0.0,3,754,139,0.5019239895578775,l2,0.001,liblinear,0.706195404843492
0.6601298701298701,0.7060891090191888,0.6611111111111111,0.7312775330396476,0.6344155844155843,0.2747652318594727,0.7545454545454545,0.5142857142857142,0.7094017094017094,1.5534759358288768,0.0,4,713,180,0.48640409923262584,l2,0.001,liblinear,0.7038020015373039
0.7095754290876243,0.6846932709372204,0.7157894736842105,0.7476635514018691,0.7118337850045167,0.422524065710387,0.7407407407407407,0.6829268292682927,0.7547169811320755,2.3361823361823366,0.0,5,798,95,0.5006070043897536,l2,0.001,lbfgs,0.6889446034235587
