roc_auc,pr_auc,accuracy,f1,balanced_accuracy,matthews_corrcoef,sensitivity,specificity,precision,pos_LR,sensitivity_at_spec100,fold,n_train,n_val,threshold,best_penalty,best_C,best_solver,best_inner_score
0.750733137829912,0.8178105495833047,0.7094972067039106,0.7739130434782608,0.704325513196481,0.3836457740385063,0.717741935483871,0.6909090909090909,0.839622641509434,2.3221062618595827,0.008064516129032258,1,714,179,0.49877158393781273,l2,0.001,liblinear,0.6736341867918048
0.6952779144121988,0.6832033637305619,0.6153846153846154,0.669260700389105,0.6108378422692244,0.2318179455695974,0.7543859649122807,0.4672897196261682,0.6013986013986014,1.4161280393967377,0.0,2,672,221,0.4282331328153096,l2,0.001,liblinear,0.669406434830939
0.6583620461171482,0.7096537557199644,0.6507936507936508,0.6986301369863014,0.6474953617810761,0.2889281045730455,0.6623376623376623,0.6326530612244898,0.7391304347826086,1.8030303030303032,0.0,3,767,126,0.5099547347069655,l2,0.0001,liblinear,0.6848344940532661
0.6507936507936508,0.7358034478859299,0.6744186046511628,0.7431192660550459,0.6493374108053007,0.29867482161060144,0.7431192660550459,0.5555555555555556,0.7431192660550459,1.6720183486238533,0.027522935779816515,4,721,172,0.5067284533622954,l2,0.0001,liblinear,0.680487026568691
0.6698072341347195,0.6700182265326814,0.6307692307692307,0.6571428571428571,0.6359649122807017,0.2680393547481039,0.6052631578947368,0.6666666666666666,0.71875,1.8157894736842104,0.0,5,698,195,0.5146438351717967,l2,0.001,liblinear,0.6883321276260868
