roc_auc,pr_auc,accuracy,f1,balanced_accuracy,matthews_corrcoef,sensitivity,specificity,precision,pos_LR,sensitivity_at_spec100,fold,n_train,n_val,threshold,best_penalty,best_C,best_solver,best_inner_score
0.61375,0.6668658740645598,0.6076923076923076,0.6382978723404256,0.6212500000000001,0.23640261471933688,0.5625,0.68,0.7377049180327869,1.7578125000000002,0.0,1,737,130,0.5353798764464798,l2,0.0001,liblinear,0.7089633054225362
0.6823161189358372,0.7234786100053461,0.6810344827586207,0.7516778523489933,0.649921752738654,0.31130849950619405,0.7887323943661971,0.5111111111111111,0.717948717948718,1.613316261203585,0.0,2,751,116,0.4820634116382713,l2,0.001,liblinear,0.6810118242321667
0.6524019607843138,0.6471542188853601,0.5979020979020979,0.5692883895131086,0.6025980392156862,0.20842406269713232,0.5066666666666667,0.6985294117647058,0.6495726495726496,1.680650406504065,0.02666666666666667,3,581,286,0.533456938562327,l2,0.0001,lbfgs,0.696521218572587
0.7167224080267559,0.8180370501366798,0.7125748502994012,0.8016528925619835,0.6332775919732442,0.2892050478244564,0.8434782608695652,0.4230769230769231,0.7637795275590551,1.4620289855072466,0.008695652173913044,4,700,167,0.46256433574462164,l1,0.01,liblinear,0.6629581276589347
0.6623529411764706,0.7142675695665481,0.6547619047619048,0.7410714285714286,0.6135294117647059,0.25348698087646593,0.83,0.39705882352941174,0.6693548387096774,1.3765853658536582,0.04,5,699,168,0.45675487471404586,l1,0.01,liblinear,0.6880997120853486
