roc_auc,pr_auc,accuracy,f1,balanced_accuracy,matthews_corrcoef,sensitivity,specificity,precision,pos_LR,sensitivity_at_spec100,fold,n_train,n_val,threshold,best_penalty,best_C,best_solver,best_inner_score
0.720967741935484,0.805834114229512,0.6871508379888268,0.7543859649122807,0.6831378299120234,0.3424939823990304,0.6935483870967742,0.6727272727272727,0.8269230769230769,2.1191756272401436,0.016129032258064516,1,714,179,0.5109763548309926,l2,0.0001,liblinear,0.6528034557175513
0.691834727004427,0.6741823154123012,0.6380090497737556,0.6330275229357798,0.6390801770782095,0.2785030429079752,0.6052631578947368,0.6728971962616822,0.6634615384615384,1.8503759398496238,0.0,2,672,221,0.5076105431470725,l2,0.0001,liblinear,0.6361112416045727
0.6949377153458787,0.7581686661602327,0.6746031746031746,0.7388535031847133,0.6521335807050093,0.3080878533030927,0.7532467532467533,0.5510204081632653,0.725,1.677685950413223,0.012987012987012988,3,767,126,0.4960205552841599,l2,0.0001,liblinear,0.646471301435908
0.5680792194553663,0.6796579511298573,0.5755813953488372,0.663594470046083,0.5445609436435125,0.08883130324875346,0.6605504587155964,0.42857142857142855,0.6666666666666666,1.1559633027522938,0.009174311926605505,4,721,172,0.5058452557761517,l1,0.01,liblinear,0.6913361487118859
0.701104613385315,0.6910410388381382,0.7230769230769231,0.7768595041322314,0.7024041585445094,0.4200509543538568,0.8245614035087719,0.5802469135802469,0.734375,1.9643962848297214,0.008771929824561403,5,698,195,0.4770228867774833,l2,0.0001,liblinear,0.6761958842559761
