accuracy,balanced_accuracy,f1_macro,f1_weighted,mae,adjacent_accuracy,kappa_linear,kappa_quadratic,spearman_r,roc_auc_macro_ovr,roc_auc_weighted_ovr,fold,n_train,n_val,best_penalty,best_C,best_solver,inner_auc_score
0.4765625,0.4661748469336546,0.4528992063238639,0.4806270356355973,0.6953125,0.828125,0.2152918890993628,0.23739556969113262,0.28572409500173984,0.6559070683206495,0.6558854339433142,1,611,256,l2,0.0001,lbfgs,0.6464758803402374
0.3359375,0.3590919352107907,0.33539731682146545,0.3277621904024768,0.8359375,0.828125,0.0651194539249147,0.11550430166575143,0.19803870472632298,0.6035530083757463,0.5950218559867683,2,739,128,l2,0.001,lbfgs,0.6835158075877892
0.5460122699386503,0.550682261208577,0.5444997236042012,0.5556267741049354,0.5153374233128835,0.9386503067484663,0.3854026393751683,0.4647976258129697,0.44592018505645414,0.690357486080062,0.6868255423820335,3,704,163,l2,0.0001,lbfgs,0.6447427020959601
0.5266272189349113,0.5658022533022533,0.5265486725663716,0.5205006021888254,0.621301775147929,0.8520710059171598,0.3203493048374124,0.33388429752066107,0.3873983790518225,0.6960307725010861,0.6801044104399077,4,698,169,l2,0.001,lbfgs,0.6652622824281597
0.4768211920529801,0.46842563566701495,0.46705638777250025,0.47737044717109417,0.6158940397350994,0.9072847682119205,0.2548946781981217,0.3218143350283953,0.38647247579457755,0.6867460035047374,0.6746836775061225,5,716,151,l2,0.0001,lbfgs,0.6661873293629492
