accuracy,balanced_accuracy,f1_macro,f1_weighted,mae,adjacent_accuracy,kappa_linear,kappa_quadratic,spearman_r,roc_auc_macro_ovr,roc_auc_weighted_ovr,fold,n_train,n_val,best_penalty,best_C,best_solver,inner_auc_score
0.4251968503937008,0.42635658914728686,0.4141430499325236,0.4270305078261979,0.7244094488188977,0.8503937007874016,0.20103938730853388,0.26136363636363635,0.3182863707794665,0.6008614283878694,0.6018565660509779,1,740,127,l2,0.001,lbfgs,0.6354971859681376
0.48186528497409326,0.4810040303461356,0.4582812180280895,0.4725499716669247,0.6528497409326425,0.8652849740932642,0.23944454869581533,0.2699336960217613,0.28226478069746613,0.6373386450296091,0.6360733610722148,2,674,193,l2,0.001,lbfgs,0.6201068954469535
0.4069767441860465,0.4075329056353724,0.4031626767282505,0.40919252915297516,0.7558139534883721,0.8372093023255814,0.12382445141065812,0.14129267768949982,0.17471192571986957,0.5669517955689684,0.5603482273540413,3,695,172,l2,0.01,lbfgs,0.6359474374814525
0.5391705069124424,0.5379032258064517,0.5054798649626236,0.5455424719885231,0.5806451612903226,0.880184331797235,0.3492479055597868,0.41079382512660934,0.40894370561908067,0.6978976123903747,0.6945891279138158,4,650,217,l2,0.0001,lbfgs,0.5998166039046164
0.37341772151898733,0.38996723996724,0.3754041657267464,0.3737089778331101,0.759493670886076,0.8670886075949367,0.10633484162895934,0.15357142857142858,0.3193166419028343,0.6134320354826599,0.5940187373066865,5,709,158,l2,0.001,lbfgs,0.6365353230133184
