accuracy,balanced_accuracy,f1_macro,f1_weighted,mae,adjacent_accuracy,kappa_linear,kappa_quadratic,spearman_r,roc_auc_macro_ovr,roc_auc_weighted_ovr,fold,n_train,n_val,best_penalty,best_C,best_solver,inner_auc_score
0.4566929133858268,0.45343095033017516,0.3672370225353813,0.37798776254726657,0.7559055118110236,0.7874015748031497,0.2187620146097654,0.25904317386231046,0.2629496853493218,0.5712333518288476,0.562206298407728,1,740,127,l1,0.01,liblinear,0.629826865391151
0.41968911917098445,0.4457503556187767,0.3749418209549448,0.37149484309119046,0.7823834196891192,0.7979274611398963,0.16089372606605057,0.17633574982761502,0.27437048913041456,0.6090875826204191,0.5969041440979631,2,674,193,l2,0.001,liblinear,0.6508435282063026
0.36046511627906974,0.39894882684256494,0.31305909783022456,0.2931878867485238,0.872093023255814,0.7674418604651163,0.11933369743309663,0.15252784918594697,0.21095388349857683,0.5740842359200994,0.5689278744511304,3,695,172,l2,0.001,liblinear,0.6539325022157312
0.5253456221198156,0.49891304347826093,0.3873597077486723,0.4522715021529266,0.663594470046083,0.8110599078341014,0.2972292191435768,0.3502133184937859,0.43086587593185,0.7088910218677141,0.7071437192312858,4,650,217,l2,0.0001,liblinear,0.6081854624411409
0.4240506329113924,0.49887387387387383,0.4038209396966334,0.36563615673162025,0.7278481012658228,0.8481012658227848,0.24574512245745128,0.29204464236626526,0.35562637963029403,0.6851169717193356,0.6736942657007245,5,709,158,l2,0.001,liblinear,0.6361511651771207
