n_pairs,pairwise_accuracy,both_correct_rate,mean_delta,median_delta,std_delta,n_positive_delta,per_drug_accuracy,per_drug_roc_auc,per_drug_pr_auc,n_train,n_test,best_penalty,best_C,best_solver,inner_cv_score,threshold,seed
13,0.38461538461538464,0.5384615384615384,-0.0032309050607740543,-0.0036224412074015166,0.009506341716591149,5,0.7692307692307693,0.625,0.8725620180707431,867,26,l2,0.0001,lbfgs,0.6267124103573943,0.5004345651123008,4
