feature,mean,var,std
Bio$\mathcal{X}$Mol-hard contrastive,0.51,0.018124999999999995,0.1346291201783626
Bio$\mathcal{X}$Mol-soft contrastive,0.8066666666666668,0.00388888888888889,0.062360956446232366
ChemBERTa-MLM,0.42,0.012430555555555556,0.11149240133549711
ChemBERTa-MTR,0.38666666666666666,0.009768518518518522,0.09883581597031778
ECFP,0.6033333333333334,0.0013194444444444432,0.03632415786283893
MolFormer,0.42333333333333334,0.028888888888888898,0.16996731711975951
