feature,mean,var,std
Bio$\mathcal{X}$Mol-hard contrastive,0.6568391385611767,0.0008600874743541763,0.02932724798466737
Bio$\mathcal{X}$Mol-soft contrastive,0.6435865680205239,0.0006831744129565902,0.026137605340898967
ChemBERTa-MLM,0.6178824144209144,0.0012616856911967015,0.03552021524704913
ChemBERTa-MTR,0.6179553179783313,0.0009161968235992952,0.03026874334357631
ECFP,0.6516155272818409,0.0014271389012391765,0.03777749199244408
MolFormer,0.6165707904300781,0.0013457852176278979,0.036684945381285465
