roc_auc,pr_auc,accuracy,f1,balanced_accuracy,matthews_corrcoef,sensitivity,specificity,precision,pos_LR,sensitivity_at_spec100,fold,n_train,n_val,threshold,best_penalty,best_C,best_solver,best_inner_score
0.6695526695526697,0.7351615885778716,0.6481481481481481,0.7285714285714285,0.6125541125541125,0.23628309903276284,0.7727272727272727,0.4523809523809524,0.6891891891891891,1.4110671936758892,0.0,1,723,108,0.4658552153375683,l2,0.01,liblinear,0.6811871087604322
0.5945847498785819,0.6895747326319617,0.6096256684491979,0.6784140969162996,0.5924599320058281,0.18271468302338675,0.6637931034482759,0.5211267605633803,0.6936936936936937,1.386156186612576,0.0,2,644,187,0.44770507785930164,l2,0.01,lbfgs,0.7011905942027307
0.6101884381986586,0.6178101164577399,0.6088888888888889,0.639344262295082,0.6065953369530501,0.212546745433535,0.6290322580645161,0.5841584158415841,0.65,1.5126728110599077,0.0,3,606,225,0.4839282402067173,l1,0.1,liblinear,0.6954887335886818
0.6733405483405484,0.7400417324341888,0.6709677419354839,0.751219512195122,0.6299603174603174,0.26853530859102315,0.7777777777777778,0.48214285714285715,0.7264150943396226,1.5019157088122608,0.0,4,676,155,0.5049198498011382,l1,0.1,liblinear,0.6800322680852597
0.7141591352117668,0.7949682555820733,0.6923076923076923,0.7551020408163265,0.6719829877724615,0.3415534192004469,0.7474747474747475,0.5964912280701754,0.7628865979381443,1.8524374176548088,0.030303030303030304,5,675,156,0.4783575224296691,l2,0.01,liblinear,0.6452070144358146
