accuracy,balanced_accuracy,f1_macro,f1_weighted,mae,adjacent_accuracy,kappa_linear,kappa_quadratic,spearman_r,roc_auc_macro_ovr,roc_auc_weighted_ovr,fold,n_train,n_val,best_penalty,best_C,best_solver,inner_auc_score
0.4921875,0.4702707710837792,0.46631623597915733,0.5012072415513428,0.625,0.8828125,0.25405208523037703,0.29570067278593404,0.3394467190060892,0.6705343245581066,0.6772943445470294,1,611,256,l2,0.0001,lbfgs,0.6387628770101234
0.40625,0.41002596083300413,0.4000504324418144,0.40937043058334616,0.7578125,0.8359375,0.13813688740802443,0.1634380289637013,0.23284233170928081,0.618663443172288,0.6123562008978676,2,739,128,l2,0.0001,lbfgs,0.6686489042816808
0.5644171779141104,0.5795460874408243,0.5632777777777778,0.5725766871165645,0.5214723926380368,0.9141104294478528,0.39684819990422704,0.4463281931042775,0.48624482829330806,0.7113195204343677,0.7093712750916648,3,704,163,l2,0.0001,lbfgs,0.6194700173070301
0.44970414201183434,0.46199980574980576,0.44997341565166044,0.4492164577192601,0.6686390532544378,0.8816568047337278,0.22681080205676352,0.28443337484433373,0.3078768073664944,0.6484456787714815,0.6353762254290778,4,698,169,l2,0.001,lbfgs,0.6553190433927247
0.4768211920529801,0.4646464646464647,0.46366352384278114,0.4808836600138293,0.6291390728476821,0.8940397350993378,0.23790044094990181,0.2813027020949669,0.4396050850402102,0.6885572709039461,0.6793842972281593,5,716,151,l2,0.0001,lbfgs,0.6473940512587151
