roc_auc,pr_auc,accuracy,f1,balanced_accuracy,matthews_corrcoef,sensitivity,specificity,precision,pos_LR,sensitivity_at_spec100,fold,n_train,n_val,threshold,best_penalty,best_C,best_solver,best_inner_score
0.7228687073109031,0.758334171791194,0.6432432432432432,0.67,0.6719580065772831,0.33274019289201306,0.5677966101694916,0.7761194029850746,0.8170731707317073,2.536158192090396,0.0,1,646,185,0.5085900703896241,l2,0.0001,liblinear,0.6721493184363808
0.6763300414144631,0.7564558794404896,0.6810344827586207,0.7581699346405228,0.6414463204842307,0.2953391795296987,0.7945205479452054,0.4883720930232558,0.725,1.552926525529265,0.0273972602739726,2,715,116,0.4578406648309192,l2,0.0001,liblinear,0.6798551522205225
0.6419283502874833,0.6624074975797648,0.5747663551401869,0.6060606060606061,0.5730650154798762,0.14536694464241198,0.5882352941176471,0.5578947368421052,0.625,1.330532212885154,0.0,3,617,214,0.47658058229311245,l2,0.001,liblinear,0.7046096831456297
0.6673684210526316,0.7122828917370299,0.6774193548387096,0.7340425531914894,0.6631578947368422,0.3244428422615251,0.7263157894736842,0.6,0.7419354838709677,1.8157894736842106,0.010526315789473684,4,676,155,0.5380447382258131,l2,0.0001,lbfgs,0.6678482418051501
0.7287390029325513,0.771038632425797,0.6645962732919255,0.7096774193548387,0.6639784946236559,0.3202247141626529,0.6666666666666666,0.6612903225806451,0.7586206896551724,1.968253968253968,0.030303030303030304,5,670,161,0.5076743437917328,l2,0.0001,liblinear,0.6266817792394412
