roc_auc,pr_auc,accuracy,f1,balanced_accuracy,matthews_corrcoef,sensitivity,specificity,precision,pos_LR,sensitivity_at_spec100,fold,n_train,n_val,threshold,best_penalty,best_C,best_solver,best_inner_score
0.7321022008601064,0.7696996132057807,0.6702702702702703,0.7136150234741784,0.6802428535289653,0.3466437686626482,0.6440677966101694,0.7164179104477612,0.8,2.2711864406779654,0.0,1,646,185,0.49564614178088834,l2,0.0001,liblinear,0.6771447967282035
0.6648614208346607,0.7404365963076498,0.6120689655172413,0.6666666666666666,0.6105447594775406,0.21407753131291143,0.6164383561643836,0.6046511627906976,0.7258064516129032,1.5592264302981467,0.0273972602739726,2,715,116,0.5123000873601815,l2,0.0001,liblinear,0.7011986346525891
0.6653693056169837,0.6702065133609576,0.6214953271028038,0.6431718061674009,0.6225121627598408,0.24348918461953797,0.6134453781512605,0.631578947368421,0.6759259259259259,1.6650660264105641,0.01680672268907563,3,617,214,0.48426379741204717,l2,0.0001,liblinear,0.7002184933998975
0.6654385964912282,0.6945588020319355,0.7096774193548387,0.7692307692307693,0.6864035087719298,0.37952480150858076,0.7894736842105263,0.5833333333333334,0.75,1.8947368421052633,0.0,4,676,155,0.5079614254517012,l2,0.0001,liblinear,0.6879031704198751
0.6723688497882045,0.7362624537399174,0.6273291925465838,0.6808510638297872,0.6216194200065168,0.23805927911200253,0.6464646464646465,0.5967741935483871,0.7191011235955056,1.6032323232323236,0.0,5,670,161,0.5374763009441684,l1,0.1,liblinear,0.653390074493976
