roc_auc,pr_auc,accuracy,f1,balanced_accuracy,matthews_corrcoef,sensitivity,specificity,precision,pos_LR,sensitivity_at_spec100,fold,n_train,n_val,threshold,best_penalty,best_C,best_solver,best_inner_score
0.6753246753246753,0.7636291163297184,0.6851851851851852,0.7536231884057971,0.6558441558441559,0.3223291856101521,0.7878787878787878,0.5238095238095238,0.7222222222222222,1.6545454545454545,0.07575757575757576,1,723,108,0.5098719283851677,l2,0.001,liblinear,0.7090923594454226
0.6737493929091792,0.7098331281531413,0.6417112299465241,0.6854460093896714,0.6456410879067509,0.2829208519196256,0.6293103448275862,0.6619718309859155,0.7525773195876289,1.8617097701149425,0.0,2,644,187,0.5031439908671701,l2,0.0001,lbfgs,0.6861985488071569
0.6241616097093579,0.6452178769269432,0.6133333333333333,0.6859205776173285,0.5959358032577451,0.2045833461915173,0.7661290322580645,0.42574257425742573,0.6209150326797386,1.3341212458286984,0.008064516129032258,3,606,225,0.4643212139118808,l2,0.001,lbfgs,0.7364139806878003
0.6792929292929293,0.7325708665520654,0.6709677419354839,0.7437185929648241,0.6415945165945166,0.28431953282651484,0.7474747474747475,0.5357142857142857,0.74,1.60994560994561,0.020202020202020204,4,676,155,0.48880815549145795,l2,0.0001,liblinear,0.6896370291529061
0.8261562998405104,0.8604479724001752,0.7435897435897436,0.7894736842105263,0.7384370015948963,0.46578049506505587,0.7575757575757576,0.7192982456140351,0.8241758241758241,2.6988636363636367,0.020202020202020204,5,675,156,0.5016670775757798,l2,0.0001,liblinear,0.6466509654302549
