accuracy,balanced_accuracy,f1_macro,f1_weighted,mae,adjacent_accuracy,kappa_linear,kappa_quadratic,spearman_r,roc_auc_macro_ovr,roc_auc_weighted_ovr,fold,n_train,n_val,best_penalty,best_C,best_solver,inner_auc_score
0.4351145038167939,0.45978971298664395,0.4331148952261417,0.42652106337192486,0.732824427480916,0.8320610687022901,0.1971399387129723,0.22393364928909953,0.31713046652834226,0.584420985636149,0.5713779227753114,1,736,131,l2,0.001,lbfgs,0.6755610576504837
0.47619047619047616,0.4768859160163508,0.4638626480731744,0.4732974411336984,0.6984126984126984,0.8253968253968254,0.2348647488192358,0.25735264933518553,0.2373258196630338,0.6162585966933792,0.6191650358317025,2,678,189,l2,0.001,lbfgs,0.6691832053305302
0.425,0.42882352941176466,0.4240403314041375,0.4338526020946659,0.69375,0.88125,0.2256714335542378,0.3056041011301409,0.3760892192524563,0.6425245938262757,0.6471394327393314,3,707,160,l2,0.001,lbfgs,0.662048192520472
0.5512820512820513,0.5639001349527666,0.5355123658466207,0.5653960118733513,0.5854700854700855,0.8632478632478633,0.31939195787864627,0.31379300283038136,0.32196125157341277,0.6982156329286435,0.6872108860057882,4,633,234,l2,0.0001,lbfgs,0.6327372583050344
0.49673202614379086,0.526389806050823,0.4913927655360677,0.5105532836276224,0.6470588235294118,0.8562091503267973,0.2833893173108767,0.3013252434935334,0.3784598587861754,0.6828381655737313,0.6790832282370842,5,714,153,l2,0.0001,lbfgs,0.6292006458571965
