accuracy,balanced_accuracy,f1_macro,f1_weighted,mae,adjacent_accuracy,kappa_linear,kappa_quadratic,spearman_r,roc_auc_macro_ovr,roc_auc_weighted_ovr,fold,n_train,n_val,best_penalty,best_C,best_solver,inner_auc_score
0.35877862595419846,0.37482239272520596,0.3598978288633461,0.3543564095814688,0.7938931297709924,0.8473282442748091,0.11186440677966103,0.17509183138009443,0.3663489010021918,0.6251133024553016,0.6152350024766341,1,736,131,l2,0.0001,lbfgs,0.6846229239195969
0.4656084656084656,0.4598290598290598,0.4548695184288405,0.45753103501287523,0.6349206349206349,0.8994708994708994,0.2652585201503175,0.35536654865728357,0.32211314290099524,0.6147620079597639,0.6100797041657258,2,678,189,l2,0.001,lbfgs,0.6990674976861333
0.5125,0.5252567693744165,0.5093164949595658,0.5119765702891326,0.6,0.8875,0.34246575342465757,0.4087346024636058,0.4602333591666689,0.7020856221723187,0.7043258441079923,3,707,160,l2,0.0001,lbfgs,0.6566333736674379
0.5512820512820513,0.5689383715699505,0.5385461169067727,0.559985309165637,0.5683760683760684,0.8803418803418803,0.32961399276236414,0.34087454171510323,0.3676323917485798,0.7153369738890044,0.7024509368924536,4,633,234,l2,0.0001,lbfgs,0.634198562923997
0.43137254901960786,0.4779453126910755,0.43248991565823247,0.4330838312589429,0.6862745098039216,0.8823529411764706,0.22745852368357788,0.29182943242622206,0.37018433645578586,0.6755654759953353,0.6662784035600057,5,714,153,l2,0.0001,lbfgs,0.6554782997345459
