roc_auc,pr_auc,accuracy,f1,balanced_accuracy,matthews_corrcoef,sensitivity,specificity,precision,pos_LR,sensitivity_at_spec100,fold,n_train,n_val,threshold,best_penalty,best_C,best_solver,best_inner_score
0.6200681701452118,0.6898248410012704,0.6140939597315436,0.6742209631728046,0.6006210020077509,0.2009841005338945,0.672316384180791,0.5289256198347108,0.6761363636363636,1.4271979383486968,0.011299435028248588,1,595,298,0.47517293894992524,l1,0.1,liblinear,0.6939753297392024
0.7234906139015728,0.7721627245141883,0.6850828729281768,0.7298578199052133,0.6783992897006595,0.3534520547024053,0.7129629629629629,0.6438356164383562,0.7475728155339806,2.0017806267806266,0.06481481481481481,2,712,181,0.49497248060611715,l2,0.001,lbfgs,0.6354692802652869
0.5829213483146067,0.6981791001909647,0.5899280575539568,0.6850828729281768,0.5483146067415731,0.09802697645209078,0.6966292134831461,0.4,0.6739130434782609,1.161048689138577,0.011235955056179775,3,754,139,0.5366751810024478,l2,0.01,liblinear,0.6916176953379711
0.6862337662337662,0.7486605624983378,0.6611111111111111,0.7214611872146118,0.6448051948051947,0.28887973507144593,0.7181818181818181,0.5714285714285714,0.7247706422018348,1.6757575757575756,0.0,4,713,180,0.5108891866119513,l1,0.1,liblinear,0.6643876466944777
0.7222222222222221,0.7080722925090197,0.6947368421052632,0.7339449541284404,0.6874435411020776,0.37607801308036715,0.7407407407407407,0.6341463414634146,0.7272727272727273,2.0246913580246915,0.0,5,798,95,0.5034558325151574,l1,0.1,liblinear,0.6810211225948025
