roc_auc,pr_auc,accuracy,f1,balanced_accuracy,matthews_corrcoef,sensitivity,specificity,precision,pos_LR,sensitivity_at_spec100,fold,n_train,n_val,threshold,best_penalty,best_C,best_solver,best_inner_score
0.6901583710407241,0.68964568173115,0.6666666666666666,0.7096774193548387,0.6584276018099547,0.32147037618456936,0.7403846153846154,0.5764705882352941,0.6814159292035398,1.7481303418803418,0.0,1,678,189,0.4521703252467098,l2,1.0,lbfgs,0.6759250425162927
0.5948571428571429,0.6371285656804915,0.6,0.6666666666666666,0.5828571428571429,0.16803478540247052,0.6857142857142857,0.48,0.6486486486486487,1.3186813186813187,0.0,2,747,120,0.5036125789667112,l2,0.1,liblinear,0.6725139065925931
0.617037037037037,0.7028524421259887,0.5644444444444444,0.5983606557377049,0.5703703703703704,0.13796398425377468,0.5407407407407407,0.6,0.6697247706422018,1.3518518518518519,0.022222222222222223,3,642,225,0.5368787836734749,l2,1.0,liblinear,0.6703885101912358
0.6415441176470588,0.6991113236839998,0.6445783132530121,0.7177033492822966,0.6176470588235294,0.2392672445295204,0.7352941176470589,0.5,0.7009345794392523,1.4705882352941178,0.0196078431372549,4,701,166,0.5368979284004662,l2,0.1,lbfgs,0.6899510613453728
0.7136712749615975,0.7964159309269276,0.6287425149700598,0.6736842105263158,0.6354070660522273,0.26172513287676835,0.6095238095238096,0.6612903225806451,0.7529411764705882,1.799546485260771,0.05714285714285714,5,700,167,0.5192464257351497,l2,0.1,lbfgs,0.6650448709581734
