roc_auc,pr_auc,accuracy,f1,balanced_accuracy,matthews_corrcoef,sensitivity,specificity,precision,pos_LR,sensitivity_at_spec100,fold,n_train,n_val,threshold,best_penalty,best_C,best_solver,best_inner_score
0.7368035190615836,0.851836013087944,0.7262569832402235,0.7896995708154506,0.7164222873900293,0.4092247545117566,0.7419354838709677,0.6909090909090909,0.8440366972477065,2.4003795066413662,0.10483870967741936,1,714,179,0.499565084898123,l1,0.1,liblinear,0.6331842704655346
0.6590424659780292,0.6403413980677538,0.5701357466063348,0.5365853658536586,0.573003771110018,0.14826110500499493,0.4824561403508772,0.6635514018691588,0.6043956043956044,1.4339668615984404,0.008771929824561403,2,672,221,0.4888400690392883,l2,0.001,liblinear,0.6291441442781645
0.5960773919957594,0.7161931728293452,0.5634920634920635,0.6258503401360545,0.5538033395176252,0.10556977536922243,0.5974025974025974,0.5102040816326531,0.6571428571428571,1.2196969696969697,0.012987012987012988,3,767,126,0.5204481269022323,l1,0.1,liblinear,0.6802731614113499
0.6056502111547983,0.6940534906858122,0.6162790697674418,0.7,0.583369739333042,0.16791734393044366,0.7064220183486238,0.4603174603174603,0.6936936936936937,1.3089584457636263,0.0,4,721,172,0.4914277441717864,l1,0.1,liblinear,0.6790153003007465
0.6680745072557939,0.6921905329761648,0.6461538461538462,0.676056338028169,0.6491228070175439,0.2939786471430817,0.631578947368421,0.6666666666666666,0.7272727272727273,1.8947368421052628,0.008771929824561403,5,698,195,0.4849489637574223,l1,0.1,liblinear,0.6705060522999717
