roc_auc,pr_auc,accuracy,f1,balanced_accuracy,matthews_corrcoef,sensitivity,specificity,precision,pos_LR,sensitivity_at_spec100,fold,n_train,n_val,threshold,best_penalty,best_C,best_solver,best_inner_score
0.6027210884353742,0.6468396279227279,0.5625,0.5882352941176471,0.5607843137254902,0.12156862745098039,0.5882352941176471,0.5333333333333333,0.5882352941176471,1.2605042016806722,0.03361344537815126,1,669,224,0.4934974435348527,l1,0.1,liblinear,0.6739042506147715
0.6264227642276423,0.7678542228358793,0.5956284153005464,0.6605504587155964,0.6010162601626017,0.1898219033741457,0.5853658536585366,0.6166666666666667,0.7578947368421053,1.5270413573700954,0.056910569105691054,2,710,183,0.5369489146759338,l1,0.1,liblinear,0.6843752522930574
0.6699197571025809,0.7395442248148472,0.65,0.6878980891719745,0.6594014313597918,0.3092585630437338,0.6206896551724138,0.6981132075471698,0.7714285714285715,2.0560344827586206,0.022988505747126436,3,753,140,0.5038527856969459,l1,0.1,liblinear,0.6278235183198968
0.6759868421052632,0.7583908637056773,0.6274509803921569,0.6850828729281768,0.6211622807017544,0.2357797812857538,0.6458333333333334,0.5964912280701754,0.7294117647058823,1.6005434782608696,0.020833333333333332,4,740,153,0.5177247674185151,l2,0.01,liblinear,0.6522639528579697
0.7022123893805309,0.7301020810789879,0.689119170984456,0.7247706422018348,0.6870575221238938,0.3700440303224397,0.6991150442477876,0.675,0.7523809523809524,2.151123213070116,0.017699115044247787,5,700,193,0.47972515465836063,l2,0.001,liblinear,0.6617125009839866
