accuracy,balanced_accuracy,f1_macro,f1_weighted,mae,adjacent_accuracy,kappa_linear,kappa_quadratic,spearman_r,roc_auc_macro_ovr,roc_auc_weighted_ovr,fold,n_train,n_val,best_penalty,best_C,best_solver,inner_auc_score
0.4954128440366973,0.5033283563518726,0.4875233167916095,0.5057437527788836,0.6422018348623854,0.8623853211009175,0.29521522261222977,0.3375471010088733,0.3942738065121365,0.6625524169992455,0.6668375729719089,1,758,109,l2,0.001,lbfgs,0.6281472292630849
0.4793388429752066,0.49990680335507925,0.4785800157210893,0.4813510774525416,0.6694214876033058,0.8512396694214877,0.2320770978610045,0.2346326431313186,0.24643196581144688,0.6516150741651626,0.6467424359088031,2,746,121,l2,0.001,lbfgs,0.6325921365333937
0.4567901234567901,0.4646062498521515,0.45285460934315896,0.4605089017726846,0.6604938271604939,0.8827160493827161,0.21876690102758267,0.25978445830969943,0.32732349295490504,0.6532279722819365,0.6455813375792959,3,705,162,l2,0.001,lbfgs,0.6282907220027635
0.47577092511013214,0.4498015873015873,0.44469417028645286,0.4771515124298629,0.6740088105726872,0.8502202643171806,0.18790188696892463,0.20224218812117345,0.20963274961650094,0.6230813407921136,0.6147102485143732,4,640,227,l2,0.001,lbfgs,0.6475792475006628
0.46774193548387094,0.4618733059746652,0.4556923841923696,0.46740610836066093,0.6814516129032258,0.8508064516129032,0.2256014190162965,0.2588183204604714,0.3177183985333172,0.6677390283791341,0.66367177023139,5,619,248,l2,0.001,lbfgs,0.6147072921057802
