accuracy,balanced_accuracy,f1_macro,f1_weighted,mae,adjacent_accuracy,kappa_linear,kappa_quadratic,spearman_r,roc_auc_macro_ovr,roc_auc_weighted_ovr,fold,n_train,n_val,best_penalty,best_C,best_solver,inner_auc_score
0.4117647058823529,0.40444444444444444,0.39472039987503904,0.40159325210871605,0.6638655462184874,0.9243697478991597,0.16576448664477772,0.26190932924099997,0.3336762011465184,0.6015517653254434,0.5959173563560377,1,748,119,l2,0.1,lbfgs,0.6575283117957584
0.549618320610687,0.5771403737505433,0.5524627877569054,0.5446911517858981,0.5267175572519084,0.9236641221374046,0.38905035484961137,0.45368070849538444,0.40101620193853393,0.7143194825648242,0.7030751757501318,2,736,131,l2,0.01,lbfgs,0.6364839676443148
0.5117647058823529,0.5201058201058201,0.5116212279448139,0.5150324219722519,0.6588235294117647,0.8294117647058824,0.2696025778732545,0.2640692640692641,0.25671067580237433,0.6478560517966608,0.6455214098100299,3,697,170,l2,0.01,lbfgs,0.6471005782822078
0.4297872340425532,0.40425602593744187,0.3908067689885872,0.4286162425582155,0.7702127659574468,0.8,0.1413488907281425,0.16714994522842963,0.25711643230815073,0.5908700591564392,0.600023238242386,4,632,235,l2,0.01,lbfgs,0.6683788654474949
0.5094339622641509,0.5011110249851433,0.4938354190937903,0.5155622146098484,0.5613207547169812,0.9292452830188679,0.29585798816568043,0.36227085520471614,0.3988963726986879,0.6804093301242177,0.684696697772707,5,655,212,l2,0.1,lbfgs,0.6446498313065911
