accuracy,balanced_accuracy,f1_macro,f1_weighted,mae,adjacent_accuracy,kappa_linear,kappa_quadratic,spearman_r,roc_auc_macro_ovr,roc_auc_weighted_ovr,fold,n_train,n_val,best_penalty,best_C,best_solver,inner_auc_score
0.42016806722689076,0.4550617283950617,0.39906025216282703,0.39067777999568526,0.7478991596638656,0.8319327731092437,0.18662161124337606,0.21078607783661507,0.22813646757708642,0.5920068180149874,0.5823400930116603,1,748,119,l2,0.01,lbfgs,0.6336762622549983
0.37404580152671757,0.4387157099021506,0.35614810221429866,0.32111694992577056,0.8091603053435115,0.816793893129771,0.16025641025641024,0.1994444444444443,0.19694336438242327,0.6246272528183783,0.6253107753777472,2,736,131,l2,0.1,liblinear,0.648365880065002
0.4,0.43261648745519715,0.3272506082725061,0.3098754830399313,0.8294117647058824,0.7705882352941177,0.17736289381563597,0.21729807005003576,0.27243601545649265,0.6227854486986232,0.6160371388430762,3,697,170,l2,0.0001,liblinear,0.6322840141137925
0.5106382978723404,0.47848401498843973,0.3992623491704374,0.44116368417252333,0.6723404255319149,0.8170212765957446,0.2769793979047397,0.32517359067906326,0.34969460211055614,0.635341964474261,0.6398701288274588,4,632,235,l2,0.0001,liblinear,0.640571594382801
0.45754716981132076,0.47473416437062665,0.3702932098765432,0.3881442173305381,0.7358490566037735,0.8066037735849056,0.23091949211664575,0.27407705809570404,0.3812959557567344,0.6474875598227379,0.6399100764083367,5,655,212,l2,0.0001,lbfgs,0.628749916838484
