roc_auc,pr_auc,accuracy,f1,balanced_accuracy,matthews_corrcoef,sensitivity,specificity,precision,pos_LR,sensitivity_at_spec100,fold,n_train,n_val,threshold,best_penalty,best_C,best_solver,best_inner_score
0.5615112160566706,0.699241852419866,0.5549738219895288,0.6153846153846154,0.5524203069657615,0.10114643131748596,0.5619834710743802,0.5428571428571428,0.68,1.2293388429752066,0.049586776859504134,1,702,191,0.4786223988659545,l1,0.1,liblinear,0.6400298462430868
0.6679929969759669,0.7641981899233091,0.6524390243902439,0.7046632124352331,0.6497692185261819,0.29093701229820734,0.6601941747572816,0.639344262295082,0.7555555555555555,1.83053839364519,0.06796116504854369,2,729,164,0.49040059628688626,l2,0.001,liblinear,0.6194312296155102
0.5897467420703221,0.6141779762901716,0.56353591160221,0.582010582010582,0.5637447750184411,0.12705294070644207,0.5612244897959183,0.5662650602409639,0.6043956043956044,1.2939342403628118,0.0,3,712,181,0.5079735237778836,l2,0.001,lbfgs,0.6310668282638725
0.6322994029416048,0.7228726780691255,0.627906976744186,0.6893203883495146,0.6193388670452891,0.23188835036346628,0.6513761467889908,0.5873015873015873,0.7319587628865979,1.5783345095271701,0.027522935779816515,4,721,172,0.5085400032556462,l2,0.001,lbfgs,0.6338731748516168
0.6767313683201533,0.7106468729377963,0.6270270270270271,0.649746192893401,0.632398753894081,0.2616194486868457,0.5981308411214953,0.6666666666666666,0.7111111111111111,1.7943925233644857,0.018691588785046728,5,708,185,0.49224829502198086,l2,0.001,liblinear,0.6039962504092515
