roc_auc,pr_auc,accuracy,f1,balanced_accuracy,matthews_corrcoef,sensitivity,specificity,precision,pos_LR,sensitivity_at_spec100,fold,n_train,n_val,threshold,best_penalty,best_C,best_solver,best_inner_score
0.6672289156626506,0.6877698892611019,0.5901639344262295,0.5714285714285714,0.5993975903614458,0.20123447664776564,0.5,0.6987951807228916,0.6666666666666666,1.6600000000000001,0.03,1,684,183,0.5739024752583712,l2,0.1,liblinear,0.6655595214596692
0.6486486486486487,0.6854975114440134,0.6069364161849711,0.5853658536585366,0.6275593775593775,0.2606197285752614,0.48484848484848486,0.7702702702702703,0.7384615384615385,2.110516934046346,0.020202020202020204,2,694,173,0.5259470814867697,l2,0.01,lbfgs,0.6816260678647524
0.6910837155963302,0.793609525497354,0.6647398843930635,0.7363636363636363,0.6371846330275229,0.2762366912005716,0.7431192660550459,0.53125,0.7297297297297297,1.585321100917431,0.08256880733944955,3,694,173,0.47561074366939377,l2,0.01,lbfgs,0.6722406338318049
0.6252815315315314,0.7243861556907916,0.6342857142857142,0.6981132075471698,0.6223958333333333,0.23865556121257633,0.6666666666666666,0.578125,0.7326732673267327,1.5802469135802468,0.02702702702702703,4,692,175,0.49380379681264736,l2,0.01,lbfgs,0.6940637310234014
0.7149328334895345,0.7492194280735089,0.7177914110429447,0.7745098039215687,0.6950952827241488,0.4033190139964176,0.8144329896907216,0.5757575757575758,0.7383177570093458,1.919734904270987,0.061855670103092786,5,704,163,0.49036748069337255,l2,0.01,liblinear,0.6484977958020792
