accuracy,balanced_accuracy,f1_macro,f1_weighted,mae,adjacent_accuracy,kappa_linear,kappa_quadratic,spearman_r,roc_auc_macro_ovr,roc_auc_weighted_ovr,fold,n_train,n_val,best_penalty,best_C,best_solver,inner_auc_score
0.47706422018348627,0.47898780639542116,0.4647203898973363,0.4829560287672921,0.6513761467889908,0.8715596330275229,0.27693170139213297,0.3355704697986577,0.3962545067329232,0.6604711753719931,0.658584934042393,1,758,109,l2,0.0001,lbfgs,0.6336894713682815
0.4462809917355372,0.45595187664153186,0.4425994563874475,0.45011609456652923,0.7024793388429752,0.8512396694214877,0.1748896911351785,0.1790860667227363,0.2918407545427487,0.6410284008893795,0.6288528216303998,2,746,121,l2,0.0001,lbfgs,0.6490639434430585
0.4074074074074074,0.3969484067844724,0.39728086356493814,0.41503394492394974,0.691358024691358,0.9012345679012346,0.15672058003346356,0.22549800796812747,0.29434988629122233,0.6105824046477915,0.6072533596225619,3,705,162,l2,0.0001,lbfgs,0.6396700273289291
0.4801762114537445,0.4777777777777778,0.4619900407499488,0.4884418100952519,0.6563876651982379,0.8634361233480177,0.24144968489986318,0.27714643606344613,0.35894550890267324,0.6674747849220918,0.6622628276003427,4,640,227,l2,0.0001,lbfgs,0.6387532992050227
0.5201612903225806,0.5189622775836905,0.5121384906597157,0.5187353979855976,0.6129032258064516,0.8669354838709677,0.2996432818073722,0.329563492063492,0.36955977891297137,0.6695990396671926,0.6624837894387146,5,619,248,l2,0.0001,lbfgs,0.6254917970582637
