roc_auc,pr_auc,accuracy,f1,balanced_accuracy,matthews_corrcoef,sensitivity,specificity,precision,pos_LR,sensitivity_at_spec100,fold,n_train,n_val,threshold,best_penalty,best_C,best_solver,best_inner_score
0.5800865800865801,0.658982371126358,0.5833333333333334,0.6616541353383458,0.5595238095238095,0.1195881086105401,0.6666666666666666,0.4523809523809524,0.6567164179104478,1.217391304347826,0.0,1,723,108,0.50461715923655,l1,0.01,liblinear,0.7210333396115574
0.6579650315687228,0.7436582237749378,0.6042780748663101,0.6442307692307693,0.6127367654201068,0.21887593707815267,0.5775862068965517,0.647887323943662,0.7282608695652174,1.640344827586207,0.034482758620689655,2,644,187,0.5018654702025341,l2,0.001,liblinear,0.6945585918725582
0.7075215586074737,0.7071533664668939,0.68,0.7073170731707317,0.67753912488023,0.3544843547770393,0.7016129032258065,0.6534653465346535,0.7131147540983607,2.0246543778801844,0.0,3,606,225,0.5389759595674519,l2,0.001,liblinear,0.724469034382062
0.6614357864357864,0.7212558559734711,0.632258064516129,0.6984126984126984,0.6190476190476191,0.23178449845503846,0.6666666666666666,0.5714285714285714,0.7333333333333333,1.5555555555555554,0.030303030303030304,4,676,155,0.5185436402124011,l2,0.0001,liblinear,0.6866974485359597
0.7859294701399965,0.8390212858459819,0.7307692307692307,0.7878787878787878,0.7097288676236044,0.4194577352472089,0.7878787878787878,0.631578947368421,0.7878787878787878,2.1385281385281383,0.0,5,675,156,0.4845486158016029,l2,0.001,liblinear,0.6795451827072899
