roc_auc,pr_auc,accuracy,f1,balanced_accuracy,matthews_corrcoef,sensitivity,specificity,precision,pos_LR,sensitivity_at_spec100,fold,n_train,n_val,threshold,best_penalty,best_C,best_solver,best_inner_score
0.7250189729319504,0.7656876235064274,0.6594594594594595,0.6985645933014354,0.6749936756893499,0.33646983189389973,0.6186440677966102,0.7313432835820896,0.8021978021978022,2.3027306967984935,0.0,1,646,185,0.5622203425083472,l2,0.0001,liblinear,0.7128085449410314
0.7136030582988212,0.8028203736157369,0.7068965517241379,0.7702702702702703,0.6811086333227143,0.36596727037266186,0.7808219178082192,0.5813953488372093,0.76,1.8652968036529682,0.0684931506849315,2,715,116,0.48919876676303403,l1,0.01,liblinear,0.6849642164262072
0.6785493144626271,0.6851867835002596,0.6355140186915887,0.6548672566371682,0.6372401592215834,0.2727487158685831,0.6218487394957983,0.6526315789473685,0.6915887850467289,1.7901706137000257,0.0,3,617,214,0.48702621007238234,l1,0.01,liblinear,0.7197677910778497
0.6987719298245614,0.7221971311751421,0.7290322580645161,0.79,0.6991228070175439,0.41496242947769185,0.8315789473684211,0.5666666666666667,0.7523809523809524,1.9190283400809716,0.010526315789473684,4,676,155,0.4978637392948664,l1,0.01,liblinear,0.6941566388459568
0.6638970348647768,0.7444155836113973,0.5962732919254659,0.6596858638743456,0.5843108504398826,0.1658091331070182,0.6363636363636364,0.532258064516129,0.6847826086956522,1.3605015673981191,0.030303030303030304,5,670,161,0.4933493577104076,l2,0.001,liblinear,0.694839280448028
