n_pairs,pairwise_accuracy,both_correct_rate,mean_delta,median_delta,std_delta,n_positive_delta,per_drug_accuracy,per_drug_roc_auc,per_drug_pr_auc,n_train,n_test,best_penalty,best_C,best_solver,inner_cv_score,threshold,seed
13,0.38461538461538464,0.5384615384615384,-0.004838335921247904,-0.002250349678248331,0.049601440015652185,5,0.8076923076923077,0.125,0.7175241733341136,867,26,l2,0.0001,liblinear,0.6980012559551797,0.5061381009618529,0
