roc_auc,pr_auc,accuracy,f1,balanced_accuracy,matthews_corrcoef,sensitivity,specificity,precision,pos_LR,sensitivity_at_spec100,fold,n_train,n_val,threshold,best_penalty,best_C,best_solver,best_inner_score
0.6311936936936937,0.6751761031037055,0.6147540983606558,0.6928104575163399,0.5872747747747747,0.17848734830863194,0.7162162162162162,0.4583333333333333,0.6708860759493671,1.322245322245322,0.0,1,745,122,0.5153720033856222,l2,0.0001,liblinear,0.704523806230007
0.7111111111111111,0.7482689331796156,0.664,0.704225352112676,0.6791666666666667,0.34401100852841215,0.625,0.7333333333333333,0.8064516129032258,2.3437499999999996,0.0,2,742,125,0.5465780924700702,l2,0.0001,liblinear,0.691653095135431
0.7061855670103094,0.7919348587467805,0.6425531914893617,0.697841726618705,0.6297997908262364,0.2604375361651718,0.7028985507246377,0.5567010309278351,0.6928571428571428,1.585608358611392,0.13768115942028986,3,632,235,0.444404190077282,l2,0.01,lbfgs,0.6963539004852358
0.6229948576252975,0.6568157993550674,0.6,0.6567164179104478,0.5886100237930769,0.17986236291278648,0.6821705426356589,0.49504950495049505,0.6330935251798561,1.3509651922784618,0.0,4,637,230,0.530987863874705,l1,0.1,liblinear,0.7194552862640937
0.7464912280701754,0.7828356294433554,0.7096774193548387,0.7593582887700535,0.6986842105263158,0.39406384458627036,0.7473684210526316,0.65,0.7717391304347826,2.1353383458646618,0.021052631578947368,5,712,155,0.5151471466260756,l2,0.0001,lbfgs,0.691941024006245
