roc_auc,pr_auc,accuracy,f1,balanced_accuracy,matthews_corrcoef,sensitivity,specificity,precision,pos_LR,sensitivity_at_spec100,fold,n_train,n_val,threshold,best_penalty,best_C,best_solver,best_inner_score
0.6850439882697947,0.7778700040980493,0.6927374301675978,0.7679324894514767,0.6669354838709678,0.3192711332441132,0.7338709677419355,0.6,0.8053097345132744,1.8346774193548387,0.0,1,714,179,0.4838363832416634,l1,0.01,liblinear,0.6592025585820254
0.7198721101819971,0.7151160188978377,0.6425339366515838,0.658008658008658,0.6417445482866043,0.283838350243377,0.6666666666666666,0.616822429906542,0.6495726495726496,1.7398373983739834,0.0,2,672,221,0.4719235202067375,l2,0.0001,liblinear,0.6177523686129192
0.6676384839650146,0.7267167793813206,0.6587301587301587,0.7189542483660131,0.6428571428571428,0.2846974386589162,0.7142857142857143,0.5714285714285714,0.7236842105263158,1.6666666666666665,0.012987012987012988,3,767,126,0.49710618494815845,l2,0.0001,liblinear,0.6684171381174013
0.5960390272316878,0.6933034541318814,0.6511627906976745,0.7345132743362832,0.6108926751128586,0.22910897587679593,0.7614678899082569,0.4603174603174603,0.7094017094017094,1.4109552077711816,0.03669724770642202,4,721,172,0.4970752241119363,l1,0.01,liblinear,0.6910695425097227
0.6678579163959281,0.6610200700050575,0.6410256410256411,0.6846846846846847,0.6358024691358024,0.26925333610236796,0.6666666666666666,0.6049382716049383,0.7037037037037037,1.6875,0.0,5,698,195,0.4973917190390283,l2,0.0001,liblinear,0.6748201019159478
