accuracy,balanced_accuracy,f1_macro,f1_weighted,mae,adjacent_accuracy,kappa_linear,kappa_quadratic,spearman_r,roc_auc_macro_ovr,roc_auc_weighted_ovr,fold,n_train,n_val,best_penalty,best_C,best_solver,inner_auc_score
0.4409448818897638,0.43950617283950616,0.3485073702465007,0.3664972480446633,0.7637795275590551,0.7952755905511811,0.23097571633685,0.2857897716550293,0.2901535413672718,0.552382983464248,0.5573334234576419,1,740,127,l2,0.01,lbfgs,0.6389373261601605
0.35751295336787564,0.3893729255571361,0.310565548533463,0.3058632094125708,0.8963730569948186,0.7461139896373057,0.07430203221603038,0.07482355438416499,0.1282734665295135,0.5719979377553901,0.5692556942499627,2,674,193,l2,0.01,liblinear,0.6337079371187879
0.4186046511627907,0.4492033372488781,0.36545690489014654,0.3475753548489459,0.7848837209302325,0.7965116279069767,0.19217923740606735,0.22695781811803917,0.29050233634364075,0.6241520694675343,0.6155685883883559,3,695,172,l2,0.01,liblinear,0.6159748581803861
0.5253456221198156,0.4880434782608695,0.3832821038251366,0.45275553373120797,0.663594470046083,0.8110599078341014,0.2900440768846275,0.3423713358543192,0.3683313303508236,0.6489756485468766,0.6479828785779819,4,650,217,l2,0.001,lbfgs,0.6058732173088373
0.37341772151898733,0.4666257166257166,0.3306360153256705,0.26819612978320967,0.7911392405063291,0.8354430379746836,0.20587052673904305,0.26478784373521214,0.28626572282716134,0.6461480501232955,0.6372558864442807,5,709,158,l2,0.01,liblinear,0.6191699139414739
