roc_auc,pr_auc,accuracy,f1,balanced_accuracy,matthews_corrcoef,sensitivity,specificity,precision,pos_LR,sensitivity_at_spec100,fold,n_train,n_val,threshold,best_penalty,best_C,best_solver,best_inner_score
0.6284533648170012,0.7253468638449858,0.581151832460733,0.6396396396396397,0.5791027154663518,0.15271480838723725,0.5867768595041323,0.5714285714285714,0.7029702970297029,1.3691460055096418,0.04132231404958678,1,702,191,0.5393899647128022,l2,0.1,liblinear,0.7096226490857209
0.7397739933152953,0.8165638719967753,0.725609756097561,0.7887323943661971,0.6946522361929015,0.4003867531486461,0.8155339805825242,0.5737704918032787,0.7636363636363637,1.9133681852128452,0.11650485436893204,2,729,164,0.49759165537868083,l2,0.1,liblinear,0.6568064427401052
0.7233218588640276,0.7181705425856074,0.6685082872928176,0.6774193548387096,0.6708261617900173,0.3406070652912375,0.6428571428571429,0.6987951807228916,0.7159090909090909,2.134285714285715,0.0,3,712,181,0.5222226138308353,l2,0.1,liblinear,0.711731340301127
0.671763506625892,0.7349451880628508,0.6802325581395349,0.7465437788018433,0.6572739187418086,0.3135222467603063,0.7431192660550459,0.5714285714285714,0.75,1.7339449541284402,0.0,4,721,172,0.4887898462798738,l2,0.1,liblinear,0.6926932519091504
0.6976395878265037,0.7333249930691372,0.6324324324324324,0.6822429906542056,0.6231727773783848,0.2463455547567697,0.6822429906542056,0.5641025641025641,0.6822429906542056,1.565145684442001,0.018691588785046728,5,708,185,0.5101908111159418,l2,0.01,liblinear,0.6865925237190244
