accuracy,balanced_accuracy,f1_macro,f1_weighted,mae,adjacent_accuracy,kappa_linear,kappa_quadratic,spearman_r,roc_auc_macro_ovr,roc_auc_weighted_ovr,fold,n_train,n_val,best_penalty,best_C,best_solver,inner_auc_score
0.42578125,0.4018580285517955,0.40021002022095514,0.43948439818792473,0.69921875,0.875,0.1783690740873557,0.23936222243959704,0.30340911008506305,0.6355168594336247,0.6491224557257114,1,611,256,l2,0.0001,lbfgs,0.6397788250150881
0.421875,0.4323325244088267,0.41990794698062145,0.422218069108903,0.7109375,0.8671875,0.1796027609522468,0.22913856234341878,0.24478367123671396,0.613779725038054,0.611844066579538,2,739,128,l2,0.001,lbfgs,0.6514092799445257
0.5398773006134969,0.5491785018100808,0.53505291005291,0.5439307624890446,0.5398773006134969,0.9202453987730062,0.36999297259311315,0.43492275878846853,0.47230340671896537,0.7017498311237539,0.6949361332839269,3,704,163,l2,0.0001,lbfgs,0.6291392005518207
0.5088757396449705,0.5099553224553225,0.5036868973340897,0.5092046572041335,0.6094674556213018,0.8816568047337278,0.2851041110517887,0.31799068717369827,0.3164938606193527,0.6445787121454597,0.6367882926135353,4,698,169,l2,0.001,lbfgs,0.6576445725874149
0.5298013245033113,0.5272727272727272,0.5239737274220033,0.531132352461423,0.5562913907284768,0.9139072847682119,0.3297400126823081,0.3861788617886178,0.45905715000032005,0.7000097426710802,0.685605013269318,5,716,151,l2,0.0001,lbfgs,0.6320597907423522
