accuracy,balanced_accuracy,f1_macro,f1_weighted,mae,adjacent_accuracy,kappa_linear,kappa_quadratic,spearman_r,roc_auc_macro_ovr,roc_auc_weighted_ovr,fold,n_train,n_val,best_penalty,best_C,best_solver,inner_auc_score
0.4954128440366973,0.5203589647878561,0.4884559884559884,0.49382421859486075,0.6422018348623854,0.8623853211009175,0.3049735835306977,0.35464772054470095,0.4305285831664869,0.7021055283044971,0.6998785568939989,1,758,109,l2,0.0001,lbfgs,0.6438975729389184
0.38016528925619836,0.4079301872405321,0.38246562993013294,0.37150967540051066,0.7520661157024794,0.8677685950413223,0.1392949269131556,0.19893428063943153,0.31210342431369875,0.6489712260667692,0.6353832716570769,2,746,121,l2,0.001,lbfgs,0.6739131405725808
0.4444444444444444,0.4398433988597923,0.43417924571850625,0.4473518809165996,0.6481481481481481,0.9074074074074074,0.20394983152377388,0.26299117072184397,0.3458595077573968,0.6545845787288918,0.6452537699180387,3,705,162,l2,0.0001,lbfgs,0.6654163158337636
0.4933920704845815,0.4882936507936508,0.47431489285793926,0.4990398190853306,0.6387665198237885,0.8678414096916299,0.2512341045064719,0.28408793710865976,0.34341384123808316,0.673683925645284,0.6693447284777021,4,640,227,l2,0.001,lbfgs,0.6730229242347677
0.5604838709677419,0.560077194160094,0.5542787429246664,0.5624748774109637,0.5403225806451613,0.8991935483870968,0.37618261000150177,0.4199715273540777,0.4207208957804864,0.7110839590771407,0.7088973313339674,5,619,248,l2,0.001,lbfgs,0.644762270826195
