n_pairs,pairwise_accuracy,both_correct_rate,mean_delta,median_delta,std_delta,n_positive_delta,per_drug_accuracy,per_drug_roc_auc,per_drug_pr_auc,n_train,n_test,best_penalty,best_C,best_solver,inner_cv_score,threshold,seed
13,0.46153846153846156,0.46153846153846156,0.004596876113989059,-0.024741213410842566,0.20318519804205987,6,0.7307692307692307,0.6931818181818181,0.9306867867183553,867,26,l2,0.001,liblinear,0.6709471647952288,0.5476257645212795,4
