roc_auc,pr_auc,accuracy,f1,balanced_accuracy,matthews_corrcoef,sensitivity,specificity,precision,pos_LR,sensitivity_at_spec100,fold,n_train,n_val,threshold,best_penalty,best_C,best_solver,best_inner_score
0.7318181818181819,0.8523687219890124,0.6927374301675978,0.7717842323651453,0.6568181818181817,0.30410938407506843,0.75,0.5636363636363636,0.7948717948717948,1.7187499999999998,0.10483870967741936,1,714,179,0.5125527459752576,l2,0.001,liblinear,0.6732818597519238
0.7070831283817018,0.7033505434548285,0.6108597285067874,0.6293103448275862,0.6098950647647154,0.22018761303125395,0.6403508771929824,0.5794392523364486,0.6186440677966102,1.5226120857699803,0.017543859649122806,2,672,221,0.5169420496950093,l2,0.001,liblinear,0.6694025205490663
0.6482904850251789,0.7303395835020505,0.6666666666666666,0.7407407407407407,0.634508348794063,0.27991182668461706,0.7792207792207793,0.4897959183673469,0.7058823529411765,1.5272727272727273,0.05194805194805195,3,767,126,0.48376611299093175,l1,0.01,liblinear,0.6669788976976516
0.6187563710499491,0.6992340748451603,0.627906976744186,0.6952380952380952,0.6126401630988787,0.22045346472957025,0.6697247706422018,0.5555555555555556,0.7227722772277227,1.5068807339449541,0.0,4,721,172,0.5366334296884752,l2,0.0001,liblinear,0.70233760308746
0.687567684643708,0.708280197394743,0.6307692307692307,0.6697247706422018,0.6288174139051332,0.2544849719468941,0.6403508771929824,0.6172839506172839,0.7019230769230769,1.6731748726655347,0.008771929824561403,5,698,195,0.4922228340410135,l2,0.0001,liblinear,0.6892124263348299
