accuracy,balanced_accuracy,f1_macro,f1_weighted,mae,adjacent_accuracy,kappa_linear,kappa_quadratic,spearman_r,roc_auc_macro_ovr,roc_auc_weighted_ovr,fold,n_train,n_val,best_penalty,best_C,best_solver,inner_auc_score
0.42201834862385323,0.41772427522707484,0.413324011294842,0.4309884488367614,0.6972477064220184,0.8807339449541285,0.1951029926156238,0.26477979103293214,0.3453783802075389,0.626086498017732,0.6291015000050264,1,758,109,l2,0.0001,lbfgs,0.6447947339939484
0.4297520661157025,0.4255076393007427,0.41860370776033423,0.43109075420137843,0.7024793388429752,0.8677685950413223,0.15007024212874986,0.17031002754498037,0.2660532273306547,0.6391455226469537,0.6319432453999468,2,746,121,l2,0.001,lbfgs,0.6461632591206703
0.4074074074074074,0.4075509190263289,0.4013652977555417,0.4104432142517057,0.7098765432098766,0.8827160493827161,0.15762344004340756,0.21983002832861187,0.28699937155904093,0.6102543702484956,0.6059142447764024,3,705,162,l2,0.001,lbfgs,0.6395884054208815
0.4845814977973568,0.4714285714285715,0.46087246087246087,0.49332693737980077,0.6343612334801763,0.8810572687224669,0.25553429898879476,0.30529537234535853,0.3796036111453255,0.6698475742386748,0.6696696369178289,4,640,227,l2,0.0001,lbfgs,0.6463926455656209
0.4475806451612903,0.4529073670078872,0.4455019082507709,0.44743059154035436,0.6895161290322581,0.8629032258064516,0.20848109298592699,0.2544402515723272,0.2981409447294123,0.642314155695663,0.6340523507790213,5,619,248,l2,0.001,lbfgs,0.6437152898214595
