accuracy,balanced_accuracy,f1_macro,f1_weighted,mae,adjacent_accuracy,kappa_linear,kappa_quadratic,spearman_r,roc_auc_macro_ovr,roc_auc_weighted_ovr,fold,n_train,n_val,best_penalty,best_C,best_solver,inner_auc_score
0.48623853211009177,0.49631392310563643,0.4692939244663383,0.48531658155195007,0.6972477064220184,0.8165137614678899,0.25969615728328865,0.28069177380816923,0.2878534710314734,0.6357163170148311,0.6327350591020664,1,758,109,l2,0.0001,lbfgs,0.6196870351349533
0.4793388429752066,0.524126634471462,0.4801411662780772,0.4675497508783934,0.6363636363636364,0.8842975206611571,0.28850706376479573,0.3384535277271544,0.37023833585797855,0.6764758635073478,0.6610158616087469,2,746,121,l2,0.0001,lbfgs,0.634361147222621
0.43209876543209874,0.43993092517682686,0.4300031377708217,0.4432061381014008,0.7037037037037037,0.8641975308641975,0.19198459922996158,0.22950030102347985,0.25612115364702437,0.6240038269247257,0.624054790968671,3,705,162,l2,0.0001,lbfgs,0.63638255614397
0.44052863436123346,0.4470238095238095,0.42460934481213003,0.4450524499319893,0.7004405286343612,0.8590308370044053,0.20361421857417095,0.2569612635225389,0.32043024280219334,0.6408282571631518,0.6354960993686246,4,640,227,l2,0.0001,lbfgs,0.6312399315707983
0.4879032258064516,0.49247128102640775,0.4795696056200258,0.48796185140722953,0.6653225806451613,0.8467741935483871,0.26256983240223464,0.29248543965149865,0.35217330369361904,0.6538016317125197,0.648006958159608,5,619,248,l2,0.001,lbfgs,0.6393596447742723
