accuracy,balanced_accuracy,f1_macro,f1_weighted,mae,adjacent_accuracy,kappa_linear,kappa_quadratic,spearman_r,roc_auc_macro_ovr,roc_auc_weighted_ovr,fold,n_train,n_val,best_penalty,best_C,best_solver,inner_auc_score
0.42748091603053434,0.4487070190394999,0.4120476336796955,0.3968941000356292,0.6870229007633588,0.8854961832061069,0.24645276748050626,0.341873901029892,0.38190159629544285,0.5959808023014972,0.5818290289280109,1,736,131,l1,0.1,liblinear,0.692924219424233
0.47619047619047616,0.4662207357859532,0.4386048733874821,0.44694711775457113,0.6878306878306878,0.8359788359788359,0.24386040499784578,0.2900019565642731,0.33639245291739955,0.6134683399059275,0.6131607663865728,2,678,189,l2,0.001,liblinear,0.6911323400197145
0.5375,0.5191036414565827,0.5054997817546923,0.5233888040157136,0.60625,0.85625,0.3410326086956521,0.38764586232737386,0.45808433161711015,0.6916939084246726,0.694442369531721,3,707,160,l2,0.001,liblinear,0.6605271831502377
0.5128205128205128,0.480710751237067,0.4788422273182899,0.511001343898593,0.5854700854700855,0.9017094017094017,0.24580059285747902,0.2752597908133906,0.2555489677291511,0.633213889472453,0.6211939424291472,4,633,234,l1,1.0,liblinear,0.6603813880683075
0.45751633986928103,0.5345525472644117,0.4246999666999667,0.41120850391438624,0.6862745098039216,0.8562091503267973,0.30130909407210893,0.36065849622794965,0.4494055804140406,0.6934772022836736,0.6757348026028704,5,714,153,l2,0.0001,liblinear,0.6347979282646485
