roc_auc,pr_auc,accuracy,f1,balanced_accuracy,matthews_corrcoef,sensitivity,specificity,precision,pos_LR,sensitivity_at_spec100,fold,n_train,n_val,threshold,best_penalty,best_C,best_solver,best_inner_score
0.7558275058275058,0.7760890520006513,0.675531914893617,0.6934673366834171,0.6854312354312355,0.36596868941866884,0.6272727272727273,0.7435897435897436,0.7752808988764045,2.4463636363636367,0.01818181818181818,1,679,188,0.5074993008894213,l2,0.0001,liblinear,0.6731840466854931
0.6596997350603474,0.7468878084153087,0.6229508196721312,0.684931506849315,0.6187812775978805,0.2280904043928936,0.6329113924050633,0.6046511627906976,0.746268656716418,1.6008935219657483,0.02531645569620253,2,745,122,0.5029175936903595,l2,0.0001,liblinear,0.7020889491014031
0.643093093093093,0.7317588613702637,0.672514619883041,0.7477477477477478,0.6405405405405405,0.2810810810810811,0.7477477477477478,0.5333333333333333,0.7477477477477478,1.6023166023166024,0.018018018018018018,3,696,171,0.5023641384387522,l2,0.0001,lbfgs,0.7362789720032202
0.6879385674566397,0.7062502011969921,0.6091954022988506,0.6666666666666666,0.602542036276976,0.2146779977943477,0.7472527472527473,0.4578313253012048,0.6017699115044248,1.378266178266178,0.07692307692307693,4,693,174,0.47686056817542904,l1,0.1,liblinear,0.6863368820575875
0.7402298850574713,0.7834825049994245,0.6745283018867925,0.7088607594936709,0.675080459770115,0.34504305911534894,0.672,0.6781609195402298,0.75,2.0879999999999996,0.048,5,655,212,0.5222732263556872,l2,0.0001,liblinear,0.7125358531439298
