roc_auc,pr_auc,accuracy,f1,balanced_accuracy,matthews_corrcoef,sensitivity,specificity,precision,pos_LR,sensitivity_at_spec100,fold,n_train,n_val,threshold,best_penalty,best_C,best_solver,best_inner_score
0.6287951807228914,0.6389691080797425,0.5683060109289617,0.5586592178770949,0.5753012048192772,0.1513703278386315,0.5,0.6506024096385542,0.6329113924050633,1.4310344827586206,0.02,1,684,183,0.5520168349374406,l2,0.01,lbfgs,0.6643659766386967
0.7081627081627082,0.742894819667014,0.6184971098265896,0.6024096385542169,0.6376603876603877,0.279628933989353,0.5050505050505051,0.7702702702702703,0.746268656716418,2.1984551396316103,0.020202020202020204,2,694,173,0.5217845604770037,l1,0.1,liblinear,0.6494463226426691
0.6903669724770641,0.7751005085699834,0.6416184971098265,0.696078431372549,0.6381880733944953,0.26816042769393694,0.6513761467889908,0.625,0.7473684210526316,1.7370030581039755,0.01834862385321101,3,694,173,0.5245508788621959,l2,0.01,liblinear,0.6695660737893191
0.640625,0.721262514177443,0.6171428571428571,0.6854460093896714,0.6022663288288288,0.19978028206879844,0.6576576576576577,0.546875,0.7156862745098039,1.4513824168996583,0.018018018018018018,4,692,175,0.525323254041955,l2,0.01,liblinear,0.6969278655461597
0.6866604186191815,0.6954843504350448,0.6871165644171779,0.751219512195122,0.6620587316463604,0.33648603423382983,0.7938144329896907,0.5303030303030303,0.7129629629629629,1.6900565347522445,0.0,5,704,163,0.4899437934928614,l2,0.001,lbfgs,0.6772381941666016
