accuracy,balanced_accuracy,f1_macro,f1_weighted,mae,adjacent_accuracy,kappa_linear,kappa_quadratic,spearman_r,roc_auc_macro_ovr,roc_auc_weighted_ovr,fold,n_train,n_val,best_penalty,best_C,best_solver,inner_auc_score
0.4954128440366973,0.5189125295508275,0.39322489807926697,0.3990519145057312,0.6605504587155964,0.8440366972477065,0.3355909244835761,0.40693973924648397,0.3695697967232283,0.647255615779931,0.645676117880971,1,758,109,l2,0.0001,liblinear,0.6247901115589716
0.36363636363636365,0.4343076618938688,0.33934363329071554,0.301431739040886,0.8264462809917356,0.8099173553719008,0.1559709821428572,0.1948040109389244,0.27165097207313293,0.6139634366634503,0.6006719056485496,2,746,121,l1,0.1,liblinear,0.6286150855465991
0.37037037037037035,0.4252927400468384,0.30918577842494843,0.2866336789404378,0.845679012345679,0.7839506172839507,0.16463414634146345,0.20936483236667125,0.30540518156916036,0.6315304088718693,0.6241908484738821,3,705,162,l2,0.0001,liblinear,0.6406767202376851
0.4581497797356828,0.44186507936507935,0.38045336961254467,0.40699146641158074,0.73568281938326,0.8061674008810573,0.1839981057752329,0.2165315431154664,0.27629141309525473,0.6350724930350223,0.6274641751403093,4,640,227,l2,0.001,liblinear,0.6396657389178652
0.45161290322580644,0.4618389805082203,0.38753406367651566,0.3897860628053892,0.7620967741935484,0.7862903225806451,0.2166850496340117,0.24846940871923406,0.3143789231100879,0.6505744650308646,0.6474530179455296,5,619,248,l2,0.001,liblinear,0.6245454345864125
