roc_auc,pr_auc,accuracy,f1,balanced_accuracy,matthews_corrcoef,sensitivity,specificity,precision,pos_LR,sensitivity_at_spec100,fold,n_train,n_val,threshold,best_penalty,best_C,best_solver,best_inner_score
0.6689156626506023,0.6961985986190329,0.6229508196721312,0.6634146341463415,0.6171084337349397,0.2357845062286025,0.68,0.5542168674698795,0.6476190476190476,1.5254054054054056,0.02,1,684,183,0.4572841662245524,l2,0.0001,liblinear,0.6644571080143729
0.7051597051597052,0.7277668019991402,0.630057803468208,0.632183908045977,0.6426426426426426,0.2848191325469471,0.5555555555555556,0.7297297297297297,0.7333333333333333,2.0555555555555554,0.020202020202020204,2,694,173,0.502286788184592,l2,0.0001,liblinear,0.6508267879825135
0.6846330275229358,0.7624179856998442,0.653179190751445,0.719626168224299,0.6344610091743119,0.2658156166893001,0.7064220183486238,0.5625,0.7333333333333333,1.6146788990825687,0.03669724770642202,3,694,173,0.4955552164290826,l2,0.0001,liblinear,0.6679810806057005
0.6490709459459459,0.7344191665335319,0.6057142857142858,0.6567164179104478,0.6097972972972974,0.21161302935272888,0.5945945945945946,0.625,0.7333333333333333,1.5855855855855856,0.018018018018018018,4,692,175,0.5248101163055131,l2,0.0001,lbfgs,0.671491304189801
0.6647922524211184,0.7336130622621853,0.6441717791411042,0.7433628318584071,0.5920805998125586,0.22249571761917603,0.865979381443299,0.3181818181818182,0.6511627906976745,1.270103092783505,0.041237113402061855,5,704,163,0.4360241450691346,l2,0.0001,liblinear,0.644292665161655
