roc_auc,pr_auc,accuracy,f1,balanced_accuracy,matthews_corrcoef,sensitivity,specificity,precision,pos_LR,sensitivity_at_spec100,fold,n_train,n_val,threshold,best_penalty,best_C,best_solver,best_inner_score
0.6760207474398191,0.7053924607114639,0.6363636363636364,0.68,0.6314669503923394,0.2604517105858295,0.6601941747572816,0.6027397260273972,0.7010309278350515,1.6618680950786742,0.009708737864077669,1,655,176,0.48899774057694195,l2,0.0001,liblinear,0.7113334793544339
0.7310723668497731,0.7663974210001302,0.6893939393939394,0.7630057803468208,0.6535705755911154,0.3325322439805977,0.8354430379746836,0.4716981132075472,0.7021276595744681,1.581374321880651,0.012658227848101266,2,699,132,0.4716280679758594,l2,0.0001,liblinear,0.665913627656509
0.7091471354166666,0.7395896965825874,0.6607142857142857,0.6724137931034483,0.6692708333333333,0.33592740617910627,0.609375,0.7291666666666666,0.75,2.2499999999999996,0.0546875,3,607,224,0.5535022868073669,l2,0.0001,liblinear,0.7099473623223342
0.670138888888889,0.7772511408165752,0.6,0.6590909090909091,0.6176470588235294,0.2195377043124034,0.5686274509803921,0.6666666666666666,0.7837837837837838,1.7058823529411762,0.00980392156862745,4,681,150,0.5849463267853006,l2,0.0001,liblinear,0.6846462008405789
0.6577040427154843,0.69153685369017,0.6174496644295302,0.7046632124352331,0.580091533180778,0.16659679377559827,0.7391304347826086,0.42105263157894735,0.6732673267326733,1.2766798418972332,0.0,5,682,149,0.4565187805034575,l2,0.001,liblinear,0.7220078323375451
