roc_auc,pr_auc,accuracy,f1,balanced_accuracy,matthews_corrcoef,sensitivity,specificity,precision,pos_LR,sensitivity_at_spec100,fold,n_train,n_val,threshold,best_penalty,best_C,best_solver,best_inner_score
0.6947552447552449,0.7514935768180061,0.6170212765957447,0.6210526315789474,0.6335664335664335,0.2662037065189239,0.5363636363636364,0.7307692307692307,0.7375,1.9922077922077919,0.07272727272727272,1,679,188,0.5051124630969598,l1,0.1,liblinear,0.6599501314605047
0.6099499558433912,0.6744276197762955,0.6639344262295082,0.7453416149068323,0.6239328819546659,0.25224780523813584,0.759493670886076,0.4883720930232558,0.7317073170731707,1.4844649021864211,0.0,2,745,122,0.4774037059385281,l2,0.001,liblinear,0.643567460504728
0.6487987987987989,0.764865399287105,0.6140350877192983,0.6826923076923077,0.6031531531531531,0.1987228884953476,0.6396396396396397,0.5666666666666667,0.7319587628865979,1.476091476091476,0.018018018018018018,3,696,171,0.4927852172056286,l1,0.1,liblinear,0.6608751280383567
0.6508672050840724,0.6450818782525689,0.6091954022988506,0.6666666666666666,0.602542036276976,0.2146779977943477,0.7472527472527473,0.4578313253012048,0.6017699115044248,1.378266178266178,0.02197802197802198,4,693,174,0.47524184059351704,l1,0.1,liblinear,0.6730738578052483
0.6822988505747125,0.7292798799585622,0.6698113207547169,0.7083333333333334,0.6675862068965517,0.3309391236553075,0.68,0.6551724137931034,0.7391304347826086,1.972,0.016,5,655,212,0.5011995926662479,l2,0.001,lbfgs,0.6313576352784345
