accuracy,balanced_accuracy,f1_macro,f1_weighted,mae,adjacent_accuracy,kappa_linear,kappa_quadratic,spearman_r,roc_auc_macro_ovr,roc_auc_weighted_ovr,fold,n_train,n_val,best_penalty,best_C,best_solver,inner_auc_score
0.47244094488188976,0.4754521963824289,0.41323631515362313,0.42135020303651793,0.7165354330708661,0.8110236220472441,0.25076175040518633,0.2955987390766529,0.30894642205895206,0.5679302822737761,0.5603148859675976,1,740,127,l2,0.01,liblinear,0.6092507271264281
0.34196891191709844,0.3634423897581793,0.2672955974842767,0.2547658617655685,0.9015544041450777,0.7564766839378239,0.043356882406563324,0.05557990067192531,0.1553947437798729,0.6170608782800212,0.6152412769291122,2,674,193,l2,0.001,lbfgs,0.619941212233876
0.37790697674418605,0.4057859703020994,0.305982905982906,0.28825283243887895,0.8488372093023255,0.7732558139534884,0.14188080918534718,0.177314656645029,0.21441689197291472,0.5902986942953736,0.588612985851358,3,695,172,l2,0.001,lbfgs,0.6284584975082017
0.4976958525345622,0.47065217391304354,0.3651259250110641,0.4362833184333647,0.7188940092165899,0.783410138248848,0.2586720392431674,0.30336184092251584,0.3382077807189154,0.6710211979693789,0.6691713620844023,4,650,217,l2,0.001,lbfgs,0.6200009617387003
0.3291139240506329,0.4083333333333334,0.2843478260869565,0.22709961474958723,0.8734177215189873,0.7974683544303798,0.11895910780669139,0.15575071421013653,0.27492713426530546,0.6543903147995476,0.64909235919664,5,709,158,l2,0.001,liblinear,0.6352998135905675
