accuracy,balanced_accuracy,f1_macro,f1_weighted,mae,adjacent_accuracy,kappa_linear,kappa_quadratic,spearman_r,roc_auc_macro_ovr,roc_auc_weighted_ovr,fold,n_train,n_val,best_penalty,best_C,best_solver,inner_auc_score
0.45871559633027525,0.43417942018165984,0.43355393127082625,0.4643821959393154,0.6880733944954128,0.8532110091743119,0.20080164238928533,0.23072356704702857,0.38347451133850013,0.6419129311131702,0.6511288471388539,1,758,109,l2,0.0001,lbfgs,0.6454771875914492
0.4297520661157025,0.425044480216894,0.4198134269818858,0.433783912767295,0.71900826446281,0.8512396694214877,0.13236627379873078,0.1310211946050096,0.17753888859021658,0.6131519881485807,0.6034718365835865,2,746,121,l2,0.001,lbfgs,0.6553089977625948
0.41358024691358025,0.4007569843635417,0.397185388755296,0.41647861877679815,0.7160493827160493,0.8703703703703703,0.1233439074454189,0.14394648829431433,0.27219690347736475,0.6227086690742396,0.6263425511860752,3,705,162,l2,0.0001,lbfgs,0.6434348136428432
0.47577092511013214,0.46210317460317457,0.45065231188431726,0.47980379955797664,0.6519823788546255,0.8722466960352423,0.23223182046711455,0.27836419753086417,0.3459695515451418,0.6499672849497206,0.6466214898397217,4,640,227,l2,0.0001,lbfgs,0.6568355144497569
0.5282258064516129,0.5433829399889142,0.5232875651757026,0.5293705266973876,0.6008064516129032,0.8709677419354839,0.3429353817703332,0.38453651489024565,0.3984047187458908,0.6959954661008588,0.6932077938702363,5,619,248,l2,0.0001,lbfgs,0.6275452226304596
