accuracy,balanced_accuracy,f1_macro,f1_weighted,mae,adjacent_accuracy,kappa_linear,kappa_quadratic,spearman_r,roc_auc_macro_ovr,roc_auc_weighted_ovr,fold,n_train,n_val,best_penalty,best_C,best_solver,inner_auc_score
0.5045871559633027,0.520810003732736,0.4556686631567084,0.4588630509162569,0.6422018348623854,0.8532110091743119,0.3188716300660597,0.37999107740352456,0.3999969352907916,0.6428179589189132,0.6329945447452746,1,758,109,l2,0.001,liblinear,0.6472639616810503
0.4132231404958678,0.4731565421220593,0.4077541961437093,0.3810956001967238,0.743801652892562,0.8429752066115702,0.2054574638844301,0.24705882352941178,0.3072637075050978,0.6488977391389822,0.63239940081478,2,746,121,l2,0.001,lbfgs,0.6606690190838137
0.48148148148148145,0.49507723606084264,0.46894965499616664,0.4745908699397071,0.6419753086419753,0.8765432098765432,0.28073770491803285,0.3337902673063743,0.38912989108298807,0.6648168232709682,0.659377101907114,3,705,162,l2,0.001,lbfgs,0.6507899510967375
0.44933920704845814,0.4603174603174603,0.3909179998847074,0.40629100021442066,0.7444933920704846,0.8061674008810573,0.19488341832987044,0.2323714785720865,0.3190278273551956,0.6498320229731237,0.6365988064901703,4,640,227,l2,0.0001,lbfgs,0.6632094801268835
0.4798387096774194,0.4864922932971263,0.44105354289625653,0.4440827239968924,0.6935483870967742,0.8266129032258065,0.26185367204263854,0.3036134087940793,0.38749399877846186,0.6797783594891399,0.6721302734803599,5,619,248,l2,0.001,liblinear,0.6376822428935689
