accuracy,balanced_accuracy,f1_macro,f1_weighted,mae,adjacent_accuracy,kappa_linear,kappa_quadratic,spearman_r,roc_auc_macro_ovr,roc_auc_weighted_ovr,fold,n_train,n_val,best_penalty,best_C,best_solver,inner_auc_score
0.45703125,0.43974436183108273,0.4370493041095636,0.46133449353675404,0.671875,0.87109375,0.19302103951323213,0.23864743958213586,0.2645059581735798,0.6087252662275315,0.6085631876105705,1,611,256,l2,0.001,lbfgs,0.6259259345738879
0.4296875,0.43161295784186465,0.42455096073517123,0.4382783129699248,0.75,0.8203125,0.13925469319137018,0.127831094049904,0.1196891767876677,0.5772086868186589,0.5727286110372733,2,739,128,l2,0.01,lbfgs,0.6252818508647913
0.4539877300613497,0.45909217488164855,0.44625322997416017,0.4547771912303229,0.6748466257668712,0.8711656441717791,0.21345850149148982,0.24993945265197393,0.3654524003896046,0.6448224759083041,0.6357431118226824,3,704,163,l2,0.001,lbfgs,0.5983174494296668
0.47928994082840237,0.5123591686091685,0.47468444218962125,0.4675691463134266,0.6449704142011834,0.8757396449704142,0.29789991233753865,0.3600571758156331,0.39967236076847096,0.6772802606073705,0.6615579581369206,4,698,169,l2,0.001,lbfgs,0.6090465280463111
0.4966887417218543,0.5117903169627308,0.49394676559427514,0.49496019361285404,0.6026490066225165,0.9006622516556292,0.3080719069439548,0.37673545966228894,0.34691446355241773,0.6570808120967432,0.6415331488508668,5,716,151,l2,0.001,lbfgs,0.614668074211003
