accuracy,balanced_accuracy,f1_macro,f1_weighted,mae,adjacent_accuracy,kappa_linear,kappa_quadratic,spearman_r,roc_auc_macro_ovr,roc_auc_weighted_ovr,fold,n_train,n_val,best_penalty,best_C,best_solver,inner_auc_score
0.46788990825688076,0.4822850566131642,0.40437714854445544,0.41329390113905096,0.7247706422018348,0.8073394495412844,0.25465247121959667,0.2984201287302516,0.42453671616692096,0.6556312937588952,0.6532871164630314,1,758,109,l2,0.0001,liblinear,0.6418879340584482
0.36363636363636365,0.4318224180293146,0.34092874197821726,0.30433435387776403,0.8181818181818182,0.8181818181818182,0.16260048933939186,0.20871633054374172,0.3463604559408446,0.6555445351342858,0.6444908247818776,2,746,121,l2,0.0001,liblinear,0.6593839239449313
0.4506172839506173,0.47471199110543366,0.42813684320624174,0.4278065799937969,0.7098765432098766,0.8395061728395061,0.23772504091653035,0.2785215211477946,0.34449235743748746,0.6662780400096474,0.6665604333836709,3,705,162,l2,0.0001,liblinear,0.6460225317262407
0.4669603524229075,0.46448412698412705,0.40272301110995246,0.42466476260244723,0.7180616740088106,0.8149779735682819,0.2130628043982219,0.24980264654330397,0.34522997480267265,0.6546371354626624,0.648406371775023,4,640,227,l2,0.0001,lbfgs,0.6608469908403248
0.5241935483870968,0.5229726362466754,0.4992690058479532,0.5056593095642332,0.6290322580645161,0.8467741935483871,0.30978377221151787,0.3416933638443935,0.38628365980231794,0.6745274460082374,0.6672646382701826,5,619,248,l2,0.001,liblinear,0.6372346826546846
