roc_auc,pr_auc,accuracy,f1,balanced_accuracy,matthews_corrcoef,sensitivity,specificity,precision,pos_LR,sensitivity_at_spec100,fold,n_train,n_val,threshold,best_penalty,best_C,best_solver,best_inner_score
0.6266233766233766,0.6957609598826812,0.6296296296296297,0.6923076923076923,0.6147186147186148,0.2276376939714664,0.6818181818181818,0.5476190476190477,0.703125,1.507177033492823,0.0,1,723,108,0.5108850817757591,l2,0.0001,liblinear,0.7097209365218419
0.6829771733851384,0.7119572344141245,0.6737967914438503,0.7312775330396476,0.6605755220981059,0.31732129783116086,0.7155172413793104,0.6056338028169014,0.7477477477477478,1.8143472906403941,0.0,2,644,187,0.48591111795919545,l2,0.0001,liblinear,0.6775235947738333
0.6436442031299905,0.6518434150307717,0.6222222222222222,0.6255506607929515,0.6278744809964868,0.25532120268739755,0.5725806451612904,0.6831683168316832,0.6893203883495146,1.807207661290323,0.0,3,606,225,0.5322469097688771,l2,0.001,liblinear,0.7128671017111659
0.6329365079365079,0.7123159698766365,0.6193548387096774,0.700507614213198,0.5895562770562771,0.17843792815943021,0.696969696969697,0.48214285714285715,0.7040816326530612,1.3458725182863116,0.030303030303030304,4,676,155,0.5025267662015137,l2,0.0001,lbfgs,0.7045936379407747
0.8004607478291688,0.8388570536881492,0.6666666666666666,0.6904761904761905,0.6964380648591175,0.38091361532467954,0.5858585858585859,0.8070175438596491,0.8405797101449275,3.035812672176308,0.010101010101010102,5,675,156,0.5156781766823667,l1,0.01,liblinear,0.644859947693383
