n_pairs,pairwise_accuracy,both_correct_rate,mean_delta,median_delta,std_delta,n_positive_delta,per_drug_accuracy,per_drug_roc_auc,per_drug_pr_auc,n_train,n_test,best_penalty,best_C,best_solver,inner_cv_score,threshold,seed
38,0.6578947368421053,0.39473684210526316,0.09545260244551237,0.09334021651671742,0.2416274891866243,25,0.5967741935483871,0.634453781512605,0.6187406581826713,831,62,l2,1.0,liblinear,0.653637058281278,0.4984850100923589,1
