roc_auc,pr_auc,accuracy,f1,balanced_accuracy,matthews_corrcoef,sensitivity,specificity,precision,pos_LR,sensitivity_at_spec100,fold,n_train,n_val,threshold,best_penalty,best_C,best_solver,best_inner_score
0.69681254743233,0.7505340894516566,0.7135135135135136,0.7937743190661478,0.6560839868454339,0.3471206372362301,0.864406779661017,0.44776119402985076,0.7338129496402878,1.565277141548328,0.0,1,646,185,0.4965652005736885,l2,0.01,liblinear,0.6574880660223672
0.5887225230965276,0.7054844544876409,0.6206896551724138,0.7215189873417721,0.5648295635552724,0.14151694400263545,0.7808219178082192,0.3488372093023256,0.6705882352941176,1.199119373776908,0.0547945205479452,2,715,116,0.4974790517609622,l2,0.01,liblinear,0.6541841453495929
0.6928792569659443,0.7154705333268432,0.6121495327102804,0.6103286384976526,0.6204776647501106,0.24122219781714588,0.5462184873949579,0.6947368421052632,0.6914893617021277,1.7893364242248624,0.03361344537815126,3,617,214,0.49872319548138966,l2,1.0,liblinear,0.6570789766021484
0.610877192982456,0.7214842662151888,0.567741935483871,0.6417112299465241,0.5491228070175438,0.09742858850698075,0.631578947368421,0.4666666666666667,0.6521739130434783,1.1842105263157894,0.021052631578947368,4,676,155,0.5116493194483492,l2,0.1,lbfgs,0.6665528794137809
0.6409253828608668,0.7033610163575674,0.6583850931677019,0.7417840375586855,0.61673183447377,0.24987994041432748,0.797979797979798,0.43548387096774194,0.6929824561403509,1.4135642135642137,0.030303030303030304,5,670,161,0.454274493439953,l2,0.1,liblinear,0.650013932889675
