roc_auc,pr_auc,accuracy,f1,balanced_accuracy,matthews_corrcoef,sensitivity,specificity,precision,pos_LR,sensitivity_at_spec100,fold,n_train,n_val,threshold,best_penalty,best_C,best_solver,best_inner_score
0.6750885478158205,0.7370064706708289,0.6335078534031413,0.6875,0.6324675324675324,0.2561068526214244,0.6363636363636364,0.6285714285714286,0.7475728155339806,1.7132867132867131,0.008264462809917356,1,702,191,0.4966605614348789,l2,0.0001,liblinear,0.6911035168921268
0.6810440872194812,0.7258100771061702,0.6951219512195121,0.7641509433962265,0.6636956867738342,0.3351630764335912,0.7864077669902912,0.5409836065573771,0.7431192660550459,1.7132454923717062,0.0,2,729,164,0.4857585269920033,l2,0.0001,liblinear,0.6798214002169175
0.7194492254733219,0.7180450648446473,0.7016574585635359,0.73,0.6977501844111138,0.3973610964420617,0.7448979591836735,0.6506024096385542,0.7156862745098039,2.131949331456721,0.01020408163265306,3,712,181,0.48577022873157977,l2,0.0001,liblinear,0.6359550307990374
0.6790447065676424,0.7714716511696988,0.6627906976744186,0.7289719626168224,0.6435124508519003,0.2835770300087265,0.7155963302752294,0.5714285714285714,0.7428571428571429,1.6697247706422018,0.08256880733944955,4,721,172,0.5115118619001006,l2,0.0001,liblinear,0.6991494784309803
0.7246585190510424,0.7186728048113589,0.6864864864864865,0.7184466019417476,0.6855379822669543,0.3673966502106905,0.6915887850467289,0.6794871794871795,0.7474747474747475,2.1577570093457945,0.0,5,708,185,0.5143755474391138,l1,0.01,liblinear,0.6485546381374614
