accuracy,balanced_accuracy,f1_macro,f1_weighted,mae,adjacent_accuracy,kappa_linear,kappa_quadratic,spearman_r,roc_auc_macro_ovr,roc_auc_weighted_ovr,fold,n_train,n_val,best_penalty,best_C,best_solver,inner_auc_score
0.4609375,0.4039986411260124,0.34021323186726066,0.39108955574902066,0.75390625,0.78515625,0.15975647086833777,0.1945505897989699,0.28778233345201665,0.6325132819964471,0.6292239099587204,1,611,256,l2,0.01,lbfgs,0.6473718003557023
0.3671875,0.4074863141260794,0.3099411963234769,0.29092354698320144,0.8671875,0.765625,0.1290915777859507,0.15646677971327272,0.1969907349756476,0.5978366170575263,0.594489070160671,2,739,128,l2,0.01,liblinear,0.6674529092448516
0.37423312883435583,0.41254525201893627,0.3149137121099738,0.2938623913912028,0.8343558282208589,0.7914110429447853,0.14836726853630433,0.18106590483696183,0.33055644644148996,0.6541113591514027,0.6555622911377011,3,704,163,l2,0.01,liblinear,0.6460579680741418
0.4260355029585799,0.4783411033411033,0.357865092734055,0.3347045851362548,0.7633136094674556,0.8106508875739645,0.240250914793518,0.29398904738197795,0.3731762518081003,0.6960982564651349,0.6874059023452946,4,698,169,l2,0.01,liblinear,0.637287001749037
0.41721854304635764,0.44583768721699757,0.34995331465919693,0.3426530877251563,0.7947019867549668,0.7880794701986755,0.19063784170091114,0.2271058195170802,0.3061607807787106,0.6662826516109824,0.6591017833672054,5,716,151,l2,0.01,lbfgs,0.631844493430487
