roc_auc,pr_auc,accuracy,f1,balanced_accuracy,matthews_corrcoef,sensitivity,specificity,precision,pos_LR,sensitivity_at_spec100,fold,n_train,n_val,threshold,best_penalty,best_C,best_solver,best_inner_score
0.6564634454844422,0.7650600136291483,0.5891891891891892,0.6274509803921569,0.6070073362003542,0.20623156182900937,0.5423728813559322,0.6716417910447762,0.7441860465116279,1.6517719568567029,0.05084745762711865,1,646,185,0.4954372004728074,l2,0.1,lbfgs,0.6943938586241931
0.6349155782096209,0.7077580203867513,0.6206896551724138,0.6901408450704225,0.6030582988212807,0.2027846831332579,0.6712328767123288,0.5348837209302325,0.7101449275362319,1.4431506849315068,0.0,2,715,116,0.4841555808263706,l2,0.001,liblinear,0.6851168341176951
0.6772224679345422,0.6779066155052287,0.6495327102803738,0.6987951807228916,0.6392304290137107,0.2833271030995132,0.7310924369747899,0.5473684210526316,0.6692307692307692,1.615204221223373,0.025210084033613446,3,617,214,0.4520522010677036,l2,0.01,liblinear,0.6818940011739392
0.6812280701754385,0.7431685221699906,0.6838709677419355,0.7537688442211056,0.6530701754385966,0.3173629656060899,0.7894736842105263,0.5166666666666667,0.7211538461538461,1.6333938294010892,0.042105263157894736,4,676,155,0.4698994320140801,l2,0.01,lbfgs,0.677813758009759
0.6924079504724665,0.7494052905820332,0.6708074534161491,0.7389162561576355,0.6449169110459433,0.29492284081545855,0.7575757575757576,0.532258064516129,0.7211538461538461,1.619644723092999,0.04040404040404041,5,670,161,0.4884787515056379,l2,0.01,lbfgs,0.6476925627898148
