accuracy,balanced_accuracy,f1_macro,f1_weighted,mae,adjacent_accuracy,kappa_linear,kappa_quadratic,spearman_r,roc_auc_macro_ovr,roc_auc_weighted_ovr,fold,n_train,n_val,best_penalty,best_C,best_solver,inner_auc_score
0.366412213740458,0.3954248366013072,0.3442739414606422,0.3284557766020448,0.8244274809160306,0.8091603053435115,0.1329819830861625,0.18710234859791053,0.3437893850564299,0.5698283874284811,0.5523718689096793,1,736,131,l2,0.001,liblinear,0.6744748214084794
0.43386243386243384,0.4239316239316239,0.38158383102203325,0.3929975989901084,0.7248677248677249,0.8412698412698413,0.21633727792742352,0.28918882801015633,0.3035821602495987,0.6005066201069006,0.6000416820309293,2,678,189,l2,0.001,liblinear,0.6779732834490609
0.51875,0.5228851540616247,0.4780350998930234,0.4894420591551739,0.68125,0.8,0.31034482758620685,0.33773566848502257,0.38864818637516957,0.6608558044105965,0.6638168880217056,3,707,160,l2,0.0001,liblinear,0.6470984332955922
0.4188034188034188,0.45232118758434553,0.340999740999741,0.34319659447864576,0.7649572649572649,0.8162393162393162,0.19539744131545578,0.24109656100844445,0.3382261268756799,0.6689188067993695,0.6608133658518149,4,633,234,l1,0.01,liblinear,0.64219823177339
0.45098039215686275,0.503882652187737,0.4108891275808569,0.4065379134109784,0.7124183006535948,0.8366013071895425,0.26503900224758714,0.3068243339507053,0.44536648824184666,0.6907701193627304,0.6750272195288811,5,714,153,l2,0.0001,liblinear,0.631108971869184
