accuracy,balanced_accuracy,f1_macro,f1_weighted,mae,adjacent_accuracy,kappa_linear,kappa_quadratic,spearman_r,roc_auc_macro_ovr,roc_auc_weighted_ovr,fold,n_train,n_val,best_penalty,best_C,best_solver,inner_auc_score
0.43359375,0.40493479721122005,0.3405844155844156,0.3757305194805195,0.8125,0.75390625,0.11773867514994862,0.13905390982137467,0.27887791962470176,0.612194798825262,0.6097550286561993,1,611,256,l2,0.01,liblinear,0.6510239632320662
0.3984375,0.4446592170363264,0.33629656507015,0.3132032140913332,0.8046875,0.796875,0.19007249047794572,0.23326634719431139,0.26177181245818937,0.5985065624800278,0.5887718329124579,2,739,128,l2,0.01,liblinear,0.6145256396218648
0.4110429447852761,0.4670147591200222,0.35890922933176456,0.3291148103556295,0.7607361963190185,0.8282208588957055,0.2243456903829918,0.2775890087162063,0.3402876211846097,0.6609456314276826,0.6561405522008482,3,704,163,l1,0.1,liblinear,0.6172281109131537
0.4378698224852071,0.49559294871794873,0.3616898148148148,0.3346379848783695,0.7337278106508875,0.8284023668639053,0.27200722573473224,0.33736912404670605,0.37799009945861684,0.6629221250183722,0.6507277186917563,4,698,169,l2,0.001,lbfgs,0.6165587351015128
0.4304635761589404,0.4611111111111111,0.34566878394550304,0.33492266415007377,0.7549668874172185,0.8145695364238411,0.23322939866369696,0.2897460018814675,0.3207629071452319,0.6701608981986427,0.6651765848572992,5,716,151,l2,0.01,liblinear,0.6368907755839944
