roc_auc,pr_auc,accuracy,f1,balanced_accuracy,matthews_corrcoef,sensitivity,specificity,precision,pos_LR,sensitivity_at_spec100,fold,n_train,n_val,threshold,best_penalty,best_C,best_solver,best_inner_score
0.66855421686747,0.6810152789768644,0.6338797814207651,0.6417112299465241,0.6373493975903615,0.27384231525993474,0.6,0.6746987951807228,0.6896551724137931,1.844444444444444,0.0,1,684,183,0.5528409899807363,l2,0.001,lbfgs,0.7063359732607702
0.6792246792246792,0.695348069244269,0.6473988439306358,0.6666666666666666,0.6526754026754027,0.30227197286852237,0.6161616161616161,0.6891891891891891,0.7261904761904762,1.9824330259112863,0.0,2,694,173,0.4997314200168709,l2,0.001,liblinear,0.7079758531953547
0.7266341743119267,0.7803332951967441,0.6589595375722543,0.7035175879396985,0.6648509174311927,0.31861359226472874,0.6422018348623854,0.6875,0.7777777777777778,2.055045871559633,0.027522935779816515,3,694,173,0.5462694189001382,l2,0.0001,lbfgs,0.6984813799395589
0.7104448198198198,0.7849939687311878,0.7085714285714285,0.7605633802816901,0.7008023648648649,0.3922733274207033,0.7297297297297297,0.671875,0.7941176470588235,2.223938223938224,0.036036036036036036,4,692,175,0.5130887315911222,l2,0.001,lbfgs,0.6947086483825153
0.7282099343955013,0.7519330258564375,0.6809815950920245,0.7291666666666666,0.6714308028741018,0.34131897336893896,0.7216494845360825,0.6212121212121212,0.7368421052631579,1.9051546391752576,0.0,5,704,163,0.5470367418554446,l2,0.001,lbfgs,0.6835298447584309
