roc_auc,pr_auc,accuracy,f1,balanced_accuracy,matthews_corrcoef,sensitivity,specificity,precision,pos_LR,sensitivity_at_spec100,fold,n_train,n_val,threshold,best_penalty,best_C,best_solver,best_inner_score
0.6731601731601732,0.7626120865122406,0.6388888888888888,0.7194244604316546,0.604978354978355,0.21869100451973186,0.7575757575757576,0.4523809523809524,0.684931506849315,1.3833992094861658,0.09090909090909091,1,723,108,0.46514347832592157,l2,0.01,lbfgs,0.6863078469294818
0.6429091792132104,0.709519097034464,0.6470588235294118,0.6972477064220184,0.644487615347256,0.28164966521574375,0.6551724137931034,0.6338028169014085,0.7450980392156863,1.7891246684350135,0.0,2,644,187,0.4689596855316702,l2,0.01,lbfgs,0.6766775193270441
0.6643244969658256,0.6884730622740689,0.6222222222222222,0.6443514644351465,0.6223650590865538,0.24350825394465767,0.6209677419354839,0.6237623762376238,0.6695652173913044,1.6504668930390491,0.016129032258064516,3,606,225,0.5009860204080224,l1,0.1,liblinear,0.6779958788809252
0.6432178932178932,0.693488412815908,0.6645161290322581,0.7346938775510204,0.640422077922078,0.27878996532382516,0.7272727272727273,0.5535714285714286,0.7422680412371134,1.6290909090909091,0.0,4,676,155,0.4774827663284565,l2,0.01,lbfgs,0.698795959183111
0.6909445330497962,0.7721538490542657,0.6794871794871795,0.7395833333333334,0.6656034024455078,0.3250442795052228,0.7171717171717171,0.6140350877192983,0.7634408602150538,1.8581267217630855,0.030303030303030304,5,675,156,0.4706592538586228,l1,1.0,liblinear,0.6191108443787071
