accuracy,balanced_accuracy,f1_macro,f1_weighted,mae,adjacent_accuracy,kappa_linear,kappa_quadratic,spearman_r,roc_auc_macro_ovr,roc_auc_weighted_ovr,fold,n_train,n_val,best_penalty,best_C,best_solver,inner_auc_score
0.3937007874015748,0.3967269595176572,0.3865209032508725,0.39775607719861567,0.7637795275590551,0.84251968503937,0.15432141140934985,0.2132489260682796,0.34557810265903416,0.6005418763992587,0.6015408529730988,1,740,127,l2,0.0001,lbfgs,0.6744464443700458
0.46113989637305697,0.44255571360834517,0.44143174544935687,0.47255210417571647,0.6321243523316062,0.9067357512953368,0.2319786026485745,0.29578310470648006,0.3211397809476578,0.6362179505111504,0.6350773400615208,2,674,193,l2,0.0001,lbfgs,0.6659032778815389
0.47674418604651164,0.4859868678654258,0.47617974392822265,0.47855656563614485,0.6511627906976745,0.872093023255814,0.25217391304347825,0.28895484418062334,0.3021128593012391,0.6077444824835716,0.6009940640754594,3,695,172,l2,0.0001,lbfgs,0.6810137162574361
0.5161290322580645,0.5373188405797101,0.5016199398146047,0.5302043701345359,0.6359447004608295,0.847926267281106,0.2962162162162162,0.3184295612009238,0.4639473637921301,0.7383228001027105,0.7371455772912173,4,650,217,l2,0.0001,lbfgs,0.5886984705028236
0.4873417721518987,0.4802620802620803,0.476816454281243,0.4891254701202998,0.6075949367088608,0.9050632911392406,0.23870708693033527,0.27544038433541995,0.29285884132810736,0.6536113777360432,0.6492246022156872,5,709,158,l2,0.0001,lbfgs,0.6658962673916268
