accuracy,balanced_accuracy,f1_macro,f1_weighted,mae,adjacent_accuracy,kappa_linear,kappa_quadratic,spearman_r,roc_auc_macro_ovr,roc_auc_weighted_ovr,fold,n_train,n_val,best_penalty,best_C,best_solver,inner_auc_score
0.5045871559633027,0.5189747418190868,0.4902574770928818,0.5024017546034334,0.6513761467889908,0.8440366972477065,0.299828100968063,0.3347863993025283,0.26492611948080874,0.6451400839149507,0.6479995723868831,1,758,109,l2,0.0001,lbfgs,0.6111734089403407
0.48760330578512395,0.5193199469061538,0.48874756387907586,0.4874914627664423,0.6446280991735537,0.8677685950413223,0.27321731095025414,0.29777355703281627,0.3590865787538226,0.6674918263237739,0.653321495847547,2,746,121,l2,0.0001,lbfgs,0.6297375333316363
0.41358024691358025,0.4324840915004849,0.4132942929059434,0.41540955348938086,0.7160493827160493,0.8703703703703703,0.17405063291139233,0.22464558342420937,0.28918711487273857,0.6268011026668862,0.6201653354220665,3,705,162,l2,0.0001,lbfgs,0.6282753259902596
0.47577092511013214,0.46329365079365076,0.453747181827093,0.4850054068885813,0.6828193832599119,0.8414096916299559,0.20126671358198456,0.20786767305652487,0.26599294597455697,0.6198278447400227,0.6143949040543456,4,640,227,l2,0.0001,lbfgs,0.6409504346082769
0.47580645161290325,0.4932537745299954,0.4659612208975266,0.4669601572776013,0.6693548387096774,0.8548387096774194,0.27449598195403924,0.3264560890998722,0.3296804348376886,0.6516342013917896,0.6449184747823861,5,619,248,l2,0.0001,lbfgs,0.6106601206827758
