accuracy,balanced_accuracy,f1_macro,f1_weighted,mae,adjacent_accuracy,kappa_linear,kappa_quadratic,spearman_r,roc_auc_macro_ovr,roc_auc_weighted_ovr,fold,n_train,n_val,best_penalty,best_C,best_solver,inner_auc_score
0.3937007874015748,0.4032443296009187,0.3912512040389278,0.3989554316638111,0.7480314960629921,0.8582677165354331,0.1701630098356146,0.24014615208951828,0.3593840282039075,0.6096708726396317,0.6112475904853089,1,740,127,l2,0.0001,lbfgs,0.6667800974023621
0.45077720207253885,0.44940730203888096,0.4344015445961819,0.4522458890594769,0.689119170984456,0.8601036269430051,0.19368619444008162,0.2224280943660455,0.2752827183781627,0.6440254185072537,0.6440061599284856,2,674,193,l2,0.0001,lbfgs,0.6749339239101566
0.4476744186046512,0.45844251679166287,0.44801160259512085,0.45084234539253387,0.6802325581395349,0.872093023255814,0.22908366533864544,0.28132461330841896,0.31396264466251894,0.6416461529720543,0.6367244673930721,3,695,172,l2,0.0001,lbfgs,0.6717694431499066
0.5391705069124424,0.5517297802711547,0.5057093457093457,0.5500950468692405,0.5944700460829493,0.8663594470046083,0.3666885364584511,0.4235200522794107,0.4800080743829745,0.7387365733360877,0.7344856812546355,4,650,217,l2,0.0001,lbfgs,0.624685824996339
0.5316455696202531,0.5301801801801802,0.5229912516269338,0.5347600229652875,0.569620253164557,0.8987341772151899,0.2981243830207304,0.31616290620122034,0.3270616691115116,0.6773912301175905,0.6715489041741879,5,709,158,l2,0.0001,lbfgs,0.659428472428289
