accuracy,balanced_accuracy,f1_macro,f1_weighted,mae,adjacent_accuracy,kappa_linear,kappa_quadratic,spearman_r,roc_auc_macro_ovr,roc_auc_weighted_ovr,fold,n_train,n_val,best_penalty,best_C,best_solver,inner_auc_score
0.4409448818897638,0.45925925925925926,0.35181518151815183,0.3627036719419974,0.7795275590551181,0.7795275590551181,0.23749166110740494,0.28462405058690987,0.28497200395545413,0.5751018320521927,0.5741135424376147,1,740,127,l2,0.01,liblinear,0.6182558716907636
0.39378238341968913,0.41788169748696063,0.3751141284116068,0.384961225932379,0.8134715025906736,0.7927461139896373,0.1364530194647896,0.15053763440860213,0.2016377494926461,0.6036639789085062,0.6070852894182712,2,674,193,l2,1.0,liblinear,0.6289225243471083
0.32558139534883723,0.33985422125839576,0.31349629404000406,0.31083355765075904,0.8953488372093024,0.7790697674418605,0.036940081442699224,0.06326955862852823,0.1352209566292455,0.5691522898354018,0.5755326069279558,3,695,172,l2,1.0,liblinear,0.6365090822753516
0.48847926267281105,0.44855072463768114,0.353845663061856,0.4232451410912693,0.7373271889400922,0.7741935483870968,0.21383932614799395,0.25226380318935815,0.32912601636859884,0.6369378494035255,0.6412106824069688,4,650,217,l2,0.001,liblinear,0.5886529384044515
0.3924050632911392,0.4548525798525798,0.3829849012775843,0.35537496875872915,0.7974683544303798,0.810126582278481,0.16605227882037543,0.18166629538872803,0.2707541308259951,0.643025362271571,0.6335468982475497,5,709,158,l2,0.1,lbfgs,0.6252485126978302
