FP_type,split_type,type,num_of_compounds,C,gamma,precision,se,sp,acc,mcc,auc_prc,auc_roc
MACCS,random,tr,695,0.666008684136408,0.09067639696231485,0.9620991253644315,0.9763313609467456,0.9400921658986175,0.9621621621621622,0.9203848400317958,0.9954533222275315,0.9925421972568375
MACCS,random,va,695,0.666008684136408,0.09067639696231485,0.7090909090909091,0.9069767441860465,0.4074074074074074,0.7142857142857143,0.37294928622926815,0.7508134085689593,0.714900947459087
MACCS,random,te,695,0.666008684136408,0.09067639696231485,0.7291666666666666,0.7608695652173914,0.4583333333333333,0.6571428571428571,0.2241294215058358,0.8776365105031351,0.7545289855072463
