accuracy,balanced_accuracy,f1_macro,f1_weighted,mae,adjacent_accuracy,kappa_linear,kappa_quadratic,spearman_r,roc_auc_macro_ovr,roc_auc_weighted_ovr,fold,n_train,n_val,best_penalty,best_C,best_solver,inner_auc_score
0.4789915966386555,0.4803086419753086,0.4674629109254715,0.4825803374358759,0.6470588235294118,0.8739495798319328,0.22837894736842101,0.2463450725066587,0.3102124355062911,0.6541342051962395,0.6516587624919242,1,748,119,l2,0.0001,lbfgs,0.6370349459538585
0.48091603053435117,0.4971092937194632,0.4796255551481074,0.4813299014379809,0.648854961832061,0.8702290076335878,0.24380305602716468,0.2638016528925621,0.3446781301917608,0.6712753206660459,0.6633275364576631,2,736,131,l2,0.0001,lbfgs,0.6465238851026729
0.4764705882352941,0.4881037719747397,0.47677918993146334,0.47564079364147577,0.6705882352941176,0.8529411764705882,0.24930275797954748,0.27753303964757703,0.2868674898202903,0.6445779607909444,0.6401213405819233,3,697,170,l2,0.0001,lbfgs,0.6501102512083806
0.5361702127659574,0.5099806665072152,0.5059645661199491,0.5433142581266415,0.574468085106383,0.8893617021276595,0.3199211129927759,0.3634388353733613,0.3953379403566284,0.6682453801294573,0.6774073853482631,4,632,235,l2,0.0001,lbfgs,0.6586108080626619
0.5,0.5049091801669121,0.4872749506616783,0.5053539988883886,0.6084905660377359,0.8915094339622641,0.26317491108955693,0.29274058258349844,0.36602281378766705,0.6809830100597223,0.6770172303785214,5,655,212,l2,0.0001,lbfgs,0.6454726515589277
