accuracy,balanced_accuracy,f1_macro,f1_weighted,mae,adjacent_accuracy,kappa_linear,kappa_quadratic,spearman_r,roc_auc_macro_ovr,roc_auc_weighted_ovr,fold,n_train,n_val,best_penalty,best_C,best_solver,inner_auc_score
0.44954128440366975,0.4595464725643897,0.4163012614625518,0.43007062977468424,0.7064220183486238,0.8440366972477065,0.25295950155763247,0.3190184049079755,0.36261246278187187,0.6396116030913217,0.6335069449126911,1,758,109,l2,0.0001,lbfgs,0.6178727623979035
0.5371900826446281,0.5729108418763591,0.5409382430435062,0.5316230499962558,0.5371900826446281,0.9256198347107438,0.3823136731328045,0.45462937822427363,0.45707626666772655,0.6934937713184954,0.6729494005814524,2,746,121,l2,0.001,lbfgs,0.6181058084384718
0.42592592592592593,0.42187448253022025,0.41792517656460276,0.4349113707043143,0.7098765432098766,0.8641975308641975,0.1633734506915755,0.19390373662139337,0.21528529713695274,0.6035978951286534,0.5999732115873443,3,705,162,l2,0.001,lbfgs,0.615567840238476
0.45374449339207046,0.41865079365079366,0.4161564713347396,0.4564227497445151,0.6872246696035242,0.8590308370044053,0.1654018383219421,0.19290193289805413,0.23683026726624856,0.6003489144882588,0.5975566029151641,4,640,227,l2,0.001,lbfgs,0.6274449707928552
0.43951612903225806,0.44954283563949615,0.4357938107578188,0.44112693411053805,0.7137096774193549,0.8467741935483871,0.2084820945580439,0.2515864306503175,0.2959676353269933,0.6343774277656925,0.6290017418257626,5,619,248,l2,0.01,lbfgs,0.6138076308402836
