roc_auc,pr_auc,accuracy,f1,balanced_accuracy,matthews_corrcoef,sensitivity,specificity,precision,pos_LR,sensitivity_at_spec100,fold,n_train,n_val,threshold,best_penalty,best_C,best_solver,best_inner_score
0.6196385542168674,0.6892262595060074,0.6010928961748634,0.6784140969162996,0.5837951807228916,0.18104736559768,0.77,0.39759036144578314,0.6062992125984252,1.2782000000000002,0.11,1,684,183,0.4737840475621176,l2,0.001,lbfgs,0.652382511288091
0.6591591591591592,0.6803883909413545,0.5895953757225434,0.5696969696969697,0.608995358995359,0.22202792611762626,0.47474747474747475,0.7432432432432432,0.7121212121212122,1.8490164805954277,0.020202020202020204,2,694,173,0.5392108141197673,l2,0.01,lbfgs,0.6498948750891238
0.6892201834862386,0.7617951979810553,0.6705202312138728,0.7373271889400922,0.6482224770642202,0.2955144640328992,0.7339449541284404,0.5625,0.7407407407407407,1.6775884665792924,0.009174311926605505,3,694,173,0.4718357365374121,l2,0.01,lbfgs,0.6582237189710568
0.6642736486486487,0.7683602996793515,0.6285714285714286,0.6798029556650246,0.6311233108108107,0.2529463509916163,0.6216216216216216,0.640625,0.75,1.7297297297297296,0.05405405405405406,4,692,175,0.5025723813900853,l2,0.01,lbfgs,0.66750487284378
0.6760387378944079,0.7120609706652783,0.6503067484662577,0.7106598984771574,0.633552014995314,0.26925761880245924,0.7216494845360825,0.5454545454545454,0.7,1.5876288659793814,0.0,5,704,163,0.496783645948078,l2,0.01,lbfgs,0.6630147692993129
