n_pairs,pairwise_accuracy,both_correct_rate,mean_delta,median_delta,std_delta,n_positive_delta,per_drug_accuracy,per_drug_roc_auc,per_drug_pr_auc,n_train,n_test,best_penalty,best_C,best_solver,inner_cv_score,threshold,seed
13,0.38461538461538464,0.46153846153846156,-0.027417482962879124,-0.04903151433201325,0.12714080098400266,5,0.6538461538461539,0.43181818181818177,0.8774421779379469,867,26,l1,0.1,liblinear,0.6569776594594348,0.5179014071342772,1
