roc_auc,pr_auc,accuracy,f1,balanced_accuracy,matthews_corrcoef,sensitivity,specificity,precision,pos_LR,sensitivity_at_spec100,fold,n_train,n_val,threshold,best_penalty,best_C,best_solver,best_inner_score
0.6219277108433735,0.6511926826898831,0.6010928961748634,0.6010928961748634,0.6063253012048193,0.21265060240963857,0.55,0.6626506024096386,0.6626506024096386,1.630357142857143,0.0,1,684,183,0.5227404576433385,l1,0.1,liblinear,0.6478262220610166
0.6924651924651924,0.711302900332244,0.6763005780346821,0.7052631578947368,0.6762216762216762,0.3492168241151522,0.6767676767676768,0.6756756756756757,0.7362637362637363,2.0867003367003365,0.010101010101010102,2,694,173,0.47839183471067476,l2,0.001,lbfgs,0.6262910264051185
0.6463589449541285,0.7486305732219527,0.630057803468208,0.6831683168316832,0.6290137614678899,0.24985198340916792,0.6330275229357798,0.625,0.7419354838709677,1.6880733944954127,0.027522935779816515,3,694,173,0.5021117893416188,l1,0.1,liblinear,0.6626068174154628
0.6463963963963965,0.7384884364430173,0.5828571428571429,0.6331658291457286,0.5884712837837838,0.17044444002635478,0.5675675675675675,0.609375,0.7159090909090909,1.452972972972973,0.009009009009009009,4,692,175,0.5428833286736207,l2,0.01,liblinear,0.6541355627469407
0.6460481099656357,0.6802783432729215,0.6625766871165644,0.7263681592039801,0.6414401749453296,0.288946833793779,0.7525773195876289,0.5303030303030303,0.7019230769230769,1.6022613900897904,0.0,5,704,163,0.4817661952920387,l1,0.1,liblinear,0.6485730852322102
