roc_auc,pr_auc,accuracy,f1,balanced_accuracy,matthews_corrcoef,sensitivity,specificity,precision,pos_LR,sensitivity_at_spec100,fold,n_train,n_val,threshold,best_penalty,best_C,best_solver,best_inner_score
0.65825,0.7286195097554631,0.6153846153846154,0.6666666666666666,0.6125,0.21957751641341997,0.625,0.6,0.7142857142857143,1.5625,0.0,1,737,130,0.5173569950287051,l2,0.0001,liblinear,0.7156323654590004
0.6644757433489827,0.7600136255268877,0.6293103448275862,0.7034482758620689,0.6035993740219092,0.21007871540990994,0.7183098591549296,0.4888888888888889,0.6891891891891891,1.4053888548683406,0.04225352112676056,2,751,116,0.5341562243749896,l2,0.0001,liblinear,0.7034470657902331
0.6816666666666666,0.6577482345756647,0.6573426573426573,0.6878980891719745,0.6541176470588235,0.3112401457062834,0.72,0.5882352941176471,0.6585365853658537,1.7485714285714287,0.006666666666666667,3,581,286,0.48488001438316597,l2,0.0001,lbfgs,0.7043479138747083
0.7143812709030101,0.8340385066072185,0.6586826347305389,0.7192118226600985,0.6731605351170569,0.3211993259175913,0.6347826086956522,0.7115384615384616,0.8295454545454546,2.2005797101449276,0.02608695652173913,4,700,167,0.5357509350755042,l2,0.0001,liblinear,0.6627837975653083
0.686470588235294,0.7140174179568473,0.6785714285714286,0.7216494845360825,0.6735294117647059,0.3431450670235981,0.7,0.6470588235294118,0.7446808510638298,1.9833333333333334,0.0,5,699,168,0.5224938341546687,l1,0.01,liblinear,0.6777186182630912
