roc_auc,pr_auc,accuracy,f1,balanced_accuracy,matthews_corrcoef,sensitivity,specificity,precision,pos_LR,sensitivity_at_spec100,fold,n_train,n_val,threshold,best_penalty,best_C,best_solver,best_inner_score
0.5828915662650602,0.6137825426530842,0.5573770491803278,0.6197183098591549,0.5468674698795181,0.0960179233772274,0.66,0.43373493975903615,0.584070796460177,1.1655319148936172,0.03,1,684,183,0.4701051321961475,l2,0.01,liblinear,0.6733371255538265
0.7080262080262081,0.7345530416197283,0.6820809248554913,0.7150259067357513,0.6795659295659295,0.35670559260748597,0.696969696969697,0.6621621621621622,0.7340425531914894,2.0630303030303034,0.030303030303030304,2,694,173,0.46211337342703457,l2,0.001,liblinear,0.6390866797635019
0.6661410550458716,0.750456592363971,0.653179190751445,0.7368421052631579,0.6118836009174312,0.23314671811298684,0.7706422018348624,0.453125,0.7058823529411765,1.4091743119266056,0.03669724770642202,3,694,173,0.45825403551873284,l2,0.001,liblinear,0.645886601074791
0.634009009009009,0.7102702393830422,0.6857142857142857,0.7755102040816326,0.623240427927928,0.28027885985187967,0.8558558558558559,0.390625,0.7089552238805971,1.4044814044814045,0.02702702702702703,4,692,175,0.4669988474569392,l2,0.001,lbfgs,0.6728844256563732
0.6868166198063106,0.6969826664207268,0.656441717791411,0.7171717171717171,0.6387066541705717,0.280497241678502,0.7319587628865979,0.5454545454545454,0.7029702970297029,1.6103092783505153,0.0,5,704,163,0.4927706646123925,l2,0.001,lbfgs,0.667637324451112
