roc_auc,pr_auc,accuracy,f1,balanced_accuracy,matthews_corrcoef,sensitivity,specificity,precision,pos_LR,sensitivity_at_spec100,fold,n_train,n_val,threshold,best_penalty,best_C,best_solver,best_inner_score
0.6726506024096386,0.6830084291371106,0.6502732240437158,0.6666666666666666,0.6513253012048192,0.3013463801952596,0.64,0.6626506024096386,0.6956521739130435,1.8971428571428572,0.02,1,684,183,0.5157079684000617,l2,0.0001,liblinear,0.698021597367994
0.6883701883701884,0.6943166210837427,0.6416184971098265,0.6836734693877551,0.6356811356811357,0.2705143197963716,0.6767676767676768,0.5945945945945946,0.6907216494845361,1.6693602693602696,0.0,2,694,173,0.47827674244827406,l2,0.001,liblinear,0.7177573013834817
0.747993119266055,0.8086078054618929,0.6820809248554913,0.7465437788018433,0.6606221330275229,0.3202359351536398,0.7431192660550459,0.578125,0.75,1.7614678899082568,0.0,3,694,173,0.5279350275081337,l2,0.001,lbfgs,0.6680384719755725
0.7225506756756757,0.805062599748253,0.6571428571428571,0.7247706422018348,0.6371058558558558,0.270951232559091,0.7117117117117117,0.5625,0.7383177570093458,1.6267696267696266,0.02702702702702703,4,692,175,0.5069184315031473,l2,0.001,liblinear,0.6912877541686594
0.6505779443923775,0.7139357608174788,0.6134969325153374,0.6956521739130435,0.5832552327397689,0.1744878102271642,0.7422680412371134,0.42424242424242425,0.6545454545454545,1.2892023874118288,0.020618556701030927,5,704,163,0.5270180235952983,l2,0.01,liblinear,0.6819767123645163
