roc_auc,pr_auc,accuracy,f1,balanced_accuracy,matthews_corrcoef,sensitivity,specificity,precision,pos_LR,sensitivity_at_spec100,fold,n_train,n_val,threshold,best_penalty,best_C,best_solver,best_inner_score
0.6863122171945701,0.6886489126243339,0.6613756613756614,0.7009345794392523,0.6546945701357466,0.31204793283555476,0.7211538461538461,0.5882352941176471,0.6818181818181818,1.7513736263736264,0.0,1,678,189,0.48273489241501083,l2,0.0001,liblinear,0.6925383404330667
0.73,0.7974606962299979,0.6666666666666666,0.7058823529411765,0.6628571428571428,0.32277655457716287,0.6857142857142857,0.64,0.7272727272727273,1.9047619047619049,0.12857142857142856,2,747,120,0.5182860307425895,l2,0.0001,liblinear,0.6914998231591779
0.6560493827160494,0.6978808422590936,0.6133333333333333,0.6640926640926641,0.6074074074074074,0.2115830332607103,0.6370370370370371,0.5777777777777777,0.6935483870967742,1.5087719298245612,0.0,3,642,225,0.47465625875654255,l2,0.01,liblinear,0.6903470353048691
0.7329963235294117,0.7923793551396451,0.6927710843373494,0.7411167512690355,0.685968137254902,0.3659044005204203,0.7156862745098039,0.65625,0.7684210526315789,2.0819964349376114,0.0,4,701,166,0.5324369073008483,l2,0.0001,liblinear,0.7111875259543745
0.6732718894009216,0.7457644737427516,0.6347305389221557,0.7081339712918661,0.6104454685099847,0.22018181500695092,0.7047619047619048,0.5161290322580645,0.7115384615384616,1.4565079365079365,0.01904761904761905,5,700,167,0.4984025901660003,l2,0.0001,liblinear,0.6876164594539924
