roc_auc,pr_auc,accuracy,f1,balanced_accuracy,matthews_corrcoef,sensitivity,specificity,precision,pos_LR,sensitivity_at_spec100,fold,n_train,n_val,threshold,best_penalty,best_C,best_solver,best_inner_score
0.6396103896103896,0.6836529500178273,0.6296296296296297,0.7058823529411765,0.6017316017316017,0.20770247549870044,0.7272727272727273,0.47619047619047616,0.6857142857142857,1.3884297520661157,0.0,1,723,108,0.5306011638698649,l2,0.001,liblinear,0.7126113400469181
0.678727537639631,0.72284753036605,0.6310160427807486,0.676056338028169,0.6342884895580378,0.26086741327478613,0.6206896551724138,0.647887323943662,0.7422680412371134,1.7627586206896553,0.0,2,644,187,0.4937504868628083,l1,0.01,liblinear,0.6809362279243327
0.6603321622484828,0.6608126482689746,0.6355555555555555,0.6693548387096774,0.6317071223251357,0.26341424465027147,0.6693548387096774,0.594059405940594,0.6693548387096774,1.6488985051140832,0.0,3,606,225,0.5556042341281131,l2,0.001,lbfgs,0.7295670203206038
0.6428571428571428,0.7168250059324344,0.6258064516129033,0.7128712871287128,0.5868506493506493,0.176723535818736,0.7272727272727273,0.44642857142857145,0.6990291262135923,1.313782991202346,0.010101010101010102,4,676,155,0.48405091359780605,l2,0.0001,liblinear,0.6913137514652039
0.7352472089314195,0.7990634518071157,0.6858974358974359,0.7292817679558011,0.6929824561403508,0.37220316708118134,0.6666666666666666,0.7192982456140351,0.8048780487804879,2.375,0.0,5,675,156,0.5436443722726348,l2,0.001,liblinear,0.6610390990905944
