n_pairs,pairwise_accuracy,both_correct_rate,mean_delta,median_delta,std_delta,n_positive_delta,per_drug_accuracy,per_drug_roc_auc,per_drug_pr_auc,n_train,n_test,best_penalty,best_C,best_solver,inner_cv_score,threshold,seed
13,0.46153846153846156,0.5384615384615384,-0.01814331797351419,-0.0047873137090665985,0.04759626517687343,6,0.8076923076923077,0.17045454545454547,0.7649612059984188,867,26,l2,0.001,lbfgs,0.6913975010449603,0.4749484926851072,2
