roc_auc,pr_auc,accuracy,f1,balanced_accuracy,matthews_corrcoef,sensitivity,specificity,precision,pos_LR,sensitivity_at_spec100,fold,n_train,n_val,threshold,best_penalty,best_C,best_solver,best_inner_score
0.6167650531286895,0.6995431572828033,0.6020942408376964,0.6576576576576577,0.6016528925619835,0.19624992540509148,0.6033057851239669,0.6,0.7227722772277227,1.5082644628099173,0.0,1,702,191,0.5364009471174737,l2,0.1,lbfgs,0.6922543601215831
0.6819990450421772,0.7804978187600013,0.6097560975609756,0.6483516483516484,0.622473340760783,0.23693656146027373,0.5728155339805825,0.6721311475409836,0.7468354430379747,1.7470873786407763,0.08737864077669903,2,729,164,0.5311216111016371,l2,0.01,lbfgs,0.6577964567245663
0.6824440619621341,0.6649030055986712,0.6519337016574586,0.7014218009478673,0.6426112613720187,0.29345547919118903,0.7551020408163265,0.5301204819277109,0.6548672566371682,1.6070120355834643,0.02040816326530612,3,712,181,0.4678899314974144,l2,0.0001,liblinear,0.6517987506624616
0.6802096985583226,0.7756118364645461,0.627906976744186,0.6666666666666666,0.6427843308577254,0.27533411177085043,0.5871559633027523,0.6984126984126984,0.7710843373493976,1.9468855625301784,0.07339449541284404,4,721,172,0.5861361144988173,l1,0.1,liblinear,0.6998125171721239
0.7157919961658279,0.7189657773744474,0.6486486486486487,0.6733668341708543,0.6528277018931224,0.3018810698737881,0.6261682242990654,0.6794871794871795,0.7282608695652174,1.9536448598130842,0.018691588785046728,5,708,185,0.5340746702141358,l1,0.1,liblinear,0.6559126618480617
