roc_auc,pr_auc,accuracy,f1,balanced_accuracy,matthews_corrcoef,sensitivity,specificity,precision,pos_LR,sensitivity_at_spec100,fold,n_train,n_val,threshold,best_penalty,best_C,best_solver,best_inner_score
0.6934731934731934,0.7317610345984545,0.5957446808510638,0.6,0.6116550116550117,0.2225332904407758,0.5181818181818182,0.7051282051282052,0.7125,1.7573122529644272,0.01818181818181818,1,679,188,0.5471556516244455,l2,0.0001,liblinear,0.6925856371006388
0.6626435089785105,0.7545817536566731,0.6557377049180327,0.7162162162162162,0.6493965263467766,0.2879756642123597,0.6708860759493671,0.627906976744186,0.7681159420289855,1.8030063291139242,0.012658227848101266,2,745,122,0.5061939610155977,l2,0.0001,liblinear,0.691742171392074
0.7007507507507508,0.7987250132934653,0.6491228070175439,0.7115384615384616,0.6416666666666666,0.2729185521038726,0.6666666666666666,0.6166666666666667,0.7628865979381443,1.7391304347826086,0.06306306306306306,3,696,171,0.5326348127810642,l2,0.0001,liblinear,0.7164265142836304
0.6883357606249172,0.6903951379951034,0.6379310344827587,0.631578947368421,0.6400767906792003,0.2807676071462952,0.5934065934065934,0.6867469879518072,0.675,1.8943364327979713,0.0,4,693,174,0.554313379526708,l2,0.0001,liblinear,0.6727200366738305
0.7363678160919541,0.8007686372014836,0.660377358490566,0.7,0.6578390804597701,0.3116910868336545,0.672,0.6436781609195402,0.7304347826086957,1.8859354838709679,0.072,5,655,212,0.5284749066040844,l2,0.0001,lbfgs,0.6917949617064474
