accuracy,balanced_accuracy,f1_macro,f1_weighted,mae,adjacent_accuracy,kappa_linear,kappa_quadratic,spearman_r,roc_auc_macro_ovr,roc_auc_weighted_ovr,fold,n_train,n_val,best_penalty,best_C,best_solver,inner_auc_score
0.4330708661417323,0.44596612115991957,0.4134057971014493,0.4174883030925482,0.7165354330708661,0.8503937007874016,0.22886501634750112,0.30127521644560074,0.3796268606122806,0.5933546070845471,0.5859628900715894,1,740,127,l2,0.001,liblinear,0.6766734718117433
0.48186528497409326,0.5201813655761024,0.45356965060400095,0.4490509286201483,0.6476683937823834,0.8704663212435233,0.29691370617550206,0.3549588434139914,0.38920611712579134,0.6622761627128185,0.6501003467164227,2,674,193,l2,0.001,liblinear,0.656446999133373
0.436046511627907,0.45499382548718414,0.4228950038473848,0.4198076576814118,0.7325581395348837,0.8313953488372093,0.21089426157879398,0.24919339533118245,0.35555652462883935,0.6261967686540741,0.618442023093186,3,695,172,l2,0.001,liblinear,0.6714818773519159
0.5668202764976958,0.554172510518934,0.45037703326606743,0.5057868932010108,0.576036866359447,0.8571428571428571,0.3849903639043192,0.45241211794075975,0.4756974916033892,0.7249586658294133,0.7184930565817045,4,650,217,l2,0.0001,liblinear,0.6221917225139995
0.4936708860759494,0.5537674037674037,0.49333333333333335,0.469535864978903,0.620253164556962,0.8860759493670886,0.32560975609756093,0.37670748940179,0.3926351388812486,0.7006195707188124,0.6885689335976715,5,709,158,l2,0.001,lbfgs,0.6628066600316025
