roc_auc,pr_auc,accuracy,f1,balanced_accuracy,matthews_corrcoef,sensitivity,specificity,precision,pos_LR,sensitivity_at_spec100,fold,n_train,n_val,threshold,best_penalty,best_C,best_solver,best_inner_score
0.629524886877828,0.6688921884020615,0.5555555555555556,0.6181818181818182,0.5445701357466064,0.09107719784861643,0.6538461538461539,0.43529411764705883,0.5862068965517241,1.157852564102564,0.019230769230769232,1,678,189,0.4599999031863968,l2,0.001,liblinear,0.6912685500652115
0.6994285714285714,0.7400274619800773,0.65,0.7123287671232876,0.6314285714285715,0.26891849420908714,0.7428571428571429,0.52,0.6842105263157895,1.5476190476190477,0.02857142857142857,2,747,120,0.4810501922270014,l2,0.001,liblinear,0.6934707808732012
0.6954732510288066,0.7114552331469189,0.6444444444444445,0.6610169491525424,0.6611111111111111,0.31737454989106545,0.5777777777777777,0.7444444444444445,0.7722772277227723,2.260869565217391,0.007407407407407408,3,642,225,0.5084145956484074,l2,0.0001,liblinear,0.6754799470656622
0.7326899509803921,0.7839064228591641,0.6987951807228916,0.7549019607843137,0.6821384803921569,0.3642769607843137,0.7549019607843137,0.609375,0.7549019607843137,1.9325490196078432,0.0392156862745098,4,701,166,0.5298746097795257,l2,0.0001,lbfgs,0.6813156240530345
0.6774193548387096,0.7497827948440722,0.5868263473053892,0.6424870466321243,0.5855606758832566,0.16559217665197656,0.5904761904761905,0.5806451612903226,0.7045454545454546,1.4080586080586082,0.02857142857142857,5,700,167,0.546469468700032,l1,0.1,liblinear,0.6758810683989653
