accuracy,balanced_accuracy,f1_macro,f1_weighted,mae,adjacent_accuracy,kappa_linear,kappa_quadratic,spearman_r,roc_auc_macro_ovr,roc_auc_weighted_ovr,fold,n_train,n_val,best_penalty,best_C,best_solver,inner_auc_score
0.44881889763779526,0.44547803617571063,0.38378198737121966,0.3993217198797309,0.7480314960629921,0.8031496062992126,0.22506262444601444,0.27354136257840544,0.34519258214301,0.6272505470153614,0.6259478607046736,1,740,127,l1,0.1,liblinear,0.6305191264753655
0.40932642487046633,0.41474039829302983,0.33541735549610746,0.33487023738198146,0.7927461139896373,0.7979274611398963,0.13254604741341325,0.15042780646759535,0.23703926145333512,0.6368513689426591,0.6396503560633049,2,674,193,l1,0.1,liblinear,0.637887756807419
0.4127906976744186,0.4310261739104244,0.35429322813938197,0.3403403513600294,0.7848837209302325,0.8023255813953488,0.1744880546075085,0.2119707502031235,0.2692961317226042,0.6177437389723918,0.6120690356155474,3,695,172,l1,0.1,liblinear,0.6452959718955572
0.5714285714285714,0.506159420289855,0.4110184765293427,0.48223691751092596,0.5714285714285714,0.8571428571428571,0.34632202895734143,0.4139733426256643,0.34154080572657486,0.6720037874833578,0.6693953568658279,4,650,217,l2,0.001,liblinear,0.6366275977042454
0.34177215189873417,0.4234848484848485,0.29685947127807594,0.23682283764709433,0.8481012658227848,0.810126582278481,0.14283400809716595,0.18712209610692687,0.321485905879502,0.6605437155559813,0.65182385807901,5,709,158,l2,0.001,liblinear,0.6407245460711559
