accuracy,balanced_accuracy,f1_macro,f1_weighted,mae,adjacent_accuracy,kappa_linear,kappa_quadratic,spearman_r,roc_auc_macro_ovr,roc_auc_weighted_ovr,fold,n_train,n_val,best_penalty,best_C,best_solver,inner_auc_score
0.375,0.3943089430894309,0.3699732766669886,0.382929464889404,0.86328125,0.76171875,0.07868681605002603,0.07873090481786138,0.11703548256798395,0.5938978433707934,0.5914313644865841,1,611,256,l2,0.01,lbfgs,0.6085211938056476
0.4296875,0.4658370487424046,0.4292166731191121,0.4270500629113434,0.765625,0.8046875,0.1740848037924677,0.17462530498431506,0.18946162861742602,0.6194188685119638,0.6137108936588103,2,739,128,l2,0.01,lbfgs,0.622740690618196
0.4662576687116564,0.47791701475912,0.4640216598979485,0.47233705724629765,0.6503067484662577,0.8834355828220859,0.23784737538597245,0.27787349249323157,0.3352457390252407,0.6568202761773977,0.6517906869204949,3,704,163,l2,0.01,lbfgs,0.5900663568622966
0.4319526627218935,0.456706487956488,0.433551060542211,0.42946685717277955,0.6982248520710059,0.8698224852071006,0.2155613248367556,0.27363896848137537,0.27651016272306483,0.6112361380425234,0.5994939722578029,4,698,169,l2,0.1,lbfgs,0.6360044046556654
0.46357615894039733,0.4719087425983978,0.45877110438316565,0.46431829968066046,0.6688741721854304,0.8675496688741722,0.21016106478844065,0.23012113541854995,0.2894849133340371,0.6244821736837348,0.6121387643335365,5,716,151,l2,0.01,lbfgs,0.6285296637429086
