roc_auc,pr_auc,accuracy,f1,balanced_accuracy,matthews_corrcoef,sensitivity,specificity,precision,pos_LR,sensitivity_at_spec100,fold,n_train,n_val,threshold,best_penalty,best_C,best_solver,best_inner_score
0.6893975903614458,0.7149791210300824,0.6338797814207651,0.6666666666666666,0.6301807228915663,0.26064422544918114,0.67,0.5903614457831325,0.6633663366336634,1.6355882352941178,0.0,1,684,183,0.4777502032964806,l2,0.0001,liblinear,0.7139175817821425
0.7320502320502321,0.7682700740520505,0.6647398843930635,0.6847826086956522,0.6695331695331695,0.3355577976946565,0.6363636363636364,0.7027027027027027,0.7411764705882353,2.1404958677685952,0.06060606060606061,2,694,173,0.5113740686003416,l2,0.0001,liblinear,0.6871194778041012
0.7114392201834863,0.7744035895395163,0.6994219653179191,0.7657657657657657,0.6711582568807339,0.34722919986133083,0.7798165137614679,0.5625,0.7522123893805309,1.782437745740498,0.03669724770642202,3,694,173,0.4863401790944898,l2,0.0001,lbfgs,0.6752040565373566
0.6725788288288288,0.7722993000593412,0.6628571428571428,0.7330316742081447,0.6383023648648649,0.27571351654469756,0.7297297297297297,0.546875,0.7363636363636363,1.6104380242311276,0.12612612612612611,4,692,175,0.507567422908709,l2,0.0001,liblinear,0.7060952711339672
0.704154951577632,0.7433964449856837,0.656441717791411,0.711340206185567,0.6435488909715714,0.2870977819431428,0.711340206185567,0.5757575757575758,0.711340206185567,1.6767304860088368,0.041237113402061855,5,704,163,0.5480287636333789,l2,0.0001,liblinear,0.6724289870809327
