accuracy,balanced_accuracy,f1_macro,f1_weighted,mae,adjacent_accuracy,kappa_linear,kappa_quadratic,spearman_r,roc_auc_macro_ovr,roc_auc_weighted_ovr,fold,n_train,n_val,best_penalty,best_C,best_solver,inner_auc_score
0.4409448818897638,0.45687625610106225,0.4296942291128338,0.43814726647541147,0.7244094488188977,0.8346456692913385,0.2322249967144172,0.284537122677205,0.3136352269609845,0.6108418719490055,0.6081514339375845,1,740,127,l2,0.0001,lbfgs,0.6575043689718727
0.47150259067357514,0.4671704599336179,0.44934644967284704,0.4714433524600888,0.6683937823834197,0.8601036269430051,0.22768868070850257,0.2551405614020288,0.2549680747456167,0.6338334563648955,0.6361238185599688,2,674,193,l2,0.0001,lbfgs,0.6373665525562909
0.4069767441860465,0.4322836661546339,0.4041671159197086,0.3992922341430392,0.7616279069767442,0.8313953488372093,0.17622111728575607,0.21863282376694548,0.23733571169398746,0.5870445730739848,0.581047731338429,3,695,172,l2,0.0001,lbfgs,0.6663724113937484
0.5023041474654378,0.5117578307620384,0.4760914825629772,0.5173154131849891,0.6543778801843319,0.8433179723502304,0.29474503341572833,0.3368935711999068,0.42651836751078037,0.6989453131905113,0.6988440703359422,4,650,217,l2,0.0001,lbfgs,0.6207555279788867
0.5063291139240507,0.515990990990991,0.5015394292133983,0.5108389078460362,0.620253164556962,0.8734177215189873,0.2629474485910128,0.26792908944399674,0.2619509318995811,0.6683072317048677,0.6690197186271838,5,709,158,l2,0.0001,lbfgs,0.6496232890957148
