accuracy,balanced_accuracy,f1_macro,f1_weighted,mae,adjacent_accuracy,kappa_linear,kappa_quadratic,spearman_r,roc_auc_macro_ovr,roc_auc_weighted_ovr,fold,n_train,n_val,best_penalty,best_C,best_solver,inner_auc_score
0.5126050420168067,0.4928395061728395,0.4894606887589344,0.519650760889151,0.6050420168067226,0.8823529411764706,0.2576676485877665,0.26324913323427435,0.22639646320269807,0.6364723978710871,0.6453400071831339,1,748,119,l2,0.001,lbfgs,0.6295584290948407
0.4351145038167939,0.4427192393294088,0.42940489121490405,0.43680618737454185,0.7175572519083969,0.8473282442748091,0.1553025106324598,0.15775837251703295,0.2037109805031973,0.6132420563084318,0.6083754693380837,2,736,131,l2,0.001,lbfgs,0.6231981408752907
0.4588235294117647,0.46833930704898447,0.46075510576018264,0.45519360286487476,0.6352941176470588,0.9058823529411765,0.27379163040898646,0.3642143505903723,0.3657425582119384,0.6272404103918726,0.6162566367356911,3,697,170,l2,0.01,lbfgs,0.6377288188069116
0.4723404255319149,0.451071646868107,0.4411604976696674,0.4709285893303231,0.7063829787234043,0.8212765957446808,0.1902270934529,0.2088607594936709,0.26757121336588896,0.638592000081245,0.6351655342891716,4,632,235,l2,0.001,lbfgs,0.6201031004628328
0.4528301886792453,0.4322638837017567,0.4269086718524921,0.4626253648831558,0.6556603773584906,0.8915094339622641,0.20967655420264975,0.26997245179063356,0.3390319326675282,0.6198111060773598,0.623125596530875,5,655,212,l2,0.01,lbfgs,0.639900539619101
