n_pairs,pairwise_accuracy,both_correct_rate,mean_delta,median_delta,std_delta,n_positive_delta,per_drug_accuracy,per_drug_roc_auc,per_drug_pr_auc,n_train,n_test,best_penalty,best_C,best_solver,inner_cv_score,threshold,seed
13,0.38461538461538464,0.5384615384615384,-0.016330204374449923,-0.01608996324907852,0.024354641935638275,5,0.8076923076923077,0.13636363636363635,0.7625081035453164,867,26,l2,0.0001,liblinear,0.6747572476237186,0.4876649979503246,4
