roc_auc,pr_auc,accuracy,f1,balanced_accuracy,matthews_corrcoef,sensitivity,specificity,precision,pos_LR,sensitivity_at_spec100,fold,n_train,n_val,threshold,best_penalty,best_C,best_solver,best_inner_score
0.7284457478005866,0.8049659734999864,0.7374301675977654,0.8,0.7244868035190616,0.42677311548097946,0.7580645161290323,0.6909090909090909,0.8468468468468469,2.452561669829222,0.024193548387096774,1,714,179,0.49214312678472283,l2,0.001,liblinear,0.6789206896602324
0.7248729299885227,0.7001230636812883,0.6832579185520362,0.6666666666666666,0.6855222167568453,0.3740930260958902,0.6140350877192983,0.7570093457943925,0.7291666666666666,2.5269905533063426,0.0,2,672,221,0.503154187735969,l2,0.001,liblinear,0.6551806488844794
0.6702888947786907,0.7159521308768909,0.6746031746031746,0.7484662576687117,0.6410018552875696,0.29533777865940763,0.7922077922077922,0.4897959183673469,0.7093023255813954,1.5527272727272727,0.0,3,767,126,0.4849893970902835,l2,0.0001,liblinear,0.6788434189868265
0.6040483471676132,0.7185219213565502,0.627906976744186,0.6923076923076923,0.6159895150720839,0.226127418470663,0.6605504587155964,0.5714285714285714,0.7272727272727273,1.5412844036697246,0.06422018348623854,4,721,172,0.5377130093658203,l1,0.1,liblinear,0.6936093348103338
0.6458739441195582,0.6737893412865001,0.5897435897435898,0.6190476190476191,0.5937296946068875,0.18477742854200235,0.5701754385964912,0.6172839506172839,0.6770833333333334,1.4898132427843802,0.008771929824561403,5,698,195,0.5268822325933529,l2,0.001,liblinear,0.7043421970626664
