roc_auc,pr_auc,accuracy,f1,balanced_accuracy,matthews_corrcoef,sensitivity,specificity,precision,pos_LR,sensitivity_at_spec100,fold,n_train,n_val,threshold,best_penalty,best_C,best_solver,best_inner_score
0.683982683982684,0.7634748623253838,0.6388888888888888,0.7111111111111111,0.6136363636363636,0.23066786057731162,0.7272727272727273,0.5,0.6956521739130435,1.4545454545454546,0.06060606060606061,1,723,108,0.5011954739665043,l2,0.001,liblinear,0.7044808719086255
0.6820058280718795,0.7213155164091534,0.6684491978609626,0.7181818181818181,0.6644609033511413,0.3212884550638745,0.6810344827586207,0.647887323943662,0.7596153846153846,1.9341379310344828,0.02586206896551724,2,644,187,0.47985620550691604,l1,0.1,liblinear,0.697278326410357
0.655301820504631,0.6671764715061199,0.6088888888888889,0.639344262295082,0.6065953369530501,0.212546745433535,0.6290322580645161,0.5841584158415841,0.65,1.5126728110599077,0.0,3,606,225,0.4839175698579098,l2,0.001,liblinear,0.7276563984146244
0.6381673881673882,0.715870606104481,0.6516129032258065,0.7326732673267327,0.6148088023088023,0.2336127321882149,0.7474747474747475,0.48214285714285715,0.7184466019417476,1.4433995123650298,0.030303030303030304,4,676,155,0.49315781334911807,l2,0.0001,liblinear,0.6897512835775108
0.8279284068757753,0.8743198306788768,0.7692307692307693,0.8125,0.7623604465709728,0.5149577911262518,0.7878787878787878,0.7368421052631579,0.8387096774193549,2.9939393939393932,0.09090909090909091,5,675,156,0.4996858624607541,l2,0.0001,liblinear,0.6376163947128349
