roc_auc,pr_auc,accuracy,f1,balanced_accuracy,matthews_corrcoef,sensitivity,specificity,precision,pos_LR,sensitivity_at_spec100,fold,n_train,n_val,threshold,best_penalty,best_C,best_solver,best_inner_score
0.5950380152060825,0.6053756925869043,0.5580357142857143,0.611764705882353,0.5515406162464986,0.10532632773950017,0.6554621848739496,0.44761904761904764,0.5735294117647058,1.1866125760649087,0.0,1,669,224,0.48633494375190756,l2,0.001,lbfgs,0.6391143486156518
0.5330623306233062,0.6756361740781923,0.5846994535519126,0.6859504132231405,0.5373983739837398,0.07362875027725826,0.6747967479674797,0.4,0.6974789915966386,1.1246612466124661,0.0,2,710,183,0.47275223213746254,l2,0.01,liblinear,0.6611636333304369
0.6558230318802862,0.7392126756311801,0.6142857142857143,0.6746987951807228,0.6048579483842984,0.20514004659399654,0.6436781609195402,0.5660377358490566,0.7088607594936709,1.4832583708145926,0.022988505747126436,3,753,140,0.48472211573696206,l2,0.001,lbfgs,0.6271332212443838
0.6248172514619883,0.744215595303013,0.5882352941176471,0.6631016042780749,0.5685307017543859,0.13498070065128745,0.6458333333333334,0.49122807017543857,0.6813186813186813,1.269396551724138,0.0625,4,740,153,0.4854165287440246,l2,0.001,lbfgs,0.6407903607892795
0.6711283185840707,0.7265365039238015,0.6217616580310881,0.6666666666666666,0.6167588495575221,0.23120193213625403,0.6460176991150443,0.5875,0.6886792452830188,1.566103513006168,0.02654867256637168,5,700,193,0.4823366619364801,l2,0.001,lbfgs,0.6419924473640352
