accuracy,balanced_accuracy,f1_macro,f1_weighted,mae,adjacent_accuracy,kappa_linear,kappa_quadratic,spearman_r,roc_auc_macro_ovr,roc_auc_weighted_ovr,fold,n_train,n_val,best_penalty,best_C,best_solver,inner_auc_score
0.42857142857142855,0.43530864197530866,0.4229434526464229,0.4320602203953564,0.680672268907563,0.8907563025210085,0.17495506291192342,0.2246848931376727,0.27894229066767007,0.6040559912568172,0.5872162152892814,1,748,119,l2,0.01,lbfgs,0.6312552714278287
0.48091603053435117,0.5060118788932347,0.4799689096158117,0.4796990301630974,0.6641221374045801,0.8549618320610687,0.24657896476498975,0.257605295371084,0.27358374931623974,0.645477945134488,0.6380151712195001,2,736,131,l2,0.01,lbfgs,0.6137729237787016
0.4411764705882353,0.4525516299709848,0.43464112766416835,0.43079975397209863,0.7235294117647059,0.8352941176470589,0.2070534698521047,0.24599831508003378,0.2759626111020702,0.6255173467450826,0.6185435465151792,3,697,170,l2,0.001,lbfgs,0.6067552175256447
0.43829787234042555,0.41527312710941033,0.41145975469676294,0.44549210646613846,0.7446808510638298,0.8170212765957446,0.13659171547941473,0.1445010112281191,0.24325536087144678,0.6164616976339217,0.6115667200193742,4,632,235,l2,0.01,lbfgs,0.6258799541506301
0.4386792452830189,0.4326455783319592,0.42154669695896924,0.44869267555230763,0.6886792452830188,0.8726415094339622,0.1759318423855165,0.20945668792184058,0.28302904648999894,0.6068707153098083,0.598767099678672,5,655,212,l2,0.01,lbfgs,0.6193223280537756
