accuracy,balanced_accuracy,f1_macro,f1_weighted,mae,adjacent_accuracy,kappa_linear,kappa_quadratic,spearman_r,roc_auc_macro_ovr,roc_auc_weighted_ovr,fold,n_train,n_val,best_penalty,best_C,best_solver,inner_auc_score
0.4369747899159664,0.394320987654321,0.38217338217338215,0.42340012928248216,0.6638655462184874,0.8991596638655462,0.13728549141965662,0.17221584385763478,0.29383411618533783,0.630975199684689,0.6303843603363573,1,748,119,l2,0.001,lbfgs,0.6627899971445215
0.45038167938931295,0.47451042366296603,0.4512673907743541,0.4478426019894185,0.6793893129770993,0.8702290076335878,0.22257784890311405,0.25988700564971756,0.29342204097874597,0.6528296292942571,0.6450180830159257,2,736,131,l2,0.0001,lbfgs,0.6613475117088445
0.4470588235294118,0.45944700460829485,0.44711512676114445,0.4443184093366291,0.711764705882353,0.8411764705882353,0.20640432098765427,0.23580786026200873,0.26538282416533765,0.6320918313492728,0.625308956895323,3,697,170,l2,0.0001,lbfgs,0.6566829797490495
0.46808510638297873,0.45567913045789155,0.4497117072330729,0.47854502714992114,0.6468085106382979,0.8851063829787233,0.23691518906216624,0.2922514619883041,0.3721806068026082,0.636246674578679,0.6358993615713305,4,632,235,l2,0.0001,lbfgs,0.6664774029989331
0.4669811320754717,0.47460614986388183,0.45762503079576256,0.47452446694278266,0.6367924528301887,0.8962264150943396,0.23838416094523385,0.2937016081000595,0.40879689754617293,0.6918376089973552,0.6806456048705207,5,655,212,l2,0.0001,lbfgs,0.6383488454761359
