roc_auc,pr_auc,accuracy,f1,balanced_accuracy,matthews_corrcoef,sensitivity,specificity,precision,pos_LR,sensitivity_at_spec100,fold,n_train,n_val,threshold,best_penalty,best_C,best_solver,best_inner_score
0.6743801652892563,0.7282850809284059,0.643979057591623,0.6851851851851852,0.6557851239669421,0.30026192591707307,0.6115702479338843,0.7,0.7789473684210526,2.0385674931129474,0.0,1,702,191,0.5238882441827808,l2,0.001,lbfgs,0.6806809950018644
0.6880471112525863,0.7402102071099378,0.6646341463414634,0.7417840375586855,0.6293967849753302,0.2661606134994679,0.7669902912621359,0.4918032786885246,0.7181818181818181,1.5092389602254932,0.0,2,729,164,0.5187531643292375,l1,0.1,liblinear,0.6733415887448654
0.7359232849766413,0.7300879440318473,0.712707182320442,0.7291666666666666,0.7125645438898451,0.4239838867363392,0.7142857142857143,0.7108433734939759,0.7446808510638298,2.470238095238095,0.01020408163265306,3,712,181,0.5378821823081431,l2,0.0001,liblinear,0.6363204750610333
0.6976845784185234,0.7886660697715091,0.6511627906976745,0.7169811320754716,0.6343381389252949,0.2641007831711958,0.6972477064220184,0.5714285714285714,0.7378640776699029,1.6269113149847094,0.08256880733944955,4,721,172,0.5552964160957414,l2,0.0001,liblinear,0.6772198295006351
0.7076443805415769,0.7479083186530007,0.6594594594594595,0.7149321266968326,0.6447999041456985,0.29407347950251217,0.7383177570093458,0.5512820512820513,0.6929824561403509,1.6453938584779708,0.009345794392523364,5,708,185,0.5183054678617104,l1,0.1,liblinear,0.6708633485236536
