roc_auc,pr_auc,accuracy,f1,balanced_accuracy,matthews_corrcoef,sensitivity,specificity,precision,pos_LR,sensitivity_at_spec100,fold,n_train,n_val,threshold,best_penalty,best_C,best_solver,best_inner_score
0.643161094224924,0.6791012130033747,0.6495726495726496,0.7050359712230215,0.6372340425531915,0.2735549874793697,0.7,0.574468085106383,0.7101449275362319,1.645,0.02857142857142857,1,714,117,0.5081164490949543,l2,0.0001,liblinear,0.6948469094195209
0.7239923747276688,0.7640929232460649,0.6420454545454546,0.6735751295336787,0.6538671023965141,0.29985544951748355,0.6018518518518519,0.7058823529411765,0.7647058823529411,2.0462962962962967,0.027777777777777776,2,655,176,0.49555982233222895,l2,0.0001,liblinear,0.6559490285668191
0.7208754208754209,0.7942169213727485,0.7055214723926381,0.76,0.7063973063973064,0.39364447050981194,0.7037037037037037,0.7090909090909091,0.8260869565217391,2.418981481481482,0.009259259259259259,3,668,163,0.5123516828704207,l2,0.0001,liblinear,0.6492798118049838
0.703227931488801,0.7180590549071489,0.6518987341772152,0.6927374301675978,0.647562582345191,0.29260606465000605,0.6739130434782609,0.6212121212121212,0.7126436781609196,1.7791304347826087,0.0,4,673,158,0.519077488029854,l2,0.0001,liblinear,0.6533500092541784
0.6564625850340137,0.687545956188051,0.6497695852534562,0.7266187050359713,0.6205738705738706,0.25978298017540763,0.8015873015873016,0.43956043956043955,0.6644736842105263,1.4302832244008714,0.047619047619047616,5,614,217,0.44484662793067725,l2,0.0001,liblinear,0.7091277603178094
