accuracy,balanced_accuracy,f1_macro,f1_weighted,mae,adjacent_accuracy,kappa_linear,kappa_quadratic,spearman_r,roc_auc_macro_ovr,roc_auc_weighted_ovr,fold,n_train,n_val,best_penalty,best_C,best_solver,inner_auc_score
0.4453125,0.4180776565600414,0.4129814271749755,0.45830706256109477,0.69921875,0.85546875,0.20965850293204558,0.26623464902342864,0.29330693577169237,0.6421527552037801,0.6492370920407636,1,611,256,l2,0.0001,lbfgs,0.658381090682747
0.375,0.407077148823297,0.37419021809265707,0.3650466995741386,0.78125,0.84375,0.14093959731543626,0.19914193779048983,0.2335593636439534,0.6274784768521173,0.6213142250354422,2,739,128,l2,0.0001,lbfgs,0.6774011494356837
0.5214723926380368,0.5226399331662489,0.5154248853550316,0.5269728591527759,0.558282208588957,0.9202453987730062,0.333557981758548,0.39841014479038517,0.4852733473106973,0.6940889442268157,0.6857256330556184,3,704,163,l2,0.001,lbfgs,0.650199108417372
0.5207100591715976,0.5439005439005439,0.5206552706552707,0.5205709806301523,0.6094674556213018,0.8698224852071006,0.31723867424985286,0.3453582439589975,0.36862836259131404,0.6944400223666468,0.6859113244619076,4,698,169,l2,0.001,lbfgs,0.6790601334946944
0.5231788079470199,0.5217171717171717,0.5159593606688643,0.5262157871709686,0.5761589403973509,0.9006622516556292,0.31474623128683954,0.35963608684620685,0.43177717952898653,0.7061487727868453,0.695636696681309,5,716,151,l2,0.0001,lbfgs,0.666639576960019
