accuracy,balanced_accuracy,f1_macro,f1_weighted,mae,adjacent_accuracy,kappa_linear,kappa_quadratic,spearman_r,roc_auc_macro_ovr,roc_auc_weighted_ovr,fold,n_train,n_val,best_penalty,best_C,best_solver,inner_auc_score
0.36134453781512604,0.4340123456790123,0.32086167800453513,0.28394214828788655,0.8403361344537815,0.7983193277310925,0.15410861529712827,0.18793803024714129,0.30018340367068863,0.6128733059507815,0.59594640400236,1,748,119,l2,0.0001,liblinear,0.613636810956899
0.37404580152671757,0.4387157099021506,0.35492840492840494,0.32203025981651934,0.8091603053435115,0.816793893129771,0.1657053592886325,0.20624803273528503,0.28978588113080467,0.6552437777566738,0.6487561835221974,2,736,131,l2,0.001,liblinear,0.6168668562110401
0.3411764705882353,0.3646356033452807,0.27945205479452057,0.2657534246575342,0.9411764705882353,0.7176470588235294,0.057323074790323836,0.07313540912382333,0.20995467542170138,0.5692762978807798,0.5600369596644473,3,697,170,l1,0.01,liblinear,0.6359953026276057
0.4851063829787234,0.43526269632464326,0.3630952380952381,0.4113261878099504,0.723404255319149,0.7914893617021277,0.20627036477787497,0.24211793020457284,0.3117590022632544,0.6034581912499826,0.60427468502673,4,632,235,l2,0.0001,liblinear,0.6366914772496923
0.4339622641509434,0.4575520337864343,0.3543779472377626,0.3705486484587575,0.7830188679245284,0.7830188679245284,0.19269590750596433,0.22621169679993214,0.34896548369426245,0.6488364748510178,0.640620439256263,5,655,212,l2,0.0001,lbfgs,0.6213085498323225
