roc_auc,pr_auc,accuracy,f1,balanced_accuracy,matthews_corrcoef,sensitivity,specificity,precision,pos_LR,sensitivity_at_spec100,fold,n_train,n_val,threshold,best_penalty,best_C,best_solver,best_inner_score
0.6821789321789322,0.7118710997224386,0.6574074074074074,0.7299270072992701,0.6287878787878788,0.264588864448914,0.7575757575757576,0.5,0.704225352112676,1.5151515151515151,0.0,1,723,108,0.45969025084569676,l1,0.1,liblinear,0.7214540142832068
0.6762991743564838,0.7110296465329382,0.6684491978609626,0.7256637168141593,0.6562651772705197,0.30818299286996664,0.7068965517241379,0.6056338028169014,0.7454545454545455,1.7924876847290638,0.0,2,644,187,0.47734870228136633,l2,0.0001,liblinear,0.6994563274621066
0.7013733631427659,0.71394470859437,0.6666666666666666,0.6938775510204082,0.6645241137016927,0.3282628458377732,0.6854838709677419,0.6435643564356436,0.7024793388429752,1.9231630824372759,0.0,3,606,225,0.5323202984166476,l1,0.1,liblinear,0.7597682550421877
0.7049062049062049,0.7963379268011354,0.6451612903225806,0.7058823529411765,0.6369047619047619,0.26551033051027584,0.6666666666666666,0.6071428571428571,0.75,1.6969696969696966,0.0,4,676,155,0.505299852761906,l1,0.1,liblinear,0.7083098934537553
0.7651958178273969,0.8312918305854309,0.717948717948718,0.7684210526315789,0.7107921318447634,0.41177695940533926,0.7373737373737373,0.6842105263157895,0.8021978021978022,2.335016835016835,0.030303030303030304,5,675,156,0.49959079542764895,l2,0.001,liblinear,0.6901514968603888
