n_pairs,pairwise_accuracy,both_correct_rate,mean_delta,median_delta,std_delta,n_positive_delta,per_drug_accuracy,per_drug_roc_auc,per_drug_pr_auc,n_train,n_test,best_penalty,best_C,best_solver,inner_cv_score,threshold,seed
13,0.5384615384615384,0.46153846153846156,-0.004391726584708348,0.011219787658175995,0.10699493705781583,7,0.7307692307692307,0.2954545454545454,0.7684118541947045,867,26,l2,0.0001,lbfgs,0.6821201037874636,0.5336052421624399,2
