roc_auc,pr_auc,accuracy,f1,balanced_accuracy,matthews_corrcoef,sensitivity,specificity,precision,pos_LR,sensitivity_at_spec100,fold,n_train,n_val,threshold,best_penalty,best_C,best_solver,best_inner_score
0.7158371040723982,0.7414581490192692,0.656084656084656,0.6596858638743456,0.6617081447963801,0.322796123557904,0.6057692307692307,0.7176470588235294,0.7241379310344828,2.145432692307692,0.038461538461538464,1,678,189,0.5142270321287005,l2,0.0001,liblinear,0.6594602773412107
0.664,0.7448897050972056,0.6416666666666667,0.7189542483660131,0.6128571428571429,0.24096455319245857,0.7857142857142857,0.44,0.6626506024096386,1.4030612244897958,0.04285714285714286,2,747,120,0.46642136732610023,l2,0.0001,liblinear,0.687039943307363
0.7154732510288067,0.7293410111092957,0.5911111111111111,0.6068376068376068,0.6074074074074074,0.21200665726481444,0.5259259259259259,0.6888888888888889,0.7171717171717171,1.6904761904761905,0.007407407407407408,3,642,225,0.5467726364479599,l2,0.0001,liblinear,0.6498819708775733
0.6888786764705882,0.7647464693452335,0.6506024096385542,0.7156862745098039,0.631280637254902,0.26256127450980393,0.7156862745098039,0.546875,0.7156862745098039,1.579445571331981,0.029411764705882353,4,701,166,0.5157076173117602,l2,0.0001,liblinear,0.6584918345835401
0.6250384024577573,0.7201055580402479,0.5568862275449101,0.6262626262626263,0.5452380952380953,0.08799691894298199,0.5904761904761905,0.5,0.6666666666666666,1.180952380952381,0.0,5,700,167,0.5134819844996313,l2,0.0001,liblinear,0.693900188447908
