accuracy,balanced_accuracy,f1_macro,f1_weighted,mae,adjacent_accuracy,kappa_linear,kappa_quadratic,spearman_r,roc_auc_macro_ovr,roc_auc_weighted_ovr,fold,n_train,n_val,best_penalty,best_C,best_solver,inner_auc_score
0.48031496062992124,0.4859603789836348,0.46638807202187477,0.4759824848546153,0.6850393700787402,0.8346456692913385,0.25610987679256714,0.29068710222106764,0.2677608887728933,0.5934494403996259,0.5893217150285249,1,740,127,l2,0.0001,lbfgs,0.656447214458941
0.45077720207253885,0.46415362731152204,0.43743056962600174,0.44623591667750573,0.689119170984456,0.8601036269430051,0.21147052499001628,0.24990127818767538,0.27335300266177237,0.628518976591869,0.6272537841156302,2,674,193,l2,0.0001,lbfgs,0.6413539466859416
0.4127906976744186,0.4299795186891961,0.4079336633100074,0.40643841515934537,0.7441860465116279,0.8430232558139535,0.1853167554766132,0.23484552209620646,0.25094848318765756,0.5968011168675306,0.5941494551959668,3,695,172,l2,0.0001,lbfgs,0.6623471520200244
0.5023041474654378,0.5088008415147266,0.47633859210703955,0.5224030976145693,0.6451612903225806,0.8525345622119815,0.30550475493782003,0.3533175563151898,0.4570072866479014,0.7063873225718392,0.7083117922383683,4,650,217,l2,0.0001,lbfgs,0.6148020930756551
0.4810126582278481,0.4772727272727273,0.4706021366236244,0.48434246067957876,0.6392405063291139,0.879746835443038,0.21443339568770303,0.2241220942556349,0.24817069069227782,0.6438003951998154,0.637571488526078,5,709,158,l2,0.001,lbfgs,0.6532082579420735
