roc_auc,pr_auc,accuracy,f1,balanced_accuracy,matthews_corrcoef,sensitivity,specificity,precision,pos_LR,sensitivity_at_spec100,fold,n_train,n_val,threshold,best_penalty,best_C,best_solver,best_inner_score
0.59,0.6622815385372134,0.5923076923076923,0.6442953020134228,0.59,0.17547410577105418,0.6,0.58,0.6956521739130435,1.4285714285714284,0.0,1,737,130,0.5319648133880585,l2,0.1,liblinear,0.6695521298307835
0.6560250391236306,0.7671702574068933,0.5948275862068966,0.6713286713286714,0.5713615023474179,0.1433299089408206,0.676056338028169,0.4666666666666667,0.6666666666666666,1.267605633802817,0.09859154929577464,2,751,116,0.4862818657886414,l2,1.0,liblinear,0.6444921842971778
0.6497058823529411,0.6480894224741001,0.5979020979020979,0.6254071661237784,0.595735294117647,0.1921641963044496,0.64,0.5514705882352942,0.6114649681528662,1.4268852459016395,0.0,3,581,286,0.5122425307047136,l2,0.01,liblinear,0.6500671958943585
0.6794314381270904,0.8089959331794654,0.6407185628742516,0.7222222222222222,0.6179765886287625,0.22348262665137233,0.6782608695652174,0.5576923076923077,0.7722772277227723,1.5334593572778827,0.034782608695652174,4,700,167,0.5196118265736773,l2,0.1,liblinear,0.6183327159500874
0.63,0.6704532173944364,0.6071428571428571,0.65625,0.601764705882353,0.2007155056990498,0.63,0.5735294117647058,0.6847826086956522,1.4772413793103447,0.0,5,699,168,0.540858104726848,l1,1.0,liblinear,0.6319025175588048
