accuracy,balanced_accuracy,f1_macro,f1_weighted,mae,adjacent_accuracy,kappa_linear,kappa_quadratic,spearman_r,roc_auc_macro_ovr,roc_auc_weighted_ovr,fold,n_train,n_val,best_penalty,best_C,best_solver,inner_auc_score
0.44954128440366975,0.44411783003608307,0.4363910422049957,0.4573192992437712,0.6788990825688074,0.8715596330275229,0.2332699619771863,0.29525862068965525,0.41406090218512165,0.6614279210641855,0.6602467406146398,1,758,109,l2,0.0001,lbfgs,0.6334173698837591
0.5206611570247934,0.532231918438815,0.5159996637969334,0.5196415329073637,0.5785123966942148,0.9008264462809917,0.30207646671061306,0.3348538011695906,0.3142754658934625,0.6594107399750034,0.6490465457407607,2,746,121,l2,0.0001,lbfgs,0.6490562006812965
0.4876543209876543,0.48339602110093915,0.4781037194830298,0.49672496798933574,0.6419753086419753,0.8703703703703703,0.24570200573065915,0.2650093225605966,0.3033431010201941,0.6502325455567756,0.6525140267836202,3,705,162,l2,0.0001,lbfgs,0.6527966136457842
0.4977973568281938,0.48194444444444445,0.4716566961793092,0.5056029043897904,0.6343612334801763,0.8678414096916299,0.25668546479898147,0.2886854474516912,0.3975781063510185,0.6839553588382628,0.6811140312032717,4,640,227,l2,0.0001,lbfgs,0.638083017021786
0.5120967741935484,0.5185230387445524,0.5082519602413501,0.5167336535288105,0.6169354838709677,0.8709677419354839,0.304876708313487,0.3398105893321558,0.3882537736102018,0.6888261309850815,0.6835915403347719,5,619,248,l2,0.0001,lbfgs,0.6387452446215034
