accuracy,balanced_accuracy,f1_macro,f1_weighted,mae,adjacent_accuracy,kappa_linear,kappa_quadratic,spearman_r,roc_auc_macro_ovr,roc_auc_weighted_ovr,fold,n_train,n_val,best_penalty,best_C,best_solver,inner_auc_score
0.4330708661417323,0.4331323571633649,0.3739375103011467,0.3830077104951836,0.7716535433070866,0.7952755905511811,0.18960802187784864,0.23450936269388412,0.3434282824730287,0.5593874154600315,0.5584595735552828,1,740,127,l2,0.0001,liblinear,0.650561234178267
0.40414507772020725,0.43699620673304884,0.37068930665049526,0.3708663124456021,0.7927461139896373,0.8031088082901554,0.16634200050817316,0.19408836454477496,0.29370273203461644,0.6379655263446601,0.636888714884038,2,674,193,l2,0.0001,liblinear,0.630072712022951
0.4127906976744186,0.41670431613505626,0.40166852692960847,0.4030644737237753,0.7325581395348837,0.8546511627906976,0.1687634243633015,0.22107863318237964,0.28081850537358305,0.6010858225160882,0.5971285981460401,3,695,172,l2,0.001,liblinear,0.6679208267701222
0.5990783410138248,0.5596774193548387,0.49794939706641306,0.5529840193694778,0.5391705069124424,0.8617511520737328,0.3919821826280624,0.4436461607543781,0.5052418917004388,0.7315527077446472,0.7361744655533424,4,650,217,l2,0.0001,liblinear,0.5918807942202139
0.43670886075949367,0.45958230958230956,0.4359605911330049,0.4352123215065162,0.7088607594936709,0.8544303797468354,0.1861662987490803,0.20436002039775625,0.26375591705414564,0.6378291330621839,0.6308106271901596,5,709,158,l2,0.001,liblinear,0.6429911151060059
