accuracy,balanced_accuracy,f1_macro,f1_weighted,mae,adjacent_accuracy,kappa_linear,kappa_quadratic,spearman_r,roc_auc_macro_ovr,roc_auc_weighted_ovr,fold,n_train,n_val,best_penalty,best_C,best_solver,inner_auc_score
0.4015748031496063,0.40269882285386166,0.3998524140839131,0.40985223146916877,0.7007874015748031,0.8976377952755905,0.1900394123969903,0.28403353105544393,0.38104856651631047,0.5943099058113143,0.5906172254876841,1,740,127,l2,0.001,lbfgs,0.6798901863802131
0.48704663212435234,0.4986012328117591,0.47525950751757207,0.48332613400305185,0.6321243523316062,0.8808290155440415,0.26322047687589967,0.3065868263473054,0.33654242093848297,0.6700034078003337,0.6647674076373237,2,674,193,l2,0.0001,lbfgs,0.6668709197822998
0.4186046511627907,0.4112677328996115,0.413062695498436,0.4206564952131547,0.6744186046511628,0.9069767441860465,0.1774406332453825,0.2530516431924883,0.3426615403462139,0.6235358490339515,0.617972434542202,3,695,172,l2,0.001,lbfgs,0.6739846043609201
0.5299539170506913,0.5583216456287985,0.5130010124471442,0.5391347734838199,0.5944700460829493,0.8755760368663594,0.34949922152766477,0.4051053885218643,0.473569408581006,0.7359610764894237,0.7281775010926785,4,650,217,l2,0.0001,lbfgs,0.6237884717204079
0.5189873417721519,0.5426289926289926,0.5189719396117767,0.5193332037070977,0.5886075949367089,0.8924050632911392,0.31304347826086953,0.3442055036276881,0.35227895261637415,0.6898422321872366,0.67984980016013,5,709,158,l2,0.0001,lbfgs,0.6728424794534549
