roc_auc,pr_auc,accuracy,f1,balanced_accuracy,matthews_corrcoef,sensitivity,specificity,precision,pos_LR,sensitivity_at_spec100,fold,n_train,n_val,threshold,best_penalty,best_C,best_solver,best_inner_score
0.6115,0.692625259506812,0.6,0.6623376623376623,0.58875,0.17438875601350629,0.6375,0.54,0.6891891891891891,1.3858695652173914,0.0,1,737,130,0.4944206999447549,l2,0.001,lbfgs,0.6986212071197786
0.6553990610328639,0.7354259134358476,0.6637931034482759,0.7483870967741936,0.6195618153364633,0.2607013590279142,0.8169014084507042,0.4222222222222222,0.6904761904761905,1.4138678223185268,0.09859154929577464,2,751,116,0.4582576314436896,l2,0.0001,liblinear,0.6585134700446746
0.6983333333333334,0.6599397618508982,0.6573426573426573,0.7012195121951219,0.6517156862745098,0.3125746016719933,0.7666666666666667,0.5367647058823529,0.6460674157303371,1.655026455026455,0.0,3,581,286,0.44889223416763724,l2,0.0001,liblinear,0.67935593939682
0.6993311036789298,0.798644364350011,0.6467065868263473,0.7255813953488373,0.6275919732441471,0.24108297399323628,0.6782608695652174,0.5769230769230769,0.78,1.603162055335968,0.0,4,700,167,0.5094389367891734,l2,0.0001,liblinear,0.6453301380496895
0.6766176470588235,0.6980011891607243,0.7023809523809523,0.7572815533980582,0.6841176470588235,0.3745683611335757,0.78,0.5882352941176471,0.7358490566037735,1.8942857142857144,0.02,5,699,168,0.4905664685639275,l2,0.0001,liblinear,0.6561025752498382
