roc_auc,pr_auc,accuracy,f1,balanced_accuracy,matthews_corrcoef,sensitivity,specificity,precision,pos_LR,sensitivity_at_spec100,fold,n_train,n_val,threshold,best_penalty,best_C,best_solver,best_inner_score
0.7155997572022225,0.7822987881686361,0.6476510067114094,0.670846394984326,0.657631787832096,0.30998925752923123,0.6045197740112994,0.7107438016528925,0.7535211267605634,2.0899112187247777,0.011299435028248588,1,595,298,0.5574877662943759,l2,0.001,lbfgs,0.6913981063772325
0.6919076610857433,0.7290853786270881,0.6464088397790055,0.7064220183486238,0.6304540842212074,0.2621413109367197,0.7129629629629629,0.547945205479452,0.7,1.5771604938271602,0.009259259259259259,2,712,181,0.49818843364909066,l2,0.01,liblinear,0.6741470526898952
0.5680898876404493,0.6758586031861418,0.5827338129496403,0.6777777777777778,0.5426966292134832,0.08619107080972861,0.6853932584269663,0.4,0.6703296703296703,1.1423220973782773,0.011235955056179775,3,754,139,0.48214956311380885,l2,0.01,liblinear,0.7307188354802914
0.6835064935064936,0.7315288520948495,0.6388888888888888,0.6766169154228856,0.6448051948051947,0.28238641569269923,0.6181818181818182,0.6714285714285714,0.7472527472527473,1.8814229249011853,0.0,4,713,180,0.5451848502154859,l2,0.001,liblinear,0.7074404673030092
0.6838301716350497,0.6843262383875692,0.6631578947368421,0.7142857142857143,0.6508581752484192,0.30645929304023617,0.7407407407407407,0.5609756097560976,0.6896551724137931,1.6872427983539096,0.0,5,798,95,0.5132657715703801,l2,0.01,liblinear,0.7027038469555473
