accuracy,balanced_accuracy,f1_macro,f1_weighted,mae,adjacent_accuracy,kappa_linear,kappa_quadratic,spearman_r,roc_auc_macro_ovr,roc_auc_weighted_ovr,fold,n_train,n_val,best_penalty,best_C,best_solver,inner_auc_score
0.45871559633027525,0.46824063705362695,0.44563668490652075,0.461196645289223,0.6972477064220184,0.8440366972477065,0.24745639534883712,0.295369064409967,0.3582031653054471,0.6682051101190734,0.6670890899073743,1,758,109,l2,0.0001,lbfgs,0.6319045052769623
0.4462809917355372,0.461385523454489,0.4447912491065023,0.45018748133090947,0.6942148760330579,0.859504132231405,0.19384517766497467,0.21255239355834987,0.30373596212051507,0.6279899822151424,0.6145408968800992,2,746,121,l2,0.001,lbfgs,0.6586967502372819
0.4567901234567901,0.44878291107799306,0.44708531111994665,0.4692456113271837,0.6790123456790124,0.8641975308641975,0.20588235294117652,0.22971470915153758,0.2621771905015508,0.6334470821543928,0.6343527773326326,3,705,162,l2,0.0001,lbfgs,0.6451346937109262
0.44493392070484583,0.4396825396825396,0.42104994265457196,0.44971187195043805,0.7092511013215859,0.8458149779735683,0.19540761288334096,0.23709135349831956,0.2910690461261695,0.6391810763590623,0.6351905963941579,4,640,227,l2,0.0001,lbfgs,0.659463356325831
0.45564516129032256,0.46598028446912493,0.4486733560304585,0.4541512940925559,0.6814516129032258,0.8629032258064516,0.24913110466157862,0.30842001223702165,0.37148571976552164,0.6715085228244471,0.6676173179845415,5,619,248,l2,0.0001,lbfgs,0.6271891927399105
