accuracy,balanced_accuracy,f1_macro,f1_weighted,mae,adjacent_accuracy,kappa_linear,kappa_quadratic,spearman_r,roc_auc_macro_ovr,roc_auc_weighted_ovr,fold,n_train,n_val,best_penalty,best_C,best_solver,inner_auc_score
0.3949579831932773,0.3812962962962963,0.376984126984127,0.39905962384953986,0.7394957983193278,0.865546218487395,0.09646246764452104,0.12231100184388444,0.20471746830413803,0.5874390408280344,0.5778477791912306,1,748,119,l2,0.0001,lbfgs,0.6347232220295378
0.4351145038167939,0.44250852725428996,0.4318627450980392,0.4392343960484958,0.7175572519083969,0.8473282442748091,0.1600272851296043,0.16536705971852428,0.29632408653562026,0.6384537287329687,0.6260122895269403,2,736,131,l2,0.0001,lbfgs,0.6366828147109513
0.4470588235294118,0.4494623655913978,0.4417822917822918,0.4452231755172932,0.7058823529411765,0.8470588235294118,0.21095381759108844,0.24890829694323147,0.3050336185698176,0.6462068098763306,0.642760967564596,3,697,170,l2,0.0001,lbfgs,0.6340739159781958
0.44680851063829785,0.4395911398123787,0.43205501144637415,0.4541621990222515,0.6723404255319149,0.8808510638297873,0.2123796190233762,0.2790997706422018,0.35437383452215193,0.6293303019605382,0.6276144731506343,4,632,235,l2,0.0001,lbfgs,0.6640919060637362
0.5377358490566038,0.5163741124131792,0.5080033867650235,0.5474422207246432,0.5801886792452831,0.8820754716981132,0.3070422535211268,0.3302410518626735,0.36477121913328125,0.6812996854208885,0.6843359504734007,5,655,212,l2,0.0001,lbfgs,0.6196352060355985
