accuracy,balanced_accuracy,f1_macro,f1_weighted,mae,adjacent_accuracy,kappa_linear,kappa_quadratic,spearman_r,roc_auc_macro_ovr,roc_auc_weighted_ovr,fold,n_train,n_val,best_penalty,best_C,best_solver,inner_auc_score
0.4296875,0.42761100687929954,0.3286732087646189,0.3615316028700094,0.82421875,0.74609375,0.1630876018716495,0.19429984863587701,0.25278839852548307,0.623358319609316,0.6223850008753502,1,611,256,l2,0.0001,lbfgs,0.6368074168144287
0.390625,0.4341573075982467,0.36663439511290496,0.35115278478509876,0.8125,0.796875,0.15917129863567459,0.1922330097087379,0.29042551169376235,0.6054757762071565,0.5897182257516688,2,739,128,l2,0.01,liblinear,0.6611002189415962
0.4662576687116564,0.5211918685602895,0.44275063443156565,0.42711330195488695,0.6871165644171779,0.8466257668711656,0.29179920862751174,0.3369325030132584,0.4138583371908412,0.6546805548143654,0.6444605029504075,3,704,163,l2,0.001,liblinear,0.6252244755020869
0.4378698224852071,0.4771634615384615,0.41884519755885935,0.40673814739819314,0.727810650887574,0.834319526627219,0.23557533188688262,0.2862131615582455,0.3737081686755608,0.6808465938156939,0.6670374176865819,4,698,169,l2,1.0,liblinear,0.635116536185546
0.5033112582781457,0.5421281783350749,0.4663122452596136,0.4585437102690501,0.6490066225165563,0.847682119205298,0.3247855448074467,0.3725399665262308,0.3949337130404802,0.6793911591907481,0.6637836556259028,5,716,151,l2,0.001,liblinear,0.653459757084684
