roc_auc,pr_auc,accuracy,f1,balanced_accuracy,matthews_corrcoef,sensitivity,specificity,precision,pos_LR,sensitivity_at_spec100,fold,n_train,n_val,threshold,best_penalty,best_C,best_solver,best_inner_score
0.7140146724007083,0.8054993290629682,0.6432432432432432,0.6915887850467289,0.6493802175562864,0.2873894812278277,0.6271186440677966,0.6716417910447762,0.7708333333333334,1.9098613251155627,0.025423728813559324,1,646,185,0.541249695118982,l2,0.1,lbfgs,0.6613391667440928
0.5791653392800256,0.6992166030465465,0.5517241379310345,0.6486486486486487,0.5148136349155782,0.029933998368212447,0.6575342465753424,0.37209302325581395,0.64,1.0471841704718416,0.0547945205479452,2,715,116,0.5174407253820629,l2,0.1,liblinear,0.6803758271610413
0.7168509509066785,0.73576375548401,0.6588785046728972,0.6572769953051644,0.6678018575851393,0.3359754106160982,0.5882352941176471,0.7473684210526316,0.7446808510638298,2.3284313725490198,0.025210084033613446,3,617,214,0.5083077198998103,l2,0.1,lbfgs,0.6712682776405196
0.6722807017543859,0.7626686318790152,0.6516129032258065,0.7157894736842105,0.6328947368421053,0.2657894736842105,0.7157894736842105,0.55,0.7157894736842105,1.5906432748538013,0.06315789473684211,4,676,155,0.5253721121427658,l2,0.1,lbfgs,0.6919227660889338
0.7002280873248614,0.7252632395652144,0.6770186335403726,0.7319587628865979,0.6650374714890843,0.32658198813145395,0.7171717171717171,0.6129032258064516,0.7473684210526316,1.8526936026936027,0.0,5,670,161,0.5145617034094853,l2,0.1,lbfgs,0.6748673300132836
