accuracy,balanced_accuracy,f1_macro,f1_weighted,mae,adjacent_accuracy,kappa_linear,kappa_quadratic,spearman_r,roc_auc_macro_ovr,roc_auc_weighted_ovr,fold,n_train,n_val,best_penalty,best_C,best_solver,inner_auc_score
0.453125,0.43562913549363413,0.4294670280036134,0.4623100863821138,0.6953125,0.8515625,0.19508231470359638,0.23217533004274615,0.2510134929186349,0.6213505363219888,0.6275987360404688,1,611,256,l2,0.0001,lbfgs,0.6562958137185613
0.4296875,0.4248546757717704,0.4214775627671828,0.4284697774832907,0.71875,0.8515625,0.14244101369064954,0.15959595959595962,0.27294096374828286,0.6385314024015204,0.6298354524779963,2,739,128,l2,0.001,lbfgs,0.6678029479297074
0.5398773006134969,0.5561542745753272,0.5386170304596889,0.54699768305449,0.5644171779141104,0.8957055214723927,0.346977878418394,0.38194402648209447,0.4490667122819087,0.6880072659148592,0.6864072603786678,3,704,163,l2,0.0001,lbfgs,0.6405107779179282
0.5266272189349113,0.5320998445998446,0.5245569273781245,0.5262758924544629,0.591715976331361,0.8816568047337278,0.30709307093070926,0.3345333858356304,0.35965226545291995,0.6875705620617869,0.6775131199586878,4,698,169,l2,0.001,lbfgs,0.6509342886565144
0.5033112582781457,0.49595959595959593,0.4922779922779923,0.5077092229410111,0.609271523178808,0.8874172185430463,0.27419017763845355,0.30794412920122216,0.365744406189082,0.6752877983048983,0.6664548541519637,5,716,151,l2,0.0001,lbfgs,0.6448341590794218
