accuracy,balanced_accuracy,f1_macro,f1_weighted,mae,adjacent_accuracy,kappa_linear,kappa_quadratic,spearman_r,roc_auc_macro_ovr,roc_auc_weighted_ovr,fold,n_train,n_val,best_penalty,best_C,best_solver,inner_auc_score
0.5045871559633027,0.5086630583551076,0.49723000311235604,0.5136586744789658,0.6788990825688074,0.8165137614678899,0.2453218562874251,0.23191989121028556,0.3764475045250557,0.6891739423529487,0.6873546415761074,1,758,109,l2,0.01,lbfgs,0.61507426541545
0.4380165289256198,0.463706967155243,0.4401184481589484,0.4359955605113339,0.6776859504132231,0.8842975206611571,0.218863171154149,0.27434303783665903,0.31652039477456057,0.6319694992585821,0.6179035361572193,2,746,121,l2,0.01,lbfgs,0.6374113950435676
0.41975308641975306,0.42618456225013596,0.41491391056608445,0.42606493524367917,0.7469135802469136,0.8333333333333334,0.1461055933089388,0.15850400712377555,0.27004852440322147,0.6131891469132023,0.6053608812598232,3,705,162,l2,0.01,lbfgs,0.6316253249489037
0.4669603524229075,0.452579365079365,0.4305901064393785,0.46197029355580677,0.7048458149779736,0.8281938325991189,0.20045788755338345,0.2253670566643725,0.2383577990794536,0.6238933270841936,0.6179853095513012,4,640,227,l2,0.0001,lbfgs,0.6201370499641927
0.4314516129032258,0.438331756904504,0.42905806690356657,0.4334181513144043,0.75,0.8185483870967742,0.15448346652980427,0.16191595650896284,0.23894034999116026,0.6188371478967337,0.6107883475971034,5,619,248,l2,0.01,lbfgs,0.6388685347712701
