accuracy,balanced_accuracy,f1_macro,f1_weighted,mae,adjacent_accuracy,kappa_linear,kappa_quadratic,spearman_r,roc_auc_macro_ovr,roc_auc_weighted_ovr,fold,n_train,n_val,best_penalty,best_C,best_solver,inner_auc_score
0.4954128440366973,0.5101250466592012,0.48970420658994973,0.4970905385187257,0.6513761467889908,0.8532110091743119,0.27693170139213297,0.3087248322147651,0.4147178178362369,0.6900597513945419,0.6883567372236482,1,758,109,l2,0.0001,lbfgs,0.6372564394550143
0.4049586776859504,0.42270044339009855,0.40581404411191646,0.40407754721100947,0.7272727272727273,0.8677685950413223,0.147887323943662,0.18918918918918914,0.26675294542346445,0.633492819679272,0.6227003622799526,2,746,121,l2,0.001,lbfgs,0.6748038559100766
0.4691358024691358,0.47188985877510464,0.46645490308048604,0.471771684837974,0.6111111111111112,0.9197530864197531,0.2588724584103512,0.33775917326182225,0.30224393033109753,0.624493337718177,0.6145254970506528,3,705,162,l2,0.001,lbfgs,0.6703423683566878
0.5286343612334802,0.5299603174603175,0.5101522103269973,0.5370145113616348,0.6343612334801763,0.8370044052863436,0.28009514161124094,0.27896607996269973,0.29084995346712234,0.6527341618969253,0.6485292110945939,4,640,227,l2,0.0001,lbfgs,0.6667396193595574
0.5282258064516129,0.5331870051411921,0.5258838383838383,0.5290582233626588,0.5967741935483871,0.875,0.31209236074668256,0.33942161339421606,0.3807708749766696,0.685335838540088,0.6790526403213615,5,619,248,l2,0.001,lbfgs,0.6568462514220565
