n_pairs,pairwise_accuracy,both_correct_rate,mean_delta,median_delta,std_delta,n_positive_delta,per_drug_accuracy,per_drug_roc_auc,per_drug_pr_auc,n_train,n_test,best_penalty,best_C,best_solver,inner_cv_score,threshold,seed
13,0.46153846153846156,0.38461538461538464,-0.005505154420421406,-0.012214981939947078,0.07391482078853595,6,0.6923076923076923,0.7045454545454546,0.9027344951627707,867,26,l2,0.1,lbfgs,0.6803765478265466,0.5211035493023728,3
