roc_auc,pr_auc,accuracy,f1,balanced_accuracy,matthews_corrcoef,sensitivity,specificity,precision,pos_LR,sensitivity_at_spec100,fold,n_train,n_val,threshold,best_penalty,best_C,best_solver,best_inner_score
0.6767272727272727,0.6459883015415995,0.6523809523809524,0.6507177033492823,0.6536363636363637,0.3071471018764459,0.68,0.6272727272727273,0.6238532110091743,1.8243902439024393,0.01,1,683,210,0.4919783782783399,l2,0.1,liblinear,0.6563132520526732
0.6546242774566474,0.7645199308892656,0.6459143968871596,0.718266253869969,0.632879163225984,0.25287858719211564,0.6705202312138728,0.5952380952380952,0.7733333333333333,1.6565793947636858,0.005780346820809248,2,636,257,0.5042220817676522,l2,0.1,liblinear,0.6834551218103389
0.6183703703703703,0.701116633659154,0.625,0.7096774193548387,0.5888888888888888,0.18257418583505536,0.7333333333333333,0.4444444444444444,0.6875,1.3199999999999998,0.013333333333333334,3,773,120,0.47568705684274293,l1,1.0,liblinear,0.6701815751950183
0.7260914760914761,0.7660802885676175,0.6685393258426966,0.7330316742081447,0.6461798336798337,0.3035932701736402,0.7788461538461539,0.5135135135135135,0.6923076923076923,1.6009615384615383,0.019230769230769232,4,715,178,0.4966454822699461,l2,0.1,lbfgs,0.6490771695812003
0.6580841638981174,0.7992345317633911,0.625,0.7,0.6112956810631229,0.21162620215089678,0.6511627906976745,0.5714285714285714,0.7567567567567568,1.5193798449612403,0.046511627906976744,5,765,128,0.5432472006587582,l2,0.1,lbfgs,0.6851850577716887
