accuracy,balanced_accuracy,f1_macro,f1_weighted,mae,adjacent_accuracy,kappa_linear,kappa_quadratic,spearman_r,roc_auc_macro_ovr,roc_auc_weighted_ovr,fold,n_train,n_val,best_penalty,best_C,best_solver,inner_auc_score
0.4351145038167939,0.4613526570048309,0.38710761578275193,0.3723448306648872,0.7480916030534351,0.816793893129771,0.22941176470588232,0.27651687093357535,0.43169468678707845,0.6440703705656773,0.635259340613557,1,736,131,l2,0.0001,liblinear,0.6675041385081952
0.4126984126984127,0.3975473801560758,0.3910880107068541,0.4031654945495937,0.7354497354497355,0.8518518518518519,0.15339499210466956,0.21295406496252156,0.2352560514468932,0.5801327126712821,0.579680165701671,2,678,189,l1,0.1,liblinear,0.6929542292265011
0.4875,0.4870121381886088,0.43443867856534446,0.4478198342964973,0.71875,0.79375,0.27076727964489533,0.30724332599751214,0.33936152393025865,0.6519681172931423,0.6514474191063175,3,707,160,l1,0.01,liblinear,0.6537664262764318
0.452991452991453,0.46926225820962664,0.38313878254189965,0.3832539227145174,0.6837606837606838,0.8632478632478633,0.22823218997361483,0.29295599859713495,0.36403411181127526,0.6862176657542284,0.6814147998625446,4,633,234,l2,0.0001,liblinear,0.6392635049553448
0.42483660130718953,0.46937290581358376,0.3853189472926626,0.3829534937631911,0.7320261437908496,0.8431372549019608,0.23921150772509325,0.29448383192114813,0.423624911417159,0.6675313654846837,0.6573470094322884,5,714,153,l2,0.0001,liblinear,0.6544720548423705
