roc_auc,pr_auc,accuracy,f1,balanced_accuracy,matthews_corrcoef,sensitivity,specificity,precision,pos_LR,sensitivity_at_spec100,fold,n_train,n_val,threshold,best_penalty,best_C,best_solver,best_inner_score
0.676030412164866,0.6607029725550578,0.6071428571428571,0.6,0.6106442577030813,0.22192885004218443,0.5546218487394958,0.6666666666666666,0.6534653465346535,1.6638655462184873,0.0,1,669,224,0.5390074861424198,l2,0.001,lbfgs,0.7112677523207405
0.6199186991869919,0.7039348937539258,0.6721311475409836,0.7540983606557377,0.6323170731707317,0.2624735423070436,0.7479674796747967,0.5166666666666667,0.7603305785123967,1.5475189234650968,0.0,2,710,183,0.5330514490803728,l2,0.0001,liblinear,0.725497832206188
0.7276078941661245,0.7816665973516894,0.6928571428571428,0.7455621301775148,0.6828236824983734,0.36003032806805024,0.7241379310344828,0.6415094339622641,0.7682926829268293,2.0199637023593464,0.04597701149425287,3,753,140,0.5070779690688031,l2,0.0001,liblinear,0.677527291972786
0.6681286549707602,0.7583958004444895,0.5947712418300654,0.6555555555555556,0.5879934210526316,0.17099722176951618,0.6145833333333334,0.5614035087719298,0.7023809523809523,1.4012499999999999,0.0,4,740,153,0.5530540329390121,l2,0.001,liblinear,0.6837163673882912
0.7469026548672566,0.767336218525918,0.6476683937823834,0.6421052631578947,0.6699115044247788,0.341871296454107,0.5398230088495575,0.8,0.7922077922077922,2.699115044247788,0.0,5,700,193,0.5665941763466376,l2,0.001,lbfgs,0.6999578180901118
