roc_auc,pr_auc,accuracy,f1,balanced_accuracy,matthews_corrcoef,sensitivity,specificity,precision,pos_LR,sensitivity_at_spec100,fold,n_train,n_val,threshold,best_penalty,best_C,best_solver,best_inner_score
0.7127565982404692,0.8045894082518231,0.6368715083798883,0.7031963470319634,0.6468475073313783,0.27151092935291365,0.6209677419354839,0.6727272727272727,0.8105263157894737,1.8974014336917564,0.04838709677419355,1,714,179,0.5157392237484661,l2,0.0001,liblinear,0.6687317295925043
0.6842925069683555,0.6898432330440272,0.6153846153846154,0.6718146718146718,0.6105509099852435,0.23261934829954148,0.7631578947368421,0.45794392523364486,0.6,1.407894736842105,0.06140350877192982,2,672,221,0.4510554951652232,l2,0.0001,liblinear,0.6363291001776381
0.6909620991253645,0.7337103883600412,0.6746031746031746,0.7172413793103448,0.6743970315398886,0.3411489457671224,0.6753246753246753,0.673469387755102,0.7647058823529411,2.068181818181818,0.012987012987012988,3,767,126,0.5147775333360547,l2,0.0001,lbfgs,0.6472714561236015
0.5814766273481871,0.6954867318780851,0.6511627906976745,0.7345132743362832,0.6108926751128586,0.22910897587679593,0.7614678899082569,0.4603174603174603,0.7094017094017094,1.4109552077711816,0.03669724770642202,4,721,172,0.50443108861507,l2,0.0001,liblinear,0.6912744258955972
0.7131254061078622,0.6920043500528719,0.6717948717948717,0.6831683168316832,0.6853476283300844,0.3670952281003214,0.6052631578947368,0.7654320987654321,0.7840909090909091,2.5803324099722986,0.0,5,698,195,0.5185721206006054,l2,0.0001,liblinear,0.6626773169838811
