roc_auc,pr_auc,accuracy,f1,balanced_accuracy,matthews_corrcoef,sensitivity,specificity,precision,pos_LR,sensitivity_at_spec100,fold,n_train,n_val,threshold,best_penalty,best_C,best_solver,best_inner_score
0.69956111184998,0.7363854249106592,0.6761363636363636,0.7192118226600985,0.6694374251895199,0.33706416669409306,0.7087378640776699,0.6301369863013698,0.73,1.9162171880618482,0.009708737864077669,1,655,176,0.495012785280667,l1,0.1,liblinear,0.7191150956337371
0.7117267733460713,0.7290269606231596,0.7121212121212122,0.7654320987654321,0.6942918557439695,0.39427476929571675,0.7848101265822784,0.6037735849056604,0.7469879518072289,1.9807112718505122,0.012658227848101266,2,699,132,0.5146862468072042,l2,0.01,liblinear,0.6917195803892044
0.737060546875,0.7605228792649124,0.6517857142857143,0.6904761904761905,0.6471354166666667,0.29293885376134515,0.6796875,0.6145833333333334,0.7016129032258065,1.7635135135135136,0.03125,3,607,224,0.5009271843785057,l2,0.001,liblinear,0.7225647870760425
0.707516339869281,0.8230259607545658,0.62,0.6918918918918919,0.6158088235294117,0.21732810964196814,0.6274509803921569,0.6041666666666666,0.7710843373493976,1.5851393188854488,0.058823529411764705,4,681,150,0.5213199432521445,l2,0.001,liblinear,0.7043389611113182
0.7248283752860412,0.7662169701597203,0.7046979865771812,0.7659574468085106,0.6807780320366132,0.36705694035292336,0.782608695652174,0.5789473684210527,0.75,1.8586956521739133,0.0,5,682,149,0.5105541128137462,l2,0.001,liblinear,0.7086111758118248
