roc_auc,pr_auc,accuracy,f1,balanced_accuracy,matthews_corrcoef,sensitivity,specificity,precision,pos_LR,sensitivity_at_spec100,fold,n_train,n_val,threshold,best_penalty,best_C,best_solver,best_inner_score
0.6210000000000001,0.545509951724386,0.6,0.6074766355140186,0.6022727272727273,0.20506811215303458,0.65,0.5545454545454546,0.5701754385964912,1.459183673469388,0.0,1,683,210,0.4952590196943389,l2,0.01,liblinear,0.6427250157643705
0.6411712083677402,0.7688932836159997,0.642023346303502,0.7195121951219512,0.6208023671896504,0.23163394292962264,0.6820809248554913,0.5595238095238095,0.7612903225806451,1.5485080456178721,0.023121387283236993,2,636,257,0.42875513584702285,l1,0.1,liblinear,0.6465643216574761
0.5925925925925926,0.7099272595751626,0.6083333333333333,0.7044025157232704,0.5622222222222222,0.1314684396244359,0.7466666666666667,0.37777777777777777,0.6666666666666666,1.2,0.013333333333333334,3,773,120,0.48209909442434107,l2,0.001,lbfgs,0.6348869259993019
0.6871101871101871,0.7291972870443164,0.6685393258426966,0.74235807860262,0.6383835758835759,0.2983006039283277,0.8173076923076923,0.4594594594594595,0.68,1.5120192307692306,0.038461538461538464,4,715,178,0.43744514983753824,l1,0.1,liblinear,0.6175378217523214
0.560077519379845,0.7352542813492757,0.6015625,0.6946107784431138,0.5633997785160576,0.1235094445998396,0.6744186046511628,0.4523809523809524,0.7160493827160493,1.2315470171890797,0.08139534883720931,5,765,128,0.5375511172253771,l1,0.1,liblinear,0.6668183134969453
