roc_auc,pr_auc,accuracy,f1,balanced_accuracy,matthews_corrcoef,sensitivity,specificity,precision,pos_LR,sensitivity_at_spec100,fold,n_train,n_val,threshold,best_penalty,best_C,best_solver,best_inner_score
0.6944545454545454,0.6300378352249023,0.6285714285714286,0.6666666666666666,0.6354545454545455,0.2815533675755198,0.78,0.4909090909090909,0.582089552238806,1.5321428571428573,0.01,1,683,210,0.48625079200460813,l2,0.0001,lbfgs,0.6710015110291511
0.6988714560968896,0.8030664531785625,0.622568093385214,0.6755852842809364,0.6430979906413432,0.2685377250283482,0.5838150289017341,0.7023809523809523,0.8015873015873016,1.9616184971098263,0.028901734104046242,2,636,257,0.5273893931030404,l2,0.001,liblinear,0.6951195216301513
0.664,0.740234237641086,0.6166666666666667,0.6805555555555556,0.6044444444444445,0.20457030609415225,0.6533333333333333,0.5555555555555556,0.7101449275362319,1.47,0.09333333333333334,3,773,120,0.5174400617196135,l2,0.001,liblinear,0.6961715441509273
0.7014033264033265,0.7006308385995547,0.702247191011236,0.736318407960199,0.7003638253638254,0.3966006880298041,0.7115384615384616,0.6891891891891891,0.7628865979381443,2.289297658862876,0.0,4,715,178,0.5089790078166477,l2,0.0001,liblinear,0.6717895795867873
0.6785714285714286,0.7957265884944831,0.6875,0.7752808988764045,0.6273532668881506,0.2659921332255175,0.8023255813953488,0.4523809523809524,0.75,1.4651162790697672,0.03488372093023256,5,765,128,0.49051948888866803,l2,0.001,liblinear,0.6949453825921943
