accuracy,balanced_accuracy,f1_macro,f1_weighted,mae,adjacent_accuracy,kappa_linear,kappa_quadratic,spearman_r,roc_auc_macro_ovr,roc_auc_weighted_ovr,fold,n_train,n_val,best_penalty,best_C,best_solver,inner_auc_score
0.4122137404580153,0.4501278772378517,0.3405823148813803,0.3182646347018181,0.7862595419847328,0.8015267175572519,0.2186577103480225,0.27109882614782643,0.34792292562001026,0.6227815386575966,0.6151964931325485,1,736,131,l2,0.001,lbfgs,0.6171633437643016
0.3915343915343915,0.38929765886287626,0.32240201865870316,0.3280687849060653,0.8677248677248677,0.7407407407407407,0.09653725078698838,0.11631808123349263,0.16000980850739435,0.578262653437969,0.5741336924132623,2,678,189,l2,0.01,lbfgs,0.6410108028575047
0.45,0.43360410830999063,0.36573812069001654,0.38412799471797776,0.75625,0.79375,0.21632124352331605,0.2700302527569043,0.307552156964923,0.631580775554008,0.6319786711998392,3,707,160,l2,0.01,liblinear,0.6213195048409952
0.4230769230769231,0.4606927575348628,0.34073965994428157,0.3379631691846431,0.7564102564102564,0.8205128205128205,0.20168844686018272,0.2501289197750658,0.318139539068734,0.6513840434119128,0.6374683926208264,4,633,234,l2,0.01,liblinear,0.6016521215808741
0.43137254901960786,0.48992956196346027,0.3694920216659347,0.35365878162127096,0.7254901960784313,0.8431372549019608,0.2604189348081696,0.3198098699846219,0.3717250210987877,0.6193865429550919,0.6024181951577403,5,714,153,l2,0.01,lbfgs,0.6268402146842167
