accuracy,balanced_accuracy,f1_macro,f1_weighted,mae,adjacent_accuracy,kappa_linear,kappa_quadratic,spearman_r,roc_auc_macro_ovr,roc_auc_weighted_ovr,fold,n_train,n_val,best_penalty,best_C,best_solver,inner_auc_score
0.3464566929133858,0.3432960091874821,0.3451023945344709,0.36116391857196856,0.7480314960629921,0.905511811023622,0.14426555074827996,0.26944457872093597,0.3792157271168547,0.5730146030457816,0.5770660137261122,1,740,127,l2,0.001,lbfgs,0.6688551477022946
0.44559585492227977,0.4450213371266003,0.43077342047930284,0.4455789224152528,0.694300518134715,0.8601036269430051,0.18054499366286425,0.2083260603944843,0.27791414890051325,0.6266437153896399,0.6204651455350709,2,674,193,l2,0.0001,lbfgs,0.67797798285155
0.4418604651162791,0.4556263365561279,0.4422187674400064,0.4445604793927494,0.7093023255813954,0.8488372093023255,0.20539230536201147,0.23746432939258055,0.27185246161457,0.6170713629086495,0.6135560660269963,3,695,172,l2,0.0001,lbfgs,0.663739266006161
0.5299539170506913,0.5583216456287985,0.5119268760135633,0.5419338533375998,0.5944700460829493,0.8755760368663594,0.35623117080238254,0.41301937829808,0.4833488732098939,0.7485052806813038,0.7447938973822302,4,650,217,l2,0.0001,lbfgs,0.6010974474663722
0.4936708860759494,0.497051597051597,0.4887036678081454,0.4956354181746208,0.6075949367088608,0.8987341772151899,0.2574897199921675,0.2919759137375717,0.3516488487078716,0.6661860557656722,0.6512490126302669,5,709,158,l2,0.001,lbfgs,0.6738685670846938
