accuracy,balanced_accuracy,f1_macro,f1_weighted,mae,adjacent_accuracy,kappa_linear,kappa_quadratic,spearman_r,roc_auc_macro_ovr,roc_auc_weighted_ovr,fold,n_train,n_val,best_penalty,best_C,best_solver,inner_auc_score
0.421875,0.4161956932959643,0.3272515283292368,0.36127827212138397,0.84375,0.734375,0.14123311073148004,0.16524316813339512,0.2246414152303531,0.5807952197857348,0.5799944196428571,1,611,256,l2,0.0001,lbfgs,0.616427759824362
0.375,0.41761668265703483,0.3327922077922078,0.31324827516233766,0.859375,0.765625,0.12372417226786159,0.14276709738417903,0.12423957175770578,0.5828065852308525,0.5809207411283891,2,739,128,l2,0.001,liblinear,0.6329429156750305
0.4049079754601227,0.4678362573099415,0.33997278238277867,0.3042513675220811,0.754601226993865,0.8404907975460123,0.24460269017746117,0.31510960647314457,0.3516537999091832,0.6508648618338624,0.6423601548441665,3,704,163,l2,0.0001,liblinear,0.6079016199105804
0.44970414201183434,0.4985431235431235,0.4017923686558547,0.38166532969229094,0.727810650887574,0.8224852071005917,0.26022278372895835,0.309433962264151,0.3173316296856028,0.6516784570089275,0.6352665057697515,4,698,169,l2,0.001,liblinear,0.6305234884332045
0.41721854304635764,0.4681818181818182,0.3418663761801017,0.3214301173007834,0.7814569536423841,0.8013245033112583,0.21761658031088071,0.269421038325632,0.3699124389326476,0.6600815349085556,0.6430408706505008,5,716,151,l2,0.0001,lbfgs,0.6176154989431921
