roc_auc,pr_auc,accuracy,f1,balanced_accuracy,matthews_corrcoef,sensitivity,specificity,precision,pos_LR,sensitivity_at_spec100,fold,n_train,n_val,threshold,best_penalty,best_C,best_solver,best_inner_score
0.678419452887538,0.7249555044801823,0.6495726495726496,0.7248322147651006,0.619756838905775,0.25073959760668413,0.7714285714285715,0.46808510638297873,0.6835443037974683,1.4502857142857144,0.04285714285714286,1,714,117,0.4995263654027971,l2,0.001,liblinear,0.7128045732152858
0.7136437908496732,0.73948997105362,0.6534090909090909,0.6965174129353234,0.6549564270152506,0.302291129383889,0.6481481481481481,0.6617647058823529,0.7526881720430108,1.9162640901771335,0.0,2,655,176,0.48764651727984226,l1,0.01,liblinear,0.6773183735568384
0.7483164983164983,0.7806079046914819,0.7055214723926381,0.76,0.7063973063973064,0.39364447050981194,0.7037037037037037,0.7090909090909091,0.8260869565217391,2.418981481481482,0.0,3,668,163,0.5146091947951841,l2,0.0001,liblinear,0.6545676018681157
0.7167325428194993,0.7384895543135579,0.6455696202531646,0.6989247311827957,0.6335638998682477,0.26836820083394564,0.7065217391304348,0.5606060606060606,0.6914893617021277,1.6079460269865067,0.010869565217391304,4,673,158,0.5015552262189605,l2,0.001,liblinear,0.6756231907650934
0.6654456654456654,0.7002966321261348,0.6082949308755761,0.6530612244897959,0.6031746031746031,0.20460783170137076,0.6349206349206349,0.5714285714285714,0.6722689075630253,1.4814814814814814,0.023809523809523808,5,614,217,0.4797069133040388,l1,0.01,liblinear,0.7145856326012187
