accuracy,balanced_accuracy,f1_macro,f1_weighted,mae,adjacent_accuracy,kappa_linear,kappa_quadratic,spearman_r,roc_auc_macro_ovr,roc_auc_weighted_ovr,fold,n_train,n_val,best_penalty,best_C,best_solver,inner_auc_score
0.3969465648854962,0.4121909633418585,0.3974729676816963,0.39672377200079734,0.7862595419847328,0.816793893129771,0.13942215702532057,0.16504157697015753,0.2942718505272841,0.6279776500470201,0.6238443146204732,1,736,131,l2,0.1,lbfgs,0.629514332779278
0.3386243386243386,0.3419546636937942,0.333049161693663,0.34684276287004334,0.9312169312169312,0.7301587301587301,0.031333721607454734,0.030804987825573726,0.09905617987953676,0.5457500395088053,0.5542302934776053,2,678,189,l2,0.1,lbfgs,0.669642726086303
0.49375,0.5097759103641457,0.4941025641025641,0.49247115384615386,0.65,0.85625,0.2815198618307426,0.3158494868871151,0.3496367576949131,0.6581953403857691,0.6579410631741139,3,707,160,l2,0.1,lbfgs,0.6281865997424176
0.5470085470085471,0.5543004948268107,0.532973345911207,0.5487437144740684,0.5470085470085471,0.905982905982906,0.3335113484646195,0.3736889608166568,0.35676586842050473,0.66725895114658,0.6536815906278776,4,633,234,l2,1.0,lbfgs,0.6070331380796599
0.43137254901960786,0.46097781691002027,0.4276094276094276,0.4376444180365749,0.6797385620915033,0.8888888888888888,0.2366880936390675,0.31157482882295406,0.3364829914152695,0.617250147279743,0.6098948398141354,5,714,153,l2,0.1,lbfgs,0.6302097958845032
