accuracy,balanced_accuracy,f1_macro,f1_weighted,mae,adjacent_accuracy,kappa_linear,kappa_quadratic,spearman_r,roc_auc_macro_ovr,roc_auc_weighted_ovr,fold,n_train,n_val,best_penalty,best_C,best_solver,inner_auc_score
0.44036697247706424,0.457648998382481,0.3605128205128205,0.36645965655139967,0.7798165137614679,0.7798165137614679,0.20845792396411789,0.24632180920197533,0.33864001814988753,0.638404878871731,0.633705549628744,1,758,109,l2,0.0001,liblinear,0.6071308416107138
0.38016528925619836,0.4686266203507583,0.33444561913572085,0.27976386156942884,0.7933884297520661,0.8264462809917356,0.20796399836356194,0.26330186181946535,0.3517541162395867,0.6573605440172158,0.6386479133514706,2,746,121,l2,0.0001,liblinear,0.6205656402338937
0.4074074074074074,0.4734889882430866,0.35294117647058826,0.3302923021060276,0.7901234567901234,0.8024691358024691,0.2259220546513364,0.2736783112273491,0.26307045593759343,0.6166895630009226,0.6129100438295507,3,705,162,l2,0.0001,liblinear,0.6315669022183147
0.4581497797356828,0.4444444444444444,0.34236559139784944,0.36765667187722045,0.7312775330396476,0.8105726872246696,0.20769554247266608,0.2567047817047817,0.3187825992774294,0.6305369186516727,0.6227152241740238,4,640,227,l2,0.0001,liblinear,0.6258134310346867
0.45564516129032256,0.4674003417290882,0.36682588631590823,0.3677701044969435,0.7379032258064516,0.8064516129032258,0.24923076923076926,0.3011191467011435,0.34156295982245943,0.6509158843639683,0.646643128017336,5,619,248,l2,0.0001,liblinear,0.6105789164248333
