accuracy,balanced_accuracy,f1_macro,f1_weighted,mae,adjacent_accuracy,kappa_linear,kappa_quadratic,spearman_r,roc_auc_macro_ovr,roc_auc_weighted_ovr,fold,n_train,n_val,best_penalty,best_C,best_solver,inner_auc_score
0.4094488188976378,0.42388745334481764,0.4044479606188467,0.40826522475829763,0.7480314960629921,0.84251968503937,0.18197843921621804,0.24006028101591237,0.26513088977161936,0.5793927687677093,0.5789034482185279,1,740,127,l2,0.0001,lbfgs,0.6702613286581786
0.48186528497409326,0.46647700331910863,0.451915756716957,0.4803622321815342,0.6839378238341969,0.8341968911917098,0.20516660426806443,0.19876302634923337,0.2583713915545234,0.635319585645622,0.6369679772288788,2,674,193,l2,0.0001,lbfgs,0.648782938665365
0.4127906976744186,0.42855636878407277,0.4114035087719299,0.41061811505507956,0.7441860465116279,0.8430232558139535,0.17406962785114044,0.21661661661661658,0.2714872716300034,0.6080169777513231,0.6032525613920963,3,695,172,l2,0.0001,lbfgs,0.6660913564939559
0.511520737327189,0.5358578775128565,0.4927509444928799,0.5300834475028023,0.6359447004608295,0.8525345622119815,0.32508451656524673,0.36947640966628303,0.4690528195910347,0.7137275757870687,0.7158379131472339,4,650,217,l2,0.0001,lbfgs,0.6141023209458207
0.5126582278481012,0.5297092547092547,0.5119368197676298,0.5141099321845971,0.5886075949367089,0.8987341772151899,0.3023454562719591,0.3395090629389338,0.35473045063539194,0.6877075175636728,0.6801036664284612,5,709,158,l2,0.0001,lbfgs,0.6481658735493772
