accuracy,balanced_accuracy,f1_macro,f1_weighted,mae,adjacent_accuracy,kappa_linear,kappa_quadratic,spearman_r,roc_auc_macro_ovr,roc_auc_weighted_ovr,fold,n_train,n_val,best_penalty,best_C,best_solver,inner_auc_score
0.44036697247706424,0.4421425905188503,0.4294951425386208,0.45170401995292303,0.7431192660550459,0.8165137614678899,0.20019929341425846,0.2262246993253153,0.3190370579245633,0.6554353078220702,0.6558835421175627,1,758,109,l2,0.0001,lbfgs,0.6320022556619567
0.4628099173553719,0.4981897257759327,0.4637995889898477,0.4570567303028905,0.6611570247933884,0.8760330578512396,0.25274046626524627,0.2953943885653785,0.31740961985083965,0.6679550268687517,0.6587813611708689,2,746,121,l2,0.0001,lbfgs,0.6352113172703263
0.42592592592592593,0.4295791640053935,0.42054645024942056,0.43265352176243266,0.7037037037037037,0.8703703703703703,0.171987087517934,0.20866733466933862,0.2812400805103863,0.6413477773119763,0.6405080265882377,3,705,162,l2,0.0001,lbfgs,0.6367457020219908
0.41409691629955947,0.4069444444444444,0.3917726447745407,0.417708908822703,0.7533039647577092,0.8325991189427313,0.1351899298206528,0.16963108866608412,0.23983750863713046,0.6172292399458675,0.6083480932380643,4,640,227,l2,0.0001,lbfgs,0.6534180744012033
0.46774193548387094,0.48146679074687126,0.45623010829775906,0.46111782124825373,0.6774193548387096,0.8548387096774194,0.2679224065223502,0.3233903237540924,0.3560340199897862,0.6751545785175388,0.6727942969302416,5,619,248,l2,0.0001,lbfgs,0.6257001895678425
