accuracy,balanced_accuracy,f1_macro,f1_weighted,mae,adjacent_accuracy,kappa_linear,kappa_quadratic,spearman_r,roc_auc_macro_ovr,roc_auc_weighted_ovr,fold,n_train,n_val,best_penalty,best_C,best_solver,inner_auc_score
0.42857142857142855,0.4582716049382716,0.42771342771342774,0.43123195224035565,0.7226890756302521,0.8487394957983193,0.19264752287787934,0.21929447192944718,0.2937227251768229,0.6373181084708152,0.6268842974012411,1,748,119,l2,0.0001,lbfgs,0.651034865824673
0.45038167938931295,0.47316713418408335,0.4490958349654002,0.4501660223117242,0.7022900763358778,0.8473282442748091,0.20301547414363186,0.21521285286375613,0.2995128954874426,0.6742437303351609,0.6688995738797786,2,736,131,l2,0.001,lbfgs,0.6521143432309959
0.5117647058823529,0.5242532855436082,0.5120848648465371,0.5108685917603687,0.6235294117647059,0.8647058823529412,0.30198326619150906,0.330396475770925,0.2826464981294553,0.6434632814016193,0.6358481135340949,3,697,170,l2,0.0001,lbfgs,0.6565536192055346
0.4765957446808511,0.4673440032953307,0.4569873549183894,0.4863113096245892,0.6553191489361702,0.8680851063829788,0.24973049174890127,0.29957223678763634,0.3341511814716084,0.630638783714312,0.6306282884615387,4,632,235,l2,0.001,lbfgs,0.6595067851221028
0.4669811320754717,0.4870423481383872,0.4596346211440552,0.4738825882791708,0.6698113207547169,0.8632075471698113,0.23098145404383585,0.26559739494925005,0.34798428264769815,0.6657145196042052,0.6588341573448077,5,655,212,l2,0.0001,lbfgs,0.6361066979975002
