roc_auc,pr_auc,accuracy,f1,balanced_accuracy,matthews_corrcoef,sensitivity,specificity,precision,pos_LR,sensitivity_at_spec100,fold,n_train,n_val,threshold,best_penalty,best_C,best_solver,best_inner_score
0.6474698795180722,0.6794524203535967,0.6229508196721312,0.6349206349206349,0.6253012048192771,0.24961194172094475,0.6,0.6506024096385542,0.6741573033707865,1.7172413793103447,0.01,1,684,183,0.5285091648072375,l2,0.0001,lbfgs,0.7035500673447559
0.6726726726726726,0.7039263890079545,0.6011560693641619,0.6187845303867403,0.6071526071526072,0.21234330513585942,0.5656565656565656,0.6486486486486487,0.6829268292682927,1.60994560994561,0.0,2,694,173,0.5326625032969081,l2,0.001,liblinear,0.7092932304564122
0.7138761467889908,0.7734501878468648,0.6820809248554913,0.7577092511013216,0.6444954128440368,0.29961595978357836,0.7889908256880734,0.5,0.7288135593220338,1.5779816513761469,0.045871559633027525,3,694,173,0.49468353842752344,l1,0.01,liblinear,0.6683998368557512
0.6668074324324325,0.7623495166368928,0.64,0.704225352112676,0.6269003378378378,0.24790354340677467,0.6756756756756757,0.578125,0.7352941176470589,1.6016016016016015,0.06306306306306306,4,692,175,0.48681621610146314,l2,0.0001,liblinear,0.6954303072363099
0.6918150577944393,0.7286113784960258,0.6871165644171779,0.746268656716418,0.6669009684473601,0.3409604548963588,0.7731958762886598,0.5606060606060606,0.7211538461538461,1.7596871667259153,0.020618556701030927,5,704,163,0.5088157719389308,l2,0.0001,liblinear,0.695767052116256
