accuracy,balanced_accuracy,f1_macro,f1_weighted,mae,adjacent_accuracy,kappa_linear,kappa_quadratic,spearman_r,roc_auc_macro_ovr,roc_auc_weighted_ovr,fold,n_train,n_val,best_penalty,best_C,best_solver,inner_auc_score
0.47058823529411764,0.44049382716049384,0.4360585312112159,0.4622247143525665,0.6302521008403361,0.8991596638655462,0.1845591594335314,0.21065326633165837,0.31252091813103144,0.6362382113203551,0.628490544325211,1,748,119,l2,0.001,lbfgs,0.6534877561077629
0.46564885496183206,0.48135856610432887,0.4647944424072037,0.4661914919227292,0.6641221374045801,0.8702290076335878,0.22601018675721563,0.25142857142857145,0.3481135556632385,0.6801270030359934,0.6703810603785711,2,736,131,l2,0.0001,lbfgs,0.6419039026885638
0.4764705882352941,0.48218125960061436,0.47384904435280545,0.47615363330403765,0.6823529411764706,0.8411764705882353,0.24025273539836645,0.2615117289313641,0.26365593662207554,0.6197808978279283,0.6168469855231813,3,697,170,l2,0.001,lbfgs,0.6656037676358401
0.46808510638297873,0.44702058252943205,0.4432380678826176,0.4746344267812454,0.6638297872340425,0.8680851063829788,0.21397941680960553,0.25678224285507034,0.36603779719343305,0.644531330214812,0.6484242511440622,4,632,235,l2,0.0001,lbfgs,0.6712688885434672
0.5141509433962265,0.5214465404373163,0.5024335886903362,0.5208830469123098,0.5801886792452831,0.9056603773584906,0.29899456960051607,0.34184062166692053,0.40413055937482967,0.6980652131178738,0.692675596164182,5,655,212,l2,0.0001,lbfgs,0.6308017195057386
