roc_auc,pr_auc,accuracy,f1,balanced_accuracy,matthews_corrcoef,sensitivity,specificity,precision,pos_LR,sensitivity_at_spec100,fold,n_train,n_val,threshold,best_penalty,best_C,best_solver,best_inner_score
0.6022077403910094,0.6432987461131368,0.5625,0.5698324022346368,0.5763399388216518,0.15186407510393204,0.49514563106796117,0.6575342465753424,0.6710526315789473,1.4458252427184464,0.009708737864077669,1,655,176,0.5105081036027269,l2,0.001,liblinear,0.6904009390894554
0.6613326964413662,0.7183014223124693,0.6287878787878788,0.6918238993710691,0.6122522092190112,0.22523180011194807,0.6962025316455697,0.5283018867924528,0.6875,1.4759493670886077,0.02531645569620253,2,699,132,0.5144577510466112,l2,0.0001,liblinear,0.6589843690634438
0.7023111979166667,0.7289489328450129,0.6428571428571429,0.689922480620155,0.6341145833333333,0.2689744317841901,0.6953125,0.5729166666666666,0.6846153846153846,1.6280487804878048,0.015625,3,607,224,0.48077731174159394,l1,0.01,liblinear,0.668433356377902
0.6795343137254902,0.7706390249156335,0.7133333333333334,0.7817258883248731,0.6899509803921569,0.36774696081448666,0.7549019607843137,0.625,0.8105263157894737,2.0130718954248366,0.00980392156862745,4,681,150,0.4864767236348186,l1,0.01,liblinear,0.6514404615324858
0.6794431731502668,0.7540490927617842,0.6577181208053692,0.7213114754098361,0.639397406559878,0.2778953873345771,0.717391304347826,0.5614035087719298,0.7252747252747253,1.6356521739130432,0.05434782608695652,5,682,149,0.5156923695873071,l2,0.001,liblinear,0.6567586520482458
