roc_auc,pr_auc,accuracy,f1,balanced_accuracy,matthews_corrcoef,sensitivity,specificity,precision,pos_LR,sensitivity_at_spec100,fold,n_train,n_val,threshold,best_penalty,best_C,best_solver,best_inner_score
0.6392727272727274,0.5904189992165462,0.5904761904761905,0.5904761904761905,0.5918181818181818,0.18363636363636363,0.62,0.5636363636363636,0.5636363636363636,1.4208333333333332,0.0,1,683,210,0.501799286499552,l2,0.01,liblinear,0.6836023821810587
0.6842829617396091,0.801460500135476,0.6147859922178989,0.657439446366782,0.6495664739884393,0.28196057961235815,0.5491329479768786,0.75,0.8189655172413793,2.1965317919075145,0.0,2,636,257,0.5796986809421538,l2,0.001,liblinear,0.7032370318405222
0.6702222222222223,0.740305473741808,0.625,0.6938775510204082,0.6066666666666667,0.21081851067789195,0.68,0.5333333333333333,0.7083333333333334,1.4571428571428573,0.04,3,773,120,0.5243002987935348,l2,0.0001,liblinear,0.6860004589672344
0.7262214137214138,0.7431660076728615,0.6629213483146067,0.6666666666666666,0.6803534303534303,0.3594016364602133,0.5769230769230769,0.7837837837837838,0.7894736842105263,2.6682692307692304,0.0,4,715,178,0.5521400882652534,l1,0.01,liblinear,0.6504116873213469
0.6697120708748616,0.773005986837043,0.671875,0.7529411764705882,0.6339977851605758,0.2649326632117907,0.7441860465116279,0.5238095238095238,0.7619047619047619,1.5627906976744186,0.0,5,765,128,0.5295907112701167,l2,0.0001,liblinear,0.6845206040147447
