roc_auc,pr_auc,accuracy,f1,balanced_accuracy,matthews_corrcoef,sensitivity,specificity,precision,pos_LR,sensitivity_at_spec100,fold,n_train,n_val,threshold,best_penalty,best_C,best_solver,best_inner_score
0.6976911976911976,0.7698869333186291,0.6574074074074074,0.7412587412587412,0.6158008658008658,0.24958139372551838,0.803030303030303,0.42857142857142855,0.6883116883116883,1.4053030303030303,0.045454545454545456,1,723,108,0.4970028949349585,l2,0.001,lbfgs,0.709580486467741
0.6589363768819816,0.7016694705316332,0.6470588235294118,0.6972477064220184,0.644487615347256,0.28164966521574375,0.6551724137931034,0.6338028169014085,0.7450980392156863,1.7891246684350135,0.0,2,644,187,0.5077996983610816,l2,0.01,liblinear,0.7022999822599836
0.664643883743213,0.6527918080128147,0.64,0.6610878661087866,0.640330565314596,0.2792598736102681,0.6370967741935484,0.6435643564356436,0.6869565217391305,1.787410394265233,0.0,3,606,225,0.5272892970505767,l1,0.1,liblinear,0.736314413519577
0.6684704184704184,0.7367783065273755,0.6645161290322581,0.74,0.6326659451659452,0.267512139722347,0.7474747474747475,0.5178571428571429,0.7326732673267327,1.5503179947624395,0.030303030303030304,4,676,155,0.4950011768139053,l2,0.0001,liblinear,0.674722246039083
0.7744107744107743,0.8540341312839789,0.6794871794871795,0.7282608695652174,0.6804891015417331,0.3490578156807615,0.6767676767676768,0.6842105263157895,0.788235294117647,2.143097643097643,0.1717171717171717,5,675,156,0.5106342715513417,l2,0.001,liblinear,0.6487257087145816
