n_pairs,pairwise_accuracy,both_correct_rate,mean_delta,median_delta,std_delta,n_positive_delta,per_drug_accuracy,per_drug_roc_auc,per_drug_pr_auc,n_train,n_test,best_penalty,best_C,best_solver,inner_cv_score,threshold,seed
13,0.38461538461538464,0.5384615384615384,0.0055516634294416846,-0.003148363810535959,0.09001866133909284,5,0.8076923076923077,0.6761363636363636,0.9062965596729318,867,26,l1,0.1,liblinear,0.653414799429979,0.4927433523633376,1
