roc_auc,pr_auc,accuracy,f1,balanced_accuracy,matthews_corrcoef,sensitivity,specificity,precision,pos_LR,sensitivity_at_spec100,fold,n_train,n_val,threshold,best_penalty,best_C,best_solver,best_inner_score
0.622289156626506,0.665769073090454,0.5792349726775956,0.5968586387434555,0.5801807228915663,0.15967039492033858,0.57,0.5903614457831325,0.6263736263736264,1.391470588235294,0.01,1,684,183,0.5101615217968702,l2,0.01,lbfgs,0.6389947459631048
0.6515151515151515,0.7111025515956768,0.6011560693641619,0.6101694915254238,0.6105651105651105,0.21987327911907498,0.5454545454545454,0.6756756756756757,0.6923076923076923,1.6818181818181817,0.030303030303030304,2,694,173,0.513028900035832,l2,0.01,liblinear,0.6403841191420606
0.6821961009174311,0.7590048684337148,0.6820809248554913,0.7441860465116279,0.6638474770642202,0.32477504836197996,0.7339449541284404,0.59375,0.7547169811320755,1.806633733239238,0.009174311926605505,3,694,173,0.47575164517457325,l1,0.1,liblinear,0.6543947432098566
0.6116272522522522,0.7030019233606901,0.6342857142857142,0.7009345794392523,0.6190878378378378,0.23311167327541923,0.6756756756756757,0.5625,0.7281553398058253,1.5444015444015444,0.018018018018018018,4,692,175,0.4896614754864042,l2,0.001,liblinear,0.6492940931297759
0.668541080912215,0.6777462341984963,0.656441717791411,0.75,0.6072321149640738,0.253781284652606,0.865979381443299,0.3484848484848485,0.6614173228346457,1.329177655238552,0.0,5,704,163,0.43910667426437644,l1,0.1,liblinear,0.6595960169358575
