roc_auc,pr_auc,accuracy,f1,balanced_accuracy,matthews_corrcoef,sensitivity,specificity,precision,pos_LR,sensitivity_at_spec100,fold,n_train,n_val,threshold,best_penalty,best_C,best_solver,best_inner_score
0.7738426511510246,0.8266212291917772,0.6756756756756757,0.7222222222222222,0.6812547432329876,0.34908012025258284,0.6610169491525424,0.7014925373134329,0.7959183673469388,2.2144067796610174,0.00847457627118644,1,646,185,0.5176042524166049,l2,0.0001,liblinear,0.6927627917406503
0.7043644472762025,0.7605272720446249,0.6724137931034483,0.7205882352941176,0.6728257406817457,0.33513969555605155,0.6712328767123288,0.6744186046511628,0.7777777777777778,2.0616438356164384,0.0,2,715,116,0.5183562800273066,l1,0.01,liblinear,0.7091275850607179
0.6988942945599292,0.717868318059206,0.6588785046728972,0.6812227074235808,0.6593100398053958,0.3167345305275425,0.6554621848739496,0.6631578947368421,0.7090909090909091,1.9459033613445376,0.008403361344537815,3,617,214,0.48456702970607324,l2,0.0001,liblinear,0.7057176673063693
0.7428070175438597,0.7572934515243388,0.7225806451612903,0.7817258883248731,0.6969298245614035,0.40442770302930814,0.8105263157894737,0.5833333333333334,0.7549019607843137,1.945263157894737,0.0,4,676,155,0.5152652270154193,l2,0.0001,liblinear,0.6750210973971047
0.6645487129358097,0.7330384624613191,0.6149068322981367,0.6666666666666666,0.6115184099055067,0.21777825816625526,0.6262626262626263,0.5967741935483871,0.7126436781609196,1.5531313131313134,0.020202020202020204,5,670,161,0.529557342096852,l2,0.001,liblinear,0.710947550943364
