roc_auc,pr_auc,accuracy,f1,balanced_accuracy,matthews_corrcoef,sensitivity,specificity,precision,pos_LR,sensitivity_at_spec100,fold,n_train,n_val,threshold,best_penalty,best_C,best_solver,best_inner_score
0.6638724911452183,0.7211755578402019,0.6649214659685864,0.7333333333333333,0.6422077922077922,0.28278434679931963,0.7272727272727273,0.5571428571428572,0.7394957983193278,1.6422287390029326,0.0,1,702,191,0.49265881102100784,l2,0.001,liblinear,0.6821763144959628
0.6675155180646187,0.7316925185485534,0.6463414634146342,0.7211538461538461,0.6181760305586503,0.2380248326242319,0.7281553398058253,0.5081967213114754,0.7142857142857143,1.4805825242718447,0.0,2,729,164,0.48647395777246927,l2,0.001,liblinear,0.6639876885059357
0.6544135726579788,0.6698602656797599,0.6243093922651933,0.6494845360824743,0.6226333907056799,0.2448757260135127,0.6428571428571429,0.6024096385542169,0.65625,1.6168831168831173,0.01020408163265306,3,712,181,0.5198061508119618,l2,0.0001,lbfgs,0.6400029973675294
0.6566186107470512,0.7434520872832359,0.6511627906976745,0.7222222222222222,0.6276394349788845,0.2536587367192667,0.7155963302752294,0.5396825396825397,0.7289719626168224,1.5545713381841189,0.045871559633027525,4,721,172,0.4838741338183595,l1,0.01,liblinear,0.6833093025236094
0.7088425593098491,0.7084286429045638,0.6486486486486487,0.6700507614213198,0.6545650611071172,0.3054199898697113,0.616822429906542,0.6923076923076923,0.7333333333333333,2.0046728971962615,0.018691588785046728,5,708,185,0.5171577997949508,l2,0.001,liblinear,0.6549339455949814
