roc_auc,pr_auc,accuracy,f1,balanced_accuracy,matthews_corrcoef,sensitivity,specificity,precision,pos_LR,sensitivity_at_spec100,fold,n_train,n_val,threshold,best_penalty,best_C,best_solver,best_inner_score
0.6450226244343891,0.6852297351608514,0.6084656084656085,0.6336633663366337,0.6076923076923078,0.21444063151912912,0.6153846153846154,0.6,0.6530612244897959,1.5384615384615385,0.04807692307692308,1,678,189,0.49189336749832097,l2,0.0001,liblinear,0.6870544047940532
0.6565714285714286,0.6953751293531067,0.6583333333333333,0.7007299270072993,0.6528571428571428,0.3035109886374453,0.6857142857142857,0.62,0.7164179104477612,1.8045112781954886,0.02857142857142857,2,747,120,0.4876306980727586,l1,0.01,liblinear,0.6845888084295596
0.6958024691358025,0.718219385003354,0.6355555555555555,0.6666666666666666,0.6425925925925926,0.27944811529849456,0.6074074074074074,0.6777777777777778,0.7387387387387387,1.885057471264368,0.022222222222222223,3,642,225,0.4752173379258859,l1,0.01,liblinear,0.6580068286193367
0.6850490196078431,0.7553168708314861,0.6807228915662651,0.7488151658767772,0.6528799019607843,0.3134150067591632,0.7745098039215687,0.53125,0.7247706422018348,1.6522875816993465,0.049019607843137254,4,701,166,0.5100163444517479,l2,0.0001,lbfgs,0.6799615556195737
0.6482334869431643,0.7293121461894914,0.592814371257485,0.6565656565656566,0.5837173579109063,0.16284659023404138,0.6190476190476191,0.5483870967741935,0.6989247311827957,1.3707482993197277,0.01904761904761905,5,700,167,0.48697686757531994,l2,0.001,liblinear,0.6814041430263348
