roc_auc,pr_auc,accuracy,f1,balanced_accuracy,matthews_corrcoef,sensitivity,specificity,precision,pos_LR,sensitivity_at_spec100,fold,n_train,n_val,threshold,best_penalty,best_C,best_solver,best_inner_score
0.6399787205745445,0.6938865395397799,0.6420454545454546,0.6631016042780749,0.6502859422795584,0.2964796163777284,0.6019417475728155,0.6986301369863014,0.7380952380952381,1.997352162400706,0.009708737864077669,1,655,176,0.46496958670026955,l1,0.1,liblinear,0.6518388353747694
0.6849773107236685,0.7338577197091929,0.6742424242424242,0.7425149700598802,0.6471220444232146,0.3059789521820241,0.7848101265822784,0.5094339622641509,0.7045454545454546,1.5998052580331061,0.02531645569620253,2,699,132,0.5084431200726849,l1,0.1,liblinear,0.6364540822053908
0.669677734375,0.718216683083854,0.6294642857142857,0.6745098039215687,0.6223958333333333,0.24448347112698834,0.671875,0.5729166666666666,0.6771653543307087,1.573170731707317,0.046875,3,607,224,0.5123158059871699,l1,0.1,liblinear,0.6570287394412786
0.6791258169934641,0.7656619619695718,0.74,0.8059701492537313,0.7095588235294117,0.4127185285777627,0.7941176470588235,0.625,0.8181818181818182,2.1176470588235294,0.0,4,681,150,0.45916616480402733,l1,0.1,liblinear,0.6315755717505592
0.6966056445461479,0.7608462071914139,0.6577181208053692,0.7559808612440191,0.5960144927536232,0.22726377117697966,0.8586956521739131,0.3333333333333333,0.6752136752136753,1.2880434782608694,0.010869565217391304,5,682,149,0.44519586058649285,l1,0.1,liblinear,0.6490249240868053
