n_pairs,pairwise_accuracy,both_correct_rate,mean_delta,median_delta,std_delta,n_positive_delta,per_drug_accuracy,per_drug_roc_auc,per_drug_pr_auc,n_train,n_test,best_penalty,best_C,best_solver,inner_cv_score,threshold,seed
13,0.6153846153846154,0.46153846153846156,0.06701223731768688,0.09452193287569999,0.18307328509488344,8,0.7692307692307693,0.5681818181818182,0.8416333156795901,867,26,l2,0.001,liblinear,0.7123346809104671,0.4788227234484699,3
