roc_auc,pr_auc,accuracy,f1,balanced_accuracy,matthews_corrcoef,sensitivity,specificity,precision,pos_LR,sensitivity_at_spec100,fold,n_train,n_val,threshold,best_penalty,best_C,best_solver,best_inner_score
0.7298368298368298,0.7530228462303328,0.675531914893617,0.7214611872146118,0.6667832167832168,0.33296546487208517,0.7181818181818181,0.6153846153846154,0.7247706422018348,1.8672727272727274,0.01818181818181818,1,679,188,0.49618174014003474,l2,0.001,liblinear,0.6950221920131983
0.6785398881365912,0.7685764503089384,0.6557377049180327,0.7236842105263158,0.6387989402413895,0.2705231583932856,0.6962025316455697,0.5813953488372093,0.7534246575342466,1.6631504922644165,0.012658227848101266,2,745,122,0.5316236572091458,l1,0.1,liblinear,0.6854128262909767
0.671021021021021,0.748321414830132,0.6783625730994152,0.7465437788018433,0.6565315315315315,0.3077934217807578,0.7297297297297297,0.5833333333333334,0.7641509433962265,1.7513513513513514,0.036036036036036036,3,696,171,0.5149852741267762,l2,0.0001,liblinear,0.7070888374766293
0.6989275784456508,0.6617308110229974,0.6609195402298851,0.6775956284153005,0.6599364490930756,0.32006364566599416,0.6813186813186813,0.6385542168674698,0.6739130434782609,1.8849816849816847,0.0,4,693,174,0.5147068795305046,l1,0.01,liblinear,0.6668660086107268
0.7296551724137932,0.7701394654188722,0.6792452830188679,0.7235772357723578,0.6720919540229885,0.3420517470742017,0.712,0.632183908045977,0.7355371900826446,1.9357499999999999,0.04,5,655,212,0.49441614685477264,l2,0.0001,liblinear,0.7072066613827922
