accuracy,balanced_accuracy,f1_macro,f1_weighted,mae,adjacent_accuracy,kappa_linear,kappa_quadratic,spearman_r,roc_auc_macro_ovr,roc_auc_weighted_ovr,fold,n_train,n_val,best_penalty,best_C,best_solver,inner_auc_score
0.45871559633027525,0.49031043921861395,0.4550649350649351,0.4654640772071965,0.6972477064220184,0.8440366972477065,0.2728230337078652,0.32328705271475333,0.3496632618409495,0.6457916912921137,0.6425582690299484,1,758,109,l2,0.001,lbfgs,0.6346820831523126
0.49586776859504134,0.5090796125278884,0.4937391140611025,0.4988211965205456,0.6198347107438017,0.8842975206611571,0.26832218011771336,0.2954378427271185,0.32108313983809106,0.685111219505386,0.6763952600280304,2,746,121,l2,0.01,lbfgs,0.6424511655747593
0.41975308641975306,0.42535661060251223,0.415423717295277,0.42554380136167425,0.7222222222222222,0.8580246913580247,0.15879637848393402,0.19004969020305507,0.23733532732428342,0.6075511989754684,0.6024006511270112,3,705,162,l2,0.01,lbfgs,0.6539782624045523
0.5242290748898678,0.5029761904761905,0.4961818798203237,0.5268023535183486,0.5903083700440529,0.8854625550660793,0.2873342392577667,0.32314844501442763,0.368310329895096,0.6796711314861198,0.679368963998951,4,640,227,l2,0.01,lbfgs,0.6338215610817797
0.45564516129032256,0.458932122025762,0.4451897033834154,0.45018290744786243,0.7298387096774194,0.8145161290322581,0.19164415631190346,0.20606032177869515,0.2957732743235249,0.6593263617066336,0.653588286793212,5,619,248,l2,0.001,lbfgs,0.6267092568540085
