roc_auc,pr_auc,accuracy,f1,balanced_accuracy,matthews_corrcoef,sensitivity,specificity,precision,pos_LR,sensitivity_at_spec100,fold,n_train,n_val,threshold,best_penalty,best_C,best_solver,best_inner_score
0.7202124968378447,0.7607102385284261,0.7189189189189189,0.7739130434782608,0.7054768530230204,0.40411117934544344,0.7542372881355932,0.6567164179104478,0.7946428571428571,2.1971260132645543,0.0,1,646,185,0.4943551170520033,l2,0.0001,liblinear,0.6825000555307529
0.6591271105447595,0.7433519227662204,0.6379310344827587,0.6911764705882353,0.6358712965912712,0.2634784887643428,0.6438356164383562,0.627906976744186,0.746031746031746,1.7303082191780823,0.0410958904109589,2,715,116,0.5077947307523357,l2,0.0001,lbfgs,0.6872833703748189
0.6516585581601062,0.6825817972789153,0.5934579439252337,0.6359832635983264,0.5877487837240158,0.17569193849824427,0.6386554621848739,0.5368421052631579,0.6333333333333333,1.378915202444614,0.008403361344537815,3,617,214,0.4718113853389738,l2,0.001,liblinear,0.698118414249655
0.6726315789473685,0.7211085515578757,0.7354838709677419,0.8019323671497585,0.6951754385964912,0.42466781569426937,0.8736842105263158,0.5166666666666667,0.7410714285714286,1.8076225045372054,0.021052631578947368,4,676,155,0.5003135146945034,l2,0.0001,liblinear,0.6677752549111968
0.712121212121212,0.762503401077007,0.6583850931677019,0.6994535519125683,0.6619420006516781,0.3155134898944268,0.6464646464646465,0.6774193548387096,0.7619047619047619,2.004040404040404,0.030303030303030304,5,670,161,0.516186114732461,l2,0.0001,liblinear,0.6422945177771573
