roc_auc,pr_auc,accuracy,f1,balanced_accuracy,matthews_corrcoef,sensitivity,specificity,precision,pos_LR,sensitivity_at_spec100,fold,n_train,n_val,threshold,best_penalty,best_C,best_solver,best_inner_score
0.6143018018018018,0.7025872220117626,0.5983606557377049,0.6666666666666666,0.5810810810810811,0.1615944849940367,0.6621621621621622,0.5,0.6712328767123288,1.3243243243243243,0.02702702702702703,1,745,122,0.5070887920205793,l2,0.0001,liblinear,0.6846361385808558
0.6752777777777778,0.742249988623852,0.632,0.6891891891891891,0.6298611111111111,0.25030439558334383,0.6375,0.6222222222222222,0.75,1.6875,0.0125,2,742,125,0.5087769854193427,l1,0.01,liblinear,0.6753069273127909
0.7327058120424325,0.75597588890822,0.6340425531914894,0.6324786324786325,0.6547138801733154,0.30991433692988957,0.5362318840579711,0.7731958762886598,0.7708333333333334,2.364295125164691,0.050724637681159424,3,632,235,0.5145772721938989,l2,0.0001,liblinear,0.6536601431046644
0.6231483613477626,0.6625005620448206,0.5782608695652174,0.6254826254826255,0.5713792309463505,0.14291760378204577,0.627906976744186,0.5148514851485149,0.6230769230769231,1.2942572377788326,0.015503875968992248,4,637,230,0.4959843660680579,l2,0.0001,lbfgs,0.6933539996857055
0.7256140350877194,0.7639548999160375,0.7225806451612903,0.774869109947644,0.706140350877193,0.41358884053102185,0.7789473684210526,0.6333333333333333,0.7708333333333334,2.124401913875598,0.031578947368421054,5,712,155,0.49660653023691836,l2,0.0001,liblinear,0.6629232199060681
