roc_auc,pr_auc,accuracy,f1,balanced_accuracy,matthews_corrcoef,sensitivity,specificity,precision,pos_LR,sensitivity_at_spec100,fold,n_train,n_val,threshold,best_penalty,best_C,best_solver,best_inner_score
0.6437782805429865,0.6603350487397452,0.6243386243386243,0.6952789699570815,0.6070701357466064,0.22885162529482764,0.7788461538461539,0.43529411764705883,0.627906976744186,1.3792067307692308,0.0,1,678,189,0.4705075859796052,l2,0.01,liblinear,0.6552816765991687
0.6662857142857143,0.716074910423139,0.6583333333333333,0.7007299270072993,0.6528571428571428,0.3035109886374453,0.6857142857142857,0.62,0.7164179104477612,1.8045112781954886,0.0,2,747,120,0.46055223139610857,l1,0.1,liblinear,0.6684594157704838
0.6110288065843622,0.692262228858344,0.5644444444444444,0.6048387096774194,0.5666666666666667,0.1306407432337535,0.5555555555555556,0.5777777777777777,0.6637168141592921,1.3157894736842104,0.037037037037037035,3,642,225,0.48818853521643235,l2,0.01,lbfgs,0.6632714130215988
0.6773897058823529,0.7434091280696609,0.6445783132530121,0.7255813953488373,0.6089154411764706,0.22742194369757923,0.7647058823529411,0.453125,0.6902654867256637,1.3983193277310924,0.00980392156862745,4,701,166,0.4875367900563034,l2,0.01,liblinear,0.6627813097198214
0.5935483870967742,0.7025756202653453,0.5988023952095808,0.6940639269406392,0.5554531490015361,0.11512147431918912,0.7238095238095238,0.3870967741935484,0.6666666666666666,1.180952380952381,0.0,5,700,167,0.4504046161348583,l1,0.1,liblinear,0.6619729040370652
