accuracy,balanced_accuracy,f1_macro,f1_weighted,mae,adjacent_accuracy,kappa_linear,kappa_quadratic,spearman_r,roc_auc_macro_ovr,roc_auc_weighted_ovr,fold,n_train,n_val,best_penalty,best_C,best_solver,inner_auc_score
0.3969465648854962,0.4191531685137823,0.3956475606242666,0.3882340048601222,0.7709923664122137,0.8320610687022901,0.14500807754442646,0.18008373980230508,0.34393447147676204,0.5881244818261984,0.5742496030441767,1,736,131,l2,0.001,lbfgs,0.6665686534735069
0.455026455026455,0.46060943887030853,0.43521879778787387,0.4434541077133488,0.7301587301587301,0.8148148148148148,0.2217116256863213,0.2553417184421882,0.2507289468074079,0.6316305281242168,0.634391268799871,2,678,189,l2,0.0001,lbfgs,0.660180625859708
0.48125,0.505546218487395,0.47976254722072315,0.4759241770102537,0.6625,0.85625,0.28366278087514796,0.3287701479355266,0.33150786202538407,0.6463758696618594,0.6452993526830575,3,707,160,l2,0.0001,lbfgs,0.6483140353718143
0.5470085470085471,0.5650787224471435,0.5326266995950254,0.5616917277202693,0.5769230769230769,0.8760683760683761,0.33809663495788456,0.35451505016722407,0.33881365296761623,0.6962835577611188,0.6872567311630986,4,633,234,l2,0.0001,lbfgs,0.6276956867729512
0.4444444444444444,0.4767346589380487,0.4431472046055793,0.46130994528193964,0.7124183006535948,0.8431372549019608,0.2246501464503231,0.25072522536573183,0.32948020857257726,0.6622523949732128,0.6550631136941611,5,714,153,l2,0.0001,lbfgs,0.6335713262895595
