roc_auc,pr_auc,accuracy,f1,balanced_accuracy,matthews_corrcoef,sensitivity,specificity,precision,pos_LR,sensitivity_at_spec100,fold,n_train,n_val,threshold,best_penalty,best_C,best_solver,best_inner_score
0.6908814589665653,0.736433585307688,0.6923076923076923,0.7534246575342466,0.6694528875379939,0.3482396309553928,0.7857142857142857,0.5531914893617021,0.7236842105263158,1.7585034013605443,0.04285714285714286,1,714,117,0.4949982879301897,l2,0.0001,lbfgs,0.6840894888236985
0.7049291938997823,0.7414275979356584,0.6590909090909091,0.6938775510204082,0.6677559912854031,0.32673201960653564,0.6296296296296297,0.7058823529411765,0.7727272727272727,2.1407407407407413,0.009259259259259259,2,655,176,0.5308199379138775,l2,0.001,liblinear,0.689486682966053
0.7304713804713805,0.7849363288524636,0.7239263803680982,0.8,0.6712121212121211,0.359737638483386,0.8333333333333334,0.509090909090909,0.7692307692307693,1.6975308641975309,0.0,3,668,163,0.49488343713521527,l1,0.01,liblinear,0.6543554637755612
0.711627140974967,0.7072576616903277,0.6708860759493671,0.7011494252873564,0.6724308300395256,0.34040589591534737,0.6630434782608695,0.6818181818181818,0.7439024390243902,2.083850931677018,0.0,4,673,158,0.5394857013143957,l2,0.001,liblinear,0.6696060626600382
0.6769579626722483,0.7133794721574267,0.6589861751152074,0.7238805970149254,0.6376678876678876,0.2856891910308036,0.7698412698412699,0.5054945054945055,0.6830985915492958,1.5567901234567902,0.03968253968253968,5,614,217,0.4721725355910328,l2,0.0001,lbfgs,0.7114471770276924
