roc_auc,pr_auc,accuracy,f1,balanced_accuracy,matthews_corrcoef,sensitivity,specificity,precision,pos_LR,sensitivity_at_spec100,fold,n_train,n_val,threshold,best_penalty,best_C,best_solver,best_inner_score
0.5996960486322189,0.6915496242966821,0.6068376068376068,0.6805555555555556,0.5840425531914893,0.1709137860429003,0.7,0.46808510638297873,0.6621621621621622,1.3159999999999998,0.05714285714285714,1,714,117,0.5010230968251188,l2,0.01,lbfgs,0.6801949745634314
0.7392429193899782,0.7770095748334762,0.6647727272727273,0.6844919786096256,0.6860021786492374,0.3641790411640332,0.5925925925925926,0.7794117647058824,0.810126582278481,2.68641975308642,0.027777777777777776,2,655,176,0.5013546615441598,l2,0.001,lbfgs,0.6231037781478109
0.7122895622895623,0.776701635174269,0.6625766871165644,0.729064039408867,0.6516835016835016,0.2909010609382616,0.6851851851851852,0.6181818181818182,0.7789473684210526,1.7945326278659612,0.009259259259259259,3,668,163,0.5278042929940162,l2,0.01,liblinear,0.6303979973577368
0.6623847167325428,0.7323703826235162,0.6518987341772152,0.6994535519125683,0.6432806324110671,0.28597315669326095,0.6956521739130435,0.5909090909090909,0.7032967032967034,1.7004830917874396,0.05434782608695652,4,673,158,0.5211780498258565,l2,0.01,lbfgs,0.657384605045507
0.6680620966335252,0.6969546611975963,0.6543778801843319,0.7211895910780669,0.6321733821733821,0.2751668353113231,0.7698412698412699,0.4945054945054945,0.6783216783216783,1.5229468599033817,0.0,5,614,217,0.43970667114148937,l2,0.01,lbfgs,0.6907589232324163
