n_pairs,pairwise_accuracy,both_correct_rate,mean_delta,median_delta,std_delta,n_positive_delta,per_drug_accuracy,per_drug_roc_auc,per_drug_pr_auc,n_train,n_test,best_penalty,best_C,best_solver,inner_cv_score,threshold,seed
13,0.7692307692307693,0.5384615384615384,0.04604876458992075,0.11011855709414164,0.21666267664650835,10,0.8076923076923077,0.5568181818181818,0.8993070733804375,867,26,l2,0.001,liblinear,0.7000944555742364,0.4805119817093476,3
