roc_auc,pr_auc,accuracy,f1,balanced_accuracy,matthews_corrcoef,sensitivity,specificity,precision,pos_LR,sensitivity_at_spec100,fold,n_train,n_val,threshold,best_penalty,best_C,best_solver,best_inner_score
0.6617272727272727,0.5718291487724134,0.6,0.6111111111111112,0.6027272727272728,0.2063569855757204,0.66,0.5454545454545454,0.5689655172413793,1.452,0.0,1,683,210,0.5483347149133965,l1,0.1,liblinear,0.6777830665175586
0.705477566749243,0.8245100140053211,0.6653696498054474,0.7361963190184049,0.6503922378199835,0.28744564080743873,0.6936416184971098,0.6071428571428571,0.7843137254901961,1.7656332107199157,0.08670520231213873,2,636,257,0.49741334813269616,l2,0.001,liblinear,0.6945529064483463
0.6865185185185186,0.7504429482628456,0.6833333333333333,0.7466666666666667,0.6622222222222223,0.3244444444444444,0.7466666666666667,0.5777777777777777,0.7466666666666667,1.768421052631579,0.02666666666666667,3,773,120,0.49522943803474795,l1,0.01,liblinear,0.6851278983507412
0.7171257796257796,0.7452863080276684,0.6741573033707865,0.7128712871287128,0.6704781704781705,0.33781059756953385,0.6923076923076923,0.6486486486486487,0.7346938775510204,1.970414201183432,0.0,4,715,178,0.513222246061276,l2,0.01,liblinear,0.6698673174024733
0.6852159468438538,0.8079874355879257,0.65625,0.7411764705882353,0.6162790697674418,0.22990024493585143,0.7325581395348837,0.5,0.75,1.4651162790697674,0.06976744186046512,5,765,128,0.5078218817473916,l1,0.01,liblinear,0.6888235485321179
