roc_auc,pr_auc,accuracy,f1,balanced_accuracy,matthews_corrcoef,sensitivity,specificity,precision,pos_LR,sensitivity_at_spec100,fold,n_train,n_val,threshold,best_penalty,best_C,best_solver,best_inner_score
0.6348181818181817,0.6263566677907334,0.5761904761904761,0.5572139303482587,0.5754545454545454,0.1508473932292604,0.56,0.5909090909090909,0.5544554455445545,1.368888888888889,0.04,1,683,210,0.530794240518524,l1,0.1,liblinear,0.6409636355829257
0.6487751169832094,0.7917587491146301,0.603112840466926,0.6506849315068494,0.6317093311312965,0.24779709494736424,0.5491329479768786,0.7142857142857143,0.7983193277310925,1.9219653179190752,0.03468208092485549,2,636,257,0.5044835467397597,l2,0.01,liblinear,0.6641750379465439
0.6,0.6984779574586789,0.6166666666666667,0.6973684210526315,0.5866666666666667,0.17500053932695078,0.7066666666666667,0.4666666666666667,0.6883116883116883,1.325,0.04,3,773,120,0.47040165934063133,l2,0.001,liblinear,0.6449339804132412
0.6986746361746362,0.726644448976827,0.6685393258426966,0.7377777777777778,0.6422817047817049,0.30059480615343986,0.7980769230769231,0.4864864864864865,0.6859504132231405,1.5541497975708505,0.019230769230769232,4,715,178,0.49288672415797025,l2,0.0001,liblinear,0.6264281995849311
0.6334440753045404,0.7611880333132175,0.625,0.7142857142857143,0.5869324473975637,0.17013745451324044,0.6976744186046512,0.47619047619047616,0.7317073170731707,1.331923890063425,0.011627906976744186,5,765,128,0.5053645137011776,l1,0.1,liblinear,0.6742704302886209
