roc_auc,pr_auc,accuracy,f1,balanced_accuracy,matthews_corrcoef,sensitivity,specificity,precision,pos_LR,sensitivity_at_spec100,fold,n_train,n_val,threshold,best_penalty,best_C,best_solver,best_inner_score
0.6640909090909092,0.6004211715941123,0.6095238095238096,0.6306306306306306,0.6136363636363635,0.23005009380082841,0.7,0.5272727272727272,0.5737704918032787,1.4807692307692306,0.03,1,683,210,0.48442148851038014,l2,0.001,lbfgs,0.6809444550426771
0.6911643270024773,0.7906174389247637,0.6575875486381323,0.7142857142857143,0.6691095513349848,0.317697668735975,0.6358381502890174,0.7023809523809523,0.8148148148148148,2.136416184971098,0.017341040462427744,2,636,257,0.5086005133730184,l1,0.1,liblinear,0.697184728633546
0.6734814814814815,0.7816811951260498,0.6416666666666667,0.7261146496815286,0.6022222222222222,0.21277151095730248,0.76,0.4444444444444444,0.6951219512195121,1.3679999999999999,0.16,3,773,120,0.49528273560718494,l2,0.001,liblinear,0.6873347033273901
0.6704781704781706,0.6857152360236745,0.6235955056179775,0.6455026455026455,0.6311070686070686,0.2587245827666624,0.5865384615384616,0.6756756756756757,0.7176470588235294,1.8084935897435896,0.0,4,715,178,0.5280253227161065,l1,0.01,liblinear,0.6809252596765922
0.6558693244739756,0.7515547505913426,0.6796875,0.7602339181286549,0.6398117386489479,0.2779737668688735,0.7558139534883721,0.5238095238095238,0.7647058823529411,1.5872093023255816,0.0,5,765,128,0.5227734681393363,l2,0.001,liblinear,0.6879146667674778
