accuracy,balanced_accuracy,f1_macro,f1_weighted,mae,adjacent_accuracy,kappa_linear,kappa_quadratic,spearman_r,roc_auc_macro_ovr,roc_auc_weighted_ovr,fold,n_train,n_val,best_penalty,best_C,best_solver,inner_auc_score
0.44537815126050423,0.4298148148148148,0.42503579010819026,0.44759556062243,0.680672268907563,0.8739495798319328,0.1589739115260449,0.174489094431598,0.28157726417943685,0.6306603770689416,0.6257019528688229,1,748,119,l2,0.001,lbfgs,0.6513013856228053
0.45038167938931295,0.47740771469585025,0.4520905923344947,0.44557854793378904,0.6717557251908397,0.8778625954198473,0.23279648609077597,0.28028568812379817,0.34335901857499973,0.6674100296521077,0.6598348294954668,2,736,131,l2,0.0001,lbfgs,0.6531848773084533
0.45294117647058824,0.45635774022870795,0.4523168508657056,0.45600359693630516,0.7,0.8470588235294118,0.20404469625432797,0.2262443438914027,0.30658365618395045,0.6532407144212993,0.6473701056746686,3,697,170,l2,0.0001,lbfgs,0.6556947681023303
0.451063829787234,0.4378770363283638,0.42999087294389304,0.45718034797000956,0.6680851063829787,0.8808510638297873,0.22269040345517743,0.2951489122016475,0.3658651984426729,0.6415258889777129,0.6332682818561015,4,632,235,l2,0.001,lbfgs,0.6684490936432341
0.49056603773584906,0.49623120594363135,0.4821875693954105,0.4959917976083031,0.5990566037735849,0.910377358490566,0.2735024284943336,0.33905222583327044,0.38041512809489175,0.6767461064405783,0.6644016828063957,5,655,212,l2,0.001,lbfgs,0.6469084509786402
