roc_auc,pr_auc,accuracy,f1,balanced_accuracy,matthews_corrcoef,sensitivity,specificity,precision,pos_LR,sensitivity_at_spec100,fold,n_train,n_val,threshold,best_penalty,best_C,best_solver,best_inner_score
0.6870731090311157,0.7753315560576961,0.6594594594594595,0.7272727272727273,0.6395142929420693,0.27505632310955497,0.711864406779661,0.5671641791044776,0.7433628318584071,1.6446522501461132,0.0423728813559322,1,646,185,0.4582990862931804,l2,0.01,lbfgs,0.665686134928655
0.6632685568652437,0.7228129023019297,0.6637931034482759,0.723404255319149,0.6516406498884995,0.2974172923155131,0.6986301369863014,0.6046511627906976,0.75,1.7671232876712328,0.0,2,715,116,0.4809924593267212,l2,0.01,lbfgs,0.6750076116567979
0.5997788589119858,0.6549938331627063,0.5467289719626168,0.5570776255707762,0.5510393631136665,0.10165250838990572,0.5126050420168067,0.5894736842105263,0.61,1.2486533074768367,0.058823529411764705,3,617,214,0.5043769802526183,l1,0.1,liblinear,0.6876398544850966
0.6568421052631579,0.736949199658465,0.6258064516129033,0.71,0.5903508771929824,0.18828691734009806,0.7473684210526316,0.43333333333333335,0.6761904761904762,1.3188854489164088,0.031578947368421054,4,676,155,0.465729737436114,l2,0.01,lbfgs,0.6714771348325802
0.6678071032909743,0.76226663159719,0.5962732919254659,0.632768361581921,0.6054089279895731,0.2052742560057574,0.5656565656565656,0.6451612903225806,0.717948717948718,1.5941230486685032,0.04040404040404041,5,670,161,0.5429180132182088,l2,0.01,lbfgs,0.6668137597545772
