n_pairs,pairwise_accuracy,both_correct_rate,mean_delta,median_delta,std_delta,n_positive_delta,per_drug_accuracy,per_drug_roc_auc,per_drug_pr_auc,n_train,n_test,best_penalty,best_C,best_solver,inner_cv_score,threshold,seed
13,0.46153846153846156,0.6153846153846154,-0.02490347985049871,-0.01962762821388153,0.1037225803354183,6,0.8076923076923077,0.5340909090909092,0.8443291650651628,867,26,l2,0.01,lbfgs,0.6782634153952064,0.48829732152186317,4
