roc_auc,pr_auc,accuracy,f1,balanced_accuracy,matthews_corrcoef,sensitivity,specificity,precision,pos_LR,sensitivity_at_spec100,fold,n_train,n_val,threshold,best_penalty,best_C,best_solver,best_inner_score
0.689149560117302,0.8274574942653034,0.6480446927374302,0.7224669603524229,0.6397360703812316,0.2608586848978182,0.6612903225806451,0.6181818181818182,0.7961165048543689,1.7319508448540706,0.06451612903225806,1,714,179,0.49005178375310215,l1,0.1,liblinear,0.6528440987607336
0.6278078373503854,0.6180802680363571,0.6063348416289592,0.6266094420600858,0.6052221675684538,0.21096382330115043,0.6403508771929824,0.5700934579439252,0.6134453781512605,1.4895118230358504,0.008771929824561403,2,672,221,0.4925655885476886,l2,0.01,liblinear,0.6665531874646102
0.6607474158494567,0.7122827709555514,0.6428571428571429,0.6896551724137931,0.6410018552875696,0.27582255189682237,0.6493506493506493,0.6326530612244898,0.7352941176470589,1.7676767676767677,0.0,3,767,126,0.48242680637582747,l2,0.001,liblinear,0.6535907401813471
0.6423474588612205,0.7288305231561821,0.6337209302325582,0.7224669603524229,0.59043250327654,0.1877587514203329,0.7522935779816514,0.42857142857142855,0.6949152542372882,1.3165137614678901,0.027522935779816515,4,721,172,0.460046660232308,l2,0.01,liblinear,0.6564038930481132
0.6721897335932425,0.7119150092533002,0.6410256410256411,0.6728971962616822,0.642949967511371,0.28186891848219076,0.631578947368421,0.654320987654321,0.72,1.8270676691729324,0.03508771929824561,5,698,195,0.4948497204134432,l2,0.01,liblinear,0.6885791543516294
