roc_auc,pr_auc,accuracy,f1,balanced_accuracy,matthews_corrcoef,sensitivity,specificity,precision,pos_LR,sensitivity_at_spec100,fold,n_train,n_val,threshold,best_penalty,best_C,best_solver,best_inner_score
0.7041847041847041,0.7963976069577509,0.6371681415929203,0.6962962962962963,0.6524170274170273,0.2841611845209179,0.6103896103896104,0.6944444444444444,0.8103448275862069,1.997638724911452,0.0,1,718,113,0.534425451295793,l2,0.001,liblinear,0.6904087706979047
0.6736842105263158,0.7608845014019244,0.6991150442477876,0.7763157894736842,0.6564912280701753,0.31735534073552263,0.7866666666666666,0.5263157894736842,0.7662337662337663,1.6607407407407406,0.06666666666666667,2,718,113,0.5120942805688271,l2,0.001,liblinear,0.6981387738376624
0.7388914338066881,0.8041989702184954,0.6941176470588235,0.75,0.6903344021988089,0.3660896797661793,0.7027027027027027,0.6779661016949152,0.8041237113402062,2.182076813655761,0.009009009009009009,3,661,170,0.5143400740137495,l1,0.1,liblinear,0.6532228025515016
0.6355769230769229,0.6755928088881349,0.599290780141844,0.6245847176079734,0.5976720647773279,0.19506299129975443,0.618421052631579,0.5769230769230769,0.6308724832214765,1.4617224880382773,0.07236842105263158,4,549,282,0.4779888097358918,l1,0.1,liblinear,0.7084733449370856
0.6499297752808988,0.6706893456533711,0.6339869281045751,0.6853932584269663,0.6239466292134832,0.2478932584269663,0.6853932584269663,0.5625,0.6853932584269663,1.5666131621187802,0.011235955056179775,5,678,153,0.5150888954887084,l2,0.001,liblinear,0.7069753526172696
