roc_auc,pr_auc,accuracy,f1,balanced_accuracy,matthews_corrcoef,sensitivity,specificity,precision,pos_LR,sensitivity_at_spec100,fold,n_train,n_val,threshold,best_penalty,best_C,best_solver,best_inner_score
0.6954407294832827,0.7511068812372028,0.6752136752136753,0.7466666666666667,0.6446808510638298,0.3050655337357705,0.8,0.48936170212765956,0.7,1.5666666666666664,0.05714285714285714,1,714,117,0.5058946092991711,l2,0.001,liblinear,0.7046609445964584
0.7178649237472767,0.7539757777891095,0.625,0.6451612903225806,0.6454248366013072,0.2850851365031991,0.5555555555555556,0.7352941176470589,0.7692307692307693,2.098765432098766,0.009259259259259259,2,655,176,0.512909259013995,l2,0.001,liblinear,0.6850173079348434
0.7254208754208754,0.7733422688897063,0.7300613496932515,0.8,0.6892255892255892,0.38593039594063844,0.8148148148148148,0.5636363636363636,0.7857142857142857,1.8672839506172838,0.009259259259259259,3,668,163,0.49315055125570934,l2,0.0001,liblinear,0.6697135932395502
0.731060606060606,0.7493851455102714,0.689873417721519,0.7379679144385026,0.678030303030303,0.35863917828509423,0.75,0.6060606060606061,0.7263157894736842,1.903846153846154,0.03260869565217391,4,673,158,0.5149375139826334,l2,0.001,liblinear,0.6690133779331207
0.6834990406418978,0.6985782405677853,0.6543778801843319,0.6987951807228916,0.6474358974358974,0.29364507381770166,0.6904761904761905,0.6043956043956044,0.7073170731707317,1.7453703703703702,0.0,5,614,217,0.47970009592386886,l2,0.001,liblinear,0.721529397546599
