n_pairs,pairwise_accuracy,both_correct_rate,mean_delta,median_delta,std_delta,n_positive_delta,per_drug_accuracy,per_drug_roc_auc,per_drug_pr_auc,n_train,n_test,best_penalty,best_C,best_solver,inner_cv_score,threshold,seed
13,0.7692307692307693,0.6153846153846154,0.045414901865632795,0.015717221229449962,0.10242897490171288,10,0.8076923076923077,0.7272727272727273,0.9379140332053668,867,26,l2,0.01,liblinear,0.6849968180793038,0.5404139676336424,3
