roc_auc,pr_auc,accuracy,f1,balanced_accuracy,matthews_corrcoef,sensitivity,specificity,precision,pos_LR,sensitivity_at_spec100,fold,n_train,n_val,threshold,best_penalty,best_C,best_solver,best_inner_score
0.7055944055944057,0.7508342199473806,0.6170212765957447,0.6129032258064516,0.6372960372960372,0.27568671259812927,0.5181818181818182,0.7564102564102564,0.75,2.127272727272727,0.01818181818181818,1,679,188,0.5468031859003016,l1,0.1,liblinear,0.6591118101378199
0.694730644686488,0.7704973423743781,0.6475409836065574,0.6993006993006993,0.6536649985281131,0.29400095522304615,0.6329113924050633,0.6744186046511628,0.78125,1.9439421338155516,0.02531645569620253,2,745,122,0.5381589838961923,l2,0.01,liblinear,0.6563423266591427
0.6183183183183183,0.7038632027406815,0.631578947368421,0.7014218009478673,0.6166666666666667,0.2259876601392458,0.6666666666666666,0.5666666666666667,0.74,1.5384615384615383,0.009009009009009009,3,696,171,0.49212717301252357,l2,0.001,liblinear,0.6848935283052471
0.65761948894479,0.6736075096299105,0.6091954022988506,0.6382978723404256,0.6067787634052695,0.2147550550399285,0.6593406593406593,0.5542168674698795,0.6185567010309279,1.4790614790614791,0.01098901098901099,4,693,174,0.5199925339236636,l1,0.1,liblinear,0.6716048374039002
0.7302988505747127,0.7599092824759934,0.6745283018867925,0.7112970711297071,0.6733333333333333,0.34202767947095586,0.68,0.6666666666666666,0.7456140350877193,2.04,0.0,5,655,212,0.5334429943668417,l2,0.01,liblinear,0.6536276062587346
