n_pairs,pairwise_accuracy,both_correct_rate,mean_delta,median_delta,std_delta,n_positive_delta,per_drug_accuracy,per_drug_roc_auc,per_drug_pr_auc,n_train,n_test,best_penalty,best_C,best_solver,inner_cv_score,threshold,seed
13,0.38461538461538464,0.38461538461538464,0.022834253650325945,-0.03315159793159539,0.19515856373303214,5,0.6538461538461539,0.28409090909090906,0.7666207949240507,867,26,l1,0.1,liblinear,0.6995338349368788,0.48354210020404315,2
