roc_auc,pr_auc,accuracy,f1,balanced_accuracy,matthews_corrcoef,sensitivity,specificity,precision,pos_LR,sensitivity_at_spec100,fold,n_train,n_val,threshold,best_penalty,best_C,best_solver,best_inner_score
0.6964932126696832,0.7094244935207672,0.6507936507936508,0.6526315789473685,0.6569004524886878,0.3134819114861258,0.5961538461538461,0.7176470588235294,0.7209302325581395,2.1113782051282053,0.0,1,678,189,0.5148342687215727,l2,0.001,lbfgs,0.6903567162301123
0.6777142857142857,0.7375582957213399,0.6,0.6417910447761194,0.5971428571428572,0.19199542936736588,0.6142857142857143,0.58,0.671875,1.4625850340136053,0.07142857142857142,2,747,120,0.5041223077462926,l2,0.001,liblinear,0.7063431378052188
0.6939094650205762,0.7089031332299137,0.6266666666666667,0.6470588235294118,0.6407407407407408,0.27678301729907706,0.5703703703703704,0.7111111111111111,0.7475728155339806,1.9743589743589747,0.0,3,642,225,0.5663388957625041,l2,0.001,lbfgs,0.6970833283709394
0.7121629901960784,0.8024841821185889,0.6746987951807228,0.7545454545454545,0.6334252450980392,0.2864814165599145,0.8137254901960784,0.453125,0.7033898305084746,1.4879551820728292,0.11764705882352941,4,701,166,0.5100851669865267,l2,0.0001,lbfgs,0.7030855566457483
0.683410138248848,0.7430326170452446,0.6467065868263473,0.7093596059113301,0.6331797235023042,0.26134910407504136,0.6857142857142857,0.5806451612903226,0.7346938775510204,1.6351648351648354,0.0,5,700,167,0.5241616671548709,l2,0.0001,lbfgs,0.6781626984548283
