accuracy,balanced_accuracy,f1_macro,f1_weighted,mae,adjacent_accuracy,kappa_linear,kappa_quadratic,spearman_r,roc_auc_macro_ovr,roc_auc_weighted_ovr,fold,n_train,n_val,best_penalty,best_C,best_solver,inner_auc_score
0.4732824427480916,0.4934640522875817,0.4743163340724316,0.4652553274318309,0.6412213740458015,0.8854961832061069,0.28069028631193627,0.34620436038875757,0.3378038590097864,0.6117293309076208,0.6030371171054398,1,736,131,l2,0.001,lbfgs,0.6409539926407758
0.4021164021164021,0.39706428836863616,0.3849006116207951,0.3954795883694966,0.7777777777777778,0.8201058201058201,0.1385917589061484,0.18115869017632247,0.14285962164022756,0.5730197468626641,0.5680980707862429,2,678,189,l2,0.01,lbfgs,0.652107231674095
0.45,0.4542203548085901,0.44757806465850164,0.4568412777226084,0.725,0.825,0.19695396330910342,0.210647085819183,0.2273238835768743,0.6147139352692909,0.6185940116902258,3,707,160,l2,0.001,lbfgs,0.6167515150514444
0.4444444444444444,0.45309491677912733,0.4372785829307569,0.44684338742309754,0.6623931623931624,0.8931623931623932,0.17788657690738474,0.22466461936318094,0.26022784881048394,0.6335044403341864,0.6253370173242312,4,633,234,l2,0.001,lbfgs,0.6250214785684308
0.49673202614379086,0.51208207987869,0.48949998559576907,0.500966383992994,0.6078431372549019,0.8954248366013072,0.2763566088592788,0.31975813622621385,0.3410036606909166,0.6797191700071937,0.6703133450657512,5,714,153,l2,0.001,lbfgs,0.6090796538510374
