n_pairs,pairwise_accuracy,both_correct_rate,mean_delta,median_delta,std_delta,n_positive_delta,per_drug_accuracy,per_drug_roc_auc,per_drug_pr_auc,n_train,n_test,best_penalty,best_C,best_solver,inner_cv_score,threshold,seed
13,0.38461538461538464,0.5384615384615384,-0.02433877002226958,-0.03330623316665471,0.04054191440942204,5,0.7307692307692307,0.5113636363636364,0.8540767500534506,867,26,l2,0.001,lbfgs,0.6516191932388702,0.48524042238659476,4
