roc_auc,pr_auc,accuracy,f1,balanced_accuracy,matthews_corrcoef,sensitivity,specificity,precision,pos_LR,sensitivity_at_spec100,fold,n_train,n_val,threshold,best_penalty,best_C,best_solver,best_inner_score
0.6746334310850439,0.7878271466575727,0.6368715083798883,0.7085201793721974,0.6367302052785924,0.2537605214241933,0.6370967741935484,0.6363636363636364,0.797979797979798,1.752016129032258,0.016129032258064516,1,714,179,0.522163871011548,l2,0.01,liblinear,0.6340583322522467
0.646253484177734,0.6626808349025846,0.5927601809954751,0.6341463414634146,0.5897688145597639,0.18294385714341585,0.6842105263157895,0.4953271028037383,0.5909090909090909,1.3557504873294346,0.02631578947368421,2,672,221,0.433713202763957,l1,0.1,liblinear,0.6412745656551231
0.6345083487940631,0.7072317024586774,0.5952380952380952,0.6832298136645962,0.5612244897959184,0.12662932291827406,0.7142857142857143,0.40816326530612246,0.6547619047619048,1.206896551724138,0.012987012987012988,3,767,126,0.46630720142733945,l2,0.001,liblinear,0.6422975142801995
0.6132226590942188,0.6935015871606462,0.6453488372093024,0.7468879668049793,0.5795107033639144,0.18135191813052082,0.8256880733944955,0.3333333333333333,0.6818181818181818,1.238532110091743,0.0,4,721,172,0.47674700271175957,l2,0.001,lbfgs,0.6674750506777587
0.6874593892137753,0.7160696394005599,0.6564102564102564,0.6968325791855203,0.6525341130604289,0.302105538287644,0.6754385964912281,0.6296296296296297,0.719626168224299,1.8236842105263158,0.03508771929824561,5,698,195,0.4981731101813939,l2,0.0001,lbfgs,0.6294725925203173
