n_pairs,pairwise_accuracy,both_correct_rate,mean_delta,median_delta,std_delta,n_positive_delta,per_drug_accuracy,per_drug_roc_auc,per_drug_pr_auc,n_train,n_test,best_penalty,best_C,best_solver,inner_cv_score,threshold,seed
13,0.23076923076923078,0.5384615384615384,-0.023908795157192242,-0.033872490866346694,0.04125090770762698,3,0.7692307692307693,0.11363636363636363,0.7194525479897609,867,26,l2,0.001,liblinear,0.6959999166617702,0.5189775626447327,1
