roc_auc,pr_auc,accuracy,f1,balanced_accuracy,matthews_corrcoef,sensitivity,specificity,precision,pos_LR,sensitivity_at_spec100,fold,n_train,n_val,threshold,best_penalty,best_C,best_solver,best_inner_score
0.6648192771084337,0.6976071247006046,0.6120218579234973,0.6432160804020101,0.6091566265060241,0.218103134336789,0.64,0.5783132530120482,0.6464646464646465,1.5177142857142856,0.0,1,684,183,0.49685939540243984,l1,0.1,liblinear,0.697060282311131
0.6773136773136773,0.6925414255086486,0.6127167630057804,0.588957055214724,0.6343161343161343,0.2752887101735405,0.48484848484848486,0.7837837837837838,0.75,2.242424242424242,0.010101010101010102,2,694,173,0.5376860621466477,l2,0.001,liblinear,0.6921689824807016
0.7014048165137614,0.7557570806879521,0.6878612716763006,0.7589285714285714,0.6555332568807339,0.3181219097368656,0.7798165137614679,0.53125,0.7391304347826086,1.6636085626911314,0.027522935779816515,3,694,173,0.49174016183470315,l2,0.0001,liblinear,0.6901475381369657
0.6945382882882883,0.7268416089651388,0.7028571428571428,0.7719298245614035,0.6698338963963963,0.34753529548885104,0.7927927927927928,0.546875,0.7521367521367521,1.7496116806461635,0.0,4,692,175,0.4933386051911433,l2,0.0001,liblinear,0.6852289015150673
0.6944704779756327,0.7320041038877255,0.6932515337423313,0.7572815533980582,0.6672133708216182,0.3487776952585252,0.8041237113402062,0.5303030303030303,0.7155963302752294,1.7120053209178583,0.010309278350515464,5,704,163,0.5074632322024774,l2,0.0001,lbfgs,0.6715698072786469
