roc_auc,pr_auc,accuracy,f1,balanced_accuracy,matthews_corrcoef,sensitivity,specificity,precision,pos_LR,sensitivity_at_spec100,fold,n_train,n_val,threshold,best_penalty,best_C,best_solver,best_inner_score
0.6698679471788715,0.6354830238882209,0.6294642857142857,0.6770428015564203,0.6226890756302521,0.2517765344574355,0.7310924369747899,0.5142857142857142,0.6304347826086957,1.5051903114186849,0.0,1,669,224,0.46334434580287864,l2,0.0001,liblinear,0.6645263131528251
0.5872628726287262,0.7087205170082167,0.6557377049180327,0.754863813229572,0.5859756097560975,0.18229846088111845,0.7886178861788617,0.38333333333333336,0.7238805970149254,1.2788398154251812,0.0,2,710,183,0.4742842697277121,l2,0.0001,liblinear,0.7076661798539209
0.682498373454782,0.7531777899156908,0.65,0.7262569832402235,0.6188462372587291,0.2428837506307413,0.7471264367816092,0.49056603773584906,0.7065217391304348,1.4665815240527884,0.022988505747126436,3,753,140,0.4653223121856754,l2,0.0001,liblinear,0.6510964782890604
0.6302997076023392,0.6833204076878823,0.5947712418300654,0.6630434782608695,0.5808662280701754,0.15818751800911146,0.6354166666666666,0.5263157894736842,0.6931818181818182,1.3414351851851851,0.0,4,740,153,0.5035484417627953,l2,0.0001,liblinear,0.671464019224491
0.6842920353982301,0.7247881493247476,0.6373056994818653,0.6634615384615384,0.6428097345132744,0.2814473618830126,0.6106194690265486,0.675,0.7263157894736842,1.8788291354663038,0.008849557522123894,5,700,193,0.5119623595846317,l2,0.001,liblinear,0.6657218400426702
