roc_auc,pr_auc,accuracy,f1,balanced_accuracy,matthews_corrcoef,sensitivity,specificity,precision,pos_LR,sensitivity_at_spec100,fold,n_train,n_val,threshold,best_penalty,best_C,best_solver,best_inner_score
0.6907596768921884,0.7480850783074271,0.6140939597315436,0.6020761245674741,0.6424569267404399,0.2888866026301033,0.4915254237288136,0.7933884297520661,0.7767857142857143,2.378983050847458,0.005649717514124294,1,595,298,0.5323169838053596,l2,0.1,lbfgs,0.6722126729017952
0.7279299847792999,0.7636646496864052,0.7016574585635359,0.7352941176470589,0.703386605783866,0.39983478351078006,0.6944444444444444,0.7123287671232876,0.78125,2.4140211640211637,0.009259259259259259,2,712,181,0.5134620598497321,l2,0.1,lbfgs,0.6453720686278963
0.5831460674157303,0.6853552400528906,0.60431654676259,0.7058823529411765,0.5507865168539325,0.10689403306367472,0.7415730337078652,0.36,0.673469387755102,1.1587078651685394,0.011235955056179775,3,754,139,0.5144230257135031,l2,0.1,lbfgs,0.680015557659856
0.7090909090909092,0.7822416313889463,0.6611111111111111,0.7109004739336493,0.6551948051948051,0.30491466035253717,0.6818181818181818,0.6285714285714286,0.7425742574257426,1.8356643356643354,0.07272727272727272,4,713,180,0.5247747816770638,l2,0.1,lbfgs,0.650177632889279
0.7253839205058717,0.7392079536213799,0.7263157894736842,0.7636363636363637,0.7181571815718157,0.4393008070590812,0.7777777777777778,0.6585365853658537,0.75,2.277777777777778,0.037037037037037035,5,798,95,0.5133443594435845,l2,0.1,lbfgs,0.6792897296328644
