roc_auc,pr_auc,accuracy,f1,balanced_accuracy,matthews_corrcoef,sensitivity,specificity,precision,pos_LR,sensitivity_at_spec100,fold,n_train,n_val,threshold,best_penalty,best_C,best_solver,best_inner_score
0.6783936651583711,0.7255945590752545,0.5925925925925926,0.6350710900473934,0.5868212669683258,0.17429439944726421,0.6442307692307693,0.5294117647058824,0.6261682242990654,1.3689903846153848,0.038461538461538464,1,678,189,0.48131596762021245,l2,0.001,liblinear,0.6883241830102136
0.6651428571428573,0.75706080679655,0.625,0.6808510638297872,0.6128571428571429,0.2263944910304218,0.6857142857142857,0.54,0.676056338028169,1.4906832298136647,0.14285714285714285,2,747,120,0.5190178952414989,l2,0.0001,liblinear,0.7013264654718337
0.7025514403292181,0.7639194874025672,0.6488888888888888,0.6973180076628352,0.6425925925925926,0.2814571139550123,0.674074074074074,0.6111111111111112,0.7222222222222222,1.7333333333333334,0.007407407407407408,3,642,225,0.4465546692304434,l2,0.001,liblinear,0.6853537569891912
0.6989889705882353,0.7592891384042562,0.6807228915662651,0.7511737089201878,0.649969362745098,0.3101557096222317,0.7843137254901961,0.515625,0.7207207207207207,1.6192283364958886,0.0196078431372549,4,701,166,0.5192277484919151,l2,0.0001,lbfgs,0.6817963458412668
0.6549923195084486,0.7317491067012372,0.6107784431137725,0.6766169154228856,0.5980030721966205,0.19155583659526332,0.6476190476190476,0.5483870967741935,0.7083333333333334,1.4340136054421768,0.009523809523809525,5,700,167,0.5014285367803967,l1,0.01,liblinear,0.6838916445689311
