roc_auc,pr_auc,accuracy,f1,balanced_accuracy,matthews_corrcoef,sensitivity,specificity,precision,pos_LR,sensitivity_at_spec100,fold,n_train,n_val,threshold,best_penalty,best_C,best_solver,best_inner_score
0.5997105103422514,0.6887189910437469,0.5637583892617449,0.6036585365853658,0.5647849838913013,0.12727307237008678,0.559322033898305,0.5702479338842975,0.6556291390728477,1.3014993481095174,0.02824858757062147,1,595,298,0.49730628189528586,l2,0.001,lbfgs,0.6632327246915605
0.6590563165905632,0.7089610168111414,0.6132596685082873,0.65,0.6159944190766109,0.2276415220314382,0.6018518518518519,0.6301369863013698,0.7065217391304348,1.6272290809327845,0.046296296296296294,2,712,181,0.5026619947357618,l2,0.001,lbfgs,0.6177469759490338
0.5134831460674157,0.6641832191326242,0.539568345323741,0.6595744680851063,0.47831460674157306,-0.04597584400264731,0.6966292134831461,0.26,0.6262626262626263,0.9413908290312786,0.0,3,754,139,0.4863374877649044,l2,0.001,lbfgs,0.663346726416737
0.6707792207792208,0.7480840047015315,0.6555555555555556,0.7256637168141593,0.6298701298701299,0.26452434730655305,0.7454545454545455,0.5142857142857142,0.7068965517241379,1.53475935828877,0.02727272727272727,4,713,180,0.4633041530238728,l2,0.001,liblinear,0.6340353149194135
0.7560975609756098,0.7519043654622587,0.7263157894736842,0.75,0.7269647696476964,0.4502834598545774,0.7222222222222222,0.7317073170731707,0.78,2.6919191919191916,0.018518518518518517,5,798,95,0.5129756916180442,l2,0.001,lbfgs,0.6240483771657087
