accuracy,balanced_accuracy,f1_macro,f1_weighted,mae,adjacent_accuracy,kappa_linear,kappa_quadratic,spearman_r,roc_auc_macro_ovr,roc_auc_weighted_ovr,fold,n_train,n_val,best_penalty,best_C,best_solver,inner_auc_score
0.44921875,0.4485616010006254,0.3441830534853791,0.37678529339139805,0.78515625,0.765625,0.20099378881987573,0.23956174119040563,0.2916127606188622,0.6262588355570392,0.6221410027826919,1,611,256,l2,0.0001,lbfgs,0.6474449386745145
0.359375,0.41087250973531236,0.3362094111332796,0.31366384892715876,0.890625,0.75,0.08617234468937873,0.09183673469387754,0.1818779080448545,0.6082921431252479,0.5994648721314016,2,739,128,l2,0.01,liblinear,0.6668506970740109
0.5153374233128835,0.5569618490671122,0.5028998778998779,0.5016180138879526,0.6319018404907976,0.852760736196319,0.33663914022679686,0.3644157520981278,0.420514395255467,0.6853168800104511,0.6723256778303501,3,704,163,l2,0.001,liblinear,0.6383264712424102
0.44970414201183434,0.49139228826728826,0.41863302534944324,0.40636189298646247,0.6982248520710059,0.8520710059171598,0.27871817129629617,0.3469500414021529,0.3599315218083367,0.6775228754317627,0.6673426294124865,4,698,169,l1,0.1,liblinear,0.6475034475999567
0.5231788079470199,0.5546325322187391,0.48944964401820773,0.48728920810631865,0.6158940397350994,0.8609271523178808,0.353304167626065,0.40302222742847094,0.4396050850402102,0.6916388094391902,0.6733874366424272,5,716,151,l2,0.001,liblinear,0.6391545939750105
