roc_auc,pr_auc,accuracy,f1,balanced_accuracy,matthews_corrcoef,sensitivity,specificity,precision,pos_LR,sensitivity_at_spec100,fold,n_train,n_val,threshold,best_penalty,best_C,best_solver,best_inner_score
0.5971084337349398,0.637999641447308,0.5901639344262295,0.6835443037974683,0.5676506024096386,0.1552749902524971,0.81,0.3253012048192771,0.5912408759124088,1.2005357142857145,0.03,1,684,183,0.4095224624234731,l1,0.01,liblinear,0.6747283911237838
0.7058422058422058,0.7165131904291111,0.6242774566473989,0.5962732919254659,0.6478296478296479,0.3050476340710011,0.48484848484848486,0.8108108108108109,0.7741935483870968,2.5627705627705635,0.0,2,694,173,0.5073252519280321,l2,0.0001,liblinear,0.6567157574485517
0.705131880733945,0.7677762426217034,0.6994219653179191,0.7833333333333333,0.6421301605504588,0.3200804767327198,0.8623853211009175,0.421875,0.7175572519083969,1.4916935283907762,0.045871559633027525,3,694,173,0.45873736604909554,l2,0.0001,liblinear,0.6755659915982163
0.6768018018018018,0.7337479665222073,0.68,0.7383177570093458,0.6683558558558558,0.32955267285744844,0.7117117117117117,0.625,0.7669902912621359,1.8978978978978978,0.009009009009009009,4,692,175,0.5073636462080774,l2,0.0001,liblinear,0.6591750922418906
0.6607310215557638,0.721418433023691,0.6932515337423313,0.7706422018348624,0.6526866604186192,0.3427453697372848,0.865979381443299,0.4393939393939394,0.6942148760330579,1.5447199777096687,0.1134020618556701,5,704,163,0.4656275401040286,l2,0.0001,liblinear,0.6711054903829703
