accuracy,balanced_accuracy,f1_macro,f1_weighted,mae,adjacent_accuracy,kappa_linear,kappa_quadratic,spearman_r,roc_auc_macro_ovr,roc_auc_weighted_ovr,fold,n_train,n_val,best_penalty,best_C,best_solver,inner_auc_score
0.3697478991596639,0.42518518518518517,0.32798925212718316,0.29609712223447365,0.8235294117647058,0.8067226890756303,0.14060427413411924,0.17097242380261257,0.23723211958271898,0.644929315878683,0.6437842128087847,1,748,119,l2,0.01,lbfgs,0.6428770871441479
0.40458015267175573,0.48314961874283907,0.36562473451646244,0.318650998318251,0.7633587786259542,0.8320610687022901,0.23085955847815898,0.282628536659568,0.26343806040297757,0.6786543626605738,0.6783677571039479,2,736,131,l2,0.01,lbfgs,0.6335154776038636
0.40588235294117647,0.4258064516129032,0.32884615384615384,0.3136425339366516,0.8176470588235294,0.7764705882352941,0.16965352449223425,0.20897718910963947,0.21820810557010864,0.6161167364530643,0.6112681937572536,3,697,170,l2,0.001,lbfgs,0.6605298526001692
0.4765957446808511,0.4213738074357543,0.35657849919873136,0.40560775177055475,0.7191489361702128,0.8042553191489362,0.1956781497458332,0.2404804656058449,0.25709537232774726,0.6253558504433033,0.6191387481150968,4,632,235,l2,0.01,lbfgs,0.6576780243007948
0.419811320754717,0.4259007406050271,0.34129653717061276,0.3562557418204641,0.7877358490566038,0.7924528301886793,0.1468093310198575,0.18343302519485227,0.2577417816615636,0.6524684049127741,0.6433308241057668,5,655,212,l2,0.01,lbfgs,0.6473645226949132
