n_pairs,pairwise_accuracy,both_correct_rate,mean_delta,median_delta,std_delta,n_positive_delta,per_drug_accuracy,per_drug_roc_auc,per_drug_pr_auc,n_train,n_test,best_penalty,best_C,best_solver,inner_cv_score,threshold,seed
38,0.4473684210526316,0.21052631578947367,0.04531374094063112,-0.010200698023625554,0.14630642002684902,17,0.532258064516129,0.5241596638655462,0.5413583049459021,831,62,l1,0.01,liblinear,0.6866420354366447,0.5040093665296844,0
