roc_auc,pr_auc,accuracy,f1,balanced_accuracy,matthews_corrcoef,sensitivity,specificity,precision,pos_LR,sensitivity_at_spec100,fold,n_train,n_val,threshold,best_penalty,best_C,best_solver,best_inner_score
0.7092352092352092,0.8112165664373479,0.6814159292035398,0.7534246575342466,0.6626984126984128,0.3109274327154149,0.7142857142857143,0.6111111111111112,0.7971014492753623,1.8367346938775513,0.03896103896103896,1,718,113,0.5174254783935077,l2,0.0001,liblinear,0.6769035006017237
0.6543859649122807,0.7540190734673186,0.7168141592920354,0.8024691358024691,0.643859649122807,0.3229573122496924,0.8666666666666667,0.42105263157894735,0.7471264367816092,1.496969696969697,0.013333333333333334,2,718,113,0.4781805225623454,l2,0.0001,liblinear,0.6930649370407294
0.7486639181554435,0.7875427415403501,0.6823529411764706,0.7378640776699029,0.6813253931898,0.34768318259568814,0.6846846846846847,0.6779661016949152,0.8,2.1261261261261257,0.02702702702702703,3,661,170,0.5014143852328706,l2,0.0001,liblinear,0.6493207088822487
0.6510121457489879,0.674625308453072,0.6134751773049646,0.6120996441281139,0.6175101214574898,0.235157140410147,0.5657894736842105,0.6692307692307692,0.6666666666666666,1.7105263157894735,0.05263157894736842,4,549,282,0.49883373225314825,l2,0.0001,liblinear,0.6918807872661108
0.6585323033707865,0.6654776579536575,0.6601307189542484,0.7111111111111111,0.6486130617977528,0.29864512296887263,0.7191011235955056,0.578125,0.7032967032967034,1.704535996670828,0.011235955056179775,5,678,153,0.5018189741363677,l2,0.0001,liblinear,0.6825104258680883
