roc_auc,pr_auc,accuracy,f1,balanced_accuracy,matthews_corrcoef,sensitivity,specificity,precision,pos_LR,sensitivity_at_spec100,fold,n_train,n_val,threshold,best_penalty,best_C,best_solver,best_inner_score
0.6627828054298642,0.6841522626679009,0.6190476190476191,0.6435643564356436,0.6183823529411765,0.2357270177361015,0.625,0.611764705882353,0.6632653061224489,1.609848484848485,0.038461538461538464,1,678,189,0.49608528019819587,l2,0.0001,liblinear,0.7010118635000732
0.6908571428571428,0.7439853704198423,0.625,0.6715328467153284,0.6185714285714285,0.2354337575411959,0.6571428571428571,0.58,0.6865671641791045,1.5646258503401358,0.07142857142857142,2,747,120,0.5047249464964826,l2,0.0001,liblinear,0.7125756520920135
0.7039506172839507,0.7321554989140543,0.6355555555555555,0.6666666666666666,0.6425925925925926,0.27944811529849456,0.6074074074074074,0.6777777777777778,0.7387387387387387,1.885057471264368,0.014814814814814815,3,642,225,0.4988665236952818,l1,0.01,liblinear,0.6709251518368666
0.6969975490196079,0.7537917579966524,0.6746987951807228,0.7326732673267327,0.6596200980392157,0.3174941108085292,0.7254901960784313,0.59375,0.74,1.7858220211161386,0.058823529411764705,4,701,166,0.5283490101343815,l2,0.0001,liblinear,0.6876739884961488
0.6987711213517664,0.7736978082042103,0.6646706586826348,0.7431192660550459,0.6276497695852534,0.2636965352153728,0.7714285714285715,0.4838709677419355,0.7168141592920354,1.4946428571428572,0.0,5,700,167,0.46246577480460765,l2,0.0001,liblinear,0.7066067534871261
