roc_auc,pr_auc,accuracy,f1,balanced_accuracy,matthews_corrcoef,sensitivity,specificity,precision,pos_LR,sensitivity_at_spec100,fold,n_train,n_val,threshold,best_penalty,best_C,best_solver,best_inner_score
0.6214222346733903,0.6967377328393803,0.6073825503355704,0.706766917293233,0.5635943409441098,0.14329944274361311,0.7966101694915254,0.3305785123966942,0.6351351351351351,1.1899979075120317,0.01694915254237288,1,595,298,0.484099188185254,l2,0.0001,lbfgs,0.6718845199548896
0.7605276509386097,0.8041798150797526,0.7348066298342542,0.7894736842105263,0.7111872146118722,0.4383443217859098,0.8333333333333334,0.589041095890411,0.75,2.027777777777778,0.07407407407407407,2,712,181,0.4879039624517609,l2,0.0001,liblinear,0.611307589964432
0.5541573033707865,0.6761297711024628,0.5755395683453237,0.6878306878306878,0.5151685393258427,0.03240570390587533,0.7303370786516854,0.3,0.65,1.043338683788122,0.0,3,754,139,0.490844365742092,l1,0.01,liblinear,0.6889063836059016
0.6875324675324676,0.7204639541023052,0.6777777777777778,0.7478260869565218,0.648051948051948,0.3062127263296445,0.7818181818181819,0.5142857142857142,0.7166666666666667,1.6096256684491979,0.00909090909090909,4,713,180,0.48579552167342793,l2,0.0001,liblinear,0.65011199256552
0.7204155374887082,0.6967314049006296,0.6421052631578947,0.66,0.647018970189702,0.2914172290958913,0.6111111111111112,0.6829268292682927,0.717391304347826,1.9273504273504278,0.018518518518518517,5,798,95,0.5266217328866691,l2,0.0001,liblinear,0.6508412450786818
