roc_auc,pr_auc,accuracy,f1,balanced_accuracy,matthews_corrcoef,sensitivity,specificity,precision,pos_LR,sensitivity_at_spec100,fold,n_train,n_val,threshold,best_penalty,best_C,best_solver,best_inner_score
0.6733093237294918,0.6341575233058291,0.6071428571428571,0.6036036036036037,0.6100840336134454,0.22045053780056678,0.5630252100840336,0.6571428571428571,0.6504854368932039,1.642156862745098,0.0,1,669,224,0.5491337737793521,l2,0.0001,lbfgs,0.6869738691219671
0.6352303523035231,0.743420105775501,0.6557377049180327,0.7428571428571429,0.6115853658536585,0.22223915924615764,0.7398373983739838,0.48333333333333334,0.7459016393442623,1.4319433516915816,0.0,2,710,183,0.5093214310917613,l2,0.0001,liblinear,0.7296112052127901
0.6759921925829537,0.7402246305128042,0.65,0.7167630057803468,0.6299067447408371,0.2588887337942357,0.7126436781609196,0.5471698113207547,0.7209302325581395,1.5737547892720307,0.0,3,753,140,0.49352750712273274,l2,0.0001,liblinear,0.6675578029569383
0.6906067251461989,0.7491979393993596,0.6470588235294118,0.7216494845360825,0.6189692982456141,0.23974168714477656,0.7291666666666666,0.5087719298245614,0.7142857142857143,1.484375,0.0,4,740,153,0.49129842777361593,l2,0.001,liblinear,0.6912843763935156
0.7387168141592921,0.7513815305968419,0.694300518134715,0.7255813953488373,0.6951327433628318,0.38514439253265426,0.6902654867256637,0.7,0.7647058823529411,2.300884955752212,0.017699115044247787,5,700,193,0.5136792120371533,l2,0.001,liblinear,0.7069486627857828
