accuracy,balanced_accuracy,f1_macro,f1_weighted,mae,adjacent_accuracy,kappa_linear,kappa_quadratic,spearman_r,roc_auc_macro_ovr,roc_auc_weighted_ovr,fold,n_train,n_val,best_penalty,best_C,best_solver,inner_auc_score
0.45871559633027525,0.4563269876819709,0.4425853716176296,0.46264549300950597,0.7339449541284404,0.8073394495412844,0.19999999999999996,0.2115498636309736,0.33024941369700694,0.6684777957004044,0.6660677467657466,1,758,109,l2,0.0001,lbfgs,0.6062226491027356
0.47107438016528924,0.5176028693270073,0.4708181384541999,0.4568211098407118,0.6363636363636364,0.8925619834710744,0.28512238164658943,0.34608321527887087,0.3710255187123896,0.6626020075999631,0.6440980566923794,2,746,121,l2,0.0001,lbfgs,0.6252615654415934
0.4506172839506173,0.46320109762732714,0.44713837177279253,0.4585646230648939,0.6975308641975309,0.8518518518518519,0.20130890052356032,0.21717990275526744,0.24948676527289068,0.6293264714680498,0.6263349315848032,3,705,162,l2,0.0001,lbfgs,0.6393964888427595
0.44493392070484583,0.4541666666666666,0.4335077708487091,0.4502303912366557,0.7004405286343612,0.8546255506607929,0.19508931558172216,0.2350033700292069,0.3046477863324502,0.635444050607985,0.6303776731161724,4,640,227,l2,0.0001,lbfgs,0.6383246849163171
0.49193548387096775,0.503794871012525,0.4874973414760125,0.495625196632765,0.6733870967741935,0.8346774193548387,0.2669475025664625,0.2860380150765388,0.3400610793411129,0.6676946161163398,0.6642402447089947,5,619,248,l2,0.0001,lbfgs,0.6257425201809547
