roc_auc,pr_auc,accuracy,f1,balanced_accuracy,matthews_corrcoef,sensitivity,specificity,precision,pos_LR,sensitivity_at_spec100,fold,n_train,n_val,threshold,best_penalty,best_C,best_solver,best_inner_score
0.6495337995337995,0.7336552918547927,0.6063829787234043,0.6666666666666666,0.5927738927738928,0.18628745605102792,0.6727272727272727,0.5128205128205128,0.6607142857142857,1.3808612440191386,0.08181818181818182,1,679,188,0.45380571854203455,l2,0.01,lbfgs,0.658464849875376
0.6349720341477774,0.7001109245164953,0.6721311475409836,0.7619047619047619,0.6143656167206358,0.24599216348432537,0.810126582278481,0.4186046511627907,0.7191011235955056,1.3934177215189876,0.0,2,745,122,0.426106269985796,l2,0.01,lbfgs,0.6639399949096272
0.6334834834834835,0.7026387460283028,0.6491228070175439,0.7297297297297297,0.6148648648648649,0.22972972972972974,0.7297297297297297,0.5,0.7297297297297297,1.4594594594594594,0.0,3,696,171,0.4841169754938408,l1,0.1,liblinear,0.6723361365253699
0.65444194359857,0.6440560692611037,0.6149425287356322,0.6731707317073171,0.6080365417714815,0.2270556750715134,0.7582417582417582,0.4578313253012048,0.6052631578947368,1.3985347985347982,0.02197802197802198,4,693,174,0.47994995679078045,l2,0.001,lbfgs,0.6595015003442799
0.705103448275862,0.7578470818740197,0.660377358490566,0.7024793388429752,0.6560919540229886,0.30879510853764897,0.68,0.632183908045977,0.7264957264957265,1.8487500000000001,0.056,5,655,212,0.4925921862387534,l2,0.01,liblinear,0.6700284288272613
