accuracy,balanced_accuracy,f1_macro,f1_weighted,mae,adjacent_accuracy,kappa_linear,kappa_quadratic,spearman_r,roc_auc_macro_ovr,roc_auc_weighted_ovr,fold,n_train,n_val,best_penalty,best_C,best_solver,inner_auc_score
0.44921875,0.40607941691952537,0.3493389780154486,0.3907385841410428,0.7890625,0.76171875,0.12675200108075246,0.1452773026112405,0.18380189680398568,0.6088063773566387,0.6030250257997936,1,611,256,l2,0.01,liblinear,0.6561236656305768
0.3828125,0.42235265346050377,0.3158178934224292,0.29028772653639767,0.8125,0.8046875,0.16570569064928553,0.2180260234846081,0.2149716896451313,0.605483617539926,0.5962881741390513,2,739,128,l2,0.01,lbfgs,0.6335553462877013
0.4294478527607362,0.48781676413255354,0.35353726479554287,0.31444706920268617,0.7116564417177914,0.8588957055214724,0.2739978497926585,0.35085304095579917,0.4133287089675495,0.6617145769507987,0.648509712268103,3,704,163,l2,0.001,lbfgs,0.6225221261031058
0.4260355029585799,0.4718215811965812,0.34970760233918124,0.32580193086265963,0.757396449704142,0.8165680473372781,0.2379341929119989,0.2961111841816827,0.33025720956489024,0.6695984107275184,0.6586067434030898,4,698,169,l2,0.001,lbfgs,0.6314818640834516
0.45695364238410596,0.49242424242424243,0.3682060513743682,0.35394308661635393,0.7019867549668874,0.8410596026490066,0.2853188069298088,0.35466503857467946,0.3206844412665991,0.6797165466166805,0.6679167583979317,5,716,151,l2,0.001,lbfgs,0.6266027169860507
