roc_auc,pr_auc,accuracy,f1,balanced_accuracy,matthews_corrcoef,sensitivity,specificity,precision,pos_LR,sensitivity_at_spec100,fold,n_train,n_val,threshold,best_penalty,best_C,best_solver,best_inner_score
0.6680409628940019,0.697716561775486,0.5852272727272727,0.5780346820809249,0.6057321452320787,0.21287032796525152,0.4854368932038835,0.726027397260274,0.7142857142857143,1.7718446601941749,0.019417475728155338,1,655,176,0.5507844145249557,l1,0.1,liblinear,0.694440692805923
0.7272510150465727,0.78306025656276,0.7121212121212122,0.7682926829268293,0.6911870074038691,0.391454653004017,0.7974683544303798,0.5849056603773585,0.7411764705882353,1.921173762945915,0.06329113924050633,2,699,132,0.5115093326602405,l2,0.01,lbfgs,0.6536324671644498
0.6515299479166666,0.6606795206524317,0.6205357142857143,0.6502057613168725,0.62109375,0.23978949683458176,0.6171875,0.625,0.6869565217391305,1.6458333333333333,0.0,3,607,224,0.5376331705123256,l2,0.01,liblinear,0.6963457387044697
0.6792279411764706,0.8212293546676275,0.64,0.7127659574468085,0.6305147058823529,0.2461902994843451,0.6568627450980392,0.6041666666666666,0.7790697674418605,1.6594427244582042,0.0392156862745098,4,681,150,0.49678824550653466,l1,0.1,liblinear,0.6636658530232549
0.6836384439359268,0.7250881134361957,0.6711409395973155,0.7292817679558011,0.6569412662090007,0.3110483205955693,0.717391304347826,0.5964912280701754,0.7415730337078652,1.7778827977315688,0.021739130434782608,5,682,149,0.5204966911786736,l2,0.01,liblinear,0.6622893778994442
