accuracy,balanced_accuracy,f1_macro,f1_weighted,mae,adjacent_accuracy,kappa_linear,kappa_quadratic,spearman_r,roc_auc_macro_ovr,roc_auc_weighted_ovr,fold,n_train,n_val,best_penalty,best_C,best_solver,inner_auc_score
0.42748091603053434,0.4715828360329639,0.36179066071997745,0.33634478201893225,0.7633587786259542,0.8091603053435115,0.23863768452865286,0.29066493393978776,0.32979281274203537,0.5992423310277345,0.5894172503344612,1,736,131,l2,0.0001,liblinear,0.6390583749654406
0.4444444444444444,0.4430694908955779,0.35567410550252004,0.36181052058425656,0.7724867724867724,0.783068783068783,0.20322245322245325,0.24293745607870698,0.2572242938034231,0.5878444456284568,0.5864545380674413,2,678,189,l2,0.0001,liblinear,0.6542668274886949
0.49375,0.48436041083099907,0.390983420395185,0.4111089030206677,0.68125,0.825,0.31262809396184765,0.37975754158443753,0.36896860756127964,0.6579533996354622,0.6607604089904201,3,707,160,l2,0.0001,liblinear,0.6219450817939334
0.44871794871794873,0.4803418803418804,0.3496925779534475,0.33970558427080166,0.6965811965811965,0.8547008547008547,0.2426733380986419,0.3113964686998395,0.37427494041635867,0.6906247520456361,0.677509802926301,4,633,234,l2,0.0001,liblinear,0.6137707379826729
0.3790849673202614,0.440274414850686,0.3116883116883117,0.2869026398438163,0.803921568627451,0.8169934640522876,0.18295489080883942,0.23812835563468437,0.3500540514434033,0.6287914468535979,0.614744305221885,5,714,153,l2,0.0001,liblinear,0.6162681771102896
