roc_auc,pr_auc,accuracy,f1,balanced_accuracy,matthews_corrcoef,sensitivity,specificity,precision,pos_LR,sensitivity_at_spec100,fold,n_train,n_val,threshold,best_penalty,best_C,best_solver,best_inner_score
0.6824952140822711,0.7358529952266432,0.6476510067114094,0.7244094488188977,0.6171032357473035,0.24751367528336987,0.7796610169491526,0.45454545454545453,0.6764705882352942,1.4293785310734466,0.022598870056497175,1,595,298,0.43444786938495566,l1,0.01,liblinear,0.7031842627520678
0.7295788939624557,0.7680195617559905,0.7071823204419889,0.7579908675799086,0.692478437341451,0.38777059961156873,0.7685185185185185,0.6164383561643836,0.7477477477477478,2.003637566137566,0.05555555555555555,2,712,181,0.5034964360807869,l2,0.001,liblinear,0.6666963873795614
0.5582022471910112,0.6616553905941336,0.6474820143884892,0.7487179487179487,0.5801123595505618,0.18071725522149684,0.8202247191011236,0.34,0.6886792452830188,1.2427647259107935,0.0,3,754,139,0.47811403454154866,l2,0.0001,liblinear,0.7280427778016924
0.6806493506493506,0.7436828988539294,0.5833333333333334,0.6231155778894473,0.5889610389610389,0.17348403116546995,0.5636363636363636,0.6142857142857143,0.6966292134831461,1.4612794612794613,0.02727272727272727,4,713,180,0.5430142225468757,l2,0.0001,lbfgs,0.6751004885372187
0.7673893405600722,0.7318738258181188,0.7263157894736842,0.7592592592592593,0.721093044263776,0.4421860885275519,0.7592592592592593,0.6829268292682927,0.7592592592592593,2.394586894586895,0.0,5,798,95,0.48476916324047803,l2,0.0001,liblinear,0.6804974317064182
