accuracy,balanced_accuracy,f1_macro,f1_weighted,mae,adjacent_accuracy,kappa_linear,kappa_quadratic,spearman_r,roc_auc_macro_ovr,roc_auc_weighted_ovr,fold,n_train,n_val,best_penalty,best_C,best_solver,inner_auc_score
0.4881889763779528,0.49351134079816245,0.48150499706055255,0.4921773667180491,0.6535433070866141,0.8582677165354331,0.27398581169502034,0.31363822153594634,0.37965510642494343,0.6301471199965807,0.6341865701330478,1,740,127,l2,0.01,lbfgs,0.6290188517475185
0.44041450777202074,0.43116998577524895,0.42089893139734075,0.44497412707677597,0.7461139896373057,0.8134715025906736,0.13046743007321182,0.10987743946705386,0.19690117455241515,0.6113027290484206,0.6122732989164278,2,674,193,l2,0.01,lbfgs,0.6652921128047204
0.47674418604651164,0.48342670401493937,0.4755855690601229,0.4770245172490666,0.6744186046511628,0.8488372093023255,0.22281084449984423,0.23360916613621896,0.2317319343446043,0.6164610650260555,0.6109397869572288,3,695,172,l2,0.001,lbfgs,0.6470261355534201
0.5023041474654378,0.5359747545582048,0.485663082437276,0.5142956245973936,0.6359447004608295,0.8617511520737328,0.3227951153324288,0.379283444091303,0.37954117772352336,0.691514314526748,0.6805094898150799,4,650,217,l2,0.0001,lbfgs,0.6282846454169523
0.4810126582278481,0.4841728091728092,0.47445141442545724,0.4840072249283759,0.6329113924050633,0.8860759493670886,0.2310687171500877,0.25399250104152205,0.34228261665127635,0.6607724776603011,0.6492483958770559,5,709,158,l2,0.001,lbfgs,0.6408883380272934
