roc_auc,pr_auc,accuracy,f1,balanced_accuracy,matthews_corrcoef,sensitivity,specificity,precision,pos_LR,sensitivity_at_spec100,fold,n_train,n_val,threshold,best_penalty,best_C,best_solver,best_inner_score
0.6200000000000001,0.6835536063250978,0.6230769230769231,0.7134502923976608,0.58125,0.17251638983558856,0.7625,0.4,0.6703296703296703,1.2708333333333333,0.0,1,737,130,0.49371225340310926,l2,0.0001,lbfgs,0.6847099336874066
0.6143974960876369,0.688832453226221,0.5948275862068966,0.6758620689655173,0.5672926447574335,0.13645596318166356,0.6901408450704225,0.4444444444444444,0.6621621621621622,1.2422535211267605,0.028169014084507043,2,751,116,0.5083346601754002,l2,0.0001,liblinear,0.650199014707369
0.672156862745098,0.6704233787815693,0.5909090909090909,0.5865724381625441,0.5928431372549019,0.18591881846380615,0.5533333333333333,0.6323529411764706,0.6240601503759399,1.5050666666666666,0.03333333333333333,3,581,286,0.5184967355660354,l2,0.0001,lbfgs,0.6570438038151936
0.6525083612040133,0.7747772910499229,0.6407185628742516,0.7058823529411765,0.6495819397993312,0.27766263700535043,0.6260869565217392,0.6730769230769231,0.8089887640449438,1.9150895140664965,0.0,4,700,167,0.5525372569280651,l1,0.1,liblinear,0.6589527106878562
0.6505882352941176,0.7098577268364265,0.6190476190476191,0.6631578947368421,0.6164705882352941,0.2292620465163187,0.63,0.6029411764705882,0.7,1.5866666666666664,0.03,5,699,168,0.5522101046125426,l2,0.001,liblinear,0.6518623197512868
