roc_auc,pr_auc,accuracy,f1,balanced_accuracy,matthews_corrcoef,sensitivity,specificity,precision,pos_LR,sensitivity_at_spec100,fold,n_train,n_val,threshold,best_penalty,best_C,best_solver,best_inner_score
0.6484568333566794,0.7181897166924602,0.6006711409395973,0.636085626911315,0.6037026661063641,0.20371487821857748,0.5875706214689266,0.6198347107438017,0.6933333333333334,1.5455661999508723,0.022598870056497175,1,595,298,0.5214083665861002,l2,0.0001,lbfgs,0.6663690826227973
0.7483510908168444,0.795445732938955,0.6850828729281768,0.7246376811594203,0.6828386605783866,0.3603684909029178,0.6944444444444444,0.6712328767123288,0.7575757575757576,2.1122685185185186,0.05555555555555555,2,712,181,0.49817532286802935,l2,0.0001,liblinear,0.6100147971334484
0.5426966292134832,0.6518966022280556,0.6330935251798561,0.7357512953367875,0.568876404494382,0.1523104766389591,0.797752808988764,0.34,0.6826923076923077,1.2087163772557032,0.011235955056179775,3,754,139,0.47429537575204683,l1,0.01,liblinear,0.7037999192343504
0.622987012987013,0.6956399774043276,0.5833333333333334,0.6411483253588517,0.575974025974026,0.1488950954278774,0.6090909090909091,0.5428571428571428,0.6767676767676768,1.3323863636363635,0.00909090909090909,4,713,180,0.5283939434622951,l2,0.001,liblinear,0.681989352586777
0.7149954832881662,0.7229824234967963,0.6736842105263158,0.7102803738317757,0.6689250225835592,0.3369381675387734,0.7037037037037037,0.6341463414634146,0.7169811320754716,1.923456790123457,0.07407407407407407,5,798,95,0.49798636315072187,l1,0.01,liblinear,0.6753465820952861
