roc_auc,pr_auc,accuracy,f1,balanced_accuracy,matthews_corrcoef,sensitivity,specificity,precision,pos_LR,sensitivity_at_spec100,fold,n_train,n_val,threshold,best_penalty,best_C,best_solver,best_inner_score
0.6576576576576576,0.6975912229548131,0.6229508196721312,0.676056338028169,0.6159909909909911,0.22815994153160196,0.6486486486486487,0.5833333333333334,0.7058823529411765,1.556756756756757,0.0,1,745,122,0.5208802208460045,l2,0.001,liblinear,0.7003730372997689
0.7258333333333334,0.7731346692939719,0.672,0.7421383647798742,0.6465277777777778,0.29168140801911796,0.7375,0.5555555555555556,0.7468354430379747,1.6593750000000003,0.0125,2,742,125,0.47052496317612014,l2,0.001,liblinear,0.7078994411351562
0.7563125653668011,0.823164076554066,0.6808510638297872,0.714828897338403,0.6807858957119379,0.35675379546853353,0.6811594202898551,0.6804123711340206,0.752,2.131369798971482,0.1956521739130435,3,632,235,0.5082473369073245,l2,0.001,liblinear,0.6787041010795765
0.6605265177680559,0.6840439492265786,0.6086956521739131,0.6341463414634146,0.6092562744646557,0.2169200882714472,0.6046511627906976,0.6138613861386139,0.6666666666666666,1.565891472868217,0.007751937984496124,4,637,230,0.5196688401942291,l2,0.001,liblinear,0.7207597856532054
0.773859649122807,0.821897409728783,0.6967741935483871,0.7374301675977654,0.6973684210526316,0.3859013278005963,0.6947368421052632,0.7,0.7857142857142857,2.31578947368421,0.0,5,712,155,0.5262670910926873,l2,0.001,lbfgs,0.7012389576302441
