roc_auc,pr_auc,accuracy,f1,balanced_accuracy,matthews_corrcoef,sensitivity,specificity,precision,pos_LR,sensitivity_at_spec100,fold,n_train,n_val,threshold,best_penalty,best_C,best_solver,best_inner_score
0.6987734487734488,0.7538561120934483,0.6759259259259259,0.7445255474452555,0.6482683982683983,0.3046107094916069,0.7727272727272727,0.5238095238095238,0.7183098591549296,1.6227272727272728,0.045454545454545456,1,723,108,0.48300827637957494,l2,0.1,lbfgs,0.7352332834875036
0.6622753763963088,0.7368948571690417,0.6203208556149733,0.6728110599078341,0.6174720738222438,0.22877727770058115,0.6293103448275862,0.6056338028169014,0.7227722772277227,1.5957512315270934,0.034482758620689655,2,644,187,0.53253246130967,l2,0.1,lbfgs,0.7263712223825889
0.7083599488981157,0.7386838001926601,0.6577777777777778,0.6882591093117408,0.6546231236026828,0.3089749893309691,0.6854838709677419,0.6237623762376238,0.6910569105691057,1.821943972835314,0.016129032258064516,3,606,225,0.4996755029043499,l2,0.01,liblinear,0.7133317826825001
0.7202380952380953,0.7964016217837846,0.6838709677419355,0.751269035532995,0.6594516594516595,0.3177021721912111,0.7474747474747475,0.5714285714285714,0.7551020408163265,1.7441077441077442,0.10101010101010101,4,676,155,0.5041412476954906,l2,0.01,liblinear,0.6839808819898721
0.7636009214956583,0.8103507929825944,0.717948717948718,0.7755102040816326,0.6996278575225943,0.3964553598447228,0.7676767676767676,0.631578947368421,0.7835051546391752,2.083694083694083,0.010101010101010102,5,675,156,0.4940621548524483,l2,0.1,lbfgs,0.6755162616267552
