accuracy,balanced_accuracy,f1_macro,f1_weighted,mae,adjacent_accuracy,kappa_linear,kappa_quadratic,spearman_r,roc_auc_macro_ovr,roc_auc_weighted_ovr,fold,n_train,n_val,best_penalty,best_C,best_solver,inner_auc_score
0.45871559633027525,0.46144394674629835,0.44797822369417933,0.46127831486734217,0.6238532110091743,0.9174311926605505,0.2923429444338361,0.4023208365212956,0.4695354382683124,0.6874683888702487,0.6859583033076513,1,758,109,l2,0.0001,lbfgs,0.6298818220033626
0.4297520661157025,0.45174955519783105,0.431246857717446,0.42877042743352906,0.6776859504132231,0.8925619834710744,0.2081404628890663,0.27213991311128427,0.31961081635113714,0.6358936412432392,0.6238918884445295,2,746,121,l2,0.0001,lbfgs,0.6646815122635875
0.4444444444444444,0.4293213162065621,0.42927334158180264,0.4505500888884189,0.6728395061728395,0.8827160493827161,0.18401109057301301,0.2212047877559029,0.2929463997501858,0.6384551986790401,0.6401992171822168,3,705,162,l2,0.0001,lbfgs,0.6507207594089364
0.4889867841409692,0.48888888888888893,0.47431865929058153,0.4930014380754916,0.6211453744493393,0.8898678414096917,0.2644267230482844,0.3208596356573361,0.36472032429405793,0.6707373733720338,0.6668534039424071,4,640,227,l2,0.0001,lbfgs,0.6459529562549224
0.4838709677419355,0.4900576922098989,0.47466981811404513,0.4813193836969167,0.6451612903225806,0.8709677419354839,0.2832369942196532,0.33979844076820687,0.4135825461985571,0.6945794683208617,0.6896180974629995,5,619,248,l2,0.0001,lbfgs,0.6262145895658161
