accuracy,balanced_accuracy,f1_macro,f1_weighted,mae,adjacent_accuracy,kappa_linear,kappa_quadratic,spearman_r,roc_auc_macro_ovr,roc_auc_weighted_ovr,fold,n_train,n_val,best_penalty,best_C,best_solver,inner_auc_score
0.4296875,0.43580864583574613,0.406599504670595,0.4306956222747808,0.75,0.8203125,0.19221667104917173,0.23951381770255853,0.26585275949782283,0.6319336726201987,0.628483743826478,1,611,256,l2,0.0001,lbfgs,0.6614557216343456
0.4140625,0.43336249223996837,0.41413916769270775,0.4196544403939998,0.8125,0.7734375,0.1087305838243171,0.07626514611546686,0.1618285920253535,0.6159877617529833,0.6103675414599209,2,739,128,l2,0.001,lbfgs,0.6717164843099049
0.5153374233128835,0.5361737677527151,0.5144047523908468,0.51985230574926,0.5950920245398773,0.8895705521472392,0.3108573421087041,0.3454210573990759,0.43368815344998246,0.6972272609472737,0.6891967871214363,3,704,163,l2,0.001,lbfgs,0.6487491757562833
0.48520710059171596,0.5269522144522144,0.4841488277268094,0.47860322458064175,0.6568047337278107,0.8579881656804734,0.29538369079367466,0.3365349003728304,0.3996856586901575,0.6975633872081781,0.6834102465199151,4,698,169,l2,0.001,lbfgs,0.6539585040532392
0.4900662251655629,0.5020724486241729,0.4856262097641408,0.494679055537699,0.6490066225165563,0.8609271523178808,0.2679331156624122,0.29673985362608124,0.3929290966649329,0.700371538242242,0.687477213078363,5,716,151,l2,0.0001,lbfgs,0.6517925126041048
