accuracy,balanced_accuracy,f1_macro,f1_weighted,mae,adjacent_accuracy,kappa_linear,kappa_quadratic,spearman_r,roc_auc_macro_ovr,roc_auc_weighted_ovr,fold,n_train,n_val,best_penalty,best_C,best_solver,inner_auc_score
0.3816793893129771,0.419721511793123,0.3400752740958926,0.3206609030643027,0.8091603053435115,0.8091603053435115,0.1803801204108133,0.24148170143270742,0.36126234179525335,0.5999615855605651,0.59097955503914,1,736,131,l2,0.0001,liblinear,0.6582673053408918
0.43915343915343913,0.440133779264214,0.4158221455043341,0.42414150236123266,0.7248677248677249,0.8359788359788359,0.21453056271803428,0.2699869955940296,0.29426915358376865,0.6041177845525673,0.6030383530383531,2,678,189,l2,0.001,liblinear,0.669190935984773
0.51875,0.5028478057889822,0.5020645733824028,0.519096390259181,0.59375,0.8875,0.3260021284143313,0.3864887015571946,0.420419961021854,0.6543266199581818,0.6605609172975146,3,707,160,l2,0.001,liblinear,0.6512885031473625
0.4658119658119658,0.5011695906432748,0.4172793153415424,0.42406569842432285,0.7051282051282052,0.8290598290598291,0.23990077958894407,0.271148516361972,0.3428196973403788,0.6989561574902666,0.6895412869857195,4,633,234,l2,0.0001,lbfgs,0.6071291648069048
0.45751633986928103,0.5008804754567467,0.4302094267006548,0.43446911228128976,0.7124183006535948,0.8300653594771242,0.2519847499439336,0.27925212862451354,0.35337258840065644,0.6594600405008901,0.6505484409790656,5,714,153,l2,0.0001,liblinear,0.6466823200193044
