roc_auc,pr_auc,accuracy,f1,balanced_accuracy,matthews_corrcoef,sensitivity,specificity,precision,pos_LR,sensitivity_at_spec100,fold,n_train,n_val,threshold,best_penalty,best_C,best_solver,best_inner_score
0.6183261183261182,0.7705305555579486,0.6106194690265486,0.6764705882352942,0.6181457431457431,0.22040518209442167,0.5974025974025974,0.6388888888888888,0.7796610169491526,1.654345654345654,0.07792207792207792,1,718,113,0.5324870766480969,l2,0.1,liblinear,0.6725125961056048
0.6298245614035087,0.7064654360214357,0.6814159292035398,0.7662337662337663,0.6301754385964912,0.2681812873006341,0.7866666666666666,0.47368421052631576,0.7468354430379747,1.4946666666666664,0.0,2,718,113,0.506152180502422,l2,0.01,lbfgs,0.6761792304973891
0.6607115590166437,0.7260030633150013,0.6470588235294118,0.719626168224299,0.6265078637959993,0.24647847569868594,0.6936936936936937,0.559322033898305,0.7475728155339806,1.574151074151074,0.0,3,661,170,0.4635923577058848,l2,1.0,liblinear,0.646694900713243
0.6555668016194331,0.6753724252883964,0.6134751773049646,0.6726726726726727,0.6030364372469635,0.21424679056549498,0.7368421052631579,0.46923076923076923,0.6187845303867403,1.3882532418001525,0.006578947368421052,4,549,282,0.45810374202233745,l2,1.0,liblinear,0.6472387924940357
0.6687148876404495,0.7190925640201159,0.6339869281045751,0.6989247311827957,0.6151685393258427,0.23586796716911254,0.7303370786516854,0.5,0.6701030927835051,1.4606741573033708,0.0449438202247191,5,678,153,0.5047707370736094,l2,0.1,liblinear,0.667790575021458
