accuracy,balanced_accuracy,f1_macro,f1_weighted,mae,adjacent_accuracy,kappa_linear,kappa_quadratic,spearman_r,roc_auc_macro_ovr,roc_auc_weighted_ovr,fold,n_train,n_val,best_penalty,best_C,best_solver,inner_auc_score
0.4094488188976378,0.422107378696526,0.4065483284477598,0.4124662414190528,0.7559055118110236,0.8346456692913385,0.1701606316362645,0.21492564056620678,0.2997633945198979,0.6038740801108488,0.6027980526583309,1,740,127,l2,0.001,lbfgs,0.6580802442250911
0.47150259067357514,0.4761972498814604,0.4566837732160313,0.47034780362542356,0.6839378238341969,0.844559585492228,0.20689869871116362,0.2152477763659466,0.2906151868883918,0.6513055103937732,0.6492605969542097,2,674,193,l2,0.001,lbfgs,0.6638625913907233
0.43023255813953487,0.44933134544140235,0.4299860085365637,0.4268752247304162,0.7093023255813954,0.8604651162790697,0.20993975903614448,0.2634018540910923,0.24982772771778092,0.5945882193391681,0.5901071312408521,3,695,172,l2,0.001,lbfgs,0.6809143021145967
0.5023041474654378,0.5310191678354371,0.48032145388854586,0.5121109014611428,0.6682027649769585,0.8294930875576036,0.29807928257523375,0.3349426928082623,0.4425382655505107,0.7140481932076058,0.7065341905999952,4,650,217,l2,0.0001,lbfgs,0.6377252211828467
0.4810126582278481,0.48493038493038493,0.4741091878779123,0.48355331020241665,0.6329113924050633,0.8860759493670886,0.23196577872836854,0.2552336059891861,0.33715974060350296,0.6903110419669295,0.6839468804493534,5,709,158,l2,0.001,lbfgs,0.6595874991623546
