accuracy,balanced_accuracy,f1_macro,f1_weighted,mae,adjacent_accuracy,kappa_linear,kappa_quadratic,spearman_r,roc_auc_macro_ovr,roc_auc_weighted_ovr,fold,n_train,n_val,best_penalty,best_C,best_solver,inner_auc_score
0.37815126050420167,0.465,0.32281205164992827,0.27018554911204085,0.7899159663865546,0.8319327731092437,0.20587817691324728,0.2667157178331647,0.29512471545640734,0.6606831366091623,0.6575987406709354,1,748,119,l2,0.001,lbfgs,0.6310405456622037
0.35877862595419846,0.4358974358974359,0.30906148867313915,0.25646631586748686,0.8320610687022901,0.8091603053435115,0.17054893987801334,0.2199168570465525,0.21781973953464148,0.6274020542627765,0.6265666239944369,2,736,131,l2,0.01,liblinear,0.6317062931939312
0.40588235294117647,0.42546509643283836,0.3555636637287208,0.34435269837841753,0.8411764705882353,0.7529411764705882,0.1422623668054478,0.1573867854491462,0.18613715114279364,0.6092124694601431,0.6044281676949077,3,697,170,l2,0.01,liblinear,0.6474980120202103
0.4808510638297872,0.43719272369714846,0.3529008500803071,0.3958264465909687,0.7191489361702128,0.8,0.20903786022983017,0.2548676834046658,0.29647297452878335,0.6518515643180597,0.648199802288707,4,632,235,l2,0.01,lbfgs,0.6273139523272215
0.4528301886792453,0.43928471600745067,0.35566219964073387,0.381983435808938,0.7311320754716981,0.8160377358490566,0.1997077447637604,0.24526341523041195,0.36261353276783714,0.6387783405100845,0.6343726721544888,5,655,212,l2,0.01,liblinear,0.648882818365654
