accuracy,balanced_accuracy,f1_macro,f1_weighted,mae,adjacent_accuracy,kappa_linear,kappa_quadratic,spearman_r,roc_auc_macro_ovr,roc_auc_weighted_ovr,fold,n_train,n_val,best_penalty,best_C,best_solver,inner_auc_score
0.5229357798165137,0.5212454896105512,0.5034722222222222,0.5254204892966361,0.6055045871559633,0.8715596330275229,0.33536585365853655,0.3845506967803941,0.436993230369507,0.6843748657494766,0.6863400411871854,1,758,109,l2,0.001,lbfgs,0.6037862621530378
0.4793388429752066,0.5023920472196335,0.47960882230545154,0.48045831140826034,0.6694214876033058,0.8512396694214877,0.2320770978610045,0.2346326431313186,0.21045479387281035,0.6394652881500368,0.6380824828543119,2,746,121,l2,0.001,lbfgs,0.6233237273462149
0.4444444444444444,0.46220992122631466,0.4433414276110905,0.44292456976601796,0.6790123456790124,0.8765432098765432,0.20017953321364446,0.23938900713659694,0.25522486019255447,0.6236033685986985,0.6126168671383762,3,705,162,l2,0.001,lbfgs,0.6309893593712281
0.4581497797356828,0.4428571428571429,0.4348316425270495,0.46439167154307354,0.7224669603524229,0.8193832599118943,0.15232934104467422,0.14423636865173017,0.13290027240348362,0.5900344054325318,0.5873310325342225,4,640,227,l2,0.001,lbfgs,0.6393279647847782
0.47580645161290325,0.47756067979679323,0.4722455103031373,0.47714967767556327,0.6814516129032258,0.842741935483871,0.21256528764137816,0.21974830590513073,0.25899487171266933,0.644361697323841,0.6392255580547632,5,619,248,l2,0.01,lbfgs,0.5983899453634818
