roc_auc,pr_auc,accuracy,f1,balanced_accuracy,matthews_corrcoef,sensitivity,specificity,precision,pos_LR,sensitivity_at_spec100,fold,n_train,n_val,threshold,best_penalty,best_C,best_solver,best_inner_score
0.56875,0.6676404741556405,0.5615384615384615,0.6459627329192547,0.535,0.07027283689263066,0.65,0.42,0.6419753086419753,1.1206896551724137,0.025,1,737,130,0.48390692365494475,l2,0.001,liblinear,0.7089299160681948
0.6219092331768388,0.7033510136182022,0.603448275862069,0.6617647058823529,0.594679186228482,0.1858994808879471,0.6338028169014085,0.5555555555555556,0.6923076923076923,1.4260563380281692,0.056338028169014086,2,751,116,0.5468377978471347,l2,0.001,liblinear,0.6874090481567401
0.6974019607843137,0.6631561554227097,0.6258741258741258,0.6164874551971327,0.6285784313725491,0.25808842135513127,0.5733333333333334,0.6838235294117647,0.6666666666666666,1.8133333333333335,0.006666666666666667,3,581,286,0.4857280295688641,l2,0.0001,liblinear,0.6933188735651479
0.7528428093645486,0.8349730376123816,0.7425149700598802,0.8071748878923767,0.7182274247491639,0.4228166021241372,0.782608695652174,0.6538461538461539,0.8333333333333334,2.2608695652173916,0.0,4,700,167,0.49416746901878206,l2,0.0001,liblinear,0.6340388933808325
0.6879411764705882,0.7221735294810537,0.6785714285714286,0.7428571428571429,0.6547058823529412,0.31943385286224185,0.78,0.5294117647058824,0.7090909090909091,1.6575,0.04,5,699,168,0.4899606773437944,l2,0.0001,liblinear,0.668303836118511
