roc_auc,pr_auc,accuracy,f1,balanced_accuracy,matthews_corrcoef,sensitivity,specificity,precision,pos_LR,sensitivity_at_spec100,fold,n_train,n_val,threshold,best_penalty,best_C,best_solver,best_inner_score
0.5701556057986434,0.6304814365778248,0.5454545454545454,0.5959595959595959,0.5398324245245378,0.07874853223702778,0.5728155339805825,0.5068493150684932,0.6210526315789474,1.1615426105717368,0.009708737864077669,1,655,176,0.5443203579173301,l2,0.1,lbfgs,0.7037294241741379
0.7702412228325771,0.8062687328886696,0.7348484848484849,0.7976878612716763,0.7008598041557201,0.4349294201985734,0.8734177215189873,0.5283018867924528,0.7340425531914894,1.8516455696202532,0.08860759493670886,2,699,132,0.5067360555833853,l2,0.1,lbfgs,0.6339733122001083
0.7089029947916666,0.7537762490866633,0.6696428571428571,0.6942148760330579,0.671875,0.3402785236893603,0.65625,0.6875,0.7368421052631579,2.1,0.0703125,3,607,224,0.49346901408776045,l2,0.1,liblinear,0.6777872618149887
0.6936274509803921,0.8136089910076818,0.66,0.7357512953367875,0.6397058823529411,0.2668201910716333,0.696078431372549,0.5833333333333334,0.7802197802197802,1.6705882352941177,0.00980392156862745,4,681,150,0.5026724750844612,l2,0.1,liblinear,0.6693340497915757
0.6731502669717773,0.725887388707056,0.6174496644295302,0.6742857142857143,0.6101258581235698,0.21549620616471382,0.6413043478260869,0.5789473684210527,0.7108433734939759,1.5230978260869565,0.010869565217391304,5,682,149,0.5330024753883084,l2,0.1,lbfgs,0.6724430137316836
