n_pairs,pairwise_accuracy,both_correct_rate,mean_delta,median_delta,std_delta,n_positive_delta,per_drug_accuracy,per_drug_roc_auc,per_drug_pr_auc,n_train,n_test,best_penalty,best_C,best_solver,inner_cv_score,threshold,seed
13,0.38461538461538464,0.6923076923076923,-0.0012629066968202335,-0.005560369495062556,0.06045746002110445,5,0.8461538461538461,0.6931818181818181,0.9212092042179292,867,26,l2,0.01,lbfgs,0.667828986276942,0.45323339874498686,4
