roc_auc,pr_auc,accuracy,f1,balanced_accuracy,matthews_corrcoef,sensitivity,specificity,precision,pos_LR,sensitivity_at_spec100,fold,n_train,n_val,threshold,best_penalty,best_C,best_solver,best_inner_score
0.6890000000000001,0.7574281798305953,0.6692307692307692,0.7361963190184049,0.645,0.2936567705633884,0.75,0.54,0.7228915662650602,1.6304347826086958,0.0375,1,737,130,0.45230109433504084,l2,0.01,lbfgs,0.6623245818352126
0.6932707355242566,0.7673559032651716,0.646551724137931,0.7320261437908496,0.6054773082942096,0.22582815197725983,0.7887323943661971,0.4222222222222222,0.6829268292682927,1.3651137594799567,0.056338028169014086,2,751,116,0.407928639391144,l1,1.0,liblinear,0.6536030523732654
0.6260784313725489,0.6077165664714386,0.5699300699300699,0.5020242914979757,0.5779901960784314,0.16453879877047584,0.41333333333333333,0.7426470588235294,0.6391752577319587,1.6060952380952382,0.0,3,581,286,0.5053698081601576,l2,0.001,liblinear,0.6734334478564923
0.6613712374581939,0.7847657240615391,0.6586826347305389,0.7348837209302326,0.6415551839464884,0.26746623523627067,0.6869565217391305,0.5961538461538461,0.79,1.7010351966873707,0.043478260869565216,4,700,167,0.5040623391079834,l1,0.1,liblinear,0.6430654669936222
0.6305882352941176,0.6567892566564957,0.6011904761904762,0.6598984771573604,0.5897058823529412,0.17827495390533316,0.65,0.5294117647058824,0.6701030927835051,1.38125,0.01,5,699,168,0.48100667659216095,l2,0.01,lbfgs,0.6916953698060485
