accuracy,balanced_accuracy,f1_macro,f1_weighted,mae,adjacent_accuracy,kappa_linear,kappa_quadratic,spearman_r,roc_auc_macro_ovr,roc_auc_weighted_ovr,fold,n_train,n_val,best_penalty,best_C,best_solver,inner_auc_score
0.5042016806722689,0.5203086419753086,0.498776381703211,0.5096225629941555,0.6218487394957983,0.8739495798319328,0.27831503032289784,0.29609828233420543,0.21811127681074308,0.6284721950468426,0.6303201021028685,1,748,119,l2,0.001,lbfgs,0.6209774026348736
0.40458015267175573,0.4127717856531416,0.3996328085837913,0.406116584436689,0.7557251908396947,0.8396946564885496,0.11359442280090215,0.11879204236439089,0.20640082114781003,0.5944101359079251,0.5880704118133591,2,736,131,l2,0.01,lbfgs,0.6234564222932948
0.4588235294117647,0.4638504864311315,0.4580722155972483,0.45916161737322597,0.7058823529411765,0.8352941176470589,0.20137801440651426,0.21358355674709562,0.20787018691880288,0.6021675016044225,0.5976756622482846,3,697,170,l2,0.01,lbfgs,0.6259658985300905
0.4340425531914894,0.415864426373276,0.40599136730715674,0.43202872429300204,0.7361702127659574,0.8297872340425532,0.14839020507342005,0.1850455760400248,0.19453585128551878,0.6017343372524674,0.595755765603321,4,632,235,l2,0.001,lbfgs,0.6241793997279613
0.44339622641509435,0.44052492994435477,0.4323471400394477,0.4487295509919944,0.6509433962264151,0.9056603773584906,0.1942271675663766,0.25859562261778457,0.3569537029313922,0.6237203123491802,0.6155848438464205,5,655,212,l2,0.01,lbfgs,0.6085824958143381
