roc_auc,pr_auc,accuracy,f1,balanced_accuracy,matthews_corrcoef,sensitivity,specificity,precision,pos_LR,sensitivity_at_spec100,fold,n_train,n_val,threshold,best_penalty,best_C,best_solver,best_inner_score
0.682370820668693,0.7383660736606293,0.6752136752136753,0.7361111111111112,0.6551671732522797,0.3155569178115754,0.7571428571428571,0.5531914893617021,0.7162162162162162,1.6945578231292517,0.07142857142857142,1,714,117,0.5482124329029687,l2,0.001,liblinear,0.742628139639348
0.704384531590414,0.7562207101320557,0.6704545454545454,0.7238095238095238,0.6606753812636166,0.3169784395756889,0.7037037037037037,0.6176470588235294,0.7450980392156863,1.8404558404558407,0.0,2,655,176,0.49174136531317697,l2,0.001,liblinear,0.7101368156946573
0.7513468013468014,0.7967761570922591,0.7300613496932515,0.78,0.7338383838383838,0.4459805624291426,0.7222222222222222,0.7454545454545455,0.8478260869565217,2.8373015873015874,0.0,3,668,163,0.5532945944783316,l2,0.0001,liblinear,0.6694109521283643
0.6895586297760211,0.7528326380891192,0.6455696202531646,0.6853932584269663,0.6421277997364954,0.28148770881666396,0.6630434782608695,0.6212121212121212,0.7093023255813954,1.7504347826086954,0.06521739130434782,4,673,158,0.5143653558351402,l2,0.001,liblinear,0.6964817834345617
0.6739054596197454,0.7037312135371777,0.6589861751152074,0.7218045112781954,0.6391941391941391,0.2871094806174559,0.7619047619047619,0.5164835164835165,0.6857142857142857,1.575757575757576,0.023809523809523808,5,614,217,0.4372056891026967,l1,0.01,liblinear,0.7112005076389699
