n_pairs,pairwise_accuracy,both_correct_rate,mean_delta,median_delta,std_delta,n_positive_delta,per_drug_accuracy,per_drug_roc_auc,per_drug_pr_auc,n_train,n_test,best_penalty,best_C,best_solver,inner_cv_score,threshold,seed
13,0.38461538461538464,0.5384615384615384,-0.009319998641902548,-0.011717628824030824,0.031957869686965255,5,0.8076923076923077,0.125,0.7125707933807335,867,26,l2,0.0001,liblinear,0.6936675570111636,0.5006784554200079,2
