roc_auc,pr_auc,accuracy,f1,balanced_accuracy,matthews_corrcoef,sensitivity,specificity,precision,pos_LR,sensitivity_at_spec100,fold,n_train,n_val,threshold,best_penalty,best_C,best_solver,best_inner_score
0.6829988193624558,0.7441341860516362,0.6544502617801047,0.7203389830508474,0.6369539551357732,0.26964387731879524,0.7024793388429752,0.5714285714285714,0.7391304347826086,1.6391184573002753,0.01652892561983471,1,702,191,0.49339126880031814,l2,0.001,liblinear,0.6804523388460714
0.6834314817762215,0.7357104450777879,0.7012195121951219,0.7699530516431925,0.668550055705873,0.34669629728897483,0.7961165048543689,0.5409836065573771,0.7454545454545455,1.7343966712898753,0.0,2,729,164,0.4856497374289597,l2,0.001,liblinear,0.6543625749256452
0.6815834767641996,0.6959643648456765,0.6629834254143646,0.7288888888888889,0.6472830095893779,0.32080120379787463,0.8367346938775511,0.4578313253012048,0.6456692913385826,1.5433106575963718,0.02040816326530612,3,712,181,0.4779692251795462,l2,0.0001,lbfgs,0.6480719715727925
0.6636085626911316,0.7692594627881244,0.6686046511627907,0.759493670886076,0.6112567351099462,0.2457018958167676,0.8256880733944955,0.3968253968253968,0.703125,1.3689039111540318,0.05504587155963303,4,721,172,0.41138319517029276,l1,0.1,liblinear,0.716611798722477
0.7144739995207285,0.7090206848692028,0.6432432432432432,0.65625,0.653366882338845,0.30394241667768085,0.5887850467289719,0.717948717948718,0.7411764705882353,2.0875106202209004,0.0,5,708,185,0.517950696294235,l1,0.01,liblinear,0.6557624531283767
