roc_auc,pr_auc,accuracy,f1,balanced_accuracy,matthews_corrcoef,sensitivity,specificity,precision,pos_LR,sensitivity_at_spec100,fold,n_train,n_val,threshold,best_penalty,best_C,best_solver,best_inner_score
0.7926890968884391,0.8349297708646468,0.7135135135135136,0.7534883720930232,0.7238173539084239,0.4307992657564172,0.6864406779661016,0.7611940298507462,0.8350515463917526,2.87447033898305,0.025423728813559324,1,646,185,0.5230191760607236,l2,0.0001,liblinear,0.69074068002292
0.6791971965594138,0.7508306034219817,0.6810344827586207,0.7482993197278912,0.6557820962089838,0.31311414821901656,0.7534246575342466,0.5581395348837209,0.7432432432432432,1.7051189617880318,0.0,2,715,116,0.4838814894131667,l1,0.01,liblinear,0.6942955266159767
0.6821760283060593,0.7126313764949936,0.6401869158878505,0.624390243902439,0.6531180893409996,0.31033986705668976,0.5378151260504201,0.7684210526315789,0.7441860465116279,2.3223834988540863,0.03361344537815126,3,617,214,0.561726814365699,l2,0.0001,liblinear,0.7300897082674301
0.706140350877193,0.7203947216798781,0.6387096774193548,0.6781609195402298,0.643859649122807,0.28034065158870386,0.6210526315789474,0.6666666666666666,0.7468354430379747,1.8631578947368421,0.0,4,676,155,0.5932526492986464,l2,0.0001,liblinear,0.6977643511468973
0.6433691756272402,0.6794995914997723,0.6086956521739131,0.6735751295336787,0.5944118605408928,0.1864097679234989,0.6565656565656566,0.532258064516129,0.6914893617021277,1.4036920933472656,0.0,5,670,161,0.4921077754154383,l2,0.001,liblinear,0.7194355175771977
