roc_auc,pr_auc,accuracy,f1,balanced_accuracy,matthews_corrcoef,sensitivity,specificity,precision,pos_LR,sensitivity_at_spec100,fold,n_train,n_val,threshold,best_penalty,best_C,best_solver,best_inner_score
0.6716363636363636,0.6296238095348371,0.6285714285714286,0.6176470588235294,0.6286363636363637,0.2569925245459801,0.63,0.6272727272727273,0.6057692307692307,1.6902439024390246,0.04,1,683,210,0.49766153795616425,l2,0.1,liblinear,0.6591452289088078
0.6539361409303606,0.7841132249277463,0.5797665369649806,0.6351351351351351,0.599057252958987,0.18602615744720286,0.5433526011560693,0.6547619047619048,0.7642276422764228,1.5738489136934422,0.028901734104046242,2,636,257,0.5420326330709077,l2,0.01,liblinear,0.6350159100576229
0.645925925925926,0.7433292041060413,0.6583333333333333,0.7172413793103448,0.6466666666666667,0.28804761511150995,0.6933333333333334,0.6,0.7428571428571429,1.7333333333333334,0.05333333333333334,3,773,120,0.5134463817470235,l2,0.01,liblinear,0.6462224078576215
0.6557952182952183,0.6974253562167169,0.6460674157303371,0.7149321266968326,0.6230509355509355,0.25555806831505534,0.7596153846153846,0.4864864864864865,0.6752136752136753,1.479251012145749,0.019230769230769232,4,715,178,0.4987921773168969,l2,0.01,liblinear,0.6285986570506855
0.6251384274640088,0.7644914981707658,0.6796875,0.7602339181286549,0.6398117386489479,0.2779737668688735,0.7558139534883721,0.5238095238095238,0.7647058823529411,1.5872093023255816,0.03488372093023256,5,765,128,0.4967117899616684,l2,1.0,liblinear,0.6721203355451862
