accuracy,balanced_accuracy,f1_macro,f1_weighted,mae,adjacent_accuracy,kappa_linear,kappa_quadratic,spearman_r,roc_auc_macro_ovr,roc_auc_weighted_ovr,fold,n_train,n_val,best_penalty,best_C,best_solver,inner_auc_score
0.484375,0.4501424501424502,0.4316790712468193,0.47335277388478053,0.68359375,0.83203125,0.22941965667893638,0.2690035447026389,0.34075781262951654,0.6695122112483696,0.6759799947939702,1,611,256,l2,0.001,liblinear,0.6293912659200455
0.3828125,0.3884389638241436,0.36523599978681354,0.3674624736703071,0.8125,0.8046875,0.09021323127392022,0.1053013798111837,0.1667099248113943,0.6107404431879221,0.605195377108069,2,739,128,l2,0.001,lbfgs,0.6677030435927506
0.48466257668711654,0.5286549707602339,0.46628431032100764,0.4569749119194721,0.6441717791411042,0.8711656441717791,0.3203748560536871,0.37719959452083285,0.474597470540077,0.6928138765705188,0.6841037912503729,3,704,163,l2,0.0001,liblinear,0.6148413084532696
0.4556213017751479,0.48818716006216006,0.4533293401217929,0.4439074874488517,0.6863905325443787,0.8579881656804734,0.24733164401443597,0.297582239343099,0.3193396158602658,0.6524146575770922,0.6393009443592542,4,698,169,l2,0.001,liblinear,0.651349355119371
0.5033112582781457,0.5373911529083942,0.46216335233857136,0.4528692506545617,0.6225165562913907,0.8741721854304636,0.34238324684951815,0.41238207547169803,0.4440888495335124,0.6797428851028897,0.6644475028385463,5,716,151,l2,0.0001,liblinear,0.6464070545063535
