roc_auc,pr_auc,accuracy,f1,balanced_accuracy,matthews_corrcoef,sensitivity,specificity,precision,pos_LR,sensitivity_at_spec100,fold,n_train,n_val,threshold,best_penalty,best_C,best_solver,best_inner_score
0.6747737556561085,0.7285931285886721,0.6243386243386243,0.6395939086294417,0.6264140271493213,0.25157895229543237,0.6057692307692307,0.6470588235294118,0.6774193548387096,1.716346153846154,0.0673076923076923,1,678,189,0.5113102730946679,l2,0.0001,liblinear,0.6732606387874208
0.6531428571428571,0.6957809226623426,0.6583333333333333,0.7007299270072993,0.6528571428571428,0.3035109886374453,0.6857142857142857,0.62,0.7164179104477612,1.8045112781954886,0.014285714285714285,2,747,120,0.5145655969343825,l2,0.0001,liblinear,0.6940307910285252
0.7139917695473251,0.7401622931238524,0.6533333333333333,0.680327868852459,0.662962962962963,0.31949554248242557,0.6148148148148148,0.7111111111111111,0.7614678899082569,2.128205128205128,0.014814814814814815,3,642,225,0.528019927286597,l2,0.0001,liblinear,0.6710526625337347
0.6957720588235293,0.7498799596056847,0.6506024096385542,0.7238095238095238,0.6225490196078431,0.250209638395025,0.7450980392156863,0.5,0.7037037037037037,1.4901960784313726,0.00980392156862745,4,701,166,0.5194027109111187,l2,0.0001,liblinear,0.6882634296931012
0.6729646697388633,0.7401647556584776,0.6347305389221557,0.6871794871794872,0.633563748079877,0.2589062118326134,0.638095238095238,0.6290322580645161,0.7444444444444445,1.7200828157349894,0.0,5,700,167,0.5398993107892797,l2,0.0001,liblinear,0.67391757430825
