accuracy,balanced_accuracy,f1_macro,f1_weighted,mae,adjacent_accuracy,kappa_linear,kappa_quadratic,spearman_r,roc_auc_macro_ovr,roc_auc_weighted_ovr,fold,n_train,n_val,best_penalty,best_C,best_solver,inner_auc_score
0.4765625,0.4407403546969943,0.36358840046247143,0.4091184212854817,0.73046875,0.79296875,0.21823763799072438,0.25998421468034727,0.342028152898752,0.6337387284061838,0.6491440803295003,1,611,256,l2,0.01,liblinear,0.6048032635418361
0.375,0.4321867298756514,0.32170102492429536,0.2942971070274284,0.84375,0.78125,0.15830491962981008,0.19706242350061198,0.2592618297863788,0.6000481503615179,0.5893168481230433,2,739,128,l2,0.01,lbfgs,0.614604263912703
0.3803680981595092,0.44785575048732945,0.323972323972324,0.29032113081192834,0.8098159509202454,0.8098159509202454,0.20587583966929957,0.2607882556454253,0.30504354082006185,0.6171177501516008,0.6093312732213302,3,704,163,l2,0.001,liblinear,0.6053082556077325
0.40828402366863903,0.47288995726495725,0.3404363267376966,0.31786946223194906,0.7928994082840237,0.7988165680473372,0.23714882436165197,0.2920071342652122,0.33438247409623695,0.6326201392272154,0.6210795370731028,4,698,169,l2,0.001,liblinear,0.6301521269376298
0.3973509933774834,0.4515151515151515,0.3272401433691756,0.31260414441358686,0.8211920529801324,0.7814569536423841,0.20058065067030995,0.24670482592028564,0.25107399750808046,0.6295864651636602,0.6211381037888486,5,716,151,l2,0.001,liblinear,0.6232396050771308
