accuracy,balanced_accuracy,f1_macro,f1_weighted,mae,adjacent_accuracy,kappa_linear,kappa_quadratic,spearman_r,roc_auc_macro_ovr,roc_auc_weighted_ovr,fold,n_train,n_val,best_penalty,best_C,best_solver,inner_auc_score
0.40625,0.3964572765385774,0.3819537092551533,0.41359534460718195,0.80859375,0.78515625,0.11868014901543378,0.13730492834970442,0.20049175379066367,0.6199140622825463,0.6259220719537815,1,611,256,l2,0.0001,lbfgs,0.6309689504187397
0.4296875,0.46515510657110076,0.42893187552565176,0.4249018783291281,0.7578125,0.8125,0.17105087461610358,0.1736420302760463,0.17724477862081578,0.6270129656608893,0.623723413779609,2,739,128,l2,0.0001,lbfgs,0.6497502940318168
0.5521472392638037,0.5507936507936507,0.5423552701979668,0.5602476636894504,0.5460122699386503,0.901840490797546,0.3602769325748557,0.39646256005385727,0.42163316049118416,0.7132167460685336,0.7126161396668204,3,704,163,l2,0.0001,lbfgs,0.6181472841954504
0.46745562130177515,0.49797251359751354,0.46869095816464235,0.46044326793314644,0.6627218934911243,0.8698224852071006,0.2611445077679757,0.31175272803216203,0.3592732746848545,0.6643109222016056,0.6476127451568368,4,698,169,l2,0.001,lbfgs,0.6398495532671883
0.46357615894039733,0.4664054336468129,0.4575949687060798,0.46887103840746225,0.6688741721854304,0.8675496688741722,0.22477507243430073,0.25900532488775985,0.3696097848293497,0.6618639655290548,0.6485992249518804,5,716,151,l2,0.0001,lbfgs,0.6437600950964515
