roc_auc,pr_auc,accuracy,f1,balanced_accuracy,matthews_corrcoef,sensitivity,specificity,precision,pos_LR,sensitivity_at_spec100,fold,n_train,n_val,threshold,best_penalty,best_C,best_solver,best_inner_score
0.5974025974025974,0.7152291966826624,0.6178010471204188,0.694560669456067,0.5929752066115703,0.18438959874838387,0.6859504132231405,0.5,0.7033898305084746,1.371900826446281,0.01652892561983471,1,702,191,0.49279157366754356,l2,0.01,lbfgs,0.6894806755201097
0.6877287919783542,0.7725455693797396,0.6829268292682927,0.7592592592592593,0.6439598917714467,0.3006288996118205,0.7961165048543689,0.4918032786885246,0.7256637168141593,1.5665518321327905,0.038834951456310676,2,729,164,0.46589376153235723,l2,0.01,lbfgs,0.6610354995123323
0.6841652323580034,0.6535021760615335,0.6574585635359116,0.651685393258427,0.6633882468650111,0.32786662653259063,0.5918367346938775,0.7349397590361446,0.725,2.2328385899814474,0.01020408163265306,3,712,181,0.5186605281022095,l2,0.01,lbfgs,0.6483218651445253
0.6841415465268675,0.7644091549370788,0.6569767441860465,0.7177033492822966,0.645623998835008,0.28443315836063215,0.6880733944954128,0.6031746031746031,0.75,1.7339449541284402,0.06422018348623854,4,721,172,0.5009266601965168,l2,0.01,liblinear,0.6726979448610985
0.7317277737838483,0.7917314809337461,0.6594594594594595,0.6985645933014354,0.6552240594296669,0.3082400672302835,0.6822429906542056,0.6282051282051282,0.7156862745098039,1.8349983886561392,0.04672897196261682,5,708,185,0.48559946791224456,l2,0.01,lbfgs,0.6235829699161717
