roc_auc,pr_auc,accuracy,f1,balanced_accuracy,matthews_corrcoef,sensitivity,specificity,precision,pos_LR,sensitivity_at_spec100,fold,n_train,n_val,threshold,best_penalty,best_C,best_solver,best_inner_score
0.6325227963525836,0.6873501204051186,0.6068376068376068,0.6617647058823529,0.5980243161094225,0.19382273156645496,0.6428571428571429,0.5531914893617021,0.6818181818181818,1.4387755102040818,0.04285714285714286,1,714,117,0.5240953273812113,l2,0.001,liblinear,0.7126115027441515
0.6770152505446623,0.7245240367254754,0.6363636363636364,0.6923076923076923,0.6274509803921569,0.25057210081926184,0.6666666666666666,0.5882352941176471,0.72,1.619047619047619,0.027777777777777776,2,655,176,0.4811124743695346,l2,0.0001,liblinear,0.6863931131411721
0.7462962962962963,0.8246504365165465,0.6748466257668712,0.7414634146341463,0.6609427609427609,0.3100536373277507,0.7037037037037037,0.6181818181818182,0.7835051546391752,1.8430335097001764,0.046296296296296294,3,668,163,0.5226665520984346,l2,0.0001,liblinear,0.6480911776395566
0.6083662714097497,0.6368802817463388,0.5759493670886076,0.6378378378378379,0.5630764163372859,0.1264342496791548,0.6413043478260869,0.48484848484848486,0.6344086021505376,1.2448849104859334,0.0,4,673,158,0.4813703948584788,l2,0.001,liblinear,0.6986927355395867
0.699546485260771,0.7185474786511854,0.6359447004608295,0.6457399103139013,0.6483516483516483,0.2944773189161885,0.5714285714285714,0.7252747252747253,0.7422680412371134,2.0799999999999996,0.0,5,614,217,0.5451434442001741,l2,0.0001,lbfgs,0.6952726309276052
