roc_auc,pr_auc,accuracy,f1,balanced_accuracy,matthews_corrcoef,sensitivity,specificity,precision,pos_LR,sensitivity_at_spec100,fold,n_train,n_val,threshold,best_penalty,best_C,best_solver,best_inner_score
0.7484189223374652,0.7655930650913247,0.7027027027027027,0.7555555555555555,0.6959903870478118,0.38150829143611026,0.7203389830508474,0.6716417910447762,0.794392523364486,2.1937596302003084,0.0,1,646,185,0.49275434882120706,l2,0.01,liblinear,0.6902192060161985
0.6693214399490284,0.7610750357805329,0.6120689655172413,0.6938775510204082,0.5818732080280344,0.16456101450365493,0.6986301369863014,0.46511627906976744,0.6891891891891891,1.3061346039309112,0.0547945205479452,2,715,116,0.48827973743061387,l1,0.1,liblinear,0.717813056168825
0.6777532065457762,0.6863559054401516,0.6214953271028038,0.6197183098591549,0.6299425033171163,0.26017284037693633,0.5546218487394958,0.7052631578947368,0.7021276595744681,1.881752701080432,0.008403361344537815,3,617,214,0.5183136258045888,l2,0.001,liblinear,0.7200191321145304
0.7050877192982455,0.7527614831193241,0.7032258064516129,0.7788461538461539,0.6596491228070176,0.3499210696074683,0.8526315789473684,0.4666666666666667,0.7168141592920354,1.5986842105263157,0.010526315789473684,4,676,155,0.49818039966513905,l2,0.001,liblinear,0.7010015373487608
0.7201042684913652,0.7731177890139698,0.6645962732919255,0.7032967032967034,0.6700065167807103,0.3310721578701821,0.6464646464646465,0.6935483870967742,0.7710843373493976,2.109516214779373,0.020202020202020204,5,670,161,0.5417828785721585,l2,0.001,liblinear,0.6656961550490899
