accuracy,balanced_accuracy,f1_macro,f1_weighted,mae,adjacent_accuracy,kappa_linear,kappa_quadratic,spearman_r,roc_auc_macro_ovr,roc_auc_weighted_ovr,fold,n_train,n_val,best_penalty,best_C,best_solver,inner_auc_score
0.4566929133858268,0.4680447889750215,0.40392192519852094,0.4174774797994768,0.7401574803149606,0.8031496062992126,0.2530346639969967,0.3002219331139512,0.29847977925555297,0.5563888925525426,0.5551860608936381,1,740,127,l2,0.001,liblinear,0.6441826594641499
0.40932642487046633,0.4422593646277857,0.3577121199989324,0.35154517322393963,0.7772020725388601,0.8134715025906736,0.18211097299129841,0.22129330086147359,0.28686101267650504,0.6318829367327271,0.627279257798768,2,674,193,l2,0.001,liblinear,0.6431319005933659
0.38953488372093026,0.428390711123159,0.3369064786387621,0.3167732112980236,0.813953488372093,0.7965116279069767,0.17692097347552627,0.22489270386266103,0.2659968291034169,0.5916277099982034,0.5863849812977721,3,695,172,l2,0.001,liblinear,0.6636079588901878
0.576036866359447,0.519927536231884,0.41765265877872976,0.4881671545705975,0.5622119815668203,0.8617511520737328,0.36837333587822685,0.438798419870975,0.43814994457832684,0.7164559347689988,0.7175597433456531,4,650,217,l2,0.0001,liblinear,0.6235326509559187
0.4430379746835443,0.5123873873873874,0.428910958322723,0.3977043061183046,0.7088607594936709,0.8481012658227848,0.25796712512579667,0.29511487842962314,0.370656983281032,0.6939153370297438,0.6812800747846877,5,709,158,l2,0.001,liblinear,0.642788090242352
