roc_auc,pr_auc,accuracy,f1,balanced_accuracy,matthews_corrcoef,sensitivity,specificity,precision,pos_LR,sensitivity_at_spec100,fold,n_train,n_val,threshold,best_penalty,best_C,best_solver,best_inner_score
0.6397792259608991,0.7055247482265999,0.6136363636363636,0.6421052631578947,0.6180343130735471,0.23262890977213233,0.5922330097087378,0.6438356164383562,0.7011494252873564,1.662808065720687,0.038834951456310676,1,655,176,0.5432284567285226,l2,0.1,liblinear,0.7388140085921246
0.8239789825650823,0.8691408717388895,0.7272727272727273,0.7567567567567568,0.7317888703128732,0.45496630608440625,0.7088607594936709,0.7547169811320755,0.8115942028985508,2.8899707887049666,0.13924050632911392,2,699,132,0.5333656373022035,l2,0.01,liblinear,0.6766404057374807
0.6660563151041666,0.7055999343559404,0.6205357142857143,0.6718146718146718,0.6106770833333333,0.2223059980530509,0.6796875,0.5416666666666666,0.6641221374045801,1.4829545454545454,0.046875,3,607,224,0.4957608363456901,l2,0.01,liblinear,0.7133173512736084
0.7818627450980392,0.8771544654503949,0.74,0.8059701492537313,0.7095588235294117,0.4127185285777627,0.7941176470588235,0.625,0.8181818181818182,2.1176470588235294,0.06862745098039216,4,681,150,0.4755160633837891,l2,0.1,liblinear,0.7001534651847281
0.7255911517925249,0.7778814347789464,0.6912751677852349,0.7628865979381443,0.656559877955759,0.32748604355091615,0.8043478260869565,0.5087719298245614,0.7254901960784313,1.6374223602484472,0.021739130434782608,5,682,149,0.4937605986862819,l2,0.1,liblinear,0.6855568268846766
