accuracy,balanced_accuracy,f1_macro,f1_weighted,mae,adjacent_accuracy,kappa_linear,kappa_quadratic,spearman_r,roc_auc_macro_ovr,roc_auc_weighted_ovr,fold,n_train,n_val,best_penalty,best_C,best_solver,inner_auc_score
0.4765625,0.4416301855326245,0.35340322528934626,0.3969609622968164,0.72265625,0.80078125,0.22325001640097097,0.2726984755493962,0.33669412102582086,0.6347660723867231,0.6450614645529263,1,611,256,l2,0.1,liblinear,0.6236440299217092
0.3671875,0.429496585586094,0.31522041899400394,0.2892138570941637,0.8671875,0.765625,0.15155858115370835,0.18364911233775916,0.2248167680479268,0.612906626297817,0.6037630969785576,2,739,128,l2,0.1,lbfgs,0.6227230995074576
0.4233128834355828,0.46630465051517683,0.37408837408837403,0.35665569162501676,0.754601226993865,0.8220858895705522,0.23039422670914744,0.27291322670478346,0.3400689263845426,0.6056848624239852,0.5913794587553678,3,704,163,l1,1.0,liblinear,0.6231015857436583
0.42011834319526625,0.45565025252525254,0.37854930981997587,0.3679106584342586,0.7988165680473372,0.7810650887573964,0.188049396775686,0.21132075471698109,0.2662973652156075,0.6368937209583215,0.6273583466379469,4,698,169,l2,1.0,lbfgs,0.6348077286329648
0.4304635761589404,0.4709683037269244,0.38033545401966457,0.36922310871422065,0.7615894039735099,0.8079470198675497,0.22272951076496128,0.26783261862720376,0.25888882537286534,0.6259686878566614,0.6137015613659385,5,716,151,l1,1.0,liblinear,0.6268428906636686
