roc_auc,pr_auc,accuracy,f1,balanced_accuracy,matthews_corrcoef,sensitivity,specificity,precision,pos_LR,sensitivity_at_spec100,fold,n_train,n_val,threshold,best_penalty,best_C,best_solver,best_inner_score
0.6615454545454545,0.6255804077320306,0.6190476190476191,0.5959595959595959,0.6177272727272727,0.23571182603990182,0.59,0.6454545454545455,0.6020408163265306,1.6641025641025642,0.01,1,683,210,0.5281312342302464,l2,0.01,liblinear,0.6519527353738704
0.7035507844756399,0.8141898478269418,0.6459143968871596,0.7147335423197492,0.6390035783099367,0.2632575002947719,0.6589595375722543,0.6190476190476191,0.7808219178082192,1.7297687861271678,0.04046242774566474,2,636,257,0.4611364799937529,l2,0.01,lbfgs,0.6837475022545868
0.6696296296296296,0.7386715533831776,0.675,0.7346938775510204,0.6599999999999999,0.31622776601683794,0.72,0.6,0.75,1.7999999999999998,0.0,3,773,120,0.5134427842092405,l2,0.01,liblinear,0.6684624282460618
0.7384355509355509,0.7933005142734528,0.6910112359550562,0.7263681592039801,0.6887993762993763,0.37370998684001644,0.7019230769230769,0.6756756756756757,0.7525773195876289,2.1642628205128203,0.0673076923076923,4,715,178,0.4986254682923803,l2,0.01,lbfgs,0.6554020441742912
0.6389811738648948,0.7755212818938287,0.640625,0.735632183908046,0.5863787375415282,0.17500053932695078,0.7441860465116279,0.42857142857142855,0.7272727272727273,1.302325581395349,0.046511627906976744,5,765,128,0.49495554086318705,l2,0.01,lbfgs,0.6944491104295458
