roc_auc,pr_auc,accuracy,f1,balanced_accuracy,matthews_corrcoef,sensitivity,specificity,precision,pos_LR,sensitivity_at_spec100,fold,n_train,n_val,threshold,best_penalty,best_C,best_solver,best_inner_score
0.5454182737066099,0.6391737181271488,0.5170454545454546,0.5685279187817259,0.511570687591435,0.022855901349421164,0.5436893203883495,0.4794520547945205,0.5957446808510638,1.044455799693408,0.0,1,655,176,0.49072719870189074,l2,0.01,lbfgs,0.6842401554860444
0.7181753045139718,0.7640686828552373,0.7196969696969697,0.7784431137724551,0.6944112729878195,0.40432932966910323,0.8227848101265823,0.5660377358490566,0.7386363636363636,1.8959823885525593,0.0,2,699,132,0.4876925872513239,l1,0.1,liblinear,0.6321598165624838
0.6756184895833333,0.719944904342781,0.6428571428571429,0.689922480620155,0.6341145833333333,0.2689744317841901,0.6953125,0.5729166666666666,0.6846153846153846,1.6280487804878048,0.0078125,3,607,224,0.49583569968718105,l1,1.0,liblinear,0.6892817769851216
0.6488970588235294,0.7985273897934205,0.5933333333333334,0.6666666666666666,0.5906862745098039,0.1697560285753742,0.5980392156862745,0.5833333333333334,0.7530864197530864,1.4352941176470588,0.09803921568627451,4,681,150,0.5186916470047868,l1,0.1,liblinear,0.6465753724917026
0.6573226544622426,0.7334544710948454,0.6308724832214765,0.6927374301675978,0.6176582761250953,0.23202156249953712,0.6739130434782609,0.5614035087719298,0.7126436781609196,1.5365217391304347,0.043478260869565216,5,682,149,0.5113705019337516,l2,0.1,lbfgs,0.6599056887366935
