roc_auc,pr_auc,accuracy,f1,balanced_accuracy,matthews_corrcoef,sensitivity,specificity,precision,pos_LR,sensitivity_at_spec100,fold,n_train,n_val,threshold,best_penalty,best_C,best_solver,best_inner_score
0.6843822843822843,0.7271651044450065,0.6170212765957447,0.6435643564356436,0.6223776223776224,0.241238222938965,0.5909090909090909,0.6538461538461539,0.7065217391304348,1.7070707070707072,0.00909090909090909,1,679,188,0.5145520836696207,l2,0.001,lbfgs,0.685422126972702
0.6299676184869002,0.7084199401008568,0.6311475409836066,0.6938775510204082,0.6251103915219312,0.24066881301167709,0.6455696202531646,0.6046511627906976,0.75,1.6329113924050631,0.02531645569620253,2,745,122,0.5207915379148408,l2,0.0001,liblinear,0.6901243813982864
0.6678678678678679,0.7417382568955089,0.6608187134502924,0.7339449541284404,0.6353603603603604,0.266978775173287,0.7207207207207207,0.55,0.7476635514018691,1.6016016016016017,0.009009009009009009,3,696,171,0.5172128059681345,l2,0.0001,liblinear,0.6974146738354838
0.6495432278564808,0.6369415068935333,0.6091954022988506,0.6421052631578947,0.6062491725142327,0.21432215399491913,0.6703296703296703,0.5421686746987951,0.6161616161616161,1.4641411220358587,0.01098901098901099,4,693,174,0.5133466851838093,l1,0.01,liblinear,0.6716668600735642
0.7324137931034482,0.7752218067347638,0.6839622641509434,0.726530612244898,0.67783908045977,0.35301023387534103,0.712,0.6436781609195402,0.7416666666666667,1.9981935483870967,0.064,5,655,212,0.5137854905338852,l2,0.0001,liblinear,0.6925446114030843
