accuracy,balanced_accuracy,f1_macro,f1_weighted,mae,adjacent_accuracy,kappa_linear,kappa_quadratic,spearman_r,roc_auc_macro_ovr,roc_auc_weighted_ovr,fold,n_train,n_val,best_penalty,best_C,best_solver,inner_auc_score
0.44921875,0.43750916853897887,0.4276315883534567,0.46127945290216393,0.71484375,0.8359375,0.19761586681738774,0.231066912658057,0.28830397638567157,0.6453461355649933,0.6496828122696447,1,611,256,l2,0.0001,lbfgs,0.6360186856041035
0.4453125,0.4705353951502154,0.445933695933696,0.4431878885003885,0.71875,0.8359375,0.1945280437756498,0.21031307550644562,0.2065603534883943,0.6176727804192698,0.6134532689836966,2,739,128,l2,0.001,lbfgs,0.6592499936470559
0.5644171779141104,0.5795460874408243,0.5636172583177191,0.5745425802039978,0.5276073619631901,0.9079754601226994,0.3932652354570637,0.43652401954941,0.4620574809498374,0.7072706098975351,0.7016479229933419,3,704,163,l2,0.0001,lbfgs,0.6264582184075156
0.47928994082840237,0.5114121989121989,0.48016053436614187,0.4734178186370854,0.6804733727810651,0.8402366863905325,0.2493530570468503,0.2669712291148012,0.3351574937063691,0.6582296971346635,0.6440242557465513,4,698,169,l2,0.001,lbfgs,0.6441760476431091
0.5099337748344371,0.5098397770811564,0.5003592979217398,0.5152103367770033,0.6026490066225165,0.8874172185430463,0.30590493509117545,0.35184231310737957,0.3820615724742914,0.681177318729401,0.6699161451894281,5,716,151,l2,0.0001,lbfgs,0.6507526692046588
