roc_auc,pr_auc,accuracy,f1,balanced_accuracy,matthews_corrcoef,sensitivity,specificity,precision,pos_LR,sensitivity_at_spec100,fold,n_train,n_val,threshold,best_penalty,best_C,best_solver,best_inner_score
0.6675339366515837,0.7197762762313196,0.6084656084656085,0.6782608695652174,0.5926470588235294,0.19553847221876072,0.75,0.43529411764705883,0.6190476190476191,1.328125,0.038461538461538464,1,678,189,0.485989757118125,l2,0.01,liblinear,0.6513029945875448
0.6342857142857142,0.6949485932718455,0.5666666666666667,0.6388888888888888,0.5485714285714286,0.0985031500635172,0.6571428571428571,0.44,0.6216216216216216,1.173469387755102,0.02857142857142857,2,747,120,0.5117246706238826,l2,0.01,liblinear,0.6461865565075382
0.6527572016460905,0.7089941967369908,0.6133333333333333,0.6741573033707865,0.6,0.19897095972842183,0.6666666666666666,0.5333333333333333,0.6818181818181818,1.4285714285714284,0.0,3,642,225,0.4676130049089084,l2,1.0,lbfgs,0.6265129695806876
0.6571691176470589,0.7409140573670383,0.5783132530120482,0.6428571428571429,0.5666360294117647,0.1308877507875206,0.6176470588235294,0.515625,0.6702127659574468,1.2751423149905123,0.049019607843137254,4,701,166,0.5146836407850092,l2,0.1,liblinear,0.638985758656976
0.6119815668202765,0.7341398517116273,0.6287425149700598,0.7075471698113207,0.599078341013825,0.199540796746689,0.7142857142857143,0.4838709677419355,0.7009345794392523,1.3839285714285714,0.0380952380952381,5,700,167,0.48589096011234467,l2,0.1,liblinear,0.6438424888130778
