accuracy,balanced_accuracy,f1_macro,f1_weighted,mae,adjacent_accuracy,kappa_linear,kappa_quadratic,spearman_r,roc_auc_macro_ovr,roc_auc_weighted_ovr,fold,n_train,n_val,best_penalty,best_C,best_solver,inner_auc_score
0.40458015267175573,0.43108837737993744,0.40252550046364477,0.39429648200404477,0.7480916030534351,0.8473282442748091,0.18818768180093592,0.24643601500625267,0.2929522413047571,0.5882575224920389,0.5816868539341447,1,736,131,l2,0.0001,lbfgs,0.6498676581866759
0.43386243386243384,0.4341880341880342,0.4224926515415623,0.4283845407120487,0.7248677248677249,0.8412698412698413,0.19066670834244992,0.2381059567414926,0.25587105691646983,0.5873696831621095,0.5860247473150698,2,678,189,l2,0.0001,lbfgs,0.6583044806895567
0.49375,0.5044817927170868,0.49001675208571754,0.4957453848833159,0.64375,0.8625,0.2999150382327952,0.3491975650249032,0.3706727926734662,0.6571361141495521,0.6572770399276479,3,707,160,l2,0.0001,lbfgs,0.6375175306357299
0.5213675213675214,0.5344759334233018,0.5072732427169963,0.5312670369199483,0.5982905982905983,0.8803418803418803,0.29669386002576226,0.32006997361164646,0.31490129024567565,0.6804207126032349,0.6683070182553947,4,633,234,l2,0.0001,lbfgs,0.6091145715964835
0.45098039215686275,0.4749309071342969,0.4455948922155155,0.4636290044492016,0.7124183006535948,0.8366013071895425,0.20369574559518688,0.21233608547838756,0.32289925830546595,0.6625062141007029,0.6542410580275153,5,714,153,l2,0.0001,lbfgs,0.633961176381731
