accuracy,balanced_accuracy,f1_macro,f1_weighted,mae,adjacent_accuracy,kappa_linear,kappa_quadratic,spearman_r,roc_auc_macro_ovr,roc_auc_weighted_ovr,fold,n_train,n_val,best_penalty,best_C,best_solver,inner_auc_score
0.48031496062992124,0.4727246626471433,0.46586841554358976,0.48251813502669516,0.6141732283464567,0.905511811023622,0.3029833943146637,0.39365287399363413,0.42166290670185397,0.6507476237179812,0.6524856702614193,1,740,127,l2,0.0001,lbfgs,0.673105427421332
0.47150259067357514,0.45573138928402085,0.4509880137175119,0.47707233746135075,0.6528497409326425,0.8756476683937824,0.2050862970711297,0.22565024903154396,0.2851067256616047,0.6435274500074221,0.6442789242894704,2,674,193,l2,0.001,lbfgs,0.6859871727266844
0.3953488372093023,0.401237914520647,0.39379528501506833,0.39817895648811213,0.7558139534883721,0.8488372093023255,0.14105716041794703,0.18530085363314586,0.24300245283381308,0.6073964671213248,0.6042730525288664,3,695,172,l2,0.0001,lbfgs,0.6945912743416645
0.5622119815668203,0.5647849462365592,0.5354096113530077,0.5693184427664038,0.5622119815668203,0.8755760368663594,0.36158001350438895,0.4040694045687181,0.4794522463058954,0.7394714673134627,0.737613476403454,4,650,217,l2,0.0001,lbfgs,0.6075699522705104
0.5063291139240507,0.506019656019656,0.49752321981424147,0.510032527334718,0.6075949367088608,0.8860759493670886,0.25763508222396236,0.26954328943681705,0.33321502759298177,0.6957415790879216,0.6919025667042525,5,709,158,l2,0.0001,lbfgs,0.6654395662035982
