accuracy,balanced_accuracy,f1_macro,f1_weighted,mae,adjacent_accuracy,kappa_linear,kappa_quadratic,spearman_r,roc_auc_macro_ovr,roc_auc_weighted_ovr,fold,n_train,n_val,best_penalty,best_C,best_solver,inner_auc_score
0.4369747899159664,0.46728395061728395,0.4370779744126352,0.43696061841035655,0.6974789915966386,0.865546218487395,0.2009546153223849,0.2359443917145888,0.2872197949211067,0.6312989358249256,0.6203253789033483,1,748,119,l2,0.001,lbfgs,0.6515619484743945
0.4732824427480916,0.5005728734542294,0.4687118944684625,0.4714709359247422,0.6946564885496184,0.8320610687022901,0.22293201225474213,0.21438407889476252,0.2902963199738122,0.6743231680396118,0.6691976021518243,2,736,131,l2,0.001,lbfgs,0.6653061840898596
0.4647058823529412,0.47125789383853894,0.46454130767659096,0.4659952527626386,0.6823529411764706,0.8529411764705882,0.22932624667813029,0.258266309204647,0.263746962320892,0.634560755213775,0.6298143098568607,3,697,170,l2,0.001,lbfgs,0.6688375178141871
0.46382978723404256,0.4491665337904276,0.4367571117517907,0.4691703258351287,0.6851063829787234,0.851063829787234,0.2258506741963866,0.27499165275459103,0.339012043963946,0.6431062648115894,0.644429346052098,4,632,235,l2,0.001,lbfgs,0.6605125016620088
0.5188679245283019,0.5417620903242173,0.5101069312887941,0.529195039896078,0.6367924528301887,0.8443396226415094,0.2800724455400715,0.2778606290672452,0.35432214494011965,0.6915463934181515,0.6871655105361365,5,655,212,l2,0.0001,lbfgs,0.6433834276220566
