roc_auc,pr_auc,accuracy,f1,balanced_accuracy,matthews_corrcoef,sensitivity,specificity,precision,pos_LR,sensitivity_at_spec100,fold,n_train,n_val,threshold,best_penalty,best_C,best_solver,best_inner_score
0.6769388803287107,0.7485290845513142,0.6174496644295302,0.6174496644295302,0.6400522949059159,0.28010458981183173,0.519774011299435,0.7603305785123967,0.7603305785123967,2.1687122540424704,0.0,1,595,298,0.5958319720796011,l2,0.001,lbfgs,0.6876744255523637
0.7516489091831557,0.8111356035664514,0.6795580110497238,0.7156862745098039,0.6804287163876205,0.3547022011500372,0.6759259259259259,0.684931506849315,0.7604166666666666,2.1453301127214166,0.07407407407407407,2,712,181,0.5469742963037779,l2,0.001,lbfgs,0.6533751738398161
0.5898876404494382,0.6684931600908134,0.6546762589928058,0.7419354838709677,0.6076404494382023,0.22499610050817984,0.7752808988764045,0.44,0.711340206185567,1.384430176565008,0.0,3,754,139,0.524235341801086,l1,0.01,liblinear,0.7054151298901232
0.6405194805194806,0.6772368076115918,0.6388888888888888,0.7004608294930875,0.624025974025974,0.24628314212278168,0.6909090909090909,0.5571428571428572,0.7102803738317757,1.560117302052786,0.0,4,713,180,0.5040951443637088,l2,0.001,liblinear,0.6990511985318817
0.6820234869015357,0.6658722894502789,0.6526315789473685,0.6915887850467289,0.6474706413730804,0.29414521845296665,0.6851851851851852,0.6097560975609756,0.6981132075471698,1.7557870370370372,0.0,5,798,95,0.5158934801186955,l2,0.001,liblinear,0.7009743091095786
