accuracy,balanced_accuracy,f1_macro,f1_weighted,mae,adjacent_accuracy,kappa_linear,kappa_quadratic,spearman_r,roc_auc_macro_ovr,roc_auc_weighted_ovr,fold,n_train,n_val,best_penalty,best_C,best_solver,inner_auc_score
0.35294117647058826,0.41500000000000004,0.2929255861365953,0.25168966669236503,0.8403361344537815,0.8067226890756303,0.1424041510521764,0.18531370158491978,0.20900794266659226,0.6359480498819757,0.635049253909855,1,748,119,l2,0.001,lbfgs,0.6292167421279335
0.33587786259541985,0.40001053560375593,0.309469696969697,0.27023768216516314,0.8702290076335878,0.7938931297709924,0.10894988066825773,0.1436575875486381,0.23901728968920147,0.6552907513271762,0.6537620801169234,2,736,131,l1,0.1,liblinear,0.6260788936440682
0.38823529411764707,0.3971496842464584,0.33995760466348707,0.33141307397362757,0.8352941176470589,0.7764705882352941,0.12032650681437218,0.15175097276264593,0.1972710149379745,0.596396819760743,0.5912422047115835,3,697,170,l1,0.1,liblinear,0.646366306456708
0.44680851063829785,0.3967302479470621,0.33439142159195456,0.38103833351220767,0.7872340425531915,0.7659574468085106,0.12901933286587197,0.15462471800499977,0.21577603418065985,0.6160810777949658,0.6094917512494009,4,632,235,l2,0.01,liblinear,0.6385339165973554
0.42452830188679247,0.431994935793091,0.32375601545646354,0.3451615132448509,0.7877358490566038,0.7877358490566038,0.179969426043452,0.22192391180166793,0.29434187804147915,0.6362125162342797,0.6283538524238929,5,655,212,l2,0.001,lbfgs,0.6338631535121844
