accuracy,balanced_accuracy,f1_macro,f1_weighted,mae,adjacent_accuracy,kappa_linear,kappa_quadratic,spearman_r,roc_auc_macro_ovr,roc_auc_weighted_ovr,fold,n_train,n_val,best_penalty,best_C,best_solver,inner_auc_score
0.4921875,0.4707861394853265,0.4665450562902336,0.4969948253647041,0.64453125,0.86328125,0.22052039121609157,0.23296613627090978,0.212553346155077,0.6279626752912221,0.6342779225176914,1,611,256,l2,0.1,lbfgs,0.6366380859459817
0.5234375,0.5400934966232105,0.5215561411213585,0.5198005873956961,0.59375,0.8828125,0.3195299384443201,0.3561123766135156,0.3748698110771353,0.6814149289422593,0.6703035240932719,2,739,128,l2,0.1,lbfgs,0.6575497797013863
0.44785276073619634,0.45324422166527434,0.44191331895316716,0.44854544841273747,0.6625766871165644,0.8895705521472392,0.21961166770103735,0.27698373583045843,0.35599397158477786,0.6677160766058421,0.6627789015889797,3,704,163,l2,0.01,lbfgs,0.6402274244003416
0.48520710059171596,0.5034236596736598,0.48338466889962356,0.48716690517694955,0.6390532544378699,0.8757396449704142,0.29030251185939826,0.3416610398379474,0.39542749082780687,0.6698959994656409,0.6590820584788528,4,698,169,l2,0.01,lbfgs,0.6547530146811579
0.5231788079470199,0.5349703935910832,0.5215850319958816,0.5234988491723936,0.5894039735099338,0.8874172185430463,0.31339089562151934,0.35066251791770087,0.3864391842978529,0.6866855289424624,0.6781522500132532,5,716,151,l2,0.01,lbfgs,0.6468489392941363
