roc_auc,pr_auc,accuracy,f1,balanced_accuracy,matthews_corrcoef,sensitivity,specificity,precision,pos_LR,sensitivity_at_spec100,fold,n_train,n_val,threshold,best_penalty,best_C,best_solver,best_inner_score
0.7197947214076246,0.7926347290739171,0.664804469273743,0.7297297297297297,0.672067448680352,0.3189813964491053,0.6532258064516129,0.6909090909090909,0.826530612244898,2.1133776091081593,0.0,1,714,179,0.5141541207019819,l2,0.0001,liblinear,0.6567924530011476
0.6938022626660109,0.7037214737908448,0.6380090497737556,0.6491228070175439,0.6376455156583046,0.27529103131660926,0.6491228070175439,0.6261682242990654,0.6491228070175439,1.7364035087719296,0.06140350877192982,2,672,221,0.4844814912325409,l2,0.0001,liblinear,0.6375305359919758
0.6697588126159555,0.7349051660549646,0.6349206349206349,0.7012987012987013,0.6159554730983303,0.23191094619666047,0.7012987012987013,0.5306122448979592,0.7012987012987013,1.4940711462450593,0.0,3,767,126,0.5095424185019436,l2,0.0001,liblinear,0.6530136289704629
0.6232707150138344,0.6803561520023764,0.6627906976744186,0.7542372881355932,0.6066695791466433,0.23385463585014263,0.8165137614678899,0.3968253968253968,0.7007874015748031,1.3536938676967647,0.0,4,721,172,0.4793434990267443,l1,0.01,liblinear,0.6928515352274036
0.6756551873510939,0.6838573522795284,0.6717948717948717,0.7241379310344828,0.6585445094217024,0.31966108634388074,0.7368421052631579,0.5802469135802469,0.711864406779661,1.7554179566563468,0.0,5,698,195,0.48978081777306215,l1,0.01,liblinear,0.680012722360352
