accuracy,balanced_accuracy,f1_macro,f1_weighted,mae,adjacent_accuracy,kappa_linear,kappa_quadratic,spearman_r,roc_auc_macro_ovr,roc_auc_weighted_ovr,fold,n_train,n_val,best_penalty,best_C,best_solver,inner_auc_score
0.37404580152671757,0.3809320829781188,0.376522961574508,0.37434985727265574,0.7251908396946565,0.9007633587786259,0.16065286302016601,0.2674800129395999,0.35925104573300193,0.5856600984933044,0.5759054759072119,1,736,131,l2,0.0001,lbfgs,0.6533000221969003
0.4021164021164021,0.39832775919732444,0.3832579539585909,0.3941879674363751,0.7513227513227513,0.8465608465608465,0.1703351057252379,0.2402926280247608,0.2365655742209252,0.5846853891033414,0.5885125858244138,2,678,189,l2,0.0001,lbfgs,0.6803050789502721
0.45625,0.4512885154061625,0.45153264075926636,0.4683118507118122,0.65625,0.8875,0.25426136363636365,0.3220338983050848,0.36715164549313956,0.6481339280045552,0.6533438358343939,3,707,160,l2,0.0001,lbfgs,0.6459382745868372
0.49145299145299143,0.4635177687809267,0.45680423701200085,0.49726194668786255,0.6111111111111112,0.8974358974358975,0.24434307393523325,0.2874724994420176,0.31894237290741284,0.6772618932917953,0.6716551101901603,4,633,234,l2,0.0001,lbfgs,0.6203461710716367
0.48366013071895425,0.4689082104336341,0.46315789473684216,0.5000343997248022,0.6405228758169934,0.8758169934640523,0.24088699878493336,0.2640067911714771,0.40805693580591,0.7034648398230477,0.7026148522178906,5,714,153,l2,0.0001,lbfgs,0.6252637871980721
