roc_auc,pr_auc,accuracy,f1,balanced_accuracy,matthews_corrcoef,sensitivity,specificity,precision,pos_LR,sensitivity_at_spec100,fold,n_train,n_val,threshold,best_penalty,best_C,best_solver,best_inner_score
0.6206686930091185,0.7095183315238754,0.5982905982905983,0.6666666666666666,0.5803951367781155,0.16137997091531825,0.6714285714285714,0.48936170212765956,0.6619718309859155,1.3148809523809522,0.014285714285714285,1,714,117,0.5192022049274132,l1,0.1,liblinear,0.7071921990582839
0.69281045751634,0.745497647907934,0.6079545454545454,0.6387434554973822,0.6206427015250544,0.2353514416820085,0.5648148148148148,0.6764705882352942,0.7349397590361446,1.745791245791246,0.07407407407407407,2,655,176,0.5485732898365554,l2,0.001,liblinear,0.6949535784387159
0.765993265993266,0.8166035538028913,0.7484662576687117,0.8056872037914692,0.7298821548821549,0.4507484480560887,0.7870370370370371,0.6727272727272727,0.8252427184466019,2.404835390946502,0.0,3,668,163,0.5425794696173666,l2,0.001,liblinear,0.6507360276558445
0.7228260869565217,0.7439416667191009,0.6645569620253164,0.7039106145251397,0.6605731225296443,0.3184050368680311,0.6847826086956522,0.6363636363636364,0.7241379310344828,1.8831521739130435,0.0,4,673,158,0.4852264067224332,l2,0.001,liblinear,0.6679993318919264
0.6870748299319728,0.7119868238967217,0.6682027649769585,0.7024793388429752,0.666971916971917,0.330361718143709,0.6746031746031746,0.6593406593406593,0.7327586206896551,1.9802867383512546,0.0,5,614,217,0.5109117073191851,l2,0.001,liblinear,0.7142838108390935
