roc_auc,pr_auc,accuracy,f1,balanced_accuracy,matthews_corrcoef,sensitivity,specificity,precision,pos_LR,sensitivity_at_spec100,fold,n_train,n_val,threshold,best_penalty,best_C,best_solver,best_inner_score
0.61825,0.6825902119589049,0.6461538461538462,0.7012987012987013,0.6375,0.27017976283782663,0.675,0.6,0.7297297297297297,1.6875,0.0,1,737,130,0.532736166547875,l2,0.001,liblinear,0.7266531312757681
0.6744913928012519,0.7366393942113154,0.6206896551724138,0.7027027027027027,0.5884194053208138,0.18240441688605108,0.7323943661971831,0.4444444444444444,0.6753246753246753,1.3183098591549296,0.0,2,751,116,0.5449545064832669,l2,0.001,liblinear,0.6929256358746299
0.6688725490196079,0.6521292890336138,0.6223776223776224,0.6423841059602649,0.6211274509803921,0.24244512963199719,0.6466666666666666,0.5955882352941176,0.6381578947368421,1.5990303030303028,0.0,3,581,286,0.48639123847859017,l2,0.0001,liblinear,0.7045532530336219
0.7010033444816053,0.7962890378026346,0.7005988023952096,0.7807017543859649,0.6561872909698996,0.3092360934600787,0.7739130434782608,0.5384615384615384,0.7876106194690266,1.6768115942028985,0.0,4,700,167,0.48020262316392925,l1,0.01,liblinear,0.6681256504949535
0.6694117647058824,0.7129729821200474,0.6904761904761905,0.75,0.6694117647058824,0.34708873250984984,0.78,0.5588235294117647,0.7222222222222222,1.768,0.03,5,699,168,0.4909879276146544,l2,0.01,liblinear,0.6892958177023183
