roc_auc,pr_auc,accuracy,f1,balanced_accuracy,matthews_corrcoef,sensitivity,specificity,precision,pos_LR,sensitivity_at_spec100,fold,n_train,n_val,threshold,best_penalty,best_C,best_solver,best_inner_score
0.6275337837837838,0.6822268262987864,0.6065573770491803,0.6883116883116883,0.5768581081081081,0.15804709783838214,0.7162162162162162,0.4375,0.6625,1.2732732732732732,0.0,1,745,122,0.5099224806051632,l2,0.001,liblinear,0.6974880865719874
0.6830555555555555,0.7149088744722306,0.616,0.6571428571428571,0.6319444444444444,0.25353624352472126,0.575,0.6888888888888889,0.7666666666666667,1.8482142857142856,0.0,2,742,125,0.553987762870692,l2,0.01,lbfgs,0.692963093858258
0.7380845659644404,0.7823437864741657,0.6680851063829787,0.6929133858267716,0.6745106828029284,0.3436963725045732,0.6376811594202898,0.711340206185567,0.7586206896551724,2.209109730848861,0.021739130434782608,3,632,235,0.49768227930644277,l2,0.0001,liblinear,0.6613245082861003
0.6871594136157801,0.7358690269426033,0.6347826086956522,0.6410256410256411,0.6421828229334561,0.2833237714380137,0.5813953488372093,0.7029702970297029,0.7142857142857143,1.9573643410852712,0.05426356589147287,4,637,230,0.5179655746452306,l1,1.0,liblinear,0.6881304324797103
0.7612280701754386,0.8431822312116661,0.6645161290322581,0.7111111111111111,0.6618421052631579,0.3168111513456931,0.6736842105263158,0.65,0.7529411764705882,1.924812030075188,0.18947368421052632,5,712,155,0.5096566134382439,l1,0.1,liblinear,0.681255051747623
