roc_auc,pr_auc,accuracy,f1,balanced_accuracy,matthews_corrcoef,sensitivity,specificity,precision,pos_LR,sensitivity_at_spec100,fold,n_train,n_val,threshold,best_penalty,best_C,best_solver,best_inner_score
0.7097285067873303,0.7492804160676414,0.6402116402116402,0.6458333333333334,0.6451357466063348,0.2894866206813758,0.5961538461538461,0.6941176470588235,0.7045454545454546,1.94896449704142,0.09615384615384616,1,678,189,0.5180248944005963,l2,0.01,lbfgs,0.6663623221608989
0.628,0.6857730400141065,0.5583333333333333,0.5954198473282443,0.5585714285714286,0.11552046043564786,0.5571428571428572,0.56,0.639344262295082,1.2662337662337664,0.0,2,747,120,0.5301577398487054,l2,0.001,lbfgs,0.6649687254618571
0.6497942386831276,0.6981788912515328,0.6088888888888889,0.6691729323308271,0.5962962962962963,0.191305802937783,0.6592592592592592,0.5333333333333333,0.6793893129770993,1.4126984126984126,0.014814814814814815,3,642,225,0.5130316367012807,l2,0.01,lbfgs,0.6663747496177204
0.6597732843137255,0.7541782807971493,0.6325301204819277,0.7136150234741784,0.5991115196078431,0.2049752238259284,0.7450980392156863,0.453125,0.6846846846846847,1.3624649859943978,0.06862745098039216,4,701,166,0.5143027646184598,l2,0.01,liblinear,0.6784179057913126
0.6950844854070661,0.7706608216036147,0.6407185628742516,0.6875,0.6449308755760368,0.28033465336452107,0.6285714285714286,0.6612903225806451,0.7586206896551724,1.8557823129251698,0.009523809523809525,5,700,167,0.5440999051126667,l2,0.01,lbfgs,0.6547895197480558
