n_pairs,pairwise_accuracy,both_correct_rate,mean_delta,median_delta,std_delta,n_positive_delta,per_drug_accuracy,per_drug_roc_auc,per_drug_pr_auc,n_train,n_test,best_penalty,best_C,best_solver,inner_cv_score,threshold,seed
13,0.38461538461538464,0.6153846153846154,-0.008109303361745009,-0.007454191309702707,0.04026770644918399,5,0.8076923076923077,0.6818181818181819,0.8645960525776878,867,26,l2,0.001,liblinear,0.6669963679139123,0.5040163193732979,4
