roc_auc,pr_auc,accuracy,f1,balanced_accuracy,matthews_corrcoef,sensitivity,specificity,precision,pos_LR,sensitivity_at_spec100,fold,n_train,n_val,threshold,best_penalty,best_C,best_solver,best_inner_score
0.5927500000000001,0.7019118640723485,0.5461538461538461,0.6193548387096774,0.53,0.05908391567007971,0.6,0.46,0.64,1.111111111111111,0.0,1,737,130,0.525509157917611,l1,0.1,liblinear,0.6978767794175265
0.6613458528951487,0.7286425786742742,0.603448275862069,0.6515151515151515,0.6028169014084507,0.20067056620316623,0.6056338028169014,0.6,0.7049180327868853,1.5140845070422533,0.0,2,751,116,0.5504951009155636,l2,0.01,liblinear,0.6661415020989777
0.6938725490196078,0.6606511638751963,0.6538461538461539,0.717948717948718,0.644264705882353,0.3152809151639401,0.84,0.4485294117647059,0.6268656716417911,1.5231999999999999,0.0,3,581,286,0.4554990725984505,l2,0.001,liblinear,0.6696787818793996
0.699665551839465,0.8259633217783076,0.592814371257485,0.6344086021505376,0.6411371237458194,0.2643973265153588,0.5130434782608696,0.7692307692307693,0.8309859154929577,2.223188405797102,0.06956521739130435,4,700,167,0.5689563043687421,l1,0.1,liblinear,0.6515110601983725
0.6536764705882353,0.6705127055172375,0.7083333333333334,0.751269035532995,0.7008823529411765,0.399218995138828,0.74,0.6617647058823529,0.7628865979381443,2.1878260869565214,0.0,5,699,168,0.5018593638708264,l2,0.01,liblinear,0.6796276274226768
