roc_auc,pr_auc,accuracy,f1,balanced_accuracy,matthews_corrcoef,sensitivity,specificity,precision,pos_LR,sensitivity_at_spec100,fold,n_train,n_val,threshold,best_penalty,best_C,best_solver,best_inner_score
0.6244369369369369,0.6917353355029687,0.6147540983606558,0.7044025157232704,0.576295045045045,0.16216326620362556,0.7567567567567568,0.3958333333333333,0.6588235294117647,1.2525629077353215,0.0,1,745,122,0.5188901397359869,l2,0.001,liblinear,0.69630326163793
0.7041666666666667,0.7675899152136265,0.664,0.7236842105263158,0.6548611111111111,0.30082881570231934,0.6875,0.6222222222222222,0.7638888888888888,1.8198529411764706,0.0375,2,742,125,0.4871118870950096,l2,0.001,lbfgs,0.6745734165766969
0.7410727625877783,0.7891036466210717,0.6382978723404256,0.6473029045643154,0.6537427162707306,0.3051015245809293,0.5652173913043478,0.7422680412371134,0.7572815533980582,2.1930434782608694,0.007246376811594203,3,632,235,0.5106902386121713,l2,0.0001,liblinear,0.6602173951354035
0.6246066467111828,0.6593627399121209,0.591304347826087,0.6356589147286822,0.5851561900376084,0.17031238007521682,0.6356589147286822,0.5346534653465347,0.6356589147286822,1.3659904337786575,0.007751937984496124,4,637,230,0.5175603236247956,l2,0.0001,lbfgs,0.69120013354017
0.7592982456140351,0.840863702419796,0.6645161290322581,0.7142857142857143,0.6587719298245613,0.31169301102938224,0.6842105263157895,0.6333333333333333,0.7471264367816092,1.8660287081339713,0.16842105263157894,5,712,155,0.4984731795175639,l2,0.01,liblinear,0.6736001912100014
