accuracy,balanced_accuracy,f1_macro,f1_weighted,mae,adjacent_accuracy,kappa_linear,kappa_quadratic,spearman_r,roc_auc_macro_ovr,roc_auc_weighted_ovr,fold,n_train,n_val,best_penalty,best_C,best_solver,inner_auc_score
0.44881889763779526,0.453373528567327,0.4210328214393255,0.43244670635682736,0.7244094488188977,0.8267716535433071,0.2302016075899328,0.2813514188233336,0.3966057324462803,0.6105848008960005,0.611863865749305,1,740,127,l2,0.001,liblinear,0.666381274034199
0.43523316062176165,0.4591275486012328,0.3807745144823797,0.3813840362539204,0.7512953367875648,0.8134715025906736,0.20503934323779216,0.2339168450127127,0.316894406371599,0.6425088787687763,0.6358234250503497,2,674,193,l2,0.0001,liblinear,0.6591290683204976
0.4069767441860465,0.44660552393000214,0.35595895190965615,0.3368886717539682,0.7906976744186046,0.8023255813953488,0.20152921900600762,0.24832904884318774,0.30136988657401753,0.6065553720736357,0.600185497641893,3,695,172,l2,0.0001,liblinear,0.6630063284264089
0.5391705069124424,0.5052127162225339,0.45831581897155665,0.5187188978833611,0.6543778801843319,0.8064516129032258,0.2887216656664051,0.31603023625561344,0.4015119344066667,0.6694059695821423,0.6706371989526688,4,650,217,l2,0.001,liblinear,0.6377723876648765
0.47468354430379744,0.5042383292383293,0.4737450000607895,0.47305215326534444,0.6772151898734177,0.8481012658227848,0.23674943566591422,0.24033748991872939,0.33529240141632616,0.694055808925345,0.68516267605293,5,709,158,l2,0.001,liblinear,0.666464949894068
