accuracy,balanced_accuracy,f1_macro,f1_weighted,mae,adjacent_accuracy,kappa_linear,kappa_quadratic,spearman_r,roc_auc_macro_ovr,roc_auc_weighted_ovr,fold,n_train,n_val,best_penalty,best_C,best_solver,inner_auc_score
0.47706422018348627,0.4841047654597486,0.4663554310613134,0.48117595662118057,0.6238532110091743,0.8990825688073395,0.30651197604790414,0.3936209667449623,0.3693707313744055,0.6683815975468695,0.6676326783709411,1,758,109,l2,0.0001,lbfgs,0.648344352468212
0.4380165289256198,0.4582733203422859,0.439917976760082,0.43597272670782894,0.6694214876033058,0.8925619834710744,0.21270784801992138,0.2727630174689659,0.28245287013088405,0.6440789037286243,0.6353109401079219,2,746,121,l2,0.001,lbfgs,0.6670200220138235
0.42592592592592593,0.416573226409292,0.41450808096123154,0.4315631768534708,0.6851851851851852,0.8888888888888888,0.16580070514010015,0.21223949718822377,0.31916146928421707,0.6416217299459651,0.6349427851158548,3,705,162,l2,0.0001,lbfgs,0.6633752208142318
0.4977973568281938,0.49702380952380953,0.47631409511868883,0.5006704031829569,0.6651982378854625,0.8370044052863436,0.24231304847587254,0.25582445762242645,0.3030207174990182,0.6491530129996173,0.6437958336285979,4,640,227,l2,0.0001,lbfgs,0.6744166938117048
0.4838709677419355,0.48868340223852896,0.4783627262673884,0.4838771284295668,0.6129032258064516,0.9032258064516129,0.3036796216935126,0.386381631037213,0.41761111972499243,0.6692607961811546,0.6658978746068319,5,619,248,l2,0.001,lbfgs,0.6501972358822778
