accuracy,balanced_accuracy,f1_macro,f1_weighted,mae,adjacent_accuracy,kappa_linear,kappa_quadratic,spearman_r,roc_auc_macro_ovr,roc_auc_weighted_ovr,fold,n_train,n_val,best_penalty,best_C,best_solver,inner_auc_score
0.45871559633027525,0.47695035460992913,0.3634200237973823,0.36745902904808914,0.7339449541284404,0.8073394495412844,0.2530409456912799,0.30761220451942106,0.3373610232837011,0.6359143800469904,0.6336665642585559,1,758,109,l2,0.0001,liblinear,0.6278793762778794
0.35537190082644626,0.4321217769493632,0.3046694405917707,0.25115484691830675,0.8347107438016529,0.8099173553719008,0.16024187452758887,0.20774130328270457,0.31195764971103007,0.6676556214378212,0.6574774488895941,2,746,121,l2,0.0001,liblinear,0.6226129993138214
0.4012345679012346,0.45626049724410384,0.3394814545160377,0.3191682359056869,0.7962962962962963,0.8024691358024691,0.21341463414634143,0.26283774225491574,0.28101146511912795,0.6315876151351788,0.6309606285978554,3,705,162,l2,0.0001,liblinear,0.6243969603886695
0.3964757709251101,0.3857142857142857,0.2961723229505656,0.3246444129049699,0.8546255506607929,0.748898678414097,0.10027377109467572,0.12311242662920774,0.24327681852598124,0.6080561407844779,0.5973223975999203,4,640,227,l2,0.0001,lbfgs,0.6399940471134279
0.46774193548387094,0.465155201960874,0.3900673110816766,0.3936482280664641,0.7298387096774194,0.8024193548387096,0.23160669656612687,0.26898533575624384,0.3528447326146916,0.6606845442407484,0.6537059324177699,5,619,248,l1,0.01,liblinear,0.6242424187318087
