accuracy,balanced_accuracy,f1_macro,f1_weighted,mae,adjacent_accuracy,kappa_linear,kappa_quadratic,spearman_r,roc_auc_macro_ovr,roc_auc_weighted_ovr,fold,n_train,n_val,best_penalty,best_C,best_solver,inner_auc_score
0.5229357798165137,0.5349944008958567,0.4651631829849652,0.4778716403750467,0.6330275229357798,0.8440366972477065,0.34468937875751504,0.39578063613368497,0.3822353295420783,0.6699478616898356,0.6674921839236592,1,758,109,l2,0.001,liblinear,0.6300425108819133
0.36363636363636365,0.4293371741647604,0.33719806763285026,0.30271888848963946,0.8429752066115702,0.7933884297520661,0.14374913278756773,0.1684600777647164,0.25449330133902626,0.6514666223266469,0.6479351287112696,2,746,121,l2,0.001,liblinear,0.6474869933906513
0.43209876543209874,0.4847443994984979,0.4050285688839906,0.3882956996745484,0.7222222222222222,0.845679012345679,0.25094846664558956,0.3134548038369791,0.3507467294989996,0.6554008773419401,0.6463774831478483,3,705,162,l2,0.001,liblinear,0.6435734234493855
0.4845814977973568,0.4847222222222222,0.40759414877061934,0.4295298148628026,0.6960352422907489,0.8193832599118943,0.24717686075311707,0.28741465456352844,0.32101523132330423,0.6507546627423676,0.6444459160643171,4,640,227,l2,0.001,liblinear,0.6486402374037588
0.5,0.5255127207636018,0.45544525130789965,0.4549199026830432,0.6774193548387096,0.8225806451612904,0.30960429508848675,0.35030699959066713,0.3534984923536307,0.6560748240765312,0.6479057707312315,5,619,248,l1,0.1,liblinear,0.6497291699894137
