n_pairs,pairwise_accuracy,both_correct_rate,mean_delta,median_delta,std_delta,n_positive_delta,per_drug_accuracy,per_drug_roc_auc,per_drug_pr_auc,n_train,n_test,best_penalty,best_C,best_solver,inner_cv_score,threshold,seed
13,0.15384615384615385,0.5384615384615384,-0.025365394325808973,-0.025207194713928405,0.030281615515552248,2,0.8076923076923077,0.2727272727272727,0.7621945142224239,867,26,l2,0.0001,liblinear,0.6745467068144861,0.5009314435206443,3
