roc_auc,pr_auc,accuracy,f1,balanced_accuracy,matthews_corrcoef,sensitivity,specificity,precision,pos_LR,sensitivity_at_spec100,fold,n_train,n_val,threshold,best_penalty,best_C,best_solver,best_inner_score
0.6560909090909092,0.5905282488844168,0.6095238095238096,0.6306306306306306,0.6136363636363635,0.23005009380082841,0.7,0.5272727272727272,0.5737704918032787,1.4807692307692306,0.02,1,683,210,0.5060758729825712,l2,0.0001,lbfgs,0.634769972343412
0.68214973850812,0.7957858415889829,0.6108949416342413,0.6621621621621622,0.6344274704101294,0.2524502247815983,0.5664739884393064,0.7023809523809523,0.7967479674796748,1.9033526011560693,0.03468208092485549,2,636,257,0.5148779092587052,l2,0.001,liblinear,0.6733530791143381
0.6127407407407408,0.695743284388588,0.625,0.7058823529411765,0.5933333333333333,0.18946618668626838,0.72,0.4666666666666667,0.6923076923076923,1.3499999999999999,0.013333333333333334,3,773,120,0.49753100875417267,l2,0.0001,liblinear,0.6793708519443247
0.689968814968815,0.7067985306681597,0.651685393258427,0.6990291262135923,0.6434511434511434,0.2858641258300256,0.6923076923076923,0.5945945945945946,0.7058823529411765,1.7076923076923078,0.0,4,715,178,0.5025238856599625,l2,0.0001,liblinear,0.6486268316941552
0.6262458471760798,0.7477598107922581,0.6796875,0.770949720670391,0.6154485049833887,0.24322974436627412,0.8023255813953488,0.42857142857142855,0.7419354838709677,1.4040697674418605,0.0,5,765,128,0.4881475354819251,l1,0.01,liblinear,0.6591799588236097
