accuracy,balanced_accuracy,f1_macro,f1_weighted,mae,adjacent_accuracy,kappa_linear,kappa_quadratic,spearman_r,roc_auc_macro_ovr,roc_auc_weighted_ovr,fold,n_train,n_val,best_penalty,best_C,best_solver,inner_auc_score
0.4881889763779528,0.4862187769164514,0.42540234884732486,0.4340606836933552,0.6220472440944882,0.889763779527559,0.33215735871663454,0.434051059930865,0.477982618810794,0.6586983170900829,0.6529123839748813,1,740,127,l2,0.1,lbfgs,0.6676766918240354
0.44559585492227977,0.46064485538169747,0.4251162417829084,0.44007905355055615,0.7564766839378239,0.7979274611398963,0.1777168203571845,0.1713562830637123,0.23637282967024364,0.6131920868326318,0.6155997700314266,2,674,193,l2,0.1,liblinear,0.6639545005057642
0.3953488372093023,0.3983012559862655,0.36783028334968265,0.37247671311326463,0.8023255813953488,0.8023255813953488,0.1304220398593201,0.15557673975214492,0.23715941308074842,0.598122967981839,0.6027082655716377,3,695,172,l2,0.1,liblinear,0.6718614333695276
0.5345622119815668,0.49088359046283303,0.3962144959391222,0.4648162209817642,0.6497695852534562,0.815668202764977,0.29299627977909737,0.34311778322626596,0.37475002997934803,0.6709242315832017,0.677586133132242,4,650,217,l2,0.01,liblinear,0.6193760881017002
0.4936708860759494,0.5415233415233415,0.4918564527260179,0.47782582488141107,0.6265822784810127,0.879746835443038,0.30818222025652364,0.3483653440905534,0.3830443954796779,0.7084887668406848,0.6989613865171405,5,709,158,l2,0.1,liblinear,0.6339397235747117
