roc_auc,pr_auc,accuracy,f1,balanced_accuracy,matthews_corrcoef,sensitivity,specificity,precision,pos_LR,sensitivity_at_spec100,fold,n_train,n_val,threshold,best_penalty,best_C,best_solver,best_inner_score
0.6875379939209726,0.7109280324000911,0.6666666666666666,0.7111111111111111,0.6620060790273556,0.3196692819900347,0.6857142857142857,0.6382978723404256,0.7384615384615385,1.8957983193277312,0.04285714285714286,1,714,117,0.5211468788985882,l2,0.1,liblinear,0.7217306594168134
0.7228349673202614,0.7561772329221647,0.6988636363636364,0.7464114832535885,0.6919934640522876,0.3780867480837628,0.7222222222222222,0.6617647058823529,0.7722772277227723,2.1352657004830915,0.0,2,655,176,0.5066846862131625,l2,0.1,liblinear,0.7055918338938247
0.7855218855218855,0.8453232398791508,0.7361963190184049,0.7902439024390244,0.7295454545454545,0.4422156218581465,0.75,0.7090909090909091,0.8350515463917526,2.578125,0.06481481481481481,3,668,163,0.5335644960049333,l2,0.1,liblinear,0.6841147597669982
0.7056982872200263,0.7545168482728396,0.6645569620253164,0.736318407960199,0.6370223978919631,0.2921972683340461,0.8043478260869565,0.4696969696969697,0.6788990825688074,1.516770186335404,0.043478260869565216,4,673,158,0.49206919569608193,l2,0.1,liblinear,0.6981213751917703
0.7192133263561835,0.7267579017911585,0.6497695852534562,0.6752136752136753,0.6541514041514042,0.3042694312529168,0.626984126984127,0.6813186813186813,0.7314814814814815,1.967432950191571,0.007936507936507936,5,614,217,0.4853391079342746,l2,0.1,lbfgs,0.7217900299218918
