roc_auc,pr_auc,accuracy,f1,balanced_accuracy,matthews_corrcoef,sensitivity,specificity,precision,pos_LR,sensitivity_at_spec100,fold,n_train,n_val,threshold,best_penalty,best_C,best_solver,best_inner_score
0.6872294372294373,0.760702728254181,0.5740740740740741,0.640625,0.5606060606060606,0.11949999959988838,0.6212121212121212,0.5,0.6612903225806451,1.2424242424242424,0.030303030303030304,1,723,108,0.5226566590563844,l2,0.01,liblinear,0.6909341695463224
0.6018698397280233,0.6505213790037823,0.6096256684491979,0.6784140969162996,0.5924599320058281,0.18271468302338675,0.6637931034482759,0.5211267605633803,0.6936936936936937,1.386156186612576,0.0,2,644,187,0.5120824697446299,l2,0.01,lbfgs,0.7031105377615356
0.6965027147876078,0.7489680255566424,0.6444444444444445,0.6747967479674797,0.6416081124241456,0.2827425244871056,0.6693548387096774,0.6138613861386139,0.680327868852459,1.7334574028122414,0.04838709677419355,3,606,225,0.48370249557351563,l2,0.01,lbfgs,0.6928017693472238
0.6511544011544013,0.7590579103587591,0.6193548387096774,0.6775956284153005,0.6167027417027418,0.22503695781376676,0.6262626262626263,0.6071428571428571,0.7380952380952381,1.5941230486685032,0.08080808080808081,4,676,155,0.5444745714067223,l2,0.01,lbfgs,0.7067012172019652
0.7788410419989368,0.8228479807985473,0.7307692307692307,0.8037383177570093,0.6799574694311536,0.3937440913941626,0.8686868686868687,0.49122807017543857,0.7478260869565218,1.7074190177638453,0.04040404040404041,5,675,156,0.4707229753268865,l2,0.01,liblinear,0.6346525329095212
