n_pairs,pairwise_accuracy,both_correct_rate,mean_delta,median_delta,std_delta,n_positive_delta,per_drug_accuracy,per_drug_roc_auc,per_drug_pr_auc,n_train,n_test,best_penalty,best_C,best_solver,inner_cv_score,threshold,seed
38,0.631578947368421,0.21052631578947367,0.0468480996465673,0.01766018509120454,0.12386753751331007,24,0.5645161290322581,0.6071428571428571,0.6286927486558784,831,62,l2,0.0001,liblinear,0.6857270550033436,0.5008071994800792,2
