roc_auc,pr_auc,accuracy,f1,balanced_accuracy,matthews_corrcoef,sensitivity,specificity,precision,pos_LR,sensitivity_at_spec100,fold,n_train,n_val,threshold,best_penalty,best_C,best_solver,best_inner_score
0.6094224924012158,0.6869694107631112,0.6068376068376068,0.684931506849315,0.5805471124620061,0.1655309456559266,0.7142857142857143,0.44680851063829785,0.6578947368421053,1.2912087912087913,0.07142857142857142,1,714,117,0.5413931296760969,l2,0.01,liblinear,0.6850228524998003
0.6681644880174292,0.7183602128564919,0.5681818181818182,0.5681818181818182,0.599128540305011,0.19825708061002179,0.46296296296296297,0.7352941176470589,0.7352941176470589,1.7489711934156382,0.027777777777777776,2,655,176,0.5537982108588713,l1,0.1,liblinear,0.6619315416972361
0.6947811447811447,0.7581270503663418,0.6932515337423313,0.7619047619047619,0.6703703703703703,0.33292950287242007,0.7407407407407407,0.6,0.7843137254901961,1.8518518518518516,0.0,3,668,163,0.5082295180412536,l2,0.0001,liblinear,0.6441531288290234
0.6996047430830039,0.737914449828249,0.6518987341772152,0.7263681592039801,0.6240118577075099,0.26445257578790465,0.7934782608695652,0.45454545454545453,0.6697247706422018,1.4547101449275364,0.021739130434782608,4,673,158,0.47610901784838716,l2,0.0001,liblinear,0.6576979620041914
0.6343101343101344,0.6771477723983819,0.5944700460829493,0.6140350877192983,0.601953601953602,0.20159953778394682,0.5555555555555556,0.6483516483516484,0.6862745098039216,1.5798611111111114,0.03968253968253968,5,614,217,0.5310250062872515,l2,0.0001,lbfgs,0.6934098686576446
