accuracy,balanced_accuracy,f1_macro,f1_weighted,mae,adjacent_accuracy,kappa_linear,kappa_quadratic,spearman_r,roc_auc_macro_ovr,roc_auc_weighted_ovr,fold,n_train,n_val,best_penalty,best_C,best_solver,inner_auc_score
0.4645669291338583,0.4627619867929946,0.39977943203749655,0.4078955080987085,0.7086614173228346,0.8267716535433071,0.24871828578940447,0.3081551345637856,0.38514420935242316,0.6371969479928161,0.63911802323608,1,740,127,l2,0.01,lbfgs,0.6271211113508609
0.37305699481865284,0.384477240398293,0.30255436599921787,0.3022288546618954,0.844559585492228,0.7823834196891192,0.10058038139348724,0.12287254595300734,0.22307513681472838,0.6233510314262526,0.6232371721390016,2,674,193,l2,0.01,liblinear,0.659091376407408
0.4069767441860465,0.4377880184331797,0.3309922763553245,0.3057709347980694,0.7906976744186046,0.8023255813953488,0.1861953799053716,0.2337526205450734,0.23708385653221742,0.61383331248132,0.6076699463327371,3,695,172,l2,0.001,lbfgs,0.6445478595688576
0.4838709677419355,0.4673913043478261,0.35820075121385164,0.4244733995403104,0.7465437788018433,0.7695852534562212,0.24014352412242768,0.28100260515466524,0.3350827053764568,0.6741127832025194,0.6653307359028904,4,650,217,l2,0.0001,lbfgs,0.6216479076822855
0.3670886075949367,0.45909090909090916,0.3235680751173709,0.25715813870565163,0.7974683544303798,0.8354430379746836,0.19764630017733353,0.2585679637245597,0.352301925154705,0.6671946616583102,0.6544707684788027,5,709,158,l2,0.001,liblinear,0.6368182828771655
