roc_auc,pr_auc,accuracy,f1,balanced_accuracy,matthews_corrcoef,sensitivity,specificity,precision,pos_LR,sensitivity_at_spec100,fold,n_train,n_val,threshold,best_penalty,best_C,best_solver,best_inner_score
0.6018072289156626,0.6612277212968003,0.6010928961748634,0.6604651162790698,0.5899397590361446,0.18531790632407485,0.71,0.46987951807228917,0.6173913043478261,1.3393181818181819,0.04,1,684,183,0.38928061305673545,l2,0.1,liblinear,0.6633362503451001
0.691100191100191,0.7398144191535316,0.6184971098265896,0.6333333333333333,0.6257166257166258,0.24929854602126297,0.5757575757575758,0.6756756756756757,0.7037037037037037,1.7752525252525253,0.04040404040404041,2,694,173,0.4628582467613999,l2,0.01,lbfgs,0.6507200241379513
0.6638474770642202,0.7251085294269897,0.6763005780346821,0.7522123893805309,0.6399082568807339,0.28872848562275594,0.7798165137614679,0.5,0.7264957264957265,1.5596330275229358,0.009174311926605505,3,694,173,0.4617080149201508,l2,0.01,lbfgs,0.6730904700777882
0.6465371621621621,0.7265003211648687,0.6628571428571428,0.7510548523206751,0.6118384009009009,0.23993251604380816,0.8018018018018018,0.421875,0.7063492063492064,1.386900413927441,0.018018018018018018,4,692,175,0.45310881963625493,l2,0.01,lbfgs,0.6757124082869097
0.6711965010934083,0.6851412646322312,0.6748466257668712,0.7579908675799086,0.6323805060918463,0.29952979132619684,0.8556701030927835,0.4090909090909091,0.680327868852459,1.4480570975416338,0.0,5,704,163,0.46520650005737224,l2,0.001,liblinear,0.6476743639047736
