roc_auc,pr_auc,accuracy,f1,balanced_accuracy,matthews_corrcoef,sensitivity,specificity,precision,pos_LR,sensitivity_at_spec100,fold,n_train,n_val,threshold,best_penalty,best_C,best_solver,best_inner_score
0.6807359307359307,0.7715317500895791,0.6902654867256637,0.7741935483870968,0.6396103896103896,0.2813604333402402,0.7792207792207793,0.5,0.7692307692307693,1.5584415584415585,0.012987012987012988,1,718,113,0.5041820865828562,l2,0.01,liblinear,0.7073927606937007
0.7421052631578948,0.838929289939944,0.7168141592920354,0.7808219178082192,0.6957894736842105,0.3828141171781915,0.76,0.631578947368421,0.8028169014084507,2.0628571428571427,0.12,2,718,113,0.4860108589429377,l2,0.1,lbfgs,0.7275717226507532
0.7831730035119865,0.8389152775614535,0.7470588235294118,0.8071748878923767,0.7189647274393037,0.4397123297940174,0.8108108108108109,0.6271186440677966,0.8035714285714286,2.1744471744471747,0.018018018018018018,3,661,170,0.5033473735541694,l2,0.1,liblinear,0.6787628664020977
0.6733299595141701,0.7101209991873861,0.6063829787234043,0.6360655737704918,0.6036943319838057,0.20750946627923825,0.6381578947368421,0.5692307692307692,0.6339869281045751,1.4814379699248121,0.06578947368421052,4,549,282,0.49329368981134486,l2,0.1,liblinear,0.7444155700588244
0.675561797752809,0.7163161258891643,0.6535947712418301,0.7103825136612022,0.6386060393258427,0.28093587869696796,0.7303370786516854,0.546875,0.6914893617021277,1.611778380472685,0.056179775280898875,5,678,153,0.5370680867586858,l2,0.1,liblinear,0.7391563045162652
