roc_auc,pr_auc,accuracy,f1,balanced_accuracy,matthews_corrcoef,sensitivity,specificity,precision,pos_LR,sensitivity_at_spec100,fold,n_train,n_val,threshold,best_penalty,best_C,best_solver,best_inner_score
0.5983471074380166,0.6711478923850833,0.612565445026178,0.6942148760330579,0.5828217237308146,0.1656434474616293,0.6942148760330579,0.4714285714285714,0.6942148760330579,1.313379495197677,0.0,1,702,191,0.4580034508128511,l2,0.01,liblinear,0.6745725053815559
0.6541461085468725,0.7728443756647393,0.6463414634146342,0.7264150943396226,0.6114913257997772,0.22827587267061802,0.7475728155339806,0.47540983606557374,0.7064220183486238,1.4250606796116505,0.1262135922330097,2,729,164,0.4638487095334334,l2,0.01,liblinear,0.6267486918495275
0.6001967051880992,0.6309281813283657,0.5359116022099447,0.5280898876404494,0.5410007376444554,0.08227503382138372,0.47959183673469385,0.6024096385542169,0.5875,1.2062461348175635,0.04081632653061224,3,712,181,0.5186757070837585,l1,0.1,liblinear,0.6600079321639256
0.6662297946701617,0.7354825841837644,0.6918604651162791,0.7579908675799086,0.6664482306684141,0.3340415690973841,0.7614678899082569,0.5714285714285714,0.7545454545454545,1.7767584097859326,0.0,4,721,172,0.4882559626682577,l2,0.01,liblinear,0.645190047336685
0.735202492211838,0.7723100790461631,0.7027027027027027,0.7465437788018433,0.6926072369997603,0.387449239515353,0.7570093457943925,0.6282051282051282,0.7363636363636363,2.0360941024814694,0.009345794392523364,5,708,185,0.4879971417908366,l1,0.1,liblinear,0.6114127772888414
