roc_auc,pr_auc,accuracy,f1,balanced_accuracy,matthews_corrcoef,sensitivity,specificity,precision,pos_LR,sensitivity_at_spec100,fold,n_train,n_val,threshold,best_penalty,best_C,best_solver,best_inner_score
0.6561818181818182,0.5799810764957927,0.6047619047619047,0.6311111111111111,0.6095454545454545,0.2229236938103083,0.71,0.509090909090909,0.568,1.446296296296296,0.0,1,683,210,0.46795961239318773,l2,0.001,liblinear,0.6930186929986293
0.6910955133498486,0.792675867195648,0.6303501945525292,0.7003154574132492,0.6243806771263418,0.2350851191615399,0.6416184971098265,0.6071428571428571,0.7708333333333334,1.6332107199159218,0.046242774566473986,2,636,257,0.5058430906710082,l1,0.01,liblinear,0.6925514463752093
0.709037037037037,0.7909200726178304,0.7,0.7567567567567568,0.6844444444444444,0.3658660434114627,0.7466666666666667,0.6222222222222222,0.7671232876712328,1.9764705882352942,0.08,3,773,120,0.5069317173981946,l2,0.0001,liblinear,0.6966158371584579
0.7257016632016632,0.752712315476171,0.6741573033707865,0.7128712871287128,0.6704781704781705,0.33781059756953385,0.6923076923076923,0.6486486486486487,0.7346938775510204,1.970414201183432,0.009615384615384616,4,715,178,0.5201708555985273,l2,0.001,liblinear,0.6853314468693261
0.7281284606866002,0.8539825111415886,0.703125,0.7840909090909091,0.6511627906976745,0.31069603754116026,0.8023255813953488,0.5,0.7666666666666667,1.6046511627906976,0.18604651162790697,5,765,128,0.5075413721817811,l2,0.001,liblinear,0.6957857898093146
