n_pairs,pairwise_accuracy,both_correct_rate,mean_delta,median_delta,std_delta,n_positive_delta,per_drug_accuracy,per_drug_roc_auc,per_drug_pr_auc,n_train,n_test,best_penalty,best_C,best_solver,inner_cv_score,threshold,seed
38,0.7105263157894737,0.15789473684210525,0.08855147866851173,0.08357290534249284,0.17622540340536652,27,0.5,0.5735294117647058,0.5965357566065401,831,62,l2,0.001,liblinear,0.7082048945792947,0.5133936878053107,3
