roc_auc,pr_auc,accuracy,f1,balanced_accuracy,matthews_corrcoef,sensitivity,specificity,precision,pos_LR,sensitivity_at_spec100,fold,n_train,n_val,threshold,best_penalty,best_C,best_solver,best_inner_score
0.6464955446202951,0.6840164534484322,0.5568181818181818,0.5568181818181818,0.5734805160260673,0.1469610320521346,0.47572815533980584,0.6712328767123288,0.6712328767123288,1.4470064724919094,0.0,1,655,176,0.5749010968614162,l1,0.1,liblinear,0.7127314380445448
0.6639598758060664,0.7054799933120963,0.6439393939393939,0.7151515151515152,0.6187007403869118,0.24423436003381588,0.7468354430379747,0.49056603773584906,0.686046511627907,1.46601031411158,0.0379746835443038,2,699,132,0.47575968609262037,l1,0.01,liblinear,0.6649020327442585
0.7151692708333334,0.7290760642513799,0.6651785714285714,0.6696035242290749,0.6770833333333333,0.35291952135322374,0.59375,0.7604166666666666,0.7676767676767676,2.478260869565217,0.0234375,3,607,224,0.504350051216875,l2,0.0001,liblinear,0.6744571275333826
0.7218137254901961,0.7922830243907291,0.7066666666666667,0.7731958762886598,0.6905637254901962,0.3650757821992449,0.7352941176470589,0.6458333333333334,0.8152173913043478,2.0761245674740487,0.0,4,681,150,0.49665882215614854,l2,0.0001,liblinear,0.661248617915238
0.7048054919908467,0.7207031635010769,0.697986577181208,0.7593582887700535,0.6753432494279177,0.3545616054312434,0.7717391304347826,0.5789473684210527,0.7473684210526316,1.8328804347826089,0.0,5,682,149,0.4853909681527319,l2,0.0001,liblinear,0.669804015603529
