accuracy,balanced_accuracy,f1_macro,f1_weighted,mae,adjacent_accuracy,kappa_linear,kappa_quadratic,spearman_r,roc_auc_macro_ovr,roc_auc_weighted_ovr,fold,n_train,n_val,best_penalty,best_C,best_solver,inner_auc_score
0.3282442748091603,0.338590508667235,0.3276430205949657,0.32813667091725335,0.8625954198473282,0.8091603053435115,0.030265312807075007,0.054046870154609405,0.19396606096858388,0.5650752322443994,0.5600272429739975,1,736,131,l2,0.01,lbfgs,0.6372405575610772
0.4074074074074074,0.3941285767372724,0.3909293676242829,0.4127906010472596,0.7407407407407407,0.8518518518518519,0.17693169092945127,0.2422060387856969,0.23240122653879633,0.573612643037608,0.5862004249101024,2,678,189,l2,0.01,lbfgs,0.6511420365569056
0.4375,0.4442016806722689,0.43481287320528733,0.43867992455566196,0.6875,0.875,0.23650876279715416,0.31397210153212896,0.35682942133017115,0.6280514320955822,0.6297325525892677,3,707,160,l2,0.01,lbfgs,0.6167802053178237
0.5042735042735043,0.4868780926675664,0.4599629164794414,0.4935144892844888,0.6239316239316239,0.8717948717948718,0.2644677919393731,0.29729729729729726,0.39198898881721955,0.6858987859812009,0.6826969923369497,4,633,234,l2,0.001,lbfgs,0.6056806166679886
0.42483660130718953,0.462781568713772,0.4201069201069201,0.4261410731998968,0.7058823529411765,0.869281045751634,0.22210714621975325,0.28314549829049007,0.31931639707338527,0.6387613948297385,0.6394509036678991,5,714,153,l2,0.001,lbfgs,0.6261815874028729
