roc_auc,pr_auc,accuracy,f1,balanced_accuracy,matthews_corrcoef,sensitivity,specificity,precision,pos_LR,sensitivity_at_spec100,fold,n_train,n_val,threshold,best_penalty,best_C,best_solver,best_inner_score
0.6438575430172069,0.6169280761693913,0.6294642857142857,0.6719367588932806,0.6238095238095238,0.2520452546517828,0.7142857142857143,0.5333333333333333,0.6343283582089553,1.530612244897959,0.01680672268907563,1,669,224,0.47519866695412966,l2,0.001,liblinear,0.6667872089114388
0.6006775067750677,0.7240284137161943,0.6939890710382514,0.78125,0.6315040650406504,0.27706810337521814,0.8130081300813008,0.45,0.7518796992481203,1.4781966001478195,0.0,2,710,183,0.49395496106942294,l2,0.0001,liblinear,0.7111020240964332
0.6686185209282152,0.7472965660569941,0.5642857142857143,0.5960264900662252,0.5793754066363045,0.1545669854279446,0.5172413793103449,0.6415094339622641,0.703125,1.4428312159709618,0.06896551724137931,3,753,140,0.5273380973351118,l2,0.0001,liblinear,0.6614283485629091
0.6167763157894737,0.6739734412998022,0.6209150326797386,0.6979166666666666,0.5945723684210527,0.18914473684210525,0.6979166666666666,0.49122807017543857,0.6979166666666666,1.3717672413793103,0.0,4,740,153,0.4876618126885916,l2,0.0001,liblinear,0.6753276276929041
0.7332964601769911,0.772200451688899,0.6528497409326425,0.6598984771573604,0.6688606194690265,0.33557507587820584,0.5752212389380531,0.7625,0.7738095238095238,2.4219841639496966,0.035398230088495575,5,700,193,0.5117675063967657,l2,0.0001,liblinear,0.6632023087689592
