roc_auc,pr_auc,accuracy,f1,balanced_accuracy,matthews_corrcoef,sensitivity,specificity,precision,pos_LR,sensitivity_at_spec100,fold,n_train,n_val,threshold,best_penalty,best_C,best_solver,best_inner_score
0.6778040141676505,0.7220568894747474,0.643979057591623,0.6909090909090909,0.6497638724911452,0.28884659417219,0.628099173553719,0.6714285714285714,0.7676767676767676,1.9116061803808837,0.0,1,702,191,0.5163966825424796,l2,0.0001,liblinear,0.66444772732628
0.6827948432277575,0.7480142844259452,0.6280487804878049,0.6934673366834171,0.6136399809008435,0.22297419501843493,0.6699029126213593,0.5573770491803278,0.71875,1.5134843581445523,0.0,2,729,164,0.5370194973997096,l2,0.001,lbfgs,0.6705519174515235
0.6996557659208261,0.6865973783696542,0.6685082872928176,0.6907216494845361,0.6671379395131547,0.3337429067823263,0.6836734693877551,0.6506024096385542,0.6979166666666666,1.9567206192821955,0.0,3,712,181,0.47831072766843064,l1,0.01,liblinear,0.6460576884649134
0.6625891946992866,0.7482520167480455,0.627906976744186,0.7117117117117117,0.5925440512596476,0.1878437714729439,0.7247706422018348,0.4603174603174603,0.6991150442477876,1.3429573664328114,0.0,4,721,172,0.4820952730631312,l1,0.01,liblinear,0.6981014754644426
0.6853582554517134,0.7058403312946,0.6270270270270271,0.6310160427807486,0.6410855499640546,0.2812626590443567,0.5514018691588785,0.7307692307692307,0.7375,2.0480640854472627,0.009345794392523364,5,708,185,0.5677787819538538,l2,0.001,liblinear,0.6642463513683825
