accuracy,balanced_accuracy,f1_macro,f1_weighted,mae,adjacent_accuracy,kappa_linear,kappa_quadratic,spearman_r,roc_auc_macro_ovr,roc_auc_weighted_ovr,fold,n_train,n_val,best_penalty,best_C,best_solver,inner_auc_score
0.37815126050420167,0.44703703703703707,0.3582004986024024,0.3333338623656761,0.8319327731092437,0.7899159663865546,0.15079651120882287,0.16532504825118854,0.27392969528449834,0.6191419217251878,0.6039165837252053,1,748,119,l2,0.001,liblinear,0.6367396121781795
0.366412213740458,0.4330659923880263,0.3414195867026056,0.30767964571795764,0.8473282442748091,0.7862595419847328,0.14126262327998584,0.16048198319198748,0.22310765653748355,0.6335912017102143,0.6315348437195433,2,736,131,l2,0.001,liblinear,0.6363701227726637
0.4,0.419747397166752,0.3721173619271445,0.36622453255685355,0.8588235294117647,0.7411764705882353,0.12377321189013624,0.12490650710545992,0.179835572050438,0.6019714172992637,0.5975340826257813,3,697,170,l2,0.001,liblinear,0.6555734063506575
0.46382978723404256,0.42206808578489996,0.3578701559363903,0.406177899539779,0.7574468085106383,0.7787234042553192,0.18517219884681324,0.2181453515809344,0.293387771858946,0.6109423815451939,0.614281219214774,4,632,235,l2,0.001,liblinear,0.6456324494353398
0.49056603773584906,0.48099747964099565,0.3754233188195452,0.3921301494281202,0.660377358490566,0.8490566037735849,0.2661094901340191,0.329509162506589,0.42382422714449364,0.6848281513047882,0.6775920739839725,5,655,212,l2,0.0001,liblinear,0.6218804245106082
