n_pairs,pairwise_accuracy,both_correct_rate,mean_delta,median_delta,std_delta,n_positive_delta,per_drug_accuracy,per_drug_roc_auc,per_drug_pr_auc,n_train,n_test,best_penalty,best_C,best_solver,inner_cv_score,threshold,seed
13,0.5384615384615384,0.5384615384615384,-0.020201451933761792,0.00029827449799602057,0.10749269081162187,7,0.8076923076923077,0.3295454545454546,0.7872486267765364,867,26,l2,0.0001,liblinear,0.6998690947807098,0.48631174370293456,0
