roc_auc,pr_auc,accuracy,f1,balanced_accuracy,matthews_corrcoef,sensitivity,specificity,precision,pos_LR,sensitivity_at_spec100,fold,n_train,n_val,threshold,best_penalty,best_C,best_solver,best_inner_score
0.7015455012373348,0.7393754282469667,0.6442953020134228,0.6900584795321637,0.6391184573002755,0.27486932408439163,0.6666666666666666,0.6115702479338843,0.7151515151515152,1.7163120567375885,0.005649717514124294,1,595,298,0.5603773610132932,l2,0.001,liblinear,0.6875503066806419
0.7078893962455606,0.7691494796565083,0.6961325966850829,0.7619047619047619,0.6676813800101471,0.352550707460306,0.8148148148148148,0.5205479452054794,0.7154471544715447,1.6994708994708994,0.06481481481481481,2,712,181,0.3755764509896924,l1,1.0,liblinear,0.6306952457739767
0.573258426966292,0.6678062868892984,0.6187050359712231,0.7135135135135136,0.5707865168539326,0.14699098482938722,0.7415730337078652,0.4,0.6875,1.2359550561797754,0.0,3,754,139,0.5144636557257861,l2,0.001,lbfgs,0.733737993034884
0.6976623376623377,0.7314100186205585,0.6777777777777778,0.7264150943396226,0.6714285714285715,0.3372959892391542,0.7,0.6428571428571429,0.7549019607843137,1.9600000000000002,0.0,4,713,180,0.4969379334546316,l2,0.001,liblinear,0.6972827450741784
0.7226738934056007,0.7003021532446179,0.5789473684210527,0.5652173913043478,0.5943992773261065,0.1908790423082963,0.48148148148148145,0.7073170731707317,0.6842105263157895,1.6450617283950615,0.0,5,798,95,0.544673932673705,l1,0.01,liblinear,0.6797860262614112
