accuracy,balanced_accuracy,f1_macro,f1_weighted,mae,adjacent_accuracy,kappa_linear,kappa_quadratic,spearman_r,roc_auc_macro_ovr,roc_auc_weighted_ovr,fold,n_train,n_val,best_penalty,best_C,best_solver,inner_auc_score
0.43359375,0.4159428346420216,0.40778526636372336,0.43809106398983266,0.7109375,0.85546875,0.17815564806321882,0.23437463492137667,0.17914902813683156,0.5898075281153133,0.586968869784756,1,611,256,l2,0.01,lbfgs,0.6306900174901283
0.4296875,0.4489107737456967,0.4287878787878788,0.4311789772727273,0.71875,0.8515625,0.19847536074053906,0.23893157702158796,0.21185535854443857,0.6048662543717205,0.601469164414614,2,739,128,l2,0.001,lbfgs,0.6276323190314197
0.5398773006134969,0.5369256474519633,0.5303075561455913,0.5421940507290495,0.558282208588957,0.901840490797546,0.32592592592592595,0.35734205212039616,0.359860061930747,0.6492141085646694,0.6419307051293038,3,704,163,l2,0.001,lbfgs,0.6157691490113525
0.4556213017751479,0.48390151515151514,0.4555941845764855,0.4548077858152739,0.7218934911242604,0.8224852071005917,0.21154875717017207,0.22021093195416286,0.30316934308946997,0.6786711066607444,0.670228925629052,4,698,169,l2,0.001,lbfgs,0.6128105286118817
0.44370860927152317,0.4497387669801463,0.442400669072351,0.4465123393770717,0.6556291390728477,0.9006622516556292,0.21957713390759592,0.28952839479155257,0.2686615637330589,0.6486651317423738,0.6330548456343683,5,716,151,l2,0.001,lbfgs,0.6271773422182065
