accuracy,balanced_accuracy,f1_macro,f1_weighted,mae,adjacent_accuracy,kappa_linear,kappa_quadratic,spearman_r,roc_auc_macro_ovr,roc_auc_weighted_ovr,fold,n_train,n_val,best_penalty,best_C,best_solver,inner_auc_score
0.46218487394957986,0.4679629629629629,0.4520193455184976,0.4652589809241956,0.6722689075630253,0.865546218487395,0.21008961168270823,0.22879296377734049,0.22556679224272486,0.6648423840775038,0.6656942857525865,1,748,119,l2,0.001,lbfgs,0.6498081082766476
0.5190839694656488,0.5211173007783177,0.5075930567158639,0.5226546008787873,0.648854961832061,0.8320610687022901,0.23275683869634123,0.18358374800715005,0.3066016866105585,0.6920784663375988,0.690481505690007,2,736,131,l2,0.001,lbfgs,0.6383079724988014
0.4294117647058823,0.4313022700119474,0.42505481168271864,0.4268618123782283,0.7294117647058823,0.8411764705882353,0.17630509534229455,0.21029281277728484,0.2397226796689582,0.6163091352920315,0.609878582045487,3,697,170,l2,0.001,lbfgs,0.6651930471788485
0.4297872340425532,0.4206878338515507,0.41442497063747386,0.4317874125213728,0.7276595744680852,0.8425531914893617,0.1419511882646851,0.1766178047908472,0.28097170009641653,0.6462960600822578,0.63570025309914,4,632,235,l2,0.01,lbfgs,0.6572199259061953
0.4481132075471698,0.4528671726175795,0.4350909400756027,0.45291821005517613,0.7028301886792453,0.8490566037735849,0.16203310696095075,0.16321992439404054,0.22971370889930137,0.6408723326256557,0.6334063838101913,5,655,212,l2,0.001,lbfgs,0.651400294212529
