roc_auc,pr_auc,accuracy,f1,balanced_accuracy,matthews_corrcoef,sensitivity,specificity,precision,pos_LR,sensitivity_at_spec100,fold,n_train,n_val,threshold,best_penalty,best_C,best_solver,best_inner_score
0.6526363636363637,0.5890357470253103,0.6190476190476191,0.6638655462184874,0.6268181818181818,0.26687142172069545,0.79,0.4636363636363636,0.572463768115942,1.4728813559322034,0.02,1,683,210,0.4764504185763436,l2,0.0001,liblinear,0.6429067342245214
0.6566886870355078,0.7693950444755717,0.6381322957198443,0.7120743034055728,0.6240366088631984,0.2360505714209158,0.6647398843930635,0.5833333333333334,0.7666666666666667,1.5953757225433527,0.057803468208092484,2,636,257,0.4845436662145741,l2,0.001,liblinear,0.6805092890407584
0.6761481481481482,0.7369418192519341,0.6166666666666667,0.6891891891891891,0.5955555555555556,0.18954505863485419,0.68,0.5111111111111111,0.6986301369863014,1.3909090909090909,0.013333333333333334,3,773,120,0.501594938869244,l2,0.0001,liblinear,0.6761088523849341
0.6699584199584199,0.6810703572103328,0.6573033707865169,0.6934673366834171,0.6560550935550935,0.3083469270957943,0.6634615384615384,0.6486486486486487,0.7263157894736842,1.8883136094674557,0.009615384615384616,4,715,178,0.5062300982880509,l2,0.0001,liblinear,0.6490347842637767
0.6652823920265781,0.7766960039272686,0.71875,0.8064516129032258,0.6384274640088594,0.31444675225915136,0.872093023255814,0.40476190476190477,0.75,1.4651162790697674,0.03488372093023256,5,765,128,0.47776749157279375,l2,0.0001,liblinear,0.6777430804898513
