roc_auc,pr_auc,accuracy,f1,balanced_accuracy,matthews_corrcoef,sensitivity,specificity,precision,pos_LR,sensitivity_at_spec100,fold,n_train,n_val,threshold,best_penalty,best_C,best_solver,best_inner_score
0.6355371900826448,0.72242527414433,0.6073298429319371,0.6696035242290749,0.5997638724911452,0.19345617823943742,0.628099173553719,0.5714285714285714,0.7169811320754716,1.465564738292011,0.0,1,702,191,0.5383823367615789,l2,0.01,lbfgs,0.6757441352137216
0.6910711443577909,0.7350395329655042,0.6951219512195121,0.7685185185185185,0.657010982014961,0.32788326088121716,0.8058252427184466,0.5081967213114754,0.7345132743362832,1.6385113268608413,0.0,2,729,164,0.48161465099758016,l2,0.0001,liblinear,0.6717196668474095
0.696459306614212,0.7274423296944477,0.6187845303867403,0.649746192893401,0.615687238750922,0.2316023765745781,0.6530612244897959,0.5783132530120482,0.6464646464646465,1.5486880466472301,0.0,3,712,181,0.5197176809284958,l2,0.01,liblinear,0.6751381829871158
0.6736566186107471,0.7397958997228784,0.627906976744186,0.6981132075471698,0.6092908111256735,0.2148592279349403,0.6788990825688074,0.5396825396825397,0.7184466019417476,1.474849731097754,0.009174311926605505,4,721,172,0.5258891241569472,l2,0.0001,liblinear,0.7035966450331494
0.7078840162952312,0.7085569413873847,0.6486486486486487,0.6596858638743456,0.6597771387491014,0.3169447012792444,0.5887850467289719,0.7307692307692307,0.75,2.186915887850467,0.0,5,708,185,0.5074559422610744,l1,0.01,liblinear,0.6502224512892992
