accuracy,balanced_accuracy,f1_macro,f1_weighted,mae,adjacent_accuracy,kappa_linear,kappa_quadratic,spearman_r,roc_auc_macro_ovr,roc_auc_weighted_ovr,fold,n_train,n_val,best_penalty,best_C,best_solver,inner_auc_score
0.3697478991596639,0.46166666666666667,0.31884057971014496,0.2694556083302886,0.8067226890756303,0.8235294117647058,0.2058946197692202,0.2651033742056744,0.36003878593579514,0.6591200688835127,0.6413673650694609,1,748,119,l2,0.1,liblinear,0.6135075029627198
0.366412213740458,0.4330659923880263,0.3417522968084766,0.30836087890723796,0.8473282442748091,0.7862595419847328,0.14247803267087356,0.16202551039950974,0.2141603528082641,0.6198852702432026,0.6155474801935378,2,736,131,l2,1.0,lbfgs,0.6162137812733833
0.4,0.42635261990100703,0.34246808149045105,0.3288925461204812,0.8235294117647058,0.7764705882352941,0.16986396930589454,0.20879120879120883,0.2642163948533601,0.6214971958363176,0.6160903345346447,3,697,170,l1,1.0,liblinear,0.6304352022949348
0.35319148936170214,0.3542463924101092,0.2828577706626487,0.31301180341138823,0.9446808510638298,0.7021276595744681,0.050418638514743375,0.07149094084261087,0.14710678439963357,0.5570357769824695,0.5583294782500489,4,632,235,l1,1.0,liblinear,0.6381980822726211
0.4386792452830189,0.41386150474593236,0.3495807084214733,0.3780479712476792,0.7216981132075472,0.839622641509434,0.18053660754888579,0.243248481715984,0.3759843601121808,0.6170134624894222,0.6166458699371488,5,655,212,l1,1.0,liblinear,0.6285291510237998
