roc_auc,pr_auc,accuracy,f1,balanced_accuracy,matthews_corrcoef,sensitivity,specificity,precision,pos_LR,sensitivity_at_spec100,fold,n_train,n_val,threshold,best_penalty,best_C,best_solver,best_inner_score
0.6960384153661465,0.716159796551778,0.6383928571428571,0.6666666666666666,0.6355742296918767,0.2721851511071801,0.680672268907563,0.5904761904761905,0.6532258064516129,1.662106703146375,0.03361344537815126,1,669,224,0.484987042562403,l2,0.001,liblinear,0.6529668737003917
0.5995934959349594,0.7329959031414908,0.6612021857923497,0.7633587786259542,0.5815040650406504,0.17906211425073126,0.8130081300813008,0.35,0.7194244604316546,1.2507817385866165,0.008130081300813009,2,710,183,0.45343916851196153,l2,0.001,liblinear,0.6703352161362789
0.6712209932769464,0.72089327783765,0.6428571428571429,0.691358024691358,0.6425937974409022,0.277358117951789,0.6436781609195402,0.6415094339622641,0.7466666666666667,1.7955232909860857,0.0,3,753,140,0.4628734844936579,l2,0.01,liblinear,0.6608276888000232
0.6069078947368421,0.722325119782766,0.5751633986928104,0.6733668341708543,0.5331688596491228,0.0683801369348992,0.6979166666666666,0.3684210526315789,0.6504854368932039,1.1050347222222223,0.052083333333333336,4,740,153,0.47430390734275457,l2,0.001,liblinear,0.6794919477396115
0.7414823008849558,0.7607592530128235,0.694300518134715,0.7330316742081447,0.6896570796460177,0.3764106730611898,0.7168141592920354,0.6625,0.75,2.1238938053097343,0.017699115044247787,5,700,193,0.47014706305527465,l2,0.001,liblinear,0.6518851685494116
