roc_auc,pr_auc,accuracy,f1,balanced_accuracy,matthews_corrcoef,sensitivity,specificity,precision,pos_LR,sensitivity_at_spec100,fold,n_train,n_val,threshold,best_penalty,best_C,best_solver,best_inner_score
0.6889020070838253,0.7692813019621815,0.6387434554973822,0.684931506849315,0.6456316410861865,0.280784372124764,0.6198347107438017,0.6714285714285714,0.7653061224489796,1.8864534674811353,0.0,1,702,191,0.5605505465331563,l2,0.001,lbfgs,0.6671515914118193
0.7090561833519019,0.7859563312500126,0.6707317073170732,0.73,0.6576476205634252,0.3100114091563275,0.7087378640776699,0.6065573770491803,0.7525773195876289,1.8013754045307444,0.0,2,729,164,0.4964839310213506,l2,0.001,lbfgs,0.6877282068104916
0.6980575362675191,0.7295278999001766,0.6408839779005525,0.6368715083798883,0.6462380132776002,0.29308922232624857,0.5816326530612245,0.7108433734939759,0.7037037037037037,2.0114795918367343,0.07142857142857142,3,712,181,0.5397575501563782,l2,0.001,liblinear,0.6884995786309415
0.7126838502985292,0.7957737564145938,0.6802325581395349,0.7488584474885844,0.6539245667686036,0.30890808270860454,0.7522935779816514,0.5555555555555556,0.7454545454545455,1.6926605504587158,0.01834862385321101,4,721,172,0.5139172089575739,l2,0.001,liblinear,0.7052092600722011
0.7072849269110951,0.705985726847822,0.6432432432432432,0.6826923076923077,0.6394680086268871,0.27665814194903676,0.6635514018691588,0.6153846153846154,0.7029702970297029,1.7252336448598131,0.0,5,708,185,0.4952993878787106,l2,0.0001,liblinear,0.6686062457779778
