accuracy,balanced_accuracy,f1_macro,f1_weighted,mae,adjacent_accuracy,kappa_linear,kappa_quadratic,spearman_r,roc_auc_macro_ovr,roc_auc_weighted_ovr,fold,n_train,n_val,best_penalty,best_C,best_solver,inner_auc_score
0.3700787401574803,0.38670686190066034,0.37165261034076114,0.36994589807492523,0.7086614173228346,0.9212598425196851,0.20226130653266328,0.34817095931317654,0.35472033069090875,0.5560119967080289,0.5530448407619433,1,740,127,l2,0.01,lbfgs,0.6611207226442091
0.43005181347150256,0.45320649596965384,0.40533002736268914,0.4060130790758603,0.7253886010362695,0.844559585492228,0.19678953626634954,0.240904621435595,0.3206485805834857,0.6319603120371635,0.621913520372872,2,674,193,l2,0.001,liblinear,0.6610961370556294
0.37209302325581395,0.409701515014608,0.3230799653936473,0.3024754464478189,0.8430232558139535,0.7848837209302325,0.14260176017601744,0.18516916154711427,0.2727969184712077,0.6076589365725988,0.6017502845991217,3,695,172,l2,0.0001,liblinear,0.6552878228406744
0.5714285714285714,0.5565918653576437,0.46260316727131584,0.5209736465946835,0.5944700460829493,0.8341013824884793,0.373464043510374,0.4218242553586341,0.463236059329854,0.7353206897928625,0.7342179299275753,4,650,217,l2,0.0001,liblinear,0.6000695974732476
0.45569620253164556,0.49686732186732185,0.4567693744164332,0.44504485338439176,0.689873417721519,0.8544303797468354,0.23532545955066164,0.25882210519944315,0.3351709751422918,0.664385393784368,0.6491632024708844,5,709,158,l2,0.001,liblinear,0.6621956027850457
