roc_auc,pr_auc,accuracy,f1,balanced_accuracy,matthews_corrcoef,sensitivity,specificity,precision,pos_LR,sensitivity_at_spec100,fold,n_train,n_val,threshold,best_penalty,best_C,best_solver,best_inner_score
0.6571428571428571,0.7395072258180457,0.6153846153846154,0.6896551724137931,0.5911854103343466,0.18637944944384063,0.7142857142857143,0.46808510638297873,0.6666666666666666,1.342857142857143,0.1,1,714,117,0.48832427418030544,l2,0.0001,liblinear,0.6847592851280064
0.7226307189542484,0.7297000529827278,0.5965909090909091,0.6120218579234973,0.6195533769063181,0.23543274100535017,0.5185185185185185,0.7205882352941176,0.7466666666666667,1.8557504873294346,0.009259259259259259,2,655,176,0.5489779931329198,l2,0.001,liblinear,0.6694703243616287
0.6856902356902357,0.7474555982447448,0.7177914110429447,0.7889908256880734,0.6799663299663299,0.3633123834693305,0.7962962962962963,0.5636363636363636,0.7818181818181819,1.8248456790123455,0.0,3,668,163,0.4767979179248697,l2,0.0001,liblinear,0.6697703023534449
0.607213438735178,0.6524159648371504,0.6139240506329114,0.6702702702702703,0.6021080368906455,0.20467163133440203,0.6739130434782609,0.5303030303030303,0.6666666666666666,1.434782608695652,0.010869565217391304,4,673,158,0.5073356430770114,l2,0.001,liblinear,0.6867288575858566
0.6634397348683063,0.681363118469697,0.6405529953917051,0.723404255319149,0.6080586080586081,0.23722918489130526,0.8095238095238095,0.4065934065934066,0.6538461538461539,1.3641975308641976,0.015873015873015872,5,614,217,0.4603239412410455,l2,0.0001,lbfgs,0.6887827084232375
