accuracy,balanced_accuracy,f1_macro,f1_weighted,mae,adjacent_accuracy,kappa_linear,kappa_quadratic,spearman_r,roc_auc_macro_ovr,roc_auc_weighted_ovr,fold,n_train,n_val,best_penalty,best_C,best_solver,inner_auc_score
0.36134453781512604,0.4461728395061728,0.3171654387528162,0.2731220825974099,0.8319327731092437,0.8067226890756303,0.17366907484042926,0.21841735743081037,0.315401720075383,0.645897997308806,0.637963210725049,1,748,119,l2,0.01,lbfgs,0.6256999678071907
0.3893129770992366,0.4749581868225936,0.3406506192220478,0.28555270610886757,0.7786259541984732,0.8320610687022901,0.2219634330965412,0.28113959257310384,0.3145163563111246,0.6386296103700567,0.6239546902951909,2,736,131,l2,0.01,lbfgs,0.6270961043289833
0.40588235294117647,0.43596176821983273,0.33204134366925064,0.3136798905608755,0.8176470588235294,0.7764705882352941,0.1813898704358069,0.22270426608821414,0.29550842937223076,0.613705870936903,0.6069394254067151,3,697,170,l2,0.001,liblinear,0.615353981188192
0.4553191489361702,0.41860832071009063,0.3469208556927856,0.38927431670992696,0.7829787234042553,0.7617021276595745,0.1561609617110964,0.1808761186999529,0.27837876926255534,0.6332386938030502,0.6344181742947307,4,632,235,l1,0.1,liblinear,0.6346788572646328
0.3915094339622642,0.37771208715321575,0.3023170093877165,0.33211359912331895,0.8537735849056604,0.7547169811320755,0.0898050192134352,0.10832349468713098,0.23904365399342412,0.567696894862734,0.5668517942286718,5,655,212,l2,0.01,liblinear,0.6446067648997456
