n_pairs,pairwise_accuracy,both_correct_rate,mean_delta,median_delta,std_delta,n_positive_delta,per_drug_accuracy,per_drug_roc_auc,per_drug_pr_auc,n_train,n_test,best_penalty,best_C,best_solver,inner_cv_score,threshold,seed
13,0.23076923076923078,0.5384615384615384,-0.02947033786243934,-0.025797800816037664,0.05199476097369961,3,0.8076923076923077,0.2727272727272727,0.7621945142224239,867,26,l2,0.001,liblinear,0.6807627478227619,0.531516511949558,4
