roc_auc,pr_auc,accuracy,f1,balanced_accuracy,matthews_corrcoef,sensitivity,specificity,precision,pos_LR,sensitivity_at_spec100,fold,n_train,n_val,threshold,best_penalty,best_C,best_solver,best_inner_score
0.6572349068496989,0.7447746368386592,0.6241610738255033,0.6646706586826348,0.6234766774057992,0.24290411162531614,0.6271186440677966,0.6198347107438017,0.7070063694267515,1.6495946941783348,0.03389830508474576,1,595,298,0.5189151689625724,l2,0.01,liblinear,0.6433780932342993
0.7061136478944698,0.7879386725921872,0.6408839779005525,0.6948356807511737,0.6302638254693049,0.25895582572647846,0.6851851851851852,0.5753424657534246,0.7047619047619048,1.613500597371565,0.10185185185185185,2,712,181,0.5122302352144189,l2,0.1,liblinear,0.6136593587244092
0.56,0.6921955378061765,0.5683453237410072,0.6666666666666666,0.5270786516853933,0.054663284381959464,0.6741573033707865,0.38,0.6593406593406593,1.0873504893077202,0.0,3,754,139,0.5480603367803335,l2,0.1,liblinear,0.661321733204016
0.6507792207792207,0.6996566504223811,0.6166666666666667,0.6933333333333334,0.5902597402597403,0.18321618640140752,0.7090909090909091,0.4714285714285714,0.6782608695652174,1.3415233415233416,0.0,4,713,180,0.4881946994335358,l2,1.0,liblinear,0.6604458615966176
0.7208672086720868,0.7228119468447876,0.6526315789473685,0.6732673267326733,0.6562782294489612,0.309633354986357,0.6296296296296297,0.6829268292682927,0.723404255319149,1.985754985754986,0.05555555555555555,5,798,95,0.5070268308226905,l2,1.0,liblinear,0.6428530351368064
