accuracy,balanced_accuracy,f1_macro,f1_weighted,mae,adjacent_accuracy,kappa_linear,kappa_quadratic,spearman_r,roc_auc_macro_ovr,roc_auc_weighted_ovr,fold,n_train,n_val,best_penalty,best_C,best_solver,inner_auc_score
0.4094488188976378,0.4387022681596324,0.40530095702509494,0.4031157547312856,0.7637795275590551,0.8267716535433071,0.18799024454551438,0.23757823476816964,0.290859686683843,0.603521356561373,0.5980171884318725,1,740,127,l2,0.0001,lbfgs,0.6397804188518785
0.43523316062176165,0.43140706495969655,0.42149505145179256,0.43727698591422065,0.6735751295336787,0.8911917098445595,0.19048848164160803,0.25183682668469687,0.2721600874916401,0.615020869369961,0.6077522100379634,2,674,193,l2,0.001,lbfgs,0.6618927842152301
0.42441860465116277,0.44954971235806146,0.42451055174167296,0.4181576286520142,0.7151162790697675,0.8604651162790697,0.20965331739390314,0.2674105808508519,0.22706002109377021,0.5917925356848507,0.5876982029598309,3,695,172,l2,0.001,lbfgs,0.6567817179758246
0.4930875576036866,0.5430458158017766,0.4834077413518916,0.5062136948270796,0.6820276497695853,0.8248847926267281,0.2975503062117235,0.32694544447521456,0.43965612205992227,0.7253876712069726,0.7193236059128496,4,650,217,l2,0.0001,lbfgs,0.6135840480667614
0.5316455696202531,0.5378378378378379,0.5268700072621642,0.5344033534651554,0.5632911392405063,0.9050632911392406,0.3143832276938079,0.34528866912737655,0.34775008077401204,0.6831085679937153,0.6723851774361888,5,709,158,l2,0.001,lbfgs,0.6461274196473447
