roc_auc,pr_auc,accuracy,f1,balanced_accuracy,matthews_corrcoef,sensitivity,specificity,precision,pos_LR,sensitivity_at_spec100,fold,n_train,n_val,threshold,best_penalty,best_C,best_solver,best_inner_score
0.7354838709677418,0.8130467284851539,0.6815642458100558,0.7510917030567685,0.6740469208211144,0.3261204387156514,0.6935483870967742,0.6545454545454545,0.819047619047619,2.007640067911715,0.016129032258064516,1,714,179,0.5152062632944797,l2,0.0001,liblinear,0.681305382377855
0.6933103787506149,0.7141683540465509,0.6199095022624435,0.6440677966101694,0.618380062305296,0.23793337324541122,0.6666666666666666,0.5700934579439252,0.6229508196721312,1.5507246376811592,0.07017543859649122,2,672,221,0.4965826282650151,l2,0.0001,lbfgs,0.6645623953964411
0.7360190829578585,0.8072927682904808,0.6587301587301587,0.7189542483660131,0.6428571428571428,0.2846974386589162,0.7142857142857143,0.5714285714285714,0.7236842105263158,1.6666666666666665,0.012987012987012988,3,767,126,0.5262241802612743,l2,0.0001,liblinear,0.6562997570869017
0.6401630988786953,0.724332587679213,0.627906976744186,0.6831683168316832,0.6260375709916994,0.2437016806601102,0.6330275229357798,0.6190476190476191,0.7419354838709677,1.661697247706422,0.0,4,721,172,0.563366461185624,l2,0.0001,liblinear,0.704255733540265
0.6854017760450509,0.6985917719262211,0.6307692307692307,0.6697247706422018,0.6288174139051332,0.2544849719468941,0.6403508771929824,0.6172839506172839,0.7019230769230769,1.6731748726655347,0.017543859649122806,5,698,195,0.5157325142906015,l2,0.0001,liblinear,0.715997154062399
