roc_auc,pr_auc,accuracy,f1,balanced_accuracy,matthews_corrcoef,sensitivity,specificity,precision,pos_LR,sensitivity_at_spec100,fold,n_train,n_val,threshold,best_penalty,best_C,best_solver,best_inner_score
0.594313063063063,0.7095836368311061,0.6065573770491803,0.7073170731707317,0.5585585585585585,0.13006504879066058,0.7837837837837838,0.3333333333333333,0.6444444444444445,1.1756756756756754,0.02702702702702703,1,745,122,0.47006961691032184,l2,0.001,liblinear,0.6721963034040949
0.7277777777777779,0.7639451206603813,0.728,0.7926829268292683,0.6951388888888889,0.3990189325459795,0.8125,0.5777777777777777,0.7738095238095238,1.9243421052631577,0.0125,2,742,125,0.4712019036172333,l2,0.001,lbfgs,0.6432506689083398
0.6910204691468698,0.720711543689879,0.6127659574468085,0.6513409961685823,0.6120947258329598,0.22099325468363673,0.6159420289855072,0.6082474226804123,0.6910569105691057,1.572273073989321,0.0,3,632,235,0.47744565144634643,l2,0.001,liblinear,0.6483766648188005
0.6137078824161486,0.6648943679294865,0.6,0.5855855855855856,0.6133241231099854,0.22919553197137918,0.5038759689922481,0.7227722772277227,0.6989247311827957,1.8175526024363233,0.007751937984496124,4,637,230,0.5170495046238063,l2,0.001,lbfgs,0.670406102109575
0.6843859649122808,0.7466331427585373,0.6774193548387096,0.7282608695652174,0.6692982456140351,0.3335438290268344,0.7052631578947368,0.6333333333333333,0.7528089887640449,1.9234449760765548,0.05263157894736842,5,712,155,0.49206426366233463,l1,0.1,liblinear,0.6612103879495959
