roc_auc,pr_auc,accuracy,f1,balanced_accuracy,matthews_corrcoef,sensitivity,specificity,precision,pos_LR,sensitivity_at_spec100,fold,n_train,n_val,threshold,best_penalty,best_C,best_solver,best_inner_score
0.5850602409638553,0.6470098743047468,0.546448087431694,0.5786802030456852,0.5440361445783133,0.08785029779689625,0.57,0.5180722891566265,0.5876288659793815,1.18275,0.07,1,684,183,0.497556121369034,l2,0.001,lbfgs,0.6340993498720191
0.6247611247611248,0.6635073962428316,0.5780346820809249,0.5966850828729282,0.5835380835380835,0.1655466276982751,0.5454545454545454,0.6216216216216216,0.6585365853658537,1.4415584415584413,0.010101010101010102,2,694,173,0.49512435240826425,l2,0.001,lbfgs,0.6266166045029335
0.6493692660550459,0.7282502203042502,0.5722543352601156,0.6063829787234043,0.5895928899082569,0.17367179963978463,0.5229357798165137,0.65625,0.7215189873417721,1.5212677231025855,0.01834862385321101,3,694,173,0.5121366859667608,l2,0.001,lbfgs,0.6301622865465208
0.6699042792792793,0.7328272404615365,0.6742857142857143,0.7420814479638009,0.6506193693693694,0.30026815542272406,0.7387387387387387,0.5625,0.7454545454545455,1.6885456885456886,0.0,4,692,175,0.46544957568313355,l2,0.001,liblinear,0.6271128056663992
0.6640112464854733,0.7287514803027242,0.6380368098159509,0.7121951219512195,0.6111371446422993,0.2307564466095132,0.7525773195876289,0.4696969696969697,0.6759259259259259,1.4191458026509574,0.05154639175257732,5,704,163,0.4986695986487343,l2,0.001,lbfgs,0.6266845171579797
