roc_auc,pr_auc,accuracy,f1,balanced_accuracy,matthews_corrcoef,sensitivity,specificity,precision,pos_LR,sensitivity_at_spec100,fold,n_train,n_val,threshold,best_penalty,best_C,best_solver,best_inner_score
0.7420634920634921,0.8535130973135744,0.6637168141592921,0.7285714285714285,0.6645021645021645,0.3086334179624075,0.6623376623376623,0.6666666666666666,0.8095238095238095,1.987012987012987,0.06493506493506493,1,718,113,0.5024130417831933,l1,0.1,liblinear,0.651438716366443
0.6894736842105263,0.7901797785566438,0.6991150442477876,0.7875,0.6305263157894736,0.28566828466480976,0.84,0.42105263157894735,0.7411764705882353,1.4509090909090907,0.02666666666666667,2,718,113,0.4535673409883019,l1,0.1,liblinear,0.6806589533496293
0.7291189494579325,0.7804215990200112,0.6941176470588235,0.7570093457943925,0.6784241868987632,0.3476283631308564,0.7297297297297297,0.6271186440677966,0.7864077669902912,1.957002457002457,0.02702702702702703,3,661,170,0.49277826279947246,l1,0.1,liblinear,0.6602842178409676
0.6406376518218623,0.6487912401719821,0.6205673758865248,0.6192170818505338,0.6246457489878543,0.2494367083678691,0.5723684210526315,0.676923076923077,0.6744186046511628,1.7716165413533835,0.0,4,549,282,0.4822818855789132,l1,0.1,liblinear,0.6917299385624445
0.6882022471910112,0.7568101235685403,0.6470588235294118,0.6707317073170732,0.6527387640449438,0.30142989684819804,0.6179775280898876,0.6875,0.7333333333333333,1.9775280898876404,0.0898876404494382,5,678,153,0.5155425770132961,l1,0.1,liblinear,0.6599442972989811
