roc_auc,pr_auc,accuracy,f1,balanced_accuracy,matthews_corrcoef,sensitivity,specificity,precision,pos_LR,sensitivity_at_spec100,fold,n_train,n_val,threshold,best_penalty,best_C,best_solver,best_inner_score
0.6953981592637055,0.6766013232639887,0.6205357142857143,0.6082949308755761,0.6249299719887955,0.2513428053282063,0.5546218487394958,0.6952380952380952,0.673469387755102,1.8198529411764706,0.0,1,669,224,0.5712243514877251,l2,0.001,lbfgs,0.7100854689720919
0.6086720867208671,0.7164086474213356,0.6666666666666666,0.7569721115537849,0.6111788617886179,0.2276638472137367,0.7723577235772358,0.45,0.7421875,1.4042867701404285,0.016260162601626018,2,710,183,0.5061343322062278,l2,0.0001,liblinear,0.7393135207841991
0.7479939275645197,0.7910576677833453,0.6785714285714286,0.7337278106508875,0.6676425937974408,0.33013457128897133,0.7126436781609196,0.6226415094339622,0.7560975609756098,1.8885057471264366,0.0,3,753,140,0.530732028929051,l2,0.001,liblinear,0.6802840547424411
0.6869517543859649,0.7847645868333977,0.6535947712418301,0.7103825136612022,0.6455592105263158,0.2841915347281711,0.6770833333333334,0.6140350877192983,0.7471264367816092,1.7542613636363638,0.010416666666666666,4,740,153,0.5466492491254978,l2,0.001,lbfgs,0.6993277808457969
0.7210176991150441,0.7614729714018444,0.6113989637305699,0.6192893401015228,0.6261615044247788,0.2507195375297044,0.5398230088495575,0.7125,0.7261904761904762,1.877645248172374,0.035398230088495575,5,700,193,0.5143678901054857,l2,0.0001,liblinear,0.7140154337627631
