accuracy,balanced_accuracy,f1_macro,f1_weighted,mae,adjacent_accuracy,kappa_linear,kappa_quadratic,spearman_r,roc_auc_macro_ovr,roc_auc_weighted_ovr,fold,n_train,n_val,best_penalty,best_C,best_solver,inner_auc_score
0.47058823529411764,0.49129629629629634,0.467392210995839,0.4733627775537649,0.6638655462184874,0.865546218487395,0.2320071889551507,0.25250410276724566,0.26986968507759224,0.6267728718864368,0.6178598543770198,1,748,119,l2,0.0001,lbfgs,0.6301734590451306
0.45038167938931295,0.47026984315119913,0.44754728132387706,0.45240850522440584,0.7175572519083969,0.8320610687022901,0.18698006074211027,0.18132415542070457,0.23027100614328594,0.6441350641595405,0.6403543356716511,2,736,131,l2,0.0001,lbfgs,0.6424561051248756
0.43529411764705883,0.4488649940262843,0.4365625488195995,0.4365038166453415,0.711764705882353,0.8529411764705882,0.2166793602437167,0.2660944206008584,0.2693437424309826,0.6155578362547913,0.6084478529106347,3,697,170,l2,0.0001,lbfgs,0.6395253746275269
0.4425531914893617,0.4528355789417737,0.42691358024691356,0.4470197005516155,0.7276595744680852,0.8297872340425532,0.20756837766953917,0.25074626865671645,0.30535629104683004,0.6217105598326697,0.6207855069273966,4,632,235,l2,0.0001,lbfgs,0.6527937489668199
0.4386792452830189,0.46376602236613085,0.43427672955974844,0.4423326806692774,0.7075471698113207,0.8537735849056604,0.18142504118616132,0.20534672371724616,0.35280357073861723,0.6623346095044998,0.6538522405463935,5,655,212,l2,0.0001,lbfgs,0.6230152888866154
