roc_auc,pr_auc,accuracy,f1,balanced_accuracy,matthews_corrcoef,sensitivity,specificity,precision,pos_LR,sensitivity_at_spec100,fold,n_train,n_val,threshold,best_penalty,best_C,best_solver,best_inner_score
0.6956644144144144,0.7450301087741835,0.6639344262295082,0.7132867132867133,0.6570945945945945,0.30964583009805097,0.6891891891891891,0.625,0.7391304347826086,1.8378378378378377,0.02702702702702703,1,745,122,0.5472539945998214,l2,0.001,liblinear,0.7027161288409685
0.7119444444444445,0.7982673204616898,0.664,0.7123287671232876,0.6694444444444445,0.32584465895263975,0.65,0.6888888888888889,0.7878787878787878,2.0892857142857144,0.0125,2,742,125,0.5510770099398462,l2,0.001,liblinear,0.6956705287950402
0.7309875989840131,0.750633711199857,0.6680851063829787,0.7132352941176471,0.6607276258777828,0.3196927958106528,0.7028985507246377,0.6185567010309279,0.7238805970149254,1.8427340383862125,0.007246376811594203,3,632,235,0.5037719667791398,l2,0.001,liblinear,0.695544306140958
0.6484764755545323,0.6843116970999803,0.6,0.6229508196721312,0.6015043364801597,0.20149872106806002,0.5891472868217055,0.6138613861386139,0.6608695652173913,1.5257404094613398,0.015503875968992248,4,637,230,0.5353123614744465,l2,0.001,lbfgs,0.7162101728228463
0.7677192982456139,0.8250667076476941,0.7032258064516129,0.7415730337078652,0.7057017543859649,0.4017909263189645,0.6947368421052632,0.7166666666666667,0.7951807228915663,2.452012383900929,0.06315789473684211,5,712,155,0.5439994952134022,l2,0.0001,liblinear,0.6891470257791689
