accuracy,balanced_accuracy,f1_macro,f1_weighted,mae,adjacent_accuracy,kappa_linear,kappa_quadratic,spearman_r,roc_auc_macro_ovr,roc_auc_weighted_ovr,fold,n_train,n_val,best_penalty,best_C,best_solver,inner_auc_score
0.47706422018348627,0.4773080751524201,0.46237665952772294,0.47395306026429174,0.6513761467889908,0.8715596330275229,0.26316290583642765,0.3216194128371157,0.41664377508609735,0.6784513561431504,0.6698408685842401,1,758,109,l2,0.01,lbfgs,0.6129352582613357
0.47107438016528924,0.49291987912677565,0.46791331031837363,0.4752013808975834,0.7107438016528925,0.8181818181818182,0.19470670174895532,0.1644534154892171,0.2502221054808332,0.6555430074511444,0.6499273573474077,2,746,121,l2,0.01,lbfgs,0.6129329034397084
0.46296296296296297,0.45988219430842375,0.45127675784610094,0.46763480529363205,0.6728395061728395,0.8641975308641975,0.19546200109349365,0.2023556671172042,0.2612960371392172,0.6303607398865627,0.6280941772089866,3,705,162,l2,0.01,lbfgs,0.6192737590328505
0.46255506607929514,0.44126984126984126,0.43520925410596395,0.4678090749331347,0.7004405286343612,0.8370044052863436,0.16765445195212503,0.1728414369047434,0.21444444702445978,0.6049051979379848,0.6044523255110386,4,640,227,l2,0.01,lbfgs,0.6328163401408575
0.4717741935483871,0.47966915335601357,0.46344894365552664,0.46681655056980287,0.6733870967741935,0.8548387096774194,0.2514729803000181,0.2968920521945433,0.316481555783973,0.6532575750843226,0.6471497794906494,5,619,248,l2,0.01,lbfgs,0.6087000185441165
