n_pairs,pairwise_accuracy,both_correct_rate,mean_delta,median_delta,std_delta,n_positive_delta,per_drug_accuracy,per_drug_roc_auc,per_drug_pr_auc,n_train,n_test,best_penalty,best_C,best_solver,inner_cv_score,threshold,seed
13,0.38461538461538464,0.5384615384615384,-0.015439108912868623,-0.013899438028942945,0.02732931002890408,5,0.8076923076923077,0.32954545454545453,0.7702536772815869,867,26,l2,0.0001,liblinear,0.6886975104970151,0.5101113799361673,2
