roc_auc,pr_auc,accuracy,f1,balanced_accuracy,matthews_corrcoef,sensitivity,specificity,precision,pos_LR,sensitivity_at_spec100,fold,n_train,n_val,threshold,best_penalty,best_C,best_solver,best_inner_score
0.6535443543024338,0.6617907374977832,0.6193181818181818,0.6699507389162561,0.61091900518686,0.22065268055170612,0.6601941747572816,0.5616438356164384,0.68,1.5060679611650487,0.0,1,655,176,0.47654829184120046,l2,0.0001,liblinear,0.6901817436192482
0.6766181036541677,0.7563787950992173,0.6439393939393939,0.7344632768361582,0.60007165034631,0.2243572157480743,0.8227848101265823,0.37735849056603776,0.6632653061224489,1.3214422708093596,0.0379746835443038,2,699,132,0.4440454317183631,l2,0.001,liblinear,0.6630848092988646
0.6984049479166666,0.7167253323382773,0.6785714285714286,0.7464788732394366,0.6536458333333334,0.3307307903815203,0.828125,0.4791666666666667,0.6794871794871795,1.5900000000000003,0.015625,3,607,224,0.40503666088896134,l2,0.001,liblinear,0.6854073994112395
0.7028186274509803,0.7856797798562581,0.6866666666666666,0.7638190954773869,0.6537990196078431,0.3001791098145203,0.7450980392156863,0.5625,0.7835051546391752,1.7030812324929971,0.0,4,681,150,0.4967771398112751,l2,0.0001,liblinear,0.6580677732915788
0.7030892448512586,0.7334775678130623,0.6510067114093959,0.723404255319149,0.623951182303585,0.25167406247827023,0.7391304347826086,0.5087719298245614,0.7083333333333334,1.5046583850931676,0.0,5,682,149,0.4711355201768577,l2,0.0001,liblinear,0.6693208005602145
