roc_auc,pr_auc,accuracy,f1,balanced_accuracy,matthews_corrcoef,sensitivity,specificity,precision,pos_LR,sensitivity_at_spec100,fold,n_train,n_val,threshold,best_penalty,best_C,best_solver,best_inner_score
0.6964385754301722,0.6731391666164086,0.6383928571428571,0.6124401913875598,0.6450980392156862,0.29538335273670474,0.5378151260504201,0.7523809523809524,0.7111111111111111,2.171945701357466,0.008403361344537815,1,669,224,0.5657575542870948,l2,0.001,liblinear,0.7061446081502782
0.6596205962059621,0.7443483408788925,0.6830601092896175,0.7734375,0.6191056910569106,0.2509457628715268,0.8048780487804879,0.43333333333333335,0.7443609022556391,1.4203730272596844,0.0,2,710,183,0.4897895848355396,l2,0.001,liblinear,0.7412579815349531
0.7388852743439601,0.7674260082486144,0.65,0.6878980891719745,0.6594014313597918,0.3092585630437338,0.6206896551724138,0.6981132075471698,0.7714285714285715,2.0560344827586206,0.0,3,753,140,0.555849769217232,l2,0.001,liblinear,0.6884533571319241
0.6946271929824562,0.8197865627122218,0.6470588235294118,0.7127659574468085,0.6296600877192982,0.2560651760137603,0.6979166666666666,0.5614035087719298,0.7282608695652174,1.5912499999999998,0.28125,4,740,153,0.5223360066317532,l2,0.001,lbfgs,0.7186456244599128
0.7360619469026549,0.7759489564770434,0.6632124352331606,0.6919431279620853,0.6667588495575221,0.32864593186571767,0.6460176991150443,0.6875,0.7448979591836735,2.067256637168142,0.008849557522123894,5,700,193,0.4909016166554047,l2,0.0001,liblinear,0.6988130155939497
