roc_auc,pr_auc,accuracy,f1,balanced_accuracy,matthews_corrcoef,sensitivity,specificity,precision,pos_LR,sensitivity_at_spec100,fold,n_train,n_val,threshold,best_penalty,best_C,best_solver,best_inner_score
0.6096153846153847,0.6351157102941485,0.582010582010582,0.5863874345549738,0.5868778280542986,0.17342247141830727,0.5384615384615384,0.6352941176470588,0.6436781609195402,1.476426799007444,0.0,1,678,189,0.5397661476298794,l2,0.01,liblinear,0.6450794901063802
0.5848571428571427,0.6773307592069674,0.5583333333333333,0.6015037593984962,0.5557142857142857,0.11000764872668858,0.5714285714285714,0.54,0.6349206349206349,1.2422360248447206,0.014285714285714285,2,747,120,0.5186304473350868,l2,0.01,liblinear,0.6707622417934447
0.671111111111111,0.7167740283724569,0.6844444444444444,0.7436823104693141,0.6648148148148147,0.33468108100941807,0.762962962962963,0.5666666666666667,0.7253521126760564,1.7606837606837606,0.014814814814814815,3,642,225,0.47045778866533505,l2,0.001,lbfgs,0.6102647679468615
0.6954656862745098,0.7435681143466051,0.6686746987951807,0.7263681592039801,0.654718137254902,0.3069773254199676,0.7156862745098039,0.59375,0.7373737373737373,1.7616892911010558,0.0392156862745098,4,701,166,0.5037506694359849,l2,0.01,liblinear,0.656844023117742
0.6497695852534562,0.7264555000508637,0.6107784431137725,0.6859903381642513,0.5880952380952381,0.17458871134262074,0.6761904761904762,0.5,0.696078431372549,1.3523809523809525,0.0,5,700,167,0.49805651408834595,l2,0.0001,lbfgs,0.6403605546296006
