roc_auc,pr_auc,accuracy,f1,balanced_accuracy,matthews_corrcoef,sensitivity,specificity,precision,pos_LR,sensitivity_at_spec100,fold,n_train,n_val,threshold,best_penalty,best_C,best_solver,best_inner_score
0.6535542625853782,0.7688304094154608,0.6108108108108108,0.6635514018691588,0.6142802934480142,0.2198614701857259,0.6016949152542372,0.6268656716417911,0.7395833333333334,1.612542372881356,0.05084745762711865,1,646,185,0.5092740653579096,l2,0.01,liblinear,0.6729686924483917
0.6259955399808856,0.7314730650782997,0.5948275862068966,0.6466165413533834,0.5968461293405543,0.18721398286557306,0.589041095890411,0.6046511627906976,0.7166666666666667,1.4899274778404512,0.0958904109589041,2,715,116,0.515700977084139,l2,0.01,lbfgs,0.6989361403624298
0.6291021671826625,0.6218324947208241,0.5607476635514018,0.5480769230769231,0.5710747456877487,0.14329485046548535,0.4789915966386555,0.6631578947368421,0.6404494382022472,1.4220063025210083,0.0,3,617,214,0.5807726157150208,l2,0.1,liblinear,0.6739728143635221
0.6754385964912281,0.7663079795942573,0.6580645161290323,0.6936416184971098,0.6657894736842105,0.3230217104091565,0.631578947368421,0.7,0.7692307692307693,2.1052631578947363,0.08421052631578947,4,676,155,0.5268552726199173,l2,0.01,liblinear,0.6565010823796158
0.6987618116650375,0.7455730553680355,0.6708074534161491,0.7135135135135136,0.6720430107526881,0.3356607916360808,0.6666666666666666,0.6774193548387096,0.7674418604651163,2.0666666666666664,0.010101010101010102,5,670,161,0.4970002870311704,l1,0.1,liblinear,0.6284965933004145
