accuracy,balanced_accuracy,f1_macro,f1_weighted,mae,adjacent_accuracy,kappa_linear,kappa_quadratic,spearman_r,roc_auc_macro_ovr,roc_auc_weighted_ovr,fold,n_train,n_val,best_penalty,best_C,best_solver,inner_auc_score
0.46484375,0.43954361908291445,0.43348194094462755,0.4753949408800155,0.71484375,0.8203125,0.19703825586178525,0.21558140571377638,0.26146187667904447,0.6356202131450481,0.6433527350084771,1,611,256,l2,0.001,lbfgs,0.6543058720805099
0.3984375,0.4334377410312847,0.3929026056685631,0.38355654761904756,0.765625,0.8359375,0.17343173431734316,0.22330097087378642,0.2851856629403853,0.6139394689092638,0.601049096594601,2,739,128,l2,0.01,lbfgs,0.674151508868438
0.5153374233128835,0.5157059314954052,0.5087685732260178,0.5224331811889164,0.5828220858895705,0.901840490797546,0.30687972785461715,0.35043459160940094,0.3874260207772944,0.6725733640482797,0.6706802020310064,3,704,163,l2,0.01,lbfgs,0.6389856499592785
0.4970414201183432,0.533556721056721,0.49721364973396126,0.493099545501807,0.6390532544378699,0.863905325443787,0.3025068786303883,0.33954220169517335,0.42303016021082523,0.7079751009922779,0.6926415965451985,4,698,169,l2,0.001,lbfgs,0.6501552871868969
0.4768211920529801,0.4907697666318356,0.47622590486285227,0.4760362202073487,0.6357615894039735,0.8874172185430463,0.2625902940278767,0.3185920577617328,0.41022334996264104,0.6855476860388156,0.6719284768158867,5,716,151,l2,0.001,lbfgs,0.6628469278414142
