roc_auc,pr_auc,accuracy,f1,balanced_accuracy,matthews_corrcoef,sensitivity,specificity,precision,pos_LR,sensitivity_at_spec100,fold,n_train,n_val,threshold,best_penalty,best_C,best_solver,best_inner_score
0.6132756132756133,0.6928957414031142,0.6111111111111112,0.676923076923077,0.5952380952380952,0.18898223650461363,0.6666666666666666,0.5238095238095238,0.6875,1.4,0.030303030303030304,1,723,108,0.5136104616735518,l2,0.0001,liblinear,0.692782101361487
0.6517727051966975,0.7019885198537323,0.6684491978609626,0.7207207207207207,0.6617289946576008,0.31679667115787097,0.6896551724137931,0.6338028169014085,0.7547169811320755,1.8832891246684353,0.008620689655172414,2,644,187,0.5059663893755427,l2,0.0001,lbfgs,0.6748742186095886
0.6435643564356436,0.657392983919264,0.5911111111111111,0.6592592592592592,0.5766927499201533,0.1598327831535002,0.717741935483871,0.43564356435643564,0.6095890410958904,1.2717883418222975,0.0,3,606,225,0.4472070309976838,l1,0.01,liblinear,0.7000124585069505
0.6190476190476191,0.7030723942237926,0.6129032258064516,0.6938775510204082,0.584505772005772,0.1677753355866565,0.6868686868686869,0.48214285714285715,0.7010309278350515,1.326367119470568,0.030303030303030304,4,676,155,0.484855394219623,l2,0.0001,liblinear,0.6674090784957727
0.7628920786815524,0.8396502692815314,0.6666666666666666,0.7142857142857143,0.670388091440723,0.32886963995782764,0.6565656565656566,0.6842105263157895,0.7831325301204819,2.079124579124579,0.1414141414141414,5,675,156,0.4938738359058582,l1,0.01,liblinear,0.6366557858300754
