accuracy,balanced_accuracy,f1_macro,f1_weighted,mae,adjacent_accuracy,kappa_linear,kappa_quadratic,spearman_r,roc_auc_macro_ovr,roc_auc_weighted_ovr,fold,n_train,n_val,best_penalty,best_C,best_solver,inner_auc_score
0.4566929133858268,0.4500717772035601,0.37842031646122914,0.3925262931826677,0.7401574803149606,0.8031496062992126,0.22891099341170384,0.2770970037157088,0.2962828827151094,0.5812422958647324,0.5750364428920329,1,740,127,l1,0.01,liblinear,0.6591439042138163
0.46113989637305697,0.47996088193456615,0.4202721347403558,0.42190159179715403,0.6994818652849741,0.8393782383419689,0.23220863415352877,0.2660463679709668,0.2926501598256762,0.6426871297330077,0.6478711055147389,2,674,193,l1,0.1,liblinear,0.6279865079020679
0.36046511627906974,0.37913014668232886,0.3268361076135799,0.3190306488949398,0.8662790697674418,0.7732558139534884,0.09197845804988669,0.11689134171718085,0.1884254392782477,0.5435703304180534,0.5375294763376158,3,695,172,l2,0.001,liblinear,0.6671651323480295
0.4976958525345622,0.4676951846657316,0.3720174573281918,0.4403335114496561,0.7235023041474654,0.7788018433179723,0.24420436142600432,0.2833422533188872,0.4077193290856547,0.6688438959815021,0.6730367195820991,4,650,217,l2,0.0001,lbfgs,0.6183477834807547
0.4050632911392405,0.4983619983619984,0.3676125394875395,0.3082300973914898,0.740506329113924,0.8544303797468354,0.2512758201701092,0.3161081310744065,0.2991992619074143,0.6732388679589839,0.6676936588951461,5,709,158,l1,0.01,liblinear,0.6408473938958129
