accuracy,balanced_accuracy,f1_macro,f1_weighted,mae,adjacent_accuracy,kappa_linear,kappa_quadratic,spearman_r,roc_auc_macro_ovr,roc_auc_weighted_ovr,fold,n_train,n_val,best_penalty,best_C,best_solver,inner_auc_score
0.484375,0.47300010037137413,0.4620613959015438,0.48910366395470156,0.64453125,0.87109375,0.2566521188230325,0.3105120790970991,0.3496191443395429,0.6553167666253615,0.6599981974697775,1,611,256,l2,0.001,lbfgs,0.6497143345099478
0.40625,0.4239140658803168,0.40699735785141833,0.4026502766599598,0.7265625,0.8671875,0.16556848450862194,0.22368672397325695,0.23524163087530084,0.6112359454177254,0.5997631652785161,2,739,128,l2,0.001,lbfgs,0.691180188564305
0.5153374233128835,0.5189640768588136,0.5123128923225495,0.5194211960926123,0.5337423312883436,0.950920245398773,0.35759909399773504,0.4634559457991114,0.4866837056131706,0.7068818009317318,0.7005025097753248,3,704,163,l2,0.001,lbfgs,0.6535354061227022
0.5029585798816568,0.5355842074592075,0.503955649976979,0.4967444066861088,0.6094674556213018,0.8875739644970414,0.32207812439147876,0.37924297288144426,0.4600914679511278,0.7022639774133426,0.6861339413157648,4,698,169,l2,0.001,lbfgs,0.6674609550091988
0.5099337748344371,0.49261581330546855,0.49246672120175505,0.5139538743470194,0.5894039735099338,0.9006622516556292,0.286336360257023,0.3287384661362023,0.38792969925490084,0.691610126580244,0.6848337013791302,5,716,151,l2,0.0001,lbfgs,0.6566532962090083
