accuracy,balanced_accuracy,f1_macro,f1_weighted,mae,adjacent_accuracy,kappa_linear,kappa_quadratic,spearman_r,roc_auc_macro_ovr,roc_auc_weighted_ovr,fold,n_train,n_val,best_penalty,best_C,best_solver,inner_auc_score
0.5126050420168067,0.5301234567901235,0.5072549080356498,0.5037721009028204,0.5798319327731093,0.907563025210084,0.3116774247631823,0.3655750190403655,0.4246302065974157,0.6896757970826558,0.6768720846808963,1,748,119,l1,0.1,liblinear,0.6481189992356907
0.45038167938931295,0.463843124860074,0.4491040531743584,0.44904860655049555,0.6793893129770993,0.8702290076335878,0.2061687206372983,0.2372544378698226,0.28567942931514856,0.6355294654852502,0.6258817610460491,2,736,131,l2,0.01,liblinear,0.6651407903245157
0.4588235294117647,0.4857825567502987,0.4173598018557539,0.4058321210262967,0.7470588235294118,0.7941176470588235,0.24059092507914182,0.2687453600593912,0.3308927192364674,0.6734853825012402,0.6675628611569238,3,697,170,l2,0.0001,liblinear,0.6459993132898145
0.4808510638297872,0.4662776714767865,0.427302209834961,0.4601094442737108,0.6595744680851063,0.8595744680851064,0.27551365435487396,0.3503658765401213,0.4351926978250275,0.6522870725980148,0.6544984520910415,4,632,235,l2,0.001,lbfgs,0.6703865677167535
0.4858490566037736,0.48029868485647104,0.45425280017027164,0.4800829371455707,0.6650943396226415,0.8490566037735849,0.23737116032248196,0.2697761946367364,0.38648259677949176,0.6723697676602397,0.6621817759883162,5,655,212,l2,0.001,liblinear,0.6559332029089537
