n_pairs,pairwise_accuracy,both_correct_rate,mean_delta,median_delta,std_delta,n_positive_delta,per_drug_accuracy,per_drug_roc_auc,per_drug_pr_auc,n_train,n_test,best_penalty,best_C,best_solver,inner_cv_score,threshold,seed
13,0.7692307692307693,0.46153846153846156,0.04116888810849539,0.054588000425924266,0.0654398917133547,10,0.6923076923076923,0.6477272727272727,0.9106019261205325,867,26,l2,0.01,liblinear,0.6662202343949785,0.5191284224249914,3
