roc_auc,pr_auc,accuracy,f1,balanced_accuracy,matthews_corrcoef,sensitivity,specificity,precision,pos_LR,sensitivity_at_spec100,fold,n_train,n_val,threshold,best_penalty,best_C,best_solver,best_inner_score
0.7043123543123543,0.7522827043923124,0.6542553191489362,0.6859903381642513,0.656060606060606,0.3077232888955174,0.6454545454545455,0.6666666666666666,0.7319587628865979,1.9363636363636363,0.01818181818181818,1,679,188,0.47898908836281046,l2,0.001,lbfgs,0.6378039196409475
0.6273182219605535,0.7208417482530972,0.6639344262295082,0.7354838709677419,0.6398292611127465,0.275670389502086,0.7215189873417721,0.5581395348837209,0.75,1.6329113924050631,0.012658227848101266,2,745,122,0.45431998093366355,l2,0.01,lbfgs,0.6524272744321769
0.6115615615615616,0.7003247087612015,0.631578947368421,0.72,0.5898648648648649,0.18195633571851272,0.7297297297297297,0.45,0.7105263157894737,1.3267813267813267,0.0,3,696,171,0.5078584222789769,l2,0.01,liblinear,0.6722484326862465
0.6516615914206275,0.6598192820658966,0.6206896551724138,0.6373626373626373,0.6198861379584271,0.23977227591685424,0.6373626373626373,0.6024096385542169,0.6373626373626373,1.6030636030636032,0.054945054945054944,4,693,174,0.5338521275336113,l2,0.01,lbfgs,0.6738654767631058
0.7008735632183909,0.747887498599348,0.5754716981132075,0.5754716981132075,0.5945747126436782,0.18914942528735632,0.488,0.7011494252873564,0.7011494252873564,1.6329230769230771,0.048,5,655,212,0.5300945783915151,l2,0.01,liblinear,0.6539603930384581
