accuracy,balanced_accuracy,f1_macro,f1_weighted,mae,adjacent_accuracy,kappa_linear,kappa_quadratic,spearman_r,roc_auc_macro_ovr,roc_auc_weighted_ovr,fold,n_train,n_val,best_penalty,best_C,best_solver,inner_auc_score
0.4251968503937008,0.41805914441573355,0.41262921678990544,0.42662722561953237,0.7086614173228346,0.8661417322834646,0.19302456933069745,0.2595448561218733,0.3414793213992923,0.6131576863041345,0.6170758585624473,1,740,127,l2,0.0001,lbfgs,0.6709802791023641
0.47150259067357514,0.4658546704599336,0.4558205118102148,0.4767927987384739,0.6424870466321243,0.8860103626943006,0.2336364800819778,0.2768633748160043,0.33843705091457527,0.6596369030346673,0.664529522627097,2,674,193,l2,0.0001,lbfgs,0.648744396678026
0.38953488372093026,0.38770669558145837,0.384468011386411,0.39167726157351707,0.75,0.8604651162790697,0.12755583516829194,0.17816650469711692,0.28394150937953144,0.5996588615896017,0.5953752642706132,3,695,172,l2,0.0001,lbfgs,0.6806577896351212
0.543778801843318,0.5522323515661524,0.5247448105017529,0.5562981483188767,0.5668202764976958,0.8894009216589862,0.34999878235881443,0.4003684372121584,0.4467205803123085,0.7084708192002437,0.7043026858179734,4,650,217,l2,0.0001,lbfgs,0.615489129949559
0.47468354430379744,0.48349713349713347,0.47084318360914107,0.47644911272705515,0.6329113924050633,0.8924050632911392,0.23686244204018536,0.2733388248215266,0.29990156522209943,0.6608195660325454,0.6553762718854634,5,709,158,l2,0.0001,lbfgs,0.666038162484502
