roc_auc,pr_auc,accuracy,f1,balanced_accuracy,matthews_corrcoef,sensitivity,specificity,precision,pos_LR,sensitivity_at_spec100,fold,n_train,n_val,threshold,best_penalty,best_C,best_solver,best_inner_score
0.7413356944093094,0.8084025030770057,0.7081081081081081,0.75,0.7163546673412597,0.4166793759190809,0.6864406779661016,0.746268656716418,0.826530612244898,2.705383848454636,0.0847457627118644,1,646,185,0.47554827662254495,l2,0.001,liblinear,0.6513868954925734
0.626951258362536,0.7251855696069729,0.5862068965517241,0.68,0.5469894870978018,0.09608347288758297,0.6986301369863014,0.3953488372093023,0.6623376623376623,1.155426765015806,0.0273972602739726,2,715,116,0.4706897369760738,l2,0.001,liblinear,0.6936801011261419
0.6589119858469704,0.6670173991102238,0.616822429906542,0.6203703703703703,0.6236178681999116,0.24675600528979488,0.5630252100840336,0.6842105263157895,0.6907216494845361,1.7829131652661065,0.0,3,617,214,0.49518383776072705,l2,0.001,liblinear,0.6756279699097525
0.6108771929824561,0.7074694665963099,0.6258064516129033,0.7238095238095238,0.575,0.16697435366728836,0.8,0.35,0.6608695652173913,1.2307692307692308,0.042105263157894736,4,676,155,0.4610597776471471,l2,0.001,liblinear,0.6644913605804572
0.7095144998370805,0.783195293325964,0.6708074534161491,0.7253886010362695,0.6599869664385793,0.3158833340826159,0.7070707070707071,0.6129032258064516,0.7446808510638298,1.8265993265993266,0.06060606060606061,5,670,161,0.4959496226696394,l2,0.01,liblinear,0.6368480374416499
