roc_auc,pr_auc,accuracy,f1,balanced_accuracy,matthews_corrcoef,sensitivity,specificity,precision,pos_LR,sensitivity_at_spec100,fold,n_train,n_val,threshold,best_penalty,best_C,best_solver,best_inner_score
0.7174298001517835,0.7675134659183522,0.6648648648648648,0.7155963302752294,0.6663293700986592,0.3208247619017085,0.6610169491525424,0.6716417910447762,0.78,2.013097072419107,0.0,1,646,185,0.5363418400450414,l2,0.001,lbfgs,0.709304247138004
0.7400446001911437,0.8187206174642101,0.6551724137931034,0.6923076923076923,0.6686842943612615,0.3259394051419823,0.6164383561643836,0.7209302325581395,0.7894736842105263,2.208904109589041,0.0958904109589041,2,715,116,0.5554687498219105,l2,0.0001,liblinear,0.6756929328831365
0.7049093321539142,0.7246698830839358,0.6448598130841121,0.6752136752136753,0.6424590888987174,0.28391538303558983,0.6638655462184874,0.6210526315789474,0.6869565217391305,1.7518674136321197,0.0,3,617,214,0.47333857202153706,l2,0.001,liblinear,0.7468742545731514
0.7057894736842106,0.7342070323116371,0.6709677419354839,0.7384615384615385,0.6456140350877193,0.29647584494317364,0.7578947368421053,0.5333333333333333,0.72,1.62406015037594,0.021052631578947368,4,676,155,0.4856004413610755,l2,0.001,liblinear,0.6934864120121931
0.6831215379602477,0.7463439445084701,0.6645962732919255,0.7428571428571429,0.6278103616813294,0.26882088713759494,0.7878787878787878,0.46774193548387094,0.7027027027027027,1.480257116620753,0.0,5,670,161,0.4626715464557383,l2,0.001,liblinear,0.6912802970448549
