accuracy,balanced_accuracy,f1_macro,f1_weighted,mae,adjacent_accuracy,kappa_linear,kappa_quadratic,spearman_r,roc_auc_macro_ovr,roc_auc_weighted_ovr,fold,n_train,n_val,best_penalty,best_C,best_solver,inner_auc_score
0.42857142857142855,0.4482716049382716,0.42403317916313815,0.4296197275079663,0.7058823529411765,0.865546218487395,0.19503945885005636,0.23557426071547238,0.2833979310082671,0.6226925212588198,0.6153947128583146,1,748,119,l2,0.0001,lbfgs,0.6274352013112429
0.46564885496183206,0.4947124438649862,0.4657452870218828,0.46179416382437327,0.6717557251908397,0.8625954198473282,0.24177847934754004,0.26907847372210225,0.25044767861183087,0.6522197923200661,0.6473158546525148,2,736,131,l2,0.0001,lbfgs,0.6391166027098742
0.4823529411764706,0.48730158730158735,0.48164668864800086,0.484387047056618,0.6588235294117647,0.8588235294117647,0.254911168505909,0.28379588182632054,0.2502738585289198,0.6146827585326832,0.6074779915704599,3,697,170,l2,0.0001,lbfgs,0.6440064350912852
0.4553191489361702,0.4561358925296979,0.43337737326286946,0.45794561537212175,0.7106382978723405,0.8340425531914893,0.21864734107153516,0.2628512899302221,0.33148844434868985,0.6380829994915674,0.63889884131321,4,632,235,l2,0.0001,lbfgs,0.6524149258611199
0.46226415094339623,0.4675994108983799,0.4488699674130138,0.4741842344834973,0.6745283018867925,0.8632075471698113,0.2228659318123558,0.2576823914709777,0.3569646279256477,0.6591592626190629,0.6577094052554436,5,655,212,l2,0.0001,lbfgs,0.6176201083619933
