roc_auc,pr_auc,accuracy,f1,balanced_accuracy,matthews_corrcoef,sensitivity,specificity,precision,pos_LR,sensitivity_at_spec100,fold,n_train,n_val,threshold,best_penalty,best_C,best_solver,best_inner_score
0.7356304985337243,0.8149755385600761,0.7206703910614525,0.788135593220339,0.7022727272727273,0.3856675513531038,0.75,0.6545454545454545,0.8303571428571429,2.1710526315789473,0.008064516129032258,1,714,179,0.48527269499169945,l2,0.0001,liblinear,0.6643393002550628
0.661255943597311,0.657234067927234,0.6063348416289592,0.6561264822134387,0.602352844728644,0.21176778861618542,0.7280701754385965,0.4766355140186916,0.5971223021582733,1.3911340852130325,0.008771929824561403,2,672,221,0.44274239708656454,l1,0.01,liblinear,0.6553406620549234
0.7105751391465677,0.7537600604618712,0.7380952380952381,0.7924528301886793,0.7152133580705009,0.44015876841383245,0.8181818181818182,0.6122448979591837,0.7682926829268293,2.110047846889952,0.012987012987012988,3,767,126,0.48493942425123726,l2,0.0001,liblinear,0.6688136851940575
0.6480267948157856,0.7238134884544366,0.6802325581395349,0.7577092511013216,0.6405271588757827,0.2917668198399698,0.7889908256880734,0.49206349206349204,0.7288135593220338,1.5533256880733948,0.03669724770642202,4,721,172,0.49222621495520674,l2,0.0001,liblinear,0.7020202573651294
0.6568117825427767,0.6635917332767891,0.6,0.6060606060606061,0.6150097465886939,0.22890666858914072,0.5263157894736842,0.7037037037037037,0.7142857142857143,1.7763157894736843,0.0,5,698,195,0.5509834032674079,l2,0.001,lbfgs,0.6960066928561458
