roc_auc,pr_auc,accuracy,f1,balanced_accuracy,matthews_corrcoef,sensitivity,specificity,precision,pos_LR,sensitivity_at_spec100,fold,n_train,n_val,threshold,best_penalty,best_C,best_solver,best_inner_score
0.651090909090909,0.5895893394260944,0.5904761904761905,0.5981308411214953,0.5927272727272728,0.18592842168541804,0.64,0.5454545454545454,0.5614035087719298,1.408,0.01,1,683,210,0.4758569700726496,l1,0.1,liblinear,0.6251893130014554
0.6318469584365538,0.7497103937437131,0.5914396887159533,0.662379421221865,0.589354527938343,0.16811103855232626,0.5953757225433526,0.5833333333333334,0.7463768115942029,1.4289017341040464,0.028901734104046242,2,636,257,0.47492404174746006,l2,0.01,liblinear,0.6621672564783034
0.6302222222222222,0.7192788128077818,0.6333333333333333,0.7215189873417721,0.5911111111111111,0.19102856749802458,0.76,0.4222222222222222,0.6867469879518072,1.3153846153846156,0.04,3,773,120,0.4595015515655317,l2,0.01,lbfgs,0.6487205451352762
0.6625519750519752,0.7143213508853266,0.6348314606741573,0.7161572052401747,0.6036902286902287,0.2235153820984089,0.7884615384615384,0.4189189189189189,0.656,1.3568872987477636,0.009615384615384616,4,715,178,0.4425886601375281,l2,0.01,lbfgs,0.6253412502925825
0.6280454042081949,0.750400751828787,0.640625,0.7526881720430108,0.5498338870431894,0.11320083081329449,0.813953488372093,0.2857142857142857,0.7,1.1395348837209303,0.0,5,765,128,0.4415431557196642,l1,0.1,liblinear,0.6555463464205319
