accuracy,balanced_accuracy,f1_macro,f1_weighted,mae,adjacent_accuracy,kappa_linear,kappa_quadratic,spearman_r,roc_auc_macro_ovr,roc_auc_weighted_ovr,fold,n_train,n_val,best_penalty,best_C,best_solver,inner_auc_score
0.3464566929133858,0.3513924777490669,0.344988344988345,0.35632674412201976,0.8188976377952756,0.8346456692913385,0.0909841706813489,0.1476510067114093,0.2775904315795637,0.569542443996245,0.5713868320124722,1,740,127,l2,0.001,lbfgs,0.6569386656756854
0.47668393782383417,0.4845483641536273,0.46515694580210715,0.4816832878340483,0.6839378238341969,0.8393782383419689,0.2143341762782952,0.21498658168399876,0.25212612978147814,0.6407277817210281,0.6413833503223204,2,674,193,l2,0.0001,lbfgs,0.6507101016649174
0.4186046511627907,0.43744164332399627,0.4162698412698413,0.4136074197120709,0.7209302325581395,0.8604651162790697,0.20512820512820518,0.26743264659270993,0.293096444509872,0.6112847791571702,0.6067399170596846,3,695,172,l2,0.001,lbfgs,0.6696430265381541
0.4976958525345622,0.5380317905563348,0.4846972019285966,0.511190419726066,0.6912442396313364,0.8110599078341014,0.28448958058559737,0.3038909322197948,0.428520125970191,0.7252553748217111,0.7217707069070771,4,650,217,l2,0.0001,lbfgs,0.6286502815594444
0.4873417721518987,0.48640458640458645,0.4785886813514632,0.4914983878930641,0.6329113924050633,0.879746835443038,0.22986937024761156,0.24133611691022971,0.3672012571578383,0.6931443987142023,0.6818845614895422,5,709,158,l2,0.001,lbfgs,0.6468361808420997
