accuracy,balanced_accuracy,f1_macro,f1_weighted,mae,adjacent_accuracy,kappa_linear,kappa_quadratic,spearman_r,roc_auc_macro_ovr,roc_auc_weighted_ovr,fold,n_train,n_val,best_penalty,best_C,best_solver,inner_auc_score
0.45871559633027525,0.476872589274605,0.4064245061797081,0.41598131268327665,0.7614678899082569,0.7798165137614679,0.226156872808143,0.25142857142857145,0.32704943821468063,0.6350024984501469,0.635605828974859,1,758,109,l2,0.001,liblinear,0.6347783057645184
0.38016528925619836,0.4523256799118869,0.35213675213675216,0.31380740471649565,0.8099173553719008,0.8099173553719008,0.17823977823977832,0.21336343115124157,0.27116991588432615,0.6453665521813267,0.6356263212174099,2,746,121,l2,0.001,liblinear,0.6496460026031701
0.4382716049382716,0.48002034395477017,0.42344788456188764,0.41960572130815255,0.7592592592592593,0.8024691358024691,0.21328174352495255,0.23099964461593148,0.2752763982178914,0.6342888505421319,0.6276449540915012,3,705,162,l2,0.001,liblinear,0.6498794480338108
0.42731277533039647,0.42440476190476195,0.36077317038415435,0.38770009313059145,0.8061674008810573,0.7665198237885462,0.14360813903147995,0.16019560402985267,0.278224321934971,0.6196920741417229,0.6114676635831295,4,640,227,l2,0.001,lbfgs,0.6564909597651079
0.46774193548387094,0.4807141731122265,0.41006575544254537,0.4112331996900892,0.7379032258064516,0.7943548387096774,0.240384293509189,0.2714904143475573,0.3645505657781275,0.6679168796585354,0.6623917645014995,5,619,248,l2,0.001,liblinear,0.6448850009712094
