roc_auc,pr_auc,accuracy,f1,balanced_accuracy,matthews_corrcoef,sensitivity,specificity,precision,pos_LR,sensitivity_at_spec100,fold,n_train,n_val,threshold,best_penalty,best_C,best_solver,best_inner_score
0.7029518072289156,0.7391372921665988,0.6502732240437158,0.6521739130434783,0.655421686746988,0.3105441978967525,0.6,0.7108433734939759,0.7142857142857143,2.0749999999999997,0.04,1,684,183,0.5211904453591857,l2,0.1,lbfgs,0.7089821745657096
0.6828419328419328,0.7176253729467343,0.653179190751445,0.7087378640776699,0.6389571389571389,0.2830612758769487,0.7373737373737373,0.5405405405405406,0.6822429906542056,1.6048722519310754,0.0,2,694,173,0.5048378162976643,l2,0.1,liblinear,0.6973008870689481
0.6982511467889907,0.7638735271249579,0.7052023121387283,0.7713004484304933,0.6757454128440368,0.35796354338449216,0.7889908256880734,0.5625,0.7543859649122807,1.8034076015727394,0.05504587155963303,3,694,173,0.47415021179124295,l2,0.1,liblinear,0.7118477674667905
0.6710304054054054,0.7277762404415412,0.6228571428571429,0.6796116504854369,0.6200028153153153,0.2320417385960714,0.6306306306306306,0.609375,0.7368421052631579,1.6144144144144144,0.0,4,692,175,0.528237609024069,l2,0.01,liblinear,0.6900082124270751
0.6899406435488911,0.7699523259300116,0.6441717791411042,0.6947368421052632,0.6356607310215558,0.2690614567754031,0.6804123711340206,0.5909090909090909,0.7096774193548387,1.6632302405498283,0.07216494845360824,5,704,163,0.5337112000955357,l2,0.1,lbfgs,0.6839058808911154
