roc_auc,pr_auc,accuracy,f1,balanced_accuracy,matthews_corrcoef,sensitivity,specificity,precision,pos_LR,sensitivity_at_spec100,fold,n_train,n_val,threshold,best_penalty,best_C,best_solver,best_inner_score
0.6970909090909091,0.635300365172009,0.6523809523809524,0.6666666666666666,0.6559090909090909,0.3142704885006076,0.73,0.5818181818181818,0.6134453781512605,1.7456521739130433,0.02,1,683,210,0.49015035942922863,l1,0.01,liblinear,0.6429165695397794
0.6727910817506193,0.776243004171038,0.6108949416342413,0.6794871794871795,0.6099298100743187,0.2069472997609831,0.6127167630057804,0.6071428571428571,0.762589928057554,1.559642669469259,0.011560693641618497,2,636,257,0.48480906112234595,l1,0.01,liblinear,0.7069483893196993
0.6204444444444445,0.737373558994733,0.6,0.6883116883116883,0.5644444444444444,0.13156697648431637,0.7066666666666667,0.4222222222222222,0.6708860759493671,1.2230769230769232,0.08,3,773,120,0.46087862541876634,l2,0.001,liblinear,0.6866718051132661
0.668918918918919,0.6897446021570466,0.6404494382022472,0.6831683168316832,0.6357848232848233,0.26906408114341684,0.6634615384615384,0.6081081081081081,0.7040816326530612,1.692970822281167,0.0,4,715,178,0.46324647348196185,l2,0.01,liblinear,0.6687301121820912
0.6780177187153932,0.7825470891610835,0.6953125,0.7821229050279329,0.6331672203765227,0.2805599689212898,0.813953488372093,0.4523809523809524,0.7526881720430108,1.486349848331648,0.03488372093023256,5,765,128,0.4983934523184242,l2,0.0001,liblinear,0.6802002548130633
