accuracy,balanced_accuracy,f1_macro,f1_weighted,mae,adjacent_accuracy,kappa_linear,kappa_quadratic,spearman_r,roc_auc_macro_ovr,roc_auc_weighted_ovr,fold,n_train,n_val,best_penalty,best_C,best_solver,inner_auc_score
0.40336134453781514,0.4835185185185185,0.3640087982193245,0.3205189326374643,0.7647058823529411,0.8319327731092437,0.21636876763875823,0.2639406959724254,0.31895086807082407,0.6519795761356942,0.6358562509716642,1,748,119,l1,0.01,liblinear,0.6314366621169748
0.3816793893129771,0.46330317516758196,0.33464052287581697,0.28106570872623854,0.7938931297709924,0.8244274809160306,0.20448440966950843,0.25877027536778574,0.25279913845040486,0.6539186703546109,0.6484198668957571,2,736,131,l2,0.0001,liblinear,0.6305673619698087
0.40588235294117647,0.4337600273084144,0.3449153761978076,0.331123449436797,0.8294117647058824,0.7647058823529411,0.17087512971290209,0.20101229211858285,0.21668797639987264,0.6056931828392988,0.6006116710443263,3,697,170,l2,0.0001,liblinear,0.6459608940945092
0.4553191489361702,0.43214674851843,0.3646125565761982,0.40696265416655153,0.7446808510638298,0.8,0.21386653413109558,0.2658382207769584,0.32459954653492074,0.6298535794571841,0.6370094297667698,4,632,235,l2,0.001,liblinear,0.6413792523190549
0.41509433962264153,0.43045758726713695,0.3197496621861888,0.3353474685098486,0.8066037735849056,0.7783018867924528,0.16032797517024133,0.19770364446475497,0.3484561058371038,0.6481339687380725,0.6387680635573199,5,655,212,l2,0.0001,lbfgs,0.6272002441195562
