roc_auc,pr_auc,accuracy,f1,balanced_accuracy,matthews_corrcoef,sensitivity,specificity,precision,pos_LR,sensitivity_at_spec100,fold,n_train,n_val,threshold,best_penalty,best_C,best_solver,best_inner_score
0.6285454545454545,0.5567089528482403,0.5857142857142857,0.5714285714285714,0.5854545454545454,0.1707461836297545,0.58,0.5909090909090909,0.5631067961165048,1.4177777777777778,0.0,1,683,210,0.5222587096933092,l1,1.0,liblinear,0.6666764432750809
0.6735480319295349,0.7889213576124918,0.6614785992217899,0.7492795389048992,0.6138177814478392,0.22834375364393653,0.7514450867052023,0.47619047619047616,0.7471264367816092,1.4345769837099316,0.005780346820809248,2,636,257,0.45434396618684453,l2,0.01,lbfgs,0.6613973381730817
0.6912592592592591,0.8047278514749452,0.625,0.6853146853146853,0.6155555555555555,0.22578837914485933,0.6533333333333333,0.5777777777777777,0.7205882352941176,1.5473684210526313,0.16,3,773,120,0.5443229805704441,l2,0.01,lbfgs,0.6692995679818472
0.6886694386694386,0.7503101936194602,0.6460674157303371,0.7296137339055794,0.6113565488565489,0.24574539756427385,0.8173076923076923,0.40540540540540543,0.6589147286821705,1.3745629370629373,0.019230769230769232,4,715,178,0.42941142721195963,l2,0.01,lbfgs,0.6698188833915859
0.6160022148394241,0.7698958464312243,0.625,0.7241379310344828,0.5686600221483942,0.13910299279834548,0.7325581395348837,0.40476190476190477,0.7159090909090909,1.2306976744186047,0.046511627906976744,5,765,128,0.5340788676522388,l2,0.01,lbfgs,0.6880290917988745
