accuracy,balanced_accuracy,f1_macro,f1_weighted,mae,adjacent_accuracy,kappa_linear,kappa_quadratic,spearman_r,roc_auc_macro_ovr,roc_auc_weighted_ovr,fold,n_train,n_val,best_penalty,best_C,best_solver,inner_auc_score
0.47058823529411764,0.47981481481481475,0.4641752720408617,0.47631064584394717,0.6638655462184874,0.865546218487395,0.2131078931949444,0.22377622377622375,0.25560011277990435,0.6356045645941507,0.6227225017500837,1,748,119,l2,0.001,lbfgs,0.6235037879449907
0.5267175572519084,0.5501560586306349,0.5260967554781988,0.5277756201459671,0.6030534351145038,0.8702290076335878,0.31103122295453034,0.32155460836885286,0.32394513673701664,0.6871032788958361,0.6839024939547674,2,736,131,l2,0.001,lbfgs,0.6087196979306086
0.43529411764705883,0.4409114183307732,0.4311229190404741,0.42887095136562087,0.7176470588235294,0.8470588235294118,0.19431279620853092,0.23751095530236632,0.2059573468765298,0.6129038075990342,0.607040991183597,3,697,170,l2,0.001,lbfgs,0.6310794705795736
0.4340425531914894,0.42296832230460546,0.41164709368517904,0.43441371147331437,0.7489361702127659,0.8170212765957446,0.14279792746113995,0.16673433482203293,0.2024633520471759,0.6212382348330342,0.614999730817079,4,632,235,l2,0.001,lbfgs,0.6280604739291435
0.4481132075471698,0.47508180009536494,0.444405580032661,0.4513260894074665,0.7122641509433962,0.839622641509434,0.18111122480302888,0.19188191881918815,0.2424276709640383,0.6187892583672041,0.6076932969573914,5,655,212,l2,0.001,lbfgs,0.628306815769401
