roc_auc,pr_auc,accuracy,f1,balanced_accuracy,matthews_corrcoef,sensitivity,specificity,precision,pos_LR,sensitivity_at_spec100,fold,n_train,n_val,threshold,best_penalty,best_C,best_solver,best_inner_score
0.7021276595744681,0.7558315779746503,0.6495726495726496,0.7092198581560284,0.6337386018237082,0.2684581746795464,0.7142857142857143,0.5531914893617021,0.704225352112676,1.5986394557823131,0.02857142857142857,1,714,117,0.586206123694182,l1,0.1,liblinear,0.7065568603998537
0.730119825708061,0.7704484617120818,0.6534090909090909,0.6903553299492385,0.6604030501089324,0.31243114640943187,0.6296296296296297,0.6911764705882353,0.7640449438202247,2.0388007054673722,0.009259259259259259,2,655,176,0.5465381048786758,l2,0.001,liblinear,0.695689806305545
0.7592592592592592,0.8024284887753931,0.7730061349693251,0.8464730290456431,0.6904040404040404,0.4646360795429066,0.9444444444444444,0.43636363636363634,0.7669172932330827,1.675627240143369,0.009259259259259259,3,668,163,0.45609925562107445,l2,0.0001,liblinear,0.6541507762379734
0.6516798418972332,0.6915475111856765,0.6455696202531646,0.6888888888888889,0.6399868247694335,0.27796664409580174,0.6739130434782609,0.6060606060606061,0.7045454545454546,1.7107023411371238,0.0,4,673,158,0.5174772700240682,l2,0.01,liblinear,0.7090023029553576
0.6972789115646258,0.7248330239161356,0.6175115207373272,0.6278026905829597,0.6294261294261294,0.25691025354004926,0.5555555555555556,0.7032967032967034,0.7216494845360825,1.8724279835390951,0.015873015873015872,5,614,217,0.527958989586818,l2,0.001,liblinear,0.721871105928774
