roc_auc,pr_auc,accuracy,f1,balanced_accuracy,matthews_corrcoef,sensitivity,specificity,precision,pos_LR,sensitivity_at_spec100,fold,n_train,n_val,threshold,best_penalty,best_C,best_solver,best_inner_score
0.5908371040723982,0.6249055164771318,0.6031746031746031,0.6305418719211823,0.6018099547511313,0.2028184785787092,0.6153846153846154,0.5882352941176471,0.6464646464646465,1.4945054945054947,0.028846153846153848,1,678,189,0.5028163968641428,l2,0.001,lbfgs,0.6370443389189849
0.6302857142857142,0.6866782038868384,0.6083333333333333,0.6666666666666666,0.5957142857142856,0.19200545441820585,0.6714285714285714,0.52,0.6619718309859155,1.3988095238095237,0.05714285714285714,2,747,120,0.46655768346984594,l2,0.001,liblinear,0.6405157838309631
0.6111111111111112,0.6805859135034862,0.5822222222222222,0.6209677419354839,0.5851851851851853,0.1669298385764628,0.5703703703703704,0.6,0.6814159292035398,1.425925925925926,0.007407407407407408,3,642,225,0.49515621869721016,l2,0.001,lbfgs,0.6354888395022209
0.6473651960784313,0.6928029034871228,0.6144578313253012,0.6862745098039216,0.5931372549019608,0.18627450980392157,0.6862745098039216,0.5,0.6862745098039216,1.3725490196078431,0.0,4,701,166,0.5023468416547443,l2,0.001,lbfgs,0.6441864497520393
0.6680491551459293,0.7542999397146521,0.6047904191616766,0.648936170212766,0.6130568356374808,0.21849355277499025,0.580952380952381,0.6451612903225806,0.7349397590361446,1.6372294372294374,0.009523809523809525,5,700,167,0.5027767043696703,l2,0.0001,lbfgs,0.6038431055941508
