roc_auc,pr_auc,accuracy,f1,balanced_accuracy,matthews_corrcoef,sensitivity,specificity,precision,pos_LR,sensitivity_at_spec100,fold,n_train,n_val,threshold,best_penalty,best_C,best_solver,best_inner_score
0.5497835497835497,0.6234416535110173,0.5925925925925926,0.639344262295082,0.5930735930735931,0.18161737876807538,0.5909090909090909,0.5952380952380952,0.6964285714285714,1.4598930481283423,0.0,1,723,108,0.5216320216372495,l1,0.1,liblinear,0.6733879374906835
0.6024769305488101,0.7277414769373644,0.5775401069518716,0.5948717948717949,0.602112676056338,0.20065149463390172,0.5,0.704225352112676,0.7341772151898734,1.6904761904761902,0.07758620689655173,2,644,187,0.4992522404469853,l2,0.0001,lbfgs,0.6382755230135405
0.6418875758543596,0.6870243658503795,0.6266666666666667,0.6440677966101694,0.6282337911210476,0.2551266192049131,0.6129032258064516,0.6435643564356436,0.6785714285714286,1.7195340501792116,0.056451612903225805,3,606,225,0.46299757230998406,l2,0.01,liblinear,0.6568920667067738
0.5914502164502164,0.6568100911829147,0.6,0.6736842105263158,0.5821608946608947,0.1603230930791828,0.6464646464646465,0.5178571428571429,0.7032967032967034,1.3408155630377856,0.0,4,676,155,0.49880752240182324,l2,0.001,lbfgs,0.6739014739726314
0.7313485734538366,0.8114102544183543,0.6730769230769231,0.7243243243243244,0.6717171717171717,0.33250677748338453,0.6767676767676768,0.6666666666666666,0.7790697674418605,2.0303030303030303,0.0707070707070707,5,675,156,0.4967809428453231,l1,0.1,liblinear,0.6063754255917443
