roc_auc,pr_auc,accuracy,f1,balanced_accuracy,matthews_corrcoef,sensitivity,specificity,precision,pos_LR,sensitivity_at_spec100,fold,n_train,n_val,threshold,best_penalty,best_C,best_solver,best_inner_score
0.595159386068477,0.672990843872334,0.5863874345549738,0.6519823788546255,0.5772136953955136,0.1497282136906415,0.6115702479338843,0.5428571428571428,0.6981132075471698,1.3378099173553717,0.01652892561983471,1,702,191,0.48596342005442394,l1,0.01,liblinear,0.6820586147690558
0.6880471112525863,0.7440279561168155,0.676829268292683,0.736318407960199,0.662501989495464,0.32032232073639083,0.7184466019417476,0.6065573770491803,0.7551020408163265,1.8260517799352751,0.019417475728155338,2,729,164,0.5112893542995605,l2,0.0001,liblinear,0.6525681106608261
0.6794934841406441,0.6859082612130877,0.6740331491712708,0.7230046948356808,0.6639414802065404,0.33942985898830075,0.7857142857142857,0.5421686746987951,0.6695652173913044,1.7161654135338344,0.01020408163265306,3,712,181,0.4852785498705513,l2,0.0001,lbfgs,0.6300981833346364
0.6748216106014272,0.739379858314941,0.686046511627907,0.7589285714285714,0.6518130187854958,0.3107679247059023,0.7798165137614679,0.5238095238095238,0.7391304347826086,1.6376146788990826,0.0,4,721,172,0.505260201702308,l2,0.0001,liblinear,0.6736575278673247
0.7264557872034507,0.7078160254397741,0.6864864864864865,0.7184466019417476,0.6855379822669543,0.3673966502106905,0.6915887850467289,0.6794871794871795,0.7474747474747475,2.1577570093457945,0.0,5,708,185,0.4906698780858996,l2,0.0001,liblinear,0.6380495998493225
