accuracy,balanced_accuracy,f1_macro,f1_weighted,mae,adjacent_accuracy,kappa_linear,kappa_quadratic,spearman_r,roc_auc_macro_ovr,roc_auc_weighted_ovr,fold,n_train,n_val,best_penalty,best_C,best_solver,inner_auc_score
0.48031496062992124,0.48656330749354004,0.4226916368102412,0.43511975304785616,0.6771653543307087,0.84251968503937,0.30023065094823165,0.36760986405311413,0.34044364160165463,0.6070276744757751,0.604897546611927,1,740,127,l2,0.01,liblinear,0.6423596533712412
0.37305699481865284,0.38513513513513514,0.2851190476190476,0.27367690599555883,0.8393782383419689,0.7875647668393783,0.08909218039855493,0.11494512103443089,0.25552944659038485,0.6550135796467887,0.6523896470248894,2,674,193,l2,0.001,liblinear,0.6215047851112013
0.38372093023255816,0.423963133640553,0.31637215243772615,0.290655589168742,0.8372093023255814,0.7790697674418605,0.1559432933478735,0.19475655430711614,0.23738608272634143,0.6120803887763091,0.6089394617010896,3,695,172,l2,0.001,lbfgs,0.6371681865319514
0.5023041474654378,0.43550724637681154,0.3534611723106215,0.42855638721710504,0.7096774193548387,0.7880184331797235,0.20270076823972893,0.2414528092761531,0.3279735476633264,0.6716541720157158,0.6633639935453538,4,650,217,l2,0.001,liblinear,0.626918645292738
0.33544303797468356,0.41590909090909084,0.2898635477582846,0.23147531275446,0.8607594936708861,0.8037974683544303,0.13116610059841505,0.171767446785979,0.3456005075444851,0.6553037215448009,0.6434527237424176,5,709,158,l2,0.001,liblinear,0.6413438104157452
