roc_auc,pr_auc,accuracy,f1,balanced_accuracy,matthews_corrcoef,sensitivity,specificity,precision,pos_LR,sensitivity_at_spec100,fold,n_train,n_val,threshold,best_penalty,best_C,best_solver,best_inner_score
0.6318772136953956,0.7058417768194111,0.5706806282722513,0.6203703703703703,0.5768595041322314,0.14813983612884773,0.5537190082644629,0.6,0.7052631578947368,1.384297520661157,0.008264462809917356,1,702,191,0.5173109868194359,l2,0.001,lbfgs,0.6967270202770509
0.7100111411745982,0.7544868033511719,0.6890243902439024,0.7536231884057971,0.6655260226006685,0.3321907309570497,0.7572815533980582,0.5737704918032787,0.75,1.7766990291262135,0.009708737864077669,2,729,164,0.4935789862433707,l2,0.0001,liblinear,0.6591561147387932
0.6813375952790754,0.6774324174090312,0.6132596685082873,0.6195652173913043,0.6161175313498893,0.23172284162170748,0.5816326530612245,0.6506024096385542,0.6627906976744186,1.6646727656579872,0.01020408163265306,3,712,181,0.5226282134123948,l2,0.0001,lbfgs,0.639748038679073
0.6822484345420126,0.7491208071639603,0.6686046511627907,0.7323943661971831,0.6514489587884084,0.29847549784984156,0.7155963302752294,0.5873015873015873,0.75,1.7339449541284406,0.009174311926605505,4,721,172,0.5039771106577441,l2,0.0001,liblinear,0.686176635091112
0.7154325425353463,0.7099167647702791,0.7135135135135136,0.7705627705627706,0.6915288761083154,0.40237193912815084,0.8317757009345794,0.5512820512820513,0.717741935483871,1.853671562082777,0.0,5,708,185,0.446261762940221,l1,0.01,liblinear,0.6407730755043988
