roc_auc,pr_auc,accuracy,f1,balanced_accuracy,matthews_corrcoef,sensitivity,specificity,precision,pos_LR,sensitivity_at_spec100,fold,n_train,n_val,threshold,best_penalty,best_C,best_solver,best_inner_score
0.6253491155738795,0.6562303940088938,0.6363636363636364,0.6952380952380952,0.6214922197100679,0.2452121982873033,0.7087378640776699,0.5342465753424658,0.6822429906542056,1.5217018846373502,0.0,1,655,176,0.4928999641071021,l2,0.0001,liblinear,0.65958178454177
0.6670647241461667,0.7143662241256016,0.6590909090909091,0.7239263803680982,0.6375686649152137,0.28037593631736024,0.7468354430379747,0.5283018867924528,0.7023809523809523,1.5832911392405062,0.05063291139240506,2,699,132,0.4877594222062049,l1,0.1,liblinear,0.6444815798208208
0.626708984375,0.6874482329297043,0.5580357142857143,0.5892116182572614,0.55859375,0.11599016857445976,0.5546875,0.5625,0.6283185840707964,1.2678571428571428,0.0625,3,607,224,0.5038585973138704,l2,0.001,liblinear,0.6554393010015656
0.676062091503268,0.8043105553246833,0.68,0.7735849056603774,0.6102941176470589,0.23268946049775863,0.803921568627451,0.4166666666666667,0.7454545454545455,1.378151260504202,0.058823529411764705,4,681,150,0.45906871960110074,l2,0.001,lbfgs,0.6421026728946382
0.6762013729977117,0.7436051008969065,0.6375838926174496,0.7032967032967034,0.6197559115179252,0.23801867725422493,0.6956521739130435,0.543859649122807,0.7111111111111111,1.5250836120401339,0.0,5,682,149,0.49770415816210056,l2,0.01,liblinear,0.654610080473826
