roc_auc,pr_auc,accuracy,f1,balanced_accuracy,matthews_corrcoef,sensitivity,specificity,precision,pos_LR,sensitivity_at_spec100,fold,n_train,n_val,threshold,best_penalty,best_C,best_solver,best_inner_score
0.6205612448463892,0.674505844517964,0.6022727272727273,0.6759259259259259,0.5803963292991089,0.1652482092985988,0.7087378640776699,0.4520547945205479,0.6460176991150443,1.2934466019417477,0.0,1,655,176,0.43009906716402807,l2,0.01,lbfgs,0.7041020002266511
0.6878433245760688,0.7233089809063906,0.6893939393939394,0.7515151515151515,0.6659899689515165,0.3415349702686158,0.7848101265822784,0.5471698113207547,0.7209302325581395,1.7331223628691983,0.0,2,699,132,0.49223668425183564,l2,0.001,lbfgs,0.6400358390101155
0.70361328125,0.7299060319774056,0.6428571428571429,0.68,0.6393229166666667,0.2768937502615227,0.6640625,0.6145833333333334,0.6967213114754098,1.7229729729729732,0.03125,3,607,224,0.4786301430431853,l2,0.01,liblinear,0.6730976527280561
0.7028186274509804,0.8436523758512229,0.64,0.6966292134831461,0.6580882352941176,0.2950037901697921,0.6078431372549019,0.7083333333333334,0.8157894736842105,2.0840336134453783,0.09803921568627451,4,681,150,0.5024728099991874,l2,0.01,liblinear,0.6856150593793782
0.5924866514111365,0.7229180689761487,0.6174496644295302,0.6984126984126984,0.5867658276125095,0.17693856952614107,0.717391304347826,0.45614035087719296,0.6804123711340206,1.3190743338008415,0.03260869565217391,5,682,149,0.5370558266193841,l2,0.1,liblinear,0.6997052318464332
