n_pairs,pairwise_accuracy,both_correct_rate,mean_delta,median_delta,std_delta,n_positive_delta,per_drug_accuracy,per_drug_roc_auc,per_drug_pr_auc,n_train,n_test,best_penalty,best_C,best_solver,inner_cv_score,threshold,seed
13,0.46153846153846156,0.38461538461538464,0.0028033964854241845,-0.02284201743196146,0.10045879071305297,6,0.6538461538461539,0.7045454545454546,0.9399602412792429,867,26,l2,0.01,lbfgs,0.6665817193316668,0.5047540857103885,1
