roc_auc,pr_auc,accuracy,f1,balanced_accuracy,matthews_corrcoef,sensitivity,specificity,precision,pos_LR,sensitivity_at_spec100,fold,n_train,n_val,threshold,best_penalty,best_C,best_solver,best_inner_score
0.6078431372549019,0.6552484761634005,0.5758928571428571,0.6058091286307054,0.5733893557422969,0.14707917999042497,0.6134453781512605,0.5333333333333333,0.5983606557377049,1.3145258103241297,0.04201680672268908,1,669,224,0.49050920138142906,l2,0.001,lbfgs,0.670301080507255
0.6139566395663957,0.7549715821611421,0.6120218579234973,0.70042194092827,0.5790650406504065,0.15316717561705268,0.6747967479674797,0.48333333333333334,0.7280701754385965,1.3060582218725414,0.032520325203252036,2,710,183,0.5038767437721938,l2,0.01,lbfgs,0.6865656007145825
0.7076556061591847,0.784113543610523,0.6785714285714286,0.7398843930635838,0.6602689221427023,0.3193969520433058,0.735632183908046,0.5849056603773585,0.7441860465116279,1.7722048066875653,0.05747126436781609,3,753,140,0.45529213819846837,l2,0.01,lbfgs,0.661177633078109
0.6416301169590642,0.75614597657401,0.6078431372549019,0.6629213483146067,0.6055372807017544,0.20463166565391305,0.6145833333333334,0.5964912280701754,0.7195121951219512,1.5230978260869565,0.09375,4,740,153,0.4991153247375241,l2,0.001,lbfgs,0.6591241224947131
0.7097345132743362,0.7575407191925411,0.6321243523316062,0.6358974358974359,0.6493362831858407,0.2976535957509198,0.5486725663716814,0.75,0.7560975609756098,2.1946902654867255,0.04424778761061947,5,700,193,0.5258235854335876,l2,0.01,lbfgs,0.6864500148287036
