accuracy,balanced_accuracy,f1_macro,f1_weighted,mae,adjacent_accuracy,kappa_linear,kappa_quadratic,spearman_r,roc_auc_macro_ovr,roc_auc_weighted_ovr,fold,n_train,n_val,best_penalty,best_C,best_solver,inner_auc_score
0.42201834862385323,0.42795819335572977,0.41298536055355406,0.42552344257831376,0.7614678899082569,0.8165137614678899,0.160682809165971,0.1854304635761591,0.30239021812925765,0.6333523013662633,0.6286035170688493,1,758,109,l2,0.001,lbfgs,0.6240711455889592
0.4462809917355372,0.48063486684176343,0.4486842745269712,0.43871779627188673,0.6694214876033058,0.8842975206611571,0.23590863023310193,0.2918657718120805,0.340456584532762,0.6464445654577862,0.6283325011316387,2,746,121,l2,0.001,lbfgs,0.626317306138892
0.43209876543209874,0.4350436448797104,0.42612534075027336,0.43518761957330043,0.7037037037037037,0.8641975308641975,0.16328379847770946,0.18825320309526827,0.2388235983812833,0.5923579415959831,0.5875069573977667,3,705,162,l2,0.01,lbfgs,0.6286066826631851
0.4713656387665198,0.4444444444444445,0.4336937589671483,0.4662352760966279,0.6607929515418502,0.8678414096916299,0.21129435745390535,0.25860835484774025,0.26592566117317445,0.6319184858997505,0.6257428711668412,4,640,227,l2,0.001,lbfgs,0.6231984364597225
0.49193548387096775,0.48637406113492704,0.47903103592005003,0.4877705299153115,0.6733870967741935,0.8346774193548387,0.23769556414503956,0.25098248508078214,0.2478721215596385,0.621907639822843,0.6196385140077536,5,619,248,l2,0.001,lbfgs,0.5937232353372179
