accuracy,balanced_accuracy,f1_macro,f1_weighted,mae,adjacent_accuracy,kappa_linear,kappa_quadratic,spearman_r,roc_auc_macro_ovr,roc_auc_weighted_ovr,fold,n_train,n_val,best_penalty,best_C,best_solver,inner_auc_score
0.44954128440366975,0.45450727883538633,0.3889437933383051,0.4032004766795213,0.7339449541284404,0.8165137614678899,0.23615977575332858,0.29013350700097695,0.34272583443447524,0.6208161335956328,0.6181558056449344,1,758,109,l2,0.001,liblinear,0.6342388249269967
0.3305785123966942,0.4046315908384874,0.2942151162395879,0.2480144657311206,0.8760330578512396,0.7933884297520661,0.11885133278373183,0.1582233321441313,0.28084934950152834,0.6332503435679121,0.622343759965032,2,746,121,l1,0.01,liblinear,0.6358287575445529
0.4074074074074074,0.46537033094410146,0.35032679738562095,0.3280077463083999,0.7901234567901234,0.8024691358024691,0.21371151220991957,0.25928748333015816,0.2914762968037496,0.6479294911733148,0.6434813428849446,3,705,162,l2,0.0001,liblinear,0.6357203987933172
0.44052863436123346,0.45178571428571423,0.34471113937017606,0.36461112313210653,0.7709251101321586,0.788546255506608,0.19843015395790875,0.23950748538156275,0.3064183219324665,0.6328973126689754,0.6261804003522168,4,640,227,l2,0.0001,lbfgs,0.6471112257041194
0.5,0.5099537496122494,0.4387338765068023,0.443841646040019,0.6733870967741935,0.8266129032258065,0.3067059493119958,0.3522196985339666,0.36716560473388377,0.6719904356987545,0.6681111400653452,5,619,248,l2,0.001,liblinear,0.6309145471008779
