roc_auc,pr_auc,accuracy,f1,balanced_accuracy,matthews_corrcoef,sensitivity,specificity,precision,pos_LR,sensitivity_at_spec100,fold,n_train,n_val,threshold,best_penalty,best_C,best_solver,best_inner_score
0.7079178885630498,0.8308930589747081,0.659217877094972,0.7468879668049793,0.6174486803519061,0.22776214739984085,0.7258064516129032,0.509090909090909,0.7692307692307693,1.4784946236559138,0.016129032258064516,1,714,179,0.4957688863982896,l2,0.01,lbfgs,0.6529556813510116
0.7420068863748155,0.7514531798681342,0.669683257918552,0.6403940886699507,0.6729381865879652,0.3524384170265166,0.5701754385964912,0.7757009345794392,0.7303370786516854,2.54203216374269,0.05263157894736842,2,672,221,0.5114902842413808,l2,0.001,lbfgs,0.6372150889276403
0.6329181023058574,0.7374193247374548,0.5873015873015873,0.6533333333333333,0.5732838589981447,0.144737932220641,0.6363636363636364,0.5102040816326531,0.6712328767123288,1.2992424242424243,0.025974025974025976,3,767,126,0.5318624500165212,l2,0.01,lbfgs,0.6706874645499303
0.6317169069462648,0.7457433808334777,0.6162790697674418,0.6826923076923077,0.6034658511722732,0.20171190310534345,0.6513761467889908,0.5555555555555556,0.7171717171717171,1.4655963302752293,0.08256880733944955,4,721,172,0.5293060240718334,l2,0.01,lbfgs,0.6954472243504094
0.6778210959497509,0.697779195895467,0.6512820512820513,0.7166666666666667,0.6302794022092268,0.26852879931320855,0.7543859649122807,0.5061728395061729,0.6825396825396826,1.5276315789473685,0.008771929824561403,5,698,195,0.5036869454309079,l2,0.01,lbfgs,0.6729434807304635
