roc_auc,pr_auc,accuracy,f1,balanced_accuracy,matthews_corrcoef,sensitivity,specificity,precision,pos_LR,sensitivity_at_spec100,fold,n_train,n_val,threshold,best_penalty,best_C,best_solver,best_inner_score
0.623015873015873,0.7047036949369077,0.6111111111111112,0.6956521739130435,0.577922077922078,0.16116459280507606,0.7272727272727273,0.42857142857142855,0.6666666666666666,1.272727272727273,0.030303030303030304,1,723,108,0.5304051651256024,l2,0.001,liblinear,0.6874000499154029
0.6127974745021856,0.6741909977657832,0.5614973262032086,0.6019417475728155,0.5700582807187955,0.13609448233232513,0.5344827586206896,0.6056338028169014,0.6888888888888889,1.3552955665024629,0.008620689655172414,2,644,187,0.52708502379434,l1,0.1,liblinear,0.6780933132256824
0.6257585435962951,0.6533373076032987,0.5822222222222222,0.6328125,0.574137655701054,0.1497655529809944,0.6532258064516129,0.49504950495049505,0.6136363636363636,1.2936432637571156,0.008064516129032258,3,606,225,0.516748592184959,l2,0.0001,lbfgs,0.6933526627487745
0.6408730158730159,0.7237910404268333,0.6516129032258065,0.7216494845360825,0.6303210678210678,0.2570507104051739,0.7070707070707071,0.5535714285714286,0.7368421052631579,1.583838383838384,0.030303030303030304,4,676,155,0.5168371716238395,l1,0.1,liblinear,0.6770692806074065
0.8149920255183413,0.8658156173720217,0.7756410256410257,0.8241206030150754,0.7562466772993088,0.5144572003403203,0.8282828282828283,0.6842105263157895,0.82,2.622895622895623,0.15151515151515152,5,675,156,0.4943278817502078,l2,0.0001,liblinear,0.6254772674128362
