roc_auc,pr_auc,accuracy,f1,balanced_accuracy,matthews_corrcoef,sensitivity,specificity,precision,pos_LR,sensitivity_at_spec100,fold,n_train,n_val,threshold,best_penalty,best_C,best_solver,best_inner_score
0.6545,0.751260172765677,0.6307692307692307,0.6923076923076923,0.6175,0.2320033104556445,0.675,0.56,0.7105263157894737,1.5340909090909094,0.0125,1,737,130,0.4823983109795979,l1,0.1,liblinear,0.653617388706738
0.638810641627543,0.6870496581572401,0.6379310344827587,0.704225352112676,0.6187793427230046,0.2375586854460094,0.704225352112676,0.5333333333333333,0.704225352112676,1.5090543259557343,0.014084507042253521,2,751,116,0.5114025634242518,l2,0.01,liblinear,0.6257548788393287
0.6146568627450981,0.6105934173616869,0.583916083916084,0.5641025641025641,0.5875490196078431,0.1766241189910614,0.5133333333333333,0.6617647058823529,0.6260162601626016,1.5176811594202897,0.0,3,581,286,0.49668370989789623,l2,0.001,lbfgs,0.6612818980983977
0.6846153846153846,0.81849101320872,0.6407185628742516,0.719626168224299,0.6232441471571906,0.2323137086196722,0.6695652173913044,0.5769230769230769,0.7777777777777778,1.5826086956521739,0.043478260869565216,4,700,167,0.4863680505142732,l2,0.001,liblinear,0.6091732298225045
0.6602941176470588,0.7233475496968238,0.6190476190476191,0.6559139784946236,0.6211764705882352,0.2379833640099534,0.61,0.6323529411764706,0.7093023255813954,1.6591999999999998,0.01,5,699,168,0.5227673507481612,l1,0.1,liblinear,0.6449494816518143
