accuracy,balanced_accuracy,f1_macro,f1_weighted,mae,adjacent_accuracy,kappa_linear,kappa_quadratic,spearman_r,roc_auc_macro_ovr,roc_auc_weighted_ovr,fold,n_train,n_val,best_penalty,best_C,best_solver,inner_auc_score
0.4094488188976378,0.4031581969566466,0.34302109704641354,0.354077942788797,0.8188976377952756,0.7716535433070866,0.13673202614379087,0.17213906325446637,0.2732374380058562,0.5485409607580632,0.5432891623612717,1,740,127,l2,0.001,liblinear,0.6445276922550957
0.41450777202072536,0.43630275011853953,0.3764922817554397,0.3803896615459201,0.7927461139896373,0.7927461139896373,0.15338742509819658,0.16450216450216437,0.2490385846352535,0.6137181424733823,0.6051404716863932,2,674,193,l2,0.001,liblinear,0.629118838202017
0.38372093023255816,0.4122993283334839,0.33393829401088926,0.3177626303127506,0.8255813953488372,0.7906976744186046,0.14958217270194984,0.19024991200281605,0.24715806300301857,0.579561030367482,0.5716457960644007,3,695,172,l2,0.001,liblinear,0.6330330089520225
0.5714285714285714,0.5382889200561011,0.4386111111111111,0.4977342549923195,0.5806451612903226,0.847926267281106,0.361764705882353,0.42165463631315936,0.42567685157590196,0.6876931399470623,0.6863564798395063,4,650,217,l2,0.0001,liblinear,0.5928563348241319
0.36075949367088606,0.45303030303030295,0.3153846153846154,0.25082765335929896,0.810126582278481,0.8291139240506329,0.18805203147583116,0.24572447801909547,0.3018082859035576,0.6526410321515139,0.6445816119896395,5,709,158,l1,0.01,liblinear,0.6168948435113574
