roc_auc,pr_auc,accuracy,f1,balanced_accuracy,matthews_corrcoef,sensitivity,specificity,precision,pos_LR,sensitivity_at_spec100,fold,n_train,n_val,threshold,best_penalty,best_C,best_solver,best_inner_score
0.6531914893617021,0.7262770222600179,0.6068376068376068,0.676056338028169,0.5875379939209726,0.17642171085439082,0.6857142857142857,0.48936170212765956,0.6666666666666666,1.3428571428571427,0.1,1,714,117,0.5048786400710995,l2,0.0001,liblinear,0.686237375329012
0.7011165577342048,0.7355961648172551,0.5625,0.5497076023391813,0.5999455337690631,0.20302532997396308,0.4351851851851852,0.7647058823529411,0.746031746031746,1.8495370370370365,0.027777777777777776,2,655,176,0.5409069386377243,l1,0.01,liblinear,0.6506562366759239
0.7021885521885521,0.7724675787189705,0.6993865030674846,0.7632850241545893,0.6839225589225589,0.3561645038494615,0.7314814814814815,0.6363636363636364,0.797979797979798,2.011574074074074,0.009259259259259259,3,668,163,0.4949612557436856,l2,0.0001,liblinear,0.6528278685756412
0.6888998682476943,0.7020065189524776,0.6772151898734177,0.746268656716418,0.6500329380764163,0.31994196088018745,0.8152173913043478,0.48484848484848486,0.6880733944954128,1.5824808184143222,0.010869565217391304,4,673,158,0.47337777246645685,l2,0.0001,liblinear,0.6525585015246339
0.6385836385836386,0.6651942619908283,0.631336405529954,0.6825396825396826,0.6214896214896215,0.24297924297924298,0.6825396825396826,0.5604395604395604,0.6825396825396826,1.5527777777777778,0.015873015873015872,5,614,217,0.4847760147894923,l1,0.01,liblinear,0.7017931488982886
