n_pairs,pairwise_accuracy,both_correct_rate,mean_delta,median_delta,std_delta,n_positive_delta,per_drug_accuracy,per_drug_roc_auc,per_drug_pr_auc,n_train,n_test,best_penalty,best_C,best_solver,inner_cv_score,threshold,seed
38,0.5789473684210527,0.10526315789473684,0.035684081285655055,0.0332410432548878,0.14510595090058795,22,0.4838709677419355,0.5997899159663866,0.6107992711537454,831,62,l1,0.1,liblinear,0.6650360182782954,0.522572783654817,3
