roc_auc,pr_auc,accuracy,f1,balanced_accuracy,matthews_corrcoef,sensitivity,specificity,precision,pos_LR,sensitivity_at_spec100,fold,n_train,n_val,threshold,best_penalty,best_C,best_solver,best_inner_score
0.6050006649820456,0.6431981193743831,0.5227272727272727,0.475,0.5543290331161058,0.11440133845744391,0.36893203883495146,0.7397260273972602,0.6666666666666666,1.4174757281553396,0.0,1,655,176,0.508957095915099,l2,0.001,lbfgs,0.6700579864974936
0.6950083592070696,0.7664925747510025,0.6363636363636364,0.6842105263157895,0.631000716503463,0.2583257573119297,0.6582278481012658,0.6037735849056604,0.7123287671232876,1.661241711874623,0.0759493670886076,2,699,132,0.5140276049656305,l1,0.1,liblinear,0.64567551841587
0.6643066406249999,0.7226155358944654,0.59375,0.5844748858447488,0.609375,0.22041550751119351,0.5,0.71875,0.7032967032967034,1.7777777777777777,0.078125,3,607,224,0.5400294790073482,l1,0.1,liblinear,0.6649388826287254
0.6433823529411764,0.7713667320919184,0.6466666666666666,0.7389162561576355,0.5968137254901961,0.19258785932185796,0.7352941176470589,0.4583333333333333,0.7425742574257426,1.3574660633484161,0.00980392156862745,4,681,150,0.47766439827002904,l1,0.1,liblinear,0.6395876724554691
0.6723874904652938,0.7274273273590661,0.6308724832214765,0.6961325966850829,0.6143211289092296,0.22657772563431813,0.6847826086956522,0.543859649122807,0.7078651685393258,1.5012541806020068,0.0,5,682,149,0.5035836146300167,l1,0.1,liblinear,0.6566995880651861
