accuracy,balanced_accuracy,f1_macro,f1_weighted,mae,adjacent_accuracy,kappa_linear,kappa_quadratic,spearman_r,roc_auc_macro_ovr,roc_auc_weighted_ovr,fold,n_train,n_val,best_penalty,best_C,best_solver,inner_auc_score
0.44036697247706424,0.457648998382481,0.3618726158330119,0.370809125473491,0.7706422018348624,0.7889908256880734,0.2228823629264981,0.2679272576978715,0.3540227929801685,0.6121013778049645,0.6128789028585103,1,758,109,l1,0.01,liblinear,0.6407461410865238
0.4462809917355372,0.4840464288740151,0.4475296290595659,0.4374428375715683,0.7107438016528925,0.8429752066115702,0.21178609301620965,0.2295368183218649,0.23153380141870514,0.6210466198131456,0.6099925646278502,2,746,121,l2,0.001,liblinear,0.6545269872534274
0.41358024691358025,0.4130153999006458,0.40606060606060607,0.4199775533108867,0.7283950617283951,0.8580246913580247,0.15520593954392803,0.19354055366682854,0.26266470146834014,0.6113802676591275,0.6184107292327365,3,705,162,l2,0.001,liblinear,0.6339981441884147
0.4669603524229075,0.4492063492063492,0.39332923592182856,0.41897931839194685,0.7004405286343612,0.8325991189427313,0.21065062875888463,0.2592721163058722,0.3285933906062885,0.633682046884623,0.6293789495483519,4,640,227,l2,0.0001,liblinear,0.6448704312693992
0.4637096774193548,0.47054239322237307,0.4387515767896562,0.44280354472487565,0.7016129032258065,0.8346774193548387,0.24262847514743047,0.2886339189673718,0.35468232755657436,0.6675112057168523,0.6629806974313024,5,619,248,l2,0.001,liblinear,0.6180651587455207
