roc_auc,pr_auc,accuracy,f1,balanced_accuracy,matthews_corrcoef,sensitivity,specificity,precision,pos_LR,sensitivity_at_spec100,fold,n_train,n_val,threshold,best_penalty,best_C,best_solver,best_inner_score
0.723900293255132,0.8006181257915571,0.7318435754189944,0.8032786885245902,0.6951612903225806,0.38308860580542015,0.7903225806451613,0.6,0.8166666666666667,1.975806451612903,0.0,1,714,179,0.4768812015685244,l2,0.0001,liblinear,0.6726635323254918
0.6924085915723889,0.7065181513623686,0.6244343891402715,0.6556016597510373,0.6221921626496147,0.24703123765433302,0.6929824561403509,0.5514018691588785,0.6220472440944882,1.5447733918128654,0.06140350877192982,2,672,221,0.4941968826455934,l2,0.001,lbfgs,0.6690011732928115
0.6986482904850252,0.7738295030772601,0.6587301587301587,0.7361963190184049,0.6243042671614101,0.2603635680286883,0.7792207792207793,0.46938775510204084,0.6976744186046512,1.4685314685314688,0.03896103896103896,3,767,126,0.38878594557344576,l1,1.0,liblinear,0.6407996819087208
0.6408912188728703,0.7336464223850123,0.627906976744186,0.7117117117117117,0.5925440512596476,0.1878437714729439,0.7247706422018348,0.4603174603174603,0.6991150442477876,1.3429573664328114,0.0,4,721,172,0.5020355992013164,l2,0.0001,liblinear,0.707368215510226
0.6362356508555338,0.6783614077201015,0.6102564102564103,0.6724137931034483,0.5951916829109811,0.19192766044827267,0.6842105263157895,0.5061728395061729,0.6610169491525424,1.3855263157894737,0.008771929824561403,5,698,195,0.5092952365641029,l2,0.001,liblinear,0.6979220189285197
