accuracy,balanced_accuracy,f1_macro,f1_weighted,mae,adjacent_accuracy,kappa_linear,kappa_quadratic,spearman_r,roc_auc_macro_ovr,roc_auc_weighted_ovr,fold,n_train,n_val,best_penalty,best_C,best_solver,inner_auc_score
0.3949579831932773,0.44222222222222224,0.3810376290044333,0.3670333880331002,0.7899159663865546,0.8151260504201681,0.157045968349661,0.17725450901803608,0.2610621132663949,0.6129085482618115,0.5951837835965146,1,748,119,l1,0.1,liblinear,0.6524794307510272
0.37404580152671757,0.46076146076146074,0.3218864468864469,0.2654034896401309,0.8015267175572519,0.8244274809160306,0.2059689430237257,0.26511126797191364,0.3344750885995091,0.687914393890023,0.6794447699424943,2,736,131,l2,0.0001,liblinear,0.6401555809138039
0.4117647058823529,0.44336917562724015,0.3366718831507564,0.31946975973487984,0.8058823529411765,0.7823529411764706,0.19883040935672514,0.2437275985663082,0.24312834117182233,0.6299662842106214,0.6240716185124102,3,697,170,l2,0.0001,liblinear,0.6464201973829257
0.44680851063829785,0.41825785962954104,0.3547156109870559,0.39738214786892206,0.7659574468085106,0.7872340425531915,0.18342921122736577,0.22742749794528605,0.3021551863088951,0.6081104451028877,0.6116352014983322,4,632,235,l2,0.001,liblinear,0.6474282629726807
0.419811320754717,0.43567916980830707,0.3361111111111111,0.3522798742138365,0.8018867924528302,0.7783018867924528,0.16189944653737032,0.19477455183725145,0.34508096542432215,0.6469630373597408,0.6376336202967698,5,655,212,l2,0.0001,lbfgs,0.6319222122021613
