accuracy,balanced_accuracy,f1_macro,f1_weighted,mae,adjacent_accuracy,kappa_linear,kappa_quadratic,spearman_r,roc_auc_macro_ovr,roc_auc_weighted_ovr,fold,n_train,n_val,best_penalty,best_C,best_solver,inner_auc_score
0.4251968503937008,0.433677863910422,0.34665065919651394,0.35783181757786175,0.8188976377952756,0.7559055118110236,0.1813561423081691,0.2123589628633341,0.2887349738868711,0.5711121360073846,0.5673008833929652,1,740,127,l2,0.0001,liblinear,0.6439177406707086
0.40414507772020725,0.4244428639165481,0.33529700540009816,0.33071849539986925,0.7979274611398963,0.7979274611398963,0.15312286300433098,0.18022702306847305,0.2877381561839552,0.5861182892971436,0.5780172695895563,2,674,193,l2,0.0001,liblinear,0.6443659247328867
0.37790697674418605,0.4181124062528237,0.319047619047619,0.29617940199335546,0.8488372093023255,0.7732558139534884,0.146082698585419,0.18109165107974834,0.2374112682425185,0.5892646430893583,0.5803347088957553,3,695,172,l2,0.0001,liblinear,0.640272559422864
0.5622119815668203,0.5270570359981299,0.43038888888888893,0.4904224270353303,0.5990783410138248,0.8387096774193549,0.3415032679738562,0.39755691282620764,0.4281975124709074,0.6831688790019471,0.6826760193133498,4,650,217,l2,0.0001,liblinear,0.6092336040999485
0.4240506329113924,0.4835176085176085,0.4177392807937345,0.3933840402181138,0.7341772151898734,0.8417721518987342,0.2182221463914007,0.25054291919076466,0.2972236236109636,0.6318839845991943,0.6185524218721015,5,709,158,l1,0.1,liblinear,0.6192902794236798
