accuracy,balanced_accuracy,f1_macro,f1_weighted,mae,adjacent_accuracy,kappa_linear,kappa_quadratic,spearman_r,roc_auc_macro_ovr,roc_auc_weighted_ovr,fold,n_train,n_val,best_penalty,best_C,best_solver,inner_auc_score
0.3865546218487395,0.4482098765432099,0.3693705673758865,0.34778964777400323,0.8067226890756303,0.8067226890756303,0.16221765913757702,0.18508873456790131,0.26764954704581195,0.6110711115101096,0.5922516165097874,1,748,119,l2,0.001,liblinear,0.6504640538502907
0.44274809160305345,0.4995983301068047,0.43163908589440503,0.4097459079999278,0.732824427480916,0.8244274809160306,0.23401145084663166,0.25407009383270496,0.2886273570152145,0.6833011061219295,0.6811267764103097,2,736,131,l1,0.1,liblinear,0.636867754542538
0.4117647058823529,0.4351595835466804,0.34163851351351354,0.3286640500794913,0.8117647058823529,0.7764705882352941,0.18502049607448057,0.22294843863471303,0.28718738013327416,0.634653292668467,0.6261203550994646,3,697,170,l2,0.0001,liblinear,0.6527627671667623
0.46382978723404256,0.4380464535331792,0.3705592965405531,0.40738081783068825,0.7319148936170212,0.8042553191489362,0.20779271686723366,0.2579834947972731,0.33395048524979437,0.6282916499466481,0.6258678067525905,4,632,235,l2,0.001,liblinear,0.6603199030587397
0.5047169811320755,0.5082258128921179,0.43314800598630593,0.4450722925886764,0.6462264150943396,0.8490566037735849,0.2761800328963764,0.3261007085020242,0.41517368013062933,0.688097729087313,0.6722568485149457,5,655,212,l2,0.001,liblinear,0.6341178874845588
