roc_auc,pr_auc,accuracy,f1,balanced_accuracy,matthews_corrcoef,sensitivity,specificity,precision,pos_LR,sensitivity_at_spec100,fold,n_train,n_val,threshold,best_penalty,best_C,best_solver,best_inner_score
0.6944016435541859,0.7562691904350827,0.6342281879194631,0.6726726726726727,0.6345659989727787,0.2646294550353212,0.632768361581921,0.6363636363636364,0.717948717948718,1.7401129943502827,0.01694915254237288,1,595,298,0.49493187120271415,l2,0.0001,liblinear,0.6724151580813009
0.7767630644342974,0.8270055909650949,0.7348066298342542,0.7913043478260869,0.7089675291730086,0.4373973927627227,0.8425925925925926,0.5753424657534246,0.7459016393442623,1.984169653524492,0.12962962962962962,2,712,181,0.4827593229260423,l2,0.0001,liblinear,0.6334029057990204
0.5766292134831461,0.668286574201067,0.6187050359712231,0.7225130890052356,0.5576404494382022,0.12518042212168692,0.7752808988764045,0.34,0.6764705882352942,1.174668028600613,0.0,3,754,139,0.49379395421381334,l2,0.0001,lbfgs,0.707672847132738
0.7025974025974027,0.7417594675424432,0.65,0.6926829268292682,0.6512987012987013,0.29548762197979683,0.6454545454545455,0.6571428571428571,0.7473684210526316,1.8825757575757578,0.00909090909090909,4,713,180,0.5330483438890704,l2,0.0001,liblinear,0.680364838719822
0.6766034327009937,0.6678653080643216,0.6421052631578947,0.6964285714285714,0.6294037940379404,0.2628760103473882,0.7222222222222222,0.5365853658536586,0.6724137931034483,1.5584795321637428,0.0,5,798,95,0.44930178578924634,l2,0.001,lbfgs,0.6772802824362059
