roc_auc,pr_auc,accuracy,f1,balanced_accuracy,matthews_corrcoef,sensitivity,specificity,precision,pos_LR,sensitivity_at_spec100,fold,n_train,n_val,threshold,best_penalty,best_C,best_solver,best_inner_score
0.5624434389140271,0.6214725724567105,0.5608465608465608,0.5743589743589743,0.5633484162895928,0.12614154795242888,0.5384615384615384,0.5882352941176471,0.6153846153846154,1.3076923076923077,0.028846153846153848,1,678,189,0.534263244999964,l2,0.1,lbfgs,0.6818622462377654
0.7002857142857143,0.7039089062954305,0.7,0.76,0.6771428571428572,0.37052086889366204,0.8142857142857143,0.54,0.7125,1.7701863354037268,0.0,2,747,120,0.4841470411067007,l2,0.0001,liblinear,0.6952646849698298
0.6450205761316873,0.6844937150224153,0.6133333333333333,0.6329113924050633,0.6277777777777778,0.2514900596833998,0.5555555555555556,0.7,0.7352941176470589,1.8518518518518516,0.0,3,642,225,0.5210324375787435,l2,0.01,liblinear,0.6623756336304301
0.732077205882353,0.7914015009946047,0.7108433734939759,0.7757009345794392,0.6803002450980392,0.37463685104243216,0.8137254901960784,0.546875,0.7410714285714286,1.7958079783637593,0.06862745098039216,4,701,166,0.49792874911290663,l2,0.0001,liblinear,0.6864330642427038
0.6691244239631337,0.7320760779792508,0.6407185628742516,0.7,0.6317204301075269,0.2570073710654829,0.6666666666666666,0.5967741935483871,0.7368421052631579,1.6533333333333333,0.009523809523809525,5,700,167,0.5073222111677577,l2,0.001,liblinear,0.6969800526524264
