roc_auc,pr_auc,accuracy,f1,balanced_accuracy,matthews_corrcoef,sensitivity,specificity,precision,pos_LR,sensitivity_at_spec100,fold,n_train,n_val,threshold,best_penalty,best_C,best_solver,best_inner_score
0.6711246200607903,0.7366812423169723,0.6837606837606838,0.7375886524822695,0.6693009118541033,0.33984364385569854,0.7428571428571429,0.5957446808510638,0.7323943661971831,1.837593984962406,0.1,1,714,117,0.4894293807664266,l2,0.01,liblinear,0.6848071929934362
0.7035675381263616,0.781383535626776,0.6306818181818182,0.6596858638743456,0.6446078431372549,0.2821029696007822,0.5833333333333334,0.7058823529411765,0.7590361445783133,1.9833333333333338,0.046296296296296294,2,655,176,0.49874151780126663,l2,0.01,liblinear,0.6662555931510568
0.7079124579124579,0.811650455858389,0.7239263803680982,0.7982062780269058,0.6756734006734006,0.36446823841529197,0.8240740740740741,0.5272727272727272,0.7739130434782608,1.743233618233618,0.05555555555555555,3,668,163,0.4607316031378592,l2,0.01,liblinear,0.6350148722276732
0.6388339920948616,0.7235774367720311,0.6139240506329114,0.6772486772486772,0.5978260869565217,0.19819823129740483,0.6956521739130435,0.5,0.6597938144329897,1.391304347826087,0.09782608695652174,4,673,158,0.4783230615800723,l2,0.01,lbfgs,0.6988929062868784
0.7079190650619223,0.7263505402281284,0.7050691244239631,0.7377049180327869,0.7032967032967032,0.40281691541718195,0.7142857142857143,0.6923076923076923,0.7627118644067796,2.321428571428571,0.023809523809523808,5,614,217,0.4788134264222907,l2,0.01,liblinear,0.6795913111519902
