accuracy,balanced_accuracy,f1_macro,f1_weighted,mae,adjacent_accuracy,kappa_linear,kappa_quadratic,spearman_r,roc_auc_macro_ovr,roc_auc_weighted_ovr,fold,n_train,n_val,best_penalty,best_C,best_solver,inner_auc_score
0.4251968503937008,0.4245765144989952,0.42222696616776173,0.43525214724235756,0.6535433070866141,0.9212598425196851,0.24926999501460023,0.3666295453445019,0.4100193550375029,0.6122269523033003,0.6161344910971004,1,740,127,l2,0.001,lbfgs,0.674399560572718
0.45595854922279794,0.4544511616880038,0.43504920104845257,0.4509815135998003,0.6839378238341969,0.8601036269430051,0.20302821748107358,0.23471476080839093,0.29984273658676763,0.6584404121257871,0.6580045366670154,2,674,193,l2,0.0001,lbfgs,0.670414613700834
0.45930232558139533,0.4514623053522484,0.4543131422204018,0.46644895159919264,0.627906976744186,0.9127906976744186,0.25169191105381883,0.33009708737864085,0.3664492603753931,0.6273459515395,0.6260408196454709,3,695,172,l2,0.001,lbfgs,0.6742387473688458
0.511520737327189,0.5422510518934082,0.4903508771929825,0.5212951734174146,0.6175115207373272,0.8709677419354839,0.3416500633943127,0.40666014275846185,0.4596134595547652,0.7040555208303715,0.6997742563400428,4,650,217,l2,0.0001,lbfgs,0.6430597835553797
0.4810126582278481,0.47807125307125314,0.47146946524021643,0.48317630496206937,0.6265822784810127,0.8924050632911392,0.2278605982821602,0.25466411293182944,0.3162317581841239,0.679599504259406,0.6697736550666518,5,709,158,l2,0.001,lbfgs,0.6757519819699815
