roc_auc,pr_auc,accuracy,f1,balanced_accuracy,matthews_corrcoef,sensitivity,specificity,precision,pos_LR,sensitivity_at_spec100,fold,n_train,n_val,threshold,best_penalty,best_C,best_solver,best_inner_score
0.7498102706804959,0.7994477729236427,0.6594594594594595,0.6985645933014354,0.6749936756893499,0.33646983189389973,0.6186440677966102,0.7313432835820896,0.8021978021978022,2.3027306967984935,0.00847457627118644,1,646,185,0.5066010048391175,l2,0.001,liblinear,0.6797785249836067
0.7151959222682384,0.7629772460762207,0.6810344827586207,0.7581699346405228,0.6414463204842307,0.2953391795296987,0.7945205479452054,0.4883720930232558,0.725,1.552926525529265,0.0136986301369863,2,715,116,0.4686191501780542,l1,0.01,liblinear,0.6972772525610151
0.6722689075630254,0.6856677903265601,0.6308411214953271,0.6638297872340425,0.6277310924369748,0.25475333206199585,0.6554621848739496,0.6,0.6724137931034483,1.638655462184874,0.0,3,617,214,0.502465889297808,l2,0.001,lbfgs,0.706768759145062
0.6736842105263158,0.7324306890719551,0.7161290322580646,0.7884615384615384,0.6732456140350878,0.37972203982129116,0.8631578947368421,0.48333333333333334,0.7256637168141593,1.67062818336163,0.010526315789473684,4,676,155,0.5060807869540347,l2,0.001,liblinear,0.6998889341740897
0.6148582600195502,0.691212613258471,0.6024844720496895,0.6893203883495146,0.5682632779406973,0.1407154577628591,0.7171717171717171,0.41935483870967744,0.6635514018691588,1.235129068462402,0.010101010101010102,5,670,161,0.4742147986244729,l1,0.1,liblinear,0.6691898326939993
