roc_auc,pr_auc,accuracy,f1,balanced_accuracy,matthews_corrcoef,sensitivity,specificity,precision,pos_LR,sensitivity_at_spec100,fold,n_train,n_val,threshold,best_penalty,best_C,best_solver,best_inner_score
0.6393581081081081,0.7241146122399056,0.6311475409836066,0.697986577181208,0.6117680180180181,0.22439049840986514,0.7027027027027027,0.5208333333333334,0.6933333333333334,1.4665099882491188,0.05405405405405406,1,745,122,0.5216587994687941,l2,0.1,lbfgs,0.6789559638825698
0.7227777777777777,0.8125448361648877,0.64,0.6762589928057554,0.6604166666666667,0.30848408286090073,0.5875,0.7333333333333333,0.7966101694915254,2.2031249999999996,0.1125,2,742,125,0.5259961579113335,l2,0.1,lbfgs,0.6672213987099394
0.6355894217839533,0.7143855617714581,0.5787234042553191,0.6373626373626373,0.5677947108919768,0.1350157193969912,0.6304347826086957,0.5051546391752577,0.6444444444444445,1.2740036231884058,0.007246376811594203,3,632,235,0.5381993150336467,l2,0.1,liblinear,0.6727207616593106
0.6150126640571033,0.6484826413342482,0.6,0.6229508196721312,0.6015043364801597,0.20149872106806002,0.5891472868217055,0.6138613861386139,0.6608695652173913,1.5257404094613398,0.0,4,637,230,0.4819102642033533,l1,1.0,liblinear,0.7157114626995735
0.7607017543859649,0.8241056514759845,0.6645161290322581,0.7045454545454546,0.6679824561403509,0.3276219426517362,0.6526315789473685,0.6833333333333333,0.7654320987654321,2.060941828254848,0.12631578947368421,5,712,155,0.526053166874108,l2,1.0,lbfgs,0.6404569982189567
