roc_auc,pr_auc,accuracy,f1,balanced_accuracy,matthews_corrcoef,sensitivity,specificity,precision,pos_LR,sensitivity_at_spec100,fold,n_train,n_val,threshold,best_penalty,best_C,best_solver,best_inner_score
0.6462669683257919,0.6842389975242559,0.6296296296296297,0.6788990825688074,0.620475113122172,0.2450024422602828,0.7115384615384616,0.5294117647058824,0.6491228070175439,1.5120192307692308,0.028846153846153848,1,678,189,0.46844579394770075,l1,0.1,liblinear,0.6324731442915141
0.6565714285714285,0.6813063139210125,0.6583333333333333,0.7050359712230215,0.6499999999999999,0.2991890146649166,0.7,0.6,0.7101449275362319,1.7499999999999998,0.0,2,747,120,0.49431133425202645,l2,0.01,liblinear,0.6462773712086334
0.6185185185185187,0.6864991928974455,0.5688888888888889,0.5800865800865801,0.587037037037037,0.17242163582210132,0.4962962962962963,0.6777777777777778,0.6979166666666666,1.5402298850574714,0.014814814814814815,3,642,225,0.5289508298674975,l1,0.1,liblinear,0.6400109916111767
0.6606924019607843,0.7549021892322529,0.6445783132530121,0.730593607305936,0.603094362745098,0.22002094016932938,0.7843137254901961,0.421875,0.6837606837606838,1.3566507684154743,0.049019607843137254,4,701,166,0.48701018784094313,l1,0.1,liblinear,0.6512989184271043
0.6376344086021505,0.7012756800867272,0.6706586826347305,0.7393364928909952,0.6456221198156682,0.29223349263756276,0.7428571428571429,0.5483870967741935,0.7358490566037735,1.6448979591836734,0.0,5,700,167,0.4935516146581979,l2,0.01,liblinear,0.6498182755440294
