roc_auc,pr_auc,accuracy,f1,balanced_accuracy,matthews_corrcoef,sensitivity,specificity,precision,pos_LR,sensitivity_at_spec100,fold,n_train,n_val,threshold,best_penalty,best_C,best_solver,best_inner_score
0.6457272727272727,0.6163217133707728,0.5904761904761905,0.5425531914893617,0.5868181818181819,0.1757582716638329,0.51,0.6636363636363637,0.5795454545454546,1.5162162162162165,0.02,1,683,210,0.5335383885258268,l1,0.1,liblinear,0.67822491009164
0.6906826314340765,0.8216534230165666,0.6653696498054474,0.7378048780487805,0.6473300302780072,0.2824997276059938,0.6994219653179191,0.5952380952380952,0.7806451612903226,1.7279836790207412,0.06936416184971098,2,636,257,0.4532052951550357,l2,0.01,liblinear,0.6740020837412531
0.6654814814814816,0.7768680782883213,0.65,0.7,0.6488888888888888,0.2893284564486454,0.6533333333333333,0.6444444444444445,0.7538461538461538,1.8375000000000001,0.13333333333333333,3,773,120,0.48811789229749886,l2,0.01,liblinear,0.6603793397269405
0.7080301455301455,0.7532960261152495,0.6573033707865169,0.680628272251309,0.6638513513513513,0.3230964827260703,0.625,0.7027027027027027,0.7471264367816092,2.1022727272727275,0.0,4,715,178,0.5272499209621049,l2,0.01,liblinear,0.6470358319693048
0.6276301218161684,0.764063517419591,0.609375,0.6875,0.593576965669989,0.1779344684751321,0.6395348837209303,0.5476190476190477,0.7432432432432432,1.4137086903304776,0.023255813953488372,5,765,128,0.5165943959564933,l1,0.1,liblinear,0.6745711505043126
