accuracy,balanced_accuracy,f1_macro,f1_weighted,mae,adjacent_accuracy,kappa_linear,kappa_quadratic,spearman_r,roc_auc_macro_ovr,roc_auc_weighted_ovr,fold,n_train,n_val,best_penalty,best_C,best_solver,inner_auc_score
0.3949579831932773,0.38413580246913576,0.380287356321839,0.40047522457258766,0.7394957983193278,0.865546218487395,0.09505703422053247,0.11917098445595864,0.13524404861415654,0.5534494048144286,0.5522420831018603,1,748,119,l2,0.1,lbfgs,0.6265669047691944
0.48091603053435117,0.49286871320769626,0.4757907657445,0.4818455969745304,0.648854961832061,0.8702290076335878,0.23779861729071117,0.25379349959312625,0.21046684521048895,0.6273774018536625,0.6245101536576574,2,736,131,l2,0.1,lbfgs,0.6056892681223469
0.4470588235294118,0.4616487455197132,0.44610892221511694,0.44255402299129526,0.7058823529411765,0.8470588235294118,0.22018348623853212,0.2605331040412725,0.31767838850255936,0.6548180253613074,0.6500602325249935,3,697,170,l2,0.1,lbfgs,0.5995067290317907
0.4553191489361702,0.45503468069839753,0.4404620333042934,0.46465539946749834,0.6978723404255319,0.8468085106382979,0.21401476526491825,0.2529633620689655,0.29382070603588295,0.6229460036693356,0.6292913918036019,4,632,235,l2,0.1,lbfgs,0.607983131642713
0.49056603773584906,0.46421818369729384,0.4592596332695091,0.5019134701232048,0.6556603773584906,0.8537735849056604,0.2193493695030201,0.2251800130918613,0.2960140849746983,0.655345858609894,0.6585964617272076,5,655,212,l2,0.1,lbfgs,0.6025734394239294
