roc_auc,pr_auc,accuracy,f1,balanced_accuracy,matthews_corrcoef,sensitivity,specificity,precision,pos_LR,sensitivity_at_spec100,fold,n_train,n_val,threshold,best_penalty,best_C,best_solver,best_inner_score
0.6720157657657657,0.744310147304452,0.6229508196721312,0.6805555555555556,0.6123310810810811,0.2219298506912908,0.6621621621621622,0.5625,0.7,1.5135135135135136,0.02702702702702703,1,745,122,0.522148597446097,l2,0.01,lbfgs,0.6727164124487197
0.6830555555555555,0.7744422596351124,0.624,0.6887417218543046,0.6138888888888889,0.22071738786190975,0.65,0.5777777777777777,0.7323943661971831,1.539473684210526,0.0625,2,742,125,0.5036710289576182,l2,0.01,liblinear,0.646827392967541
0.6629314208874943,0.6921960425544142,0.6382978723404256,0.6840148698884758,0.6323024054982818,0.2622834146266478,0.6666666666666666,0.5979381443298969,0.7022900763358778,1.658119658119658,0.0,3,632,235,0.47770221705745847,l2,0.01,lbfgs,0.6722461103754311
0.6331261033080053,0.6610673833554899,0.6,0.6461538461538462,0.5929081280221046,0.18624559177377764,0.6511627906976745,0.5346534653465347,0.6412213740458015,1.3993072736269176,0.0,4,637,230,0.48170667520350235,l2,0.01,lbfgs,0.663415528009712
0.6778947368421053,0.7226167271403203,0.7032258064516129,0.7766990291262136,0.662719298245614,0.35157554485052384,0.8421052631578947,0.48333333333333334,0.7207207207207207,1.6298811544991512,0.021052631578947368,5,712,155,0.4701058497429766,l2,0.001,liblinear,0.6409361937283615
