roc_auc,pr_auc,accuracy,f1,balanced_accuracy,matthews_corrcoef,sensitivity,specificity,precision,pos_LR,sensitivity_at_spec100,fold,n_train,n_val,threshold,best_penalty,best_C,best_solver,best_inner_score
0.7685302302049076,0.8039237596711664,0.6810810810810811,0.7230046948356808,0.6919428282317228,0.369145206277592,0.652542372881356,0.7313432835820896,0.8105263157894737,2.428907721280603,0.0,1,646,185,0.5186682041506966,l2,0.0001,liblinear,0.6738287404785201
0.6712328767123288,0.7515320620047459,0.6810344827586207,0.7516778523489933,0.6510035043007327,0.30688515989944776,0.7671232876712328,0.5348837209302325,0.7368421052631579,1.6493150684931503,0.0273972602739726,2,715,116,0.4813353432837331,l2,0.0001,liblinear,0.6803174628955538
0.708889871738169,0.7281942495909101,0.6682242990654206,0.7171314741035857,0.6570986289252543,0.32110257032503886,0.7563025210084033,0.5578947368421052,0.6818181818181818,1.7106842737094836,0.01680672268907563,3,617,214,0.4660120275749035,l2,0.0001,liblinear,0.6999072616338979
0.7314035087719298,0.7531730424773877,0.7032258064516129,0.7553191489361702,0.6903508771929825,0.3785166493051126,0.7473684210526316,0.6333333333333333,0.7634408602150538,2.0382775119617222,0.010526315789473684,4,676,155,0.5412512285989627,l2,0.0001,liblinear,0.6646151549590092
0.6560768980123819,0.7479237587564811,0.6149068322981367,0.6736842105263158,0.6054903877484523,0.20710310504070809,0.6464646464646465,0.5645161290322581,0.7032967032967034,1.4844743733632626,0.050505050505050504,5,670,161,0.5261065925148711,l2,0.001,liblinear,0.6824875862047526
