roc_auc,pr_auc,accuracy,f1,balanced_accuracy,matthews_corrcoef,sensitivity,specificity,precision,pos_LR,sensitivity_at_spec100,fold,n_train,n_val,threshold,best_penalty,best_C,best_solver,best_inner_score
0.5723536036036035,0.6583054094663754,0.6147540983606558,0.7044025157232704,0.576295045045045,0.16216326620362556,0.7567567567567568,0.3958333333333333,0.6588235294117647,1.2525629077353215,0.05405405405405406,1,745,122,0.48558307567791226,l1,0.1,liblinear,0.6496966194671586
0.6988888888888888,0.7546405716393045,0.688,0.7450980392156863,0.6784722222222223,0.3476072095883901,0.7125,0.6444444444444445,0.7808219178082192,2.0039062500000004,0.0,2,742,125,0.4857917631369963,l1,0.1,liblinear,0.6584146806121979
0.6843717316599431,0.7440028050612735,0.6510638297872341,0.6796875,0.6554235768713581,0.3060824091073519,0.6304347826086957,0.6804123711340206,0.7372881355932204,1.9726507713884995,0.021739130434782608,3,632,235,0.4813072918337283,l2,0.01,liblinear,0.6402990136617392
0.5715711105994321,0.6304544240991914,0.5739130434782609,0.631578947368421,0.5632051577250748,0.1278310332397093,0.6511627906976745,0.4752475247524752,0.6131386861313869,1.2408951294427382,0.0,4,637,230,0.47822552900342946,l2,0.01,liblinear,0.6745216488796986
0.7315789473684211,0.7964181694034179,0.7225806451612903,0.7860696517412935,0.6907894736842106,0.3997337895740207,0.8315789473684211,0.55,0.7452830188679245,1.8479532163742693,0.05263157894736842,5,712,155,0.48174168473827506,l2,0.01,liblinear,0.6253816550855978
