accuracy,balanced_accuracy,f1_macro,f1_weighted,mae,adjacent_accuracy,kappa_linear,kappa_quadratic,spearman_r,roc_auc_macro_ovr,roc_auc_weighted_ovr,fold,n_train,n_val,best_penalty,best_C,best_solver,inner_auc_score
0.48623853211009177,0.49287669528431016,0.47460393577720944,0.49476671202984585,0.6788990825688074,0.8348623853211009,0.270309390265967,0.2991582885199906,0.39944452894780835,0.6693721902910693,0.6659047192648782,1,758,109,l2,0.001,lbfgs,0.6210461106613304
0.45454545454545453,0.4955406817475783,0.4555182756341823,0.4434230278158349,0.6694214876033058,0.8760330578512396,0.25507334498745915,0.3059273422562141,0.33538362835989105,0.6510702119397772,0.6375528292524341,2,746,121,l2,0.001,lbfgs,0.6358946023750468
0.47530864197530864,0.4850590211245949,0.47264010333863277,0.47710792900743887,0.6419753086419753,0.8827160493827161,0.23943661971830998,0.2755102040816326,0.26522186303016393,0.6195639856835219,0.6111925681577343,3,705,162,l2,0.001,lbfgs,0.6311358653921935
0.44933920704845814,0.42083333333333334,0.40748957858945883,0.4441931994147732,0.7048458149779736,0.8458149779735683,0.1751078809902339,0.21389424235124077,0.23012792254671458,0.6047969431458893,0.6036765437233822,4,640,227,l2,0.001,lbfgs,0.651927655781872
0.45161290322580644,0.4508446607372602,0.4332215427105939,0.4382934853855504,0.7217741935483871,0.8266129032258065,0.1984978153323944,0.2306251463357527,0.30507609871680635,0.6525054175321016,0.647842928614098,5,619,248,l2,0.001,lbfgs,0.6059381431670573
