accuracy,balanced_accuracy,f1_macro,f1_weighted,mae,adjacent_accuracy,kappa_linear,kappa_quadratic,spearman_r,roc_auc_macro_ovr,roc_auc_weighted_ovr,fold,n_train,n_val,best_penalty,best_C,best_solver,inner_auc_score
0.453781512605042,0.4524691358024692,0.44155034617867717,0.46086541208348697,0.6890756302521008,0.8571428571428571,0.18710429856714428,0.1957585644371942,0.24600128070132507,0.596503486505282,0.5868742939385039,1,748,119,l2,0.01,lbfgs,0.6316469678786872
0.4198473282442748,0.4505682641275861,0.41960891066648526,0.41248990864007434,0.7251908396946565,0.8549618320610687,0.1843088418430885,0.2202031956317415,0.2931123365122021,0.6435301453000685,0.6336257453529038,2,736,131,l2,0.001,lbfgs,0.6168509092972193
0.4235294117647059,0.4366786140979689,0.41466915987612335,0.40903130052565195,0.7235294117647059,0.8529411764705882,0.2080745341614907,0.2724978973927671,0.2981754823475551,0.6216564440892649,0.614635004988496,3,697,170,l2,0.001,lbfgs,0.6264218875882884
0.4425531914893617,0.41466023545669567,0.4031385684232176,0.4399431249489886,0.7276595744680852,0.8297872340425532,0.17046838552525656,0.2123255658676637,0.2512365478724391,0.6164264163348542,0.6167518666042748,4,632,235,l2,0.001,lbfgs,0.6264766240337011
0.4669811320754717,0.4701432588030527,0.4541135034556087,0.4734519349402666,0.6509433962264151,0.8820754716981132,0.22868441866596345,0.2777878447432319,0.3739379721257138,0.6503807338338797,0.6430983145743691,5,655,212,l2,0.001,lbfgs,0.6172526253974343
