roc_auc,pr_auc,accuracy,f1,balanced_accuracy,matthews_corrcoef,sensitivity,specificity,precision,pos_LR,sensitivity_at_spec100,fold,n_train,n_val,threshold,best_penalty,best_C,best_solver,best_inner_score
0.6883116883116883,0.7410214993555384,0.6574074074074074,0.7299270072992701,0.6287878787878788,0.264588864448914,0.7575757575757576,0.5,0.704225352112676,1.5151515151515151,0.0,1,723,108,0.5142354498939833,l2,0.0001,lbfgs,0.712585317069456
0.6765420106847984,0.7136296070241006,0.6363636363636364,0.6822429906542056,0.6385988343856241,0.2693640922516175,0.6293103448275862,0.647887323943662,0.7448979591836735,1.787241379310345,0.008620689655172414,2,644,187,0.5093987816645688,l2,0.0001,liblinear,0.6941720155227982
0.6564995209198339,0.6882961714384819,0.6133333333333333,0.6765799256505576,0.5996087511977004,0.2069998476753823,0.7338709677419355,0.46534653465346537,0.6275862068965518,1.372610513739546,0.0,3,606,225,0.46432966419961236,l2,0.01,lbfgs,0.7503108702951459
0.6724386724386724,0.7311568764878336,0.6516129032258065,0.7244897959183674,0.6264430014430014,0.25103630788953296,0.7171717171717171,0.5357142857142857,0.7319587628865979,1.5446775446775445,0.020202020202020204,4,676,155,0.5066770938380872,l2,0.0001,liblinear,0.6869686167611077
0.7935495303916357,0.8295748254189124,0.7435897435897436,0.7938144329896907,0.7309941520467836,0.45588918108557547,0.7777777777777778,0.6842105263157895,0.8105263157894737,2.4629629629629632,0.010101010101010102,5,675,156,0.4831039852431812,l2,0.001,liblinear,0.6666804074446737
