roc_auc,pr_auc,accuracy,f1,balanced_accuracy,matthews_corrcoef,sensitivity,specificity,precision,pos_LR,sensitivity_at_spec100,fold,n_train,n_val,threshold,best_penalty,best_C,best_solver,best_inner_score
0.6439393939393938,0.7640328212358529,0.6388888888888888,0.7310344827586207,0.591991341991342,0.2023769370053703,0.803030303030303,0.38095238095238093,0.6708860759493671,1.297202797202797,0.19696969696969696,1,723,108,0.46902847008377146,l2,0.001,lbfgs,0.6549057756403287
0.5749150072850899,0.646756303654184,0.5454545454545454,0.5893719806763285,0.5516634288489558,0.10032636526563354,0.5258620689655172,0.5774647887323944,0.6703296703296703,1.2445402298850574,0.008620689655172414,2,644,187,0.5109357528659866,l2,0.01,lbfgs,0.6527441872066817
0.5910252315554136,0.6777608501023695,0.5688888888888889,0.5941422594142259,0.5684685404024273,0.1362533949478264,0.5725806451612904,0.5643564356435643,0.6173913043478261,1.31433284457478,0.08064516129032258,3,606,225,0.4780326892052737,l2,0.001,liblinear,0.664684522072888
0.6188672438672439,0.7084399514557105,0.6516129032258065,0.73,0.6186868686868687,0.23932425280394878,0.7373737373737373,0.5,0.7227722772277227,1.4747474747474747,0.030303030303030304,4,676,155,0.48246849158376526,l2,0.001,lbfgs,0.6543106932215483
0.7384370015948963,0.7994916093346719,0.6538461538461539,0.7065217391304348,0.6528442317916002,0.2955938792583768,0.6565656565656566,0.6491228070175439,0.7647058823529411,1.8712121212121213,0.04040404040404041,5,675,156,0.4953596892190573,l2,0.001,liblinear,0.6170960342641344
