roc_auc,pr_auc,accuracy,f1,balanced_accuracy,matthews_corrcoef,sensitivity,specificity,precision,pos_LR,sensitivity_at_spec100,fold,n_train,n_val,threshold,best_penalty,best_C,best_solver,best_inner_score
0.6642266824085006,0.7229549907500559,0.6282722513089005,0.6899563318777293,0.6193034238488784,0.2319389487514361,0.6528925619834711,0.5857142857142857,0.7314814814814815,1.5759475634083786,0.0,1,702,191,0.49794371413478783,l2,0.001,lbfgs,0.6776740222947224
0.6791341715740888,0.7388567672845243,0.6402439024390244,0.7093596059113301,0.6200063663854847,0.23780874701986812,0.6990291262135923,0.5409836065573771,0.72,1.5228848821081833,0.0,2,729,164,0.5067087660460841,l2,0.0001,lbfgs,0.6772757242823073
0.6863781657241209,0.7057927185917476,0.6408839779005525,0.6798029556650246,0.6351733464470126,0.27294283593541396,0.7040816326530612,0.5662650602409639,0.6571428571428571,1.6232993197278913,0.02040816326530612,3,712,181,0.49906908722263377,l2,0.001,lbfgs,0.6747494982667396
0.7065676423474588,0.8024913883478411,0.627906976744186,0.6831683168316832,0.6260375709916994,0.2437016806601102,0.6330275229357798,0.6190476190476191,0.7419354838709677,1.661697247706422,0.07339449541284404,4,721,172,0.5494325364065943,l2,0.0001,liblinear,0.6846396180922927
0.7365204888569374,0.7323097020169721,0.6702702702702703,0.680628272251309,0.6819434459621375,0.36091528225911707,0.6074766355140186,0.7564102564102564,0.7738095238095238,2.49385145105755,0.009345794392523364,5,708,185,0.5267553560394675,l2,0.0001,liblinear,0.6505323942602026
