roc_auc,pr_auc,accuracy,f1,balanced_accuracy,matthews_corrcoef,sensitivity,specificity,precision,pos_LR,sensitivity_at_spec100,fold,n_train,n_val,threshold,best_penalty,best_C,best_solver,best_inner_score
0.6692379305758744,0.7072452405777424,0.6193181818181818,0.6633165829145728,0.6149088974597686,0.22739613861474398,0.6407766990291263,0.589041095890411,0.6875,1.559223300970874,0.009708737864077669,1,655,176,0.4950440406201031,l2,0.0001,liblinear,0.7245209822382763
0.6959636971578695,0.7608000300316718,0.6666666666666666,0.7283950617283951,0.6470026271793647,0.2983111499711293,0.7468354430379747,0.5471698113207547,0.7108433734939759,1.6492616033755274,0.05063291139240506,2,699,132,0.4789279919476156,l1,0.1,liblinear,0.6898427559652809
0.706787109375,0.761152632402645,0.6428571428571429,0.6875,0.6354166666666667,0.2708333333333333,0.6875,0.5833333333333334,0.6875,1.6500000000000001,0.046875,3,607,224,0.4967480178741337,l2,0.001,liblinear,0.7173955400526983
0.6687091503267975,0.7920306566205941,0.62,0.7015706806282722,0.5992647058823529,0.1885322452124782,0.6568627450980392,0.5416666666666666,0.7528089887640449,1.4331550802139037,0.00980392156862745,4,681,150,0.5586604569781458,l2,0.001,liblinear,0.692965168581902
0.6664759725400458,0.7134157973800144,0.6241610738255033,0.6853932584269663,0.6122234935163997,0.22081349969966355,0.6630434782608695,0.5614035087719298,0.7093023255813954,1.5117391304347825,0.021739130434782608,5,682,149,0.5261108868006166,l2,0.001,liblinear,0.7249806010564912
