accuracy,balanced_accuracy,f1_macro,f1_weighted,mae,adjacent_accuracy,kappa_linear,kappa_quadratic,spearman_r,roc_auc_macro_ovr,roc_auc_weighted_ovr,fold,n_train,n_val,best_penalty,best_C,best_solver,inner_auc_score
0.42016806722689076,0.4162962962962962,0.41078543206202783,0.4324257302980707,0.7226890756302521,0.8571428571428571,0.15042337705462394,0.17102055033089525,0.2503378478948889,0.6101147082361734,0.6023562628971288,1,748,119,l2,0.0001,lbfgs,0.6561045319415442
0.4961832061068702,0.523105895987252,0.49817511416287474,0.491717436639984,0.6106870229007634,0.8931297709923665,0.2958882020962107,0.3429314508638306,0.36315716336221326,0.6933845912093622,0.6838016460041256,2,736,131,l2,0.0001,lbfgs,0.6568622424760528
0.4647058823529412,0.47134323263355515,0.46405056261632405,0.46708547747877127,0.7,0.8352941176470589,0.22054403945441947,0.23714036617262413,0.3180307879936919,0.6703306762926701,0.6649509457781035,3,697,170,l2,0.0001,lbfgs,0.6647640417698097
0.451063829787234,0.43077314039703424,0.42292875575313565,0.45658250850318344,0.6723404255319149,0.8765957446808511,0.22273393343102355,0.29558701082431316,0.40997321059186737,0.6440863728484644,0.6445474424558221,4,632,235,l2,0.001,lbfgs,0.6748187271280417
0.5,0.49154047254969657,0.4831834312509493,0.5065450657737599,0.5801886792452831,0.9198113207547169,0.29029448587447604,0.36485764445462177,0.3878734851106341,0.6788142994574641,0.6650941038914505,5,655,212,l2,0.001,lbfgs,0.6624551168001054
