roc_auc,pr_auc,accuracy,f1,balanced_accuracy,matthews_corrcoef,sensitivity,specificity,precision,pos_LR,sensitivity_at_spec100,fold,n_train,n_val,threshold,best_penalty,best_C,best_solver,best_inner_score
0.6690361445783133,0.690586569771627,0.6229508196721312,0.6461538461538462,0.6222289156626506,0.24357901063297172,0.63,0.6144578313253012,0.6631578947368421,1.6340625,0.0,1,684,183,0.5193867264240697,l2,0.001,liblinear,0.7058880227076961
0.6737646737646739,0.6892822140261338,0.6127167630057804,0.6298342541436464,0.618959868959869,0.23574164385465157,0.5757575757575758,0.6621621621621622,0.6951219512195121,1.7042424242424243,0.0,2,694,173,0.5101177594171237,l2,0.001,liblinear,0.6989875006910796
0.6863532110091743,0.7504974153146006,0.6936416184971098,0.7534883720930232,0.6762471330275229,0.34935338754247974,0.7431192660550459,0.609375,0.7641509433962265,1.9023853211009174,0.01834862385321101,3,694,173,0.5150567331510425,l1,0.01,liblinear,0.695796793310441
0.6670889639639639,0.7649682522152058,0.6285714285714286,0.7004608294930875,0.6079673423423424,0.21281214308710134,0.6846846846846847,0.53125,0.7169811320754716,1.4606606606606607,0.08108108108108109,4,692,175,0.49523955548974646,l2,0.001,lbfgs,0.7063567543605849
0.7089971883786317,0.7291371215785756,0.6993865030674846,0.7677725118483413,0.6675257731958764,0.3586897744296582,0.8350515463917526,0.5,0.7105263157894737,1.6701030927835052,0.0,5,704,163,0.4893947433776456,l2,0.0001,liblinear,0.6898985983111976
