roc_auc,pr_auc,accuracy,f1,balanced_accuracy,matthews_corrcoef,sensitivity,specificity,precision,pos_LR,sensitivity_at_spec100,fold,n_train,n_val,threshold,best_penalty,best_C,best_solver,best_inner_score
0.7447508221603846,0.8067978673130205,0.7189189189189189,0.7699115044247787,0.7119276498861624,0.41327466498417276,0.7372881355932204,0.6865671641791045,0.8055555555555556,2.3523002421307506,0.01694915254237288,1,646,185,0.4903612769637476,l2,0.001,lbfgs,0.6596946524773852
0.688754380375916,0.7734966250413353,0.6379310344827587,0.6818181818181818,0.6454284804077732,0.2810034720440319,0.6164383561643836,0.6744186046511628,0.7627118644067796,1.8933463796477494,0.0136986301369863,2,715,116,0.545573903934704,l2,0.01,liblinear,0.6922403328305716
0.616187527642636,0.626313882576382,0.5654205607476636,0.5633802816901409,0.5731534719150818,0.14646898501819358,0.5042016806722689,0.6421052631578947,0.6382978723404256,1.4087988136431042,0.0,3,617,214,0.5667194012890792,l2,0.01,liblinear,0.7036415724931615
0.6901754385964911,0.7361004980285333,0.6709677419354839,0.7243243243243244,0.6609649122807018,0.3177757173034502,0.7052631578947368,0.6166666666666667,0.7444444444444445,1.839816933638444,0.0,4,676,155,0.5380999620317375,l1,0.1,liblinear,0.6769259921271275
0.6883349625285109,0.7165051356937626,0.6832298136645962,0.7411167512690355,0.6670739654610622,0.33317231444301915,0.7373737373737373,0.5967741935483871,0.7448979591836735,1.8286868686868687,0.010101010101010102,5,670,161,0.4987102936877131,l2,0.01,lbfgs,0.6633790741856622
