roc_auc,pr_auc,accuracy,f1,balanced_accuracy,matthews_corrcoef,sensitivity,specificity,precision,pos_LR,sensitivity_at_spec100,fold,n_train,n_val,threshold,best_penalty,best_C,best_solver,best_inner_score
0.6553167420814481,0.6651726500393176,0.6031746031746031,0.6192893401015228,0.6050339366515838,0.20903002881996327,0.5865384615384616,0.6235294117647059,0.6559139784946236,1.5579927884615385,0.0,1,678,189,0.5140554760656367,l2,0.001,liblinear,0.6910986697717236
0.6825714285714286,0.7289504149506677,0.625,0.6853146853146853,0.61,0.2222011713206904,0.7,0.52,0.6712328767123288,1.4583333333333333,0.014285714285714285,2,747,120,0.5058668916207039,l2,0.001,liblinear,0.6920276379896282
0.694238683127572,0.7149411564464023,0.6088888888888889,0.6239316239316239,0.625925925925926,0.24855952920702384,0.5407407407407407,0.7111111111111111,0.7373737373737373,1.871794871794872,0.007407407407407408,3,642,225,0.5175313865260494,l2,0.001,liblinear,0.6729222684613013
0.7316176470588236,0.7830526217563636,0.7228915662650602,0.7870370370370371,0.6901041666666667,0.3989859538699515,0.8333333333333334,0.546875,0.7456140350877193,1.839080459770115,0.049019607843137254,4,701,166,0.49871013255489216,l2,0.001,liblinear,0.6929772249288961
0.6835637480798771,0.7389182219827557,0.7065868263473054,0.7782805429864253,0.6675883256528418,0.3516010548182757,0.819047619047619,0.5161290322580645,0.7413793103448276,1.6926984126984126,0.01904761904761905,5,700,167,0.4768475455209705,l2,0.0001,liblinear,0.6788957807551671
