accuracy,balanced_accuracy,f1_macro,f1_weighted,mae,adjacent_accuracy,kappa_linear,kappa_quadratic,spearman_r,roc_auc_macro_ovr,roc_auc_weighted_ovr,fold,n_train,n_val,best_penalty,best_C,best_solver,inner_auc_score
0.4409448818897638,0.454320987654321,0.34976056252652005,0.3576942407567303,0.7795275590551181,0.7795275590551181,0.22163065684393002,0.26671633451294463,0.27760298527408056,0.5660075996863819,0.5662086556720306,1,740,127,l2,0.0001,liblinear,0.6513269674418072
0.38341968911917096,0.40755689900426745,0.30556073490220453,0.29822755097216314,0.8238341968911918,0.7927461139896373,0.1419823850132811,0.17714112421285488,0.2418810936144601,0.6061699543942208,0.6083466286364172,2,674,193,l2,0.0001,liblinear,0.6371217402848851
0.38372093023255816,0.41836842263787233,0.32238054468362687,0.30419598768943706,0.8372093023255814,0.7790697674418605,0.16006511123168754,0.1984409422131842,0.21968066485390836,0.5853579690391835,0.5845543990892829,3,695,172,l2,0.0001,liblinear,0.6379516843585222
0.48847926267281105,0.4890719962599346,0.37444923350963616,0.434474513217593,0.7419354838709677,0.7695852534562212,0.2594484600546876,0.2991077505661638,0.41815762489681463,0.6932617401882535,0.6904827018375032,4,650,217,l2,0.0001,lbfgs,0.6001392152251899
0.3860759493670886,0.481019656019656,0.3435038645564961,0.2786259044087159,0.759493670886076,0.8544303797468354,0.23400129282482218,0.3059906858594411,0.3512812880945785,0.6956286059597835,0.6906772603575018,5,709,158,l2,0.0001,liblinear,0.6226881501901393
