roc_auc,pr_auc,accuracy,f1,balanced_accuracy,matthews_corrcoef,sensitivity,specificity,precision,pos_LR,sensitivity_at_spec100,fold,n_train,n_val,threshold,best_penalty,best_C,best_solver,best_inner_score
0.6194999999999999,0.7089867798848829,0.6153846153846154,0.6666666666666666,0.6125,0.21957751641341997,0.625,0.6,0.7142857142857143,1.5625,0.0,1,737,130,0.5351416834938835,l2,0.01,lbfgs,0.6926581866105433
0.6306729264475743,0.7195311092884054,0.5948275862068966,0.6802721088435374,0.5632237871674491,0.1296310808238474,0.704225352112676,0.4222222222222222,0.6578947368421053,1.2188515709642471,0.056338028169014086,2,751,116,0.48541246843353103,l2,0.01,lbfgs,0.6421096725375219
0.678921568627451,0.6481545148946974,0.6223776223776224,0.6142857142857143,0.6249019607843138,0.2505418963568077,0.5733333333333334,0.6764705882352942,0.6615384615384615,1.7721212121212124,0.0,3,581,286,0.4921198729342956,l2,0.001,liblinear,0.6777479514896301
0.7086956521739131,0.8459783655276114,0.6766467065868264,0.7545454545454545,0.6493311036789298,0.2862466206888414,0.7217391304347827,0.5769230769230769,0.7904761904761904,1.7059288537549406,0.11304347826086956,4,700,167,0.48926616647566934,l2,0.01,lbfgs,0.6400182651582027
0.6583823529411764,0.7027021791451955,0.6547619047619048,0.7339449541284404,0.6205882352941177,0.25891868095977577,0.8,0.4411764705882353,0.6779661016949152,1.431578947368421,0.02,5,699,168,0.45474171504157246,l2,0.01,lbfgs,0.6495007127674467
