roc_auc,pr_auc,accuracy,f1,balanced_accuracy,matthews_corrcoef,sensitivity,specificity,precision,pos_LR,sensitivity_at_spec100,fold,n_train,n_val,threshold,best_penalty,best_C,best_solver,best_inner_score
0.6096363636363636,0.5670183444782617,0.580952380952381,0.5769230769230769,0.5818181818181818,0.16351748504193214,0.6,0.5636363636363636,0.5555555555555556,1.3749999999999998,0.01,1,683,210,0.504555129619517,l2,0.01,liblinear,0.6797169273953205
0.6606798788879713,0.785180829194365,0.5953307392996109,0.6533333333333333,0.6106179466006056,0.20756051807594528,0.5664739884393064,0.6547619047619048,0.7716535433070866,1.6408212078931634,0.046242774566473986,2,636,257,0.48765245549216074,l2,0.01,lbfgs,0.6483447736048727
0.6802962962962964,0.7706701621594361,0.6333333333333333,0.6986301369863014,0.6177777777777778,0.23200803493501762,0.68,0.5555555555555556,0.7183098591549296,1.5300000000000002,0.08,3,773,120,0.47703136383077177,l2,0.01,liblinear,0.6600656731882711
0.7045218295218295,0.7416561616999156,0.651685393258427,0.693069306930693,0.6473492723492724,0.29197958661878914,0.6730769230769231,0.6216216216216216,0.7142857142857143,1.778846153846154,0.009615384615384616,4,715,178,0.4854000609458406,l2,0.01,liblinear,0.6313797293328227
0.601328903654485,0.7426445231016897,0.65625,0.75,0.5980066445182725,0.20144028807613687,0.7674418604651163,0.42857142857142855,0.7333333333333333,1.3430232558139537,0.03488372093023256,5,765,128,0.4621758179464084,l2,0.01,lbfgs,0.6673831559337156
