accuracy,balanced_accuracy,f1_macro,f1_weighted,mae,adjacent_accuracy,kappa_linear,kappa_quadratic,spearman_r,roc_auc_macro_ovr,roc_auc_weighted_ovr,fold,n_train,n_val,best_penalty,best_C,best_solver,inner_auc_score
0.3893129770992366,0.42327365728900257,0.31976849339844454,0.29719218168187445,0.8320610687022901,0.7786259541984732,0.16501958949769024,0.20507975727626182,0.2775958394037202,0.5981058275693364,0.5906737948976709,1,736,131,l2,0.0001,lbfgs,0.628386779170987
0.4444444444444444,0.4303232998885173,0.34135590231861057,0.35134178270914584,0.7671957671957672,0.7883597883597884,0.19456282145481274,0.23742490809647632,0.2714912498313931,0.605147713352482,0.6051017905856616,2,678,189,l2,0.001,lbfgs,0.6379347608462554
0.475,0.45751633986928103,0.3694260298033883,0.38903620601733807,0.7375,0.7875,0.24564487773693466,0.29237207532813403,0.3501536520763667,0.6407922019123631,0.6394405062973135,3,707,160,l2,0.001,lbfgs,0.62331126603148
0.4017094017094017,0.43846153846153846,0.3147451963241437,0.3094381252275989,0.7905982905982906,0.8076923076923077,0.16669874879692004,0.21207297661319946,0.3136917075741177,0.6327054820164469,0.6161044387134468,4,633,234,l2,0.001,lbfgs,0.6193887787409601
0.38562091503267976,0.43221561865629665,0.32289783525703425,0.3072646408955275,0.8104575163398693,0.803921568627451,0.16378702397743294,0.2010443864229764,0.2947088933510808,0.638672843823695,0.6292297875537269,5,714,153,l1,0.1,liblinear,0.6167545375049946
