roc_auc,pr_auc,accuracy,f1,balanced_accuracy,matthews_corrcoef,sensitivity,specificity,precision,pos_LR,sensitivity_at_spec100,fold,n_train,n_val,threshold,best_penalty,best_C,best_solver,best_inner_score
0.6002409638554216,0.6095029501494642,0.5792349726775956,0.6206896551724138,0.5740361445783133,0.14861040948555004,0.63,0.5180722891566265,0.6116504854368932,1.30725,0.0,1,684,183,0.49714706794975877,l1,0.1,liblinear,0.6685043412978009
0.6883701883701884,0.6986573936120605,0.6589595375722543,0.6844919786096256,0.661070161070161,0.31880692534596994,0.6464646464646465,0.6756756756756757,0.7272727272727273,1.9932659932659933,0.0,2,694,173,0.49410133791144784,l2,0.0001,liblinear,0.6640440888769034
0.6767488532110091,0.7256373684493499,0.7052023121387283,0.7671232876712328,0.6821961009174312,0.36559958404437887,0.7706422018348624,0.59375,0.7636363636363637,1.8969654199011998,0.009174311926605505,3,694,173,0.4889884500760195,l2,0.0001,liblinear,0.6725520914242191
0.683277027027027,0.7605501730390943,0.6685714285714286,0.7521367521367521,0.6229588963963963,0.2591714753979402,0.7927927927927928,0.453125,0.7154471544715447,1.4496782496782497,0.06306306306306306,4,692,175,0.4734463181888914,l2,0.0001,liblinear,0.6516505318355352
0.6735395189003437,0.7465681219022231,0.6134969325153374,0.6557377049180327,0.6123086535457669,0.22085460695742756,0.6185567010309279,0.6060606060606061,0.6976744186046512,1.5701823949246632,0.1134020618556701,5,704,163,0.5222562209704117,l2,0.0001,liblinear,0.6476723256174968
