roc_auc,pr_auc,accuracy,f1,balanced_accuracy,matthews_corrcoef,sensitivity,specificity,precision,pos_LR,sensitivity_at_spec100,fold,n_train,n_val,threshold,best_penalty,best_C,best_solver,best_inner_score
0.6609557109557109,0.7304608278515926,0.6170212765957447,0.6288659793814433,0.6298368298368299,0.2573447008827828,0.5545454545454546,0.7051282051282052,0.7261904761904762,1.8806324110671941,0.045454545454545456,1,679,188,0.5065590765757777,l2,0.01,lbfgs,0.6446631344495299
0.6932587577274066,0.7630375681277782,0.680327868852459,0.7417218543046358,0.6683838681189285,0.32713499178308486,0.7088607594936709,0.627906976744186,0.7777777777777778,1.9050632911392404,0.0,2,745,122,0.5147217624283947,l1,0.1,liblinear,0.6346201930703019
0.637987987987988,0.7329128829216434,0.6140350877192983,0.7053571428571429,0.5725225225225226,0.14621327110062027,0.7117117117117117,0.43333333333333335,0.6991150442477876,1.2559618441971383,0.0,3,696,171,0.4933391988437941,l1,0.1,liblinear,0.6794108865411842
0.6065139679597511,0.595726964751577,0.5977011494252874,0.6634615384615384,0.589964252614855,0.1914826175755508,0.7582417582417582,0.42168674698795183,0.5897435897435898,1.3111263736263736,0.0,4,693,174,0.45134539986078903,l2,0.01,lbfgs,0.6681452464371085
0.7096091954022988,0.758837200595637,0.6462264150943396,0.6835443037974683,0.6458390804597701,0.2874150692000753,0.648,0.6436781609195402,0.7232142857142857,1.8185806451612903,0.056,5,655,212,0.5034764482805276,l2,0.01,lbfgs,0.634167618567378
