roc_auc,pr_auc,accuracy,f1,balanced_accuracy,matthews_corrcoef,sensitivity,specificity,precision,pos_LR,sensitivity_at_spec100,fold,n_train,n_val,threshold,best_penalty,best_C,best_solver,best_inner_score
0.7591702504427018,0.7974868533153294,0.6648648648648648,0.7075471698113207,0.6760055653933721,0.33841544711265736,0.635593220338983,0.7164179104477612,0.7978723404255319,2.241302408563782,0.01694915254237288,1,646,185,0.4922674739573067,l2,0.0001,lbfgs,0.6892248165689182
0.7359031538706594,0.801693870270521,0.6982758620689655,0.75177304964539,0.6885950939789742,0.36989713666131047,0.726027397260274,0.6511627906976745,0.7794117647058824,2.0812785388127857,0.0410958904109589,2,715,116,0.516806970133648,l2,0.0001,liblinear,0.7047268312507878
0.6842989827509952,0.7053582503726183,0.6401869158878505,0.6695278969957081,0.6382574082264485,0.2753602610284621,0.6554621848739496,0.6210526315789474,0.6842105263157895,1.7296918767507006,0.008403361344537815,3,617,214,0.5073810780331707,l2,0.001,liblinear,0.7268668094309755
0.6822807017543859,0.7114837155456916,0.6838709677419355,0.7609756097560976,0.643859649122807,0.3087477637829481,0.8210526315789474,0.4666666666666667,0.7090909090909091,1.5394736842105263,0.010526315789473684,4,676,155,0.5049599490209382,l2,0.0001,liblinear,0.6878629607400972
0.7060931899641576,0.7533789161466394,0.6894409937888198,0.7549019607843137,0.6630824372759856,0.33324371555154614,0.7777777777777778,0.5483870967741935,0.7333333333333333,1.722222222222222,0.0,5,670,161,0.4797982798531292,l2,0.01,liblinear,0.7045765266086331
