roc_auc,pr_auc,accuracy,f1,balanced_accuracy,matthews_corrcoef,sensitivity,specificity,precision,pos_LR,sensitivity_at_spec100,fold,n_train,n_val,threshold,best_penalty,best_C,best_solver,best_inner_score
0.6531260213848812,0.7133269636839905,0.5973154362416108,0.6511627906976745,0.5891114535182331,0.17633923736187593,0.632768361581921,0.5454545454545454,0.6706586826347305,1.392090395480226,0.011299435028248588,1,595,298,0.4507548395870518,l1,0.01,liblinear,0.6793415944200865
0.7181633688483003,0.7496388444432265,0.7071823204419889,0.7601809954751131,0.6902587519025876,0.3854377689584365,0.7777777777777778,0.6027397260273972,0.7433628318584071,1.957854406130268,0.027777777777777776,2,712,181,0.49909071767198226,l1,0.01,liblinear,0.6201109990405825
0.5579775280898877,0.6545560969389063,0.5971223021582733,0.7083333333333334,0.5320224719101123,0.07016087421755779,0.7640449438202247,0.3,0.6601941747572816,1.0914927768860354,0.0,3,754,139,0.5241428021946858,l2,0.001,liblinear,0.6889224745466935
0.6403896103896104,0.6694020632075177,0.6555555555555556,0.7304347826086957,0.6246753246753247,0.2578633484881217,0.7636363636363637,0.4857142857142857,0.7,1.484848484848485,0.00909090909090909,4,713,180,0.4894150769812367,l2,0.0001,liblinear,0.6831420243416324
0.7384823848238482,0.6921486107083412,0.7789473684210526,0.8141592920353983,0.7673893405600722,0.5459911935638437,0.8518518518518519,0.6829268292682927,0.7796610169491526,2.686609686609687,0.0,5,798,95,0.4952377878225575,l2,0.0001,liblinear,0.6514436862850717
