accuracy,balanced_accuracy,f1_macro,f1_weighted,mae,adjacent_accuracy,kappa_linear,kappa_quadratic,spearman_r,roc_auc_macro_ovr,roc_auc_weighted_ovr,fold,n_train,n_val,best_penalty,best_C,best_solver,inner_auc_score
0.484375,0.4276592623476092,0.3578730425578282,0.40473613932474084,0.72265625,0.79296875,0.18728764114356322,0.220948715803564,0.310160582429503,0.6292912577185401,0.6333956732363999,1,611,256,l1,0.01,liblinear,0.616492915574133
0.3671875,0.41257031058938615,0.30292397660818715,0.2774396929824562,0.859375,0.7734375,0.13492258540181867,0.16960148285449494,0.20030011313567525,0.6250398541005989,0.6219558062348632,2,739,128,l2,0.0001,liblinear,0.6305776683056876
0.4233128834355828,0.4808827624617098,0.3553860412910114,0.31916566071590025,0.7300613496932515,0.8466257668711656,0.25502169988862,0.3221869540611698,0.41279164214561603,0.6861092839097455,0.6765420990038646,3,704,163,l2,0.0001,liblinear,0.6092376962117078
0.4378698224852071,0.481764763014763,0.37843819880433155,0.3576383717203996,0.7514792899408284,0.8106508875739645,0.236545370469178,0.28206668001156554,0.3441867825315092,0.6456123069010485,0.6277819162894133,4,698,169,l1,0.01,liblinear,0.6394164365782291
0.46357615894039733,0.4858760013932428,0.424001924001924,0.4258574391024722,0.7019867549668874,0.8344370860927153,0.26577981651376137,0.3142757335817419,0.38826598159189846,0.6482990297661967,0.6336519593048874,5,716,151,l2,0.001,liblinear,0.6348938180264281
