roc_auc,pr_auc,accuracy,f1,balanced_accuracy,matthews_corrcoef,sensitivity,specificity,precision,pos_LR,sensitivity_at_spec100,fold,n_train,n_val,threshold,best_penalty,best_C,best_solver,best_inner_score
0.6084999999999999,0.7122834759501173,0.5923076923076923,0.6442953020134228,0.59,0.17547410577105418,0.6,0.58,0.6956521739130435,1.4285714285714284,0.025,1,737,130,0.4906243775515884,l2,0.01,lbfgs,0.6717600343775678
0.6312989045383411,0.6860518048161373,0.6120689655172413,0.6938775510204082,0.5813771517996871,0.16685188620891248,0.7183098591549296,0.4444444444444444,0.6710526315789473,1.2929577464788733,0.014084507042253521,2,751,116,0.4817018264853666,l2,0.001,liblinear,0.6474820487649501
0.6654411764705883,0.6663065789792683,0.6258741258741258,0.624561403508772,0.6275490196078432,0.25519187701147206,0.5933333333333334,0.6617647058823529,0.6592592592592592,1.7542028985507248,0.006666666666666667,3,581,286,0.4890918981746111,l2,0.001,lbfgs,0.669190688511807
0.6229096989966554,0.7933236194380977,0.6287425149700598,0.7232142857142857,0.5829431438127091,0.16133694697561965,0.7043478260869566,0.46153846153846156,0.7431192660550459,1.3080745341614908,0.08695652173913043,4,700,167,0.4667474798436665,l1,0.1,liblinear,0.6308150886588765
0.6563235294117646,0.678338748538266,0.6309523809523809,0.6836734693877551,0.621764705882353,0.2415483144948317,0.67,0.5735294117647058,0.6979166666666666,1.5710344827586207,0.0,5,699,168,0.4970699547307762,l2,0.01,liblinear,0.6546231089399616
