accuracy,balanced_accuracy,f1_macro,f1_weighted,mae,adjacent_accuracy,kappa_linear,kappa_quadratic,spearman_r,roc_auc_macro_ovr,roc_auc_weighted_ovr,fold,n_train,n_val,best_penalty,best_C,best_solver,inner_auc_score
0.42857142857142855,0.42179012345679007,0.41376757496578326,0.42335343992020097,0.6722689075630253,0.8991596638655462,0.16476574837690827,0.2220266532562234,0.29382259297756047,0.6335250367730841,0.62444065653774,1,748,119,l2,0.001,lbfgs,0.6687056614118503
0.4732824427480916,0.4883515730973358,0.47503090866362174,0.47742282700843525,0.648854961832061,0.8778625954198473,0.24626006904487918,0.2794414931126886,0.3556439624145743,0.6663137156149578,0.6559101320581335,2,736,131,l2,0.0001,lbfgs,0.6782833649729488
0.4647058823529412,0.4731182795698925,0.4652673035025976,0.46374841037470793,0.7,0.8352941176470589,0.20479559748427678,0.21100090171325525,0.2875930946765707,0.6615735330633331,0.6568524626880867,3,697,170,l2,0.0001,lbfgs,0.6568094033140869
0.48936170212765956,0.4753082728746445,0.46835077636480765,0.49671684897425783,0.6340425531914894,0.8765957446808511,0.25766923191078894,0.3058151980021405,0.38849118874944033,0.6561410692324574,0.6610752506271407,4,632,235,l2,0.0001,lbfgs,0.6772854043348657
0.5141509433962265,0.5160910711643213,0.49869792863423434,0.5252189040645957,0.5990566037735849,0.8867924528301887,0.29507252448028487,0.33061489607390304,0.3558666660029786,0.6771329917734198,0.6743617185118133,5,655,212,l2,0.0001,lbfgs,0.6466734945344494
