roc_auc,pr_auc,accuracy,f1,balanced_accuracy,matthews_corrcoef,sensitivity,specificity,precision,pos_LR,sensitivity_at_spec100,fold,n_train,n_val,threshold,best_penalty,best_C,best_solver,best_inner_score
0.6211538461538462,0.6614996670688169,0.5978835978835979,0.62,0.5980769230769231,0.19518474419699317,0.5961538461538461,0.6,0.6458333333333334,1.4903846153846152,0.019230769230769232,1,678,189,0.4937139015461249,l1,0.1,liblinear,0.6465553643143014
0.6597142857142857,0.7116437932053732,0.5916666666666667,0.6016260162601627,0.6042857142857143,0.2070682445844253,0.5285714285714286,0.68,0.6981132075471698,1.6517857142857146,0.04285714285714286,2,747,120,0.4975842562880122,l2,0.001,liblinear,0.6669782163742088
0.6565432098765431,0.7111273635997183,0.6266666666666667,0.664,0.6296296296296297,0.2540839030242197,0.6148148148148148,0.6444444444444445,0.7217391304347827,1.729166666666667,0.0,3,642,225,0.48930935660475355,l1,0.1,liblinear,0.6341869507484791
0.6548713235294117,0.723586553026643,0.6506024096385542,0.7363636363636363,0.6079963235294117,0.2318822028412626,0.7941176470588235,0.421875,0.6864406779661016,1.3736089030206677,0.0,4,701,166,0.457938436465878,l2,0.01,liblinear,0.6905884168985875
0.7072196620583717,0.7711420637070882,0.6467065868263473,0.694300518134715,0.6496927803379415,0.2897119859018872,0.638095238095238,0.6612903225806451,0.7613636363636364,1.8839002267573692,0.0,5,700,167,0.5031355627475831,l2,0.001,liblinear,0.6391338202162321
