accuracy,balanced_accuracy,f1_macro,f1_weighted,mae,adjacent_accuracy,kappa_linear,kappa_quadratic,spearman_r,roc_auc_macro_ovr,roc_auc_weighted_ovr,fold,n_train,n_val,best_penalty,best_C,best_solver,inner_auc_score
0.42016806722689076,0.46277777777777773,0.42070587281315247,0.4200127049542678,0.7310924369747899,0.8487394957983193,0.1892082387031092,0.21931836364606105,0.2714176359890238,0.6288872315104471,0.6188185572764396,1,748,119,l2,0.0001,lbfgs,0.6443613673074119
0.44274809160305345,0.4526095373553001,0.4400061003507702,0.4475029192041138,0.7175572519083969,0.8396946564885496,0.16808539386569377,0.16521413175897293,0.22007943508683214,0.6361030388493806,0.6357428937943137,2,736,131,l2,0.001,lbfgs,0.6491749484014422
0.4470588235294118,0.453268475849121,0.4467197593863618,0.4489962142512123,0.7058823529411765,0.8470588235294118,0.20770545285070685,0.2396109637488948,0.23822725747411522,0.6204191503446251,0.6141329668315924,3,697,170,l2,0.0001,lbfgs,0.6608669328799334
0.44680851063829785,0.42071939195833,0.4109741482622839,0.44880066441552197,0.7148936170212766,0.8382978723404255,0.1864490603363006,0.23157330474403637,0.31955404351851424,0.6343171408931115,0.6366745852129845,4,632,235,l2,0.001,lbfgs,0.652047054961477
0.5235849056603774,0.5549769456443358,0.5166611580471266,0.5368295115621383,0.6226415094339622,0.8537735849056604,0.31070496083550914,0.32304045824143257,0.35744532767288584,0.6810461015211868,0.6775383796571316,5,655,212,l2,0.0001,lbfgs,0.6293691983592253
