roc_auc,pr_auc,accuracy,f1,balanced_accuracy,matthews_corrcoef,sensitivity,specificity,precision,pos_LR,sensitivity_at_spec100,fold,n_train,n_val,threshold,best_penalty,best_C,best_solver,best_inner_score
0.6730331393878068,0.7747227224933477,0.6270270270270271,0.6877828054298643,0.6205413609916519,0.23324855007435707,0.6440677966101694,0.5970149253731343,0.7378640776699029,1.5982423101067165,0.059322033898305086,1,646,185,0.464820278990762,l2,0.01,liblinear,0.66749793994046
0.6581713921631093,0.7268025159707936,0.6724137931034483,0.7432432432432432,0.6441541892322395,0.2912932099272286,0.7534246575342466,0.5348837209302325,0.7333333333333333,1.61986301369863,0.0,2,715,116,0.49407312120266317,l2,0.0001,lbfgs,0.6529092925869728
0.6418398938522778,0.6539472882603703,0.5981308411214953,0.656,0.5866430782839451,0.1766950806956166,0.6890756302521008,0.4842105263157895,0.6259541984732825,1.3359629566112157,0.0,3,617,214,0.4448989600751246,l2,0.01,liblinear,0.6719825608109651
0.6691228070175438,0.7128345789769093,0.7032258064516129,0.77,0.6719298245614035,0.3582935514432934,0.8105263157894737,0.5333333333333333,0.7333333333333333,1.7368421052631577,0.0,4,676,155,0.4708405223968618,l2,0.01,liblinear,0.6589691537926322
0.6643857934180515,0.7440938503980623,0.6024844720496895,0.6767676767676768,0.5803193222548062,0.16063864450961224,0.6767676767676768,0.4838709677419355,0.6767676767676768,1.311237373737374,0.030303030303030304,5,670,161,0.48086039620941506,l2,0.001,liblinear,0.6455997989372196
