accuracy,balanced_accuracy,f1_macro,f1_weighted,mae,adjacent_accuracy,kappa_linear,kappa_quadratic,spearman_r,roc_auc_macro_ovr,roc_auc_weighted_ovr,fold,n_train,n_val,best_penalty,best_C,best_solver,inner_auc_score
0.4351145038167939,0.4711565785734584,0.37148356345068473,0.35100155269739847,0.7251908396946565,0.8396946564885496,0.2697024822486944,0.3422393256367967,0.4337458104941269,0.6109469983271958,0.5985458165716905,1,736,131,l2,0.0001,liblinear,0.6471324553548767
0.43386243386243384,0.42099591230026007,0.40231751647643926,0.4139184037407045,0.7566137566137566,0.8095238095238095,0.16234309623430965,0.19306154060011527,0.24734015274920898,0.5943048630285657,0.5949234605148583,2,678,189,l2,0.001,liblinear,0.6895079419328116
0.56875,0.5524369747899159,0.5460710162343018,0.563552519968898,0.5625,0.86875,0.38144329896907214,0.41978021978021973,0.49312663798644685,0.7179804713783863,0.7209496424264755,3,707,160,l2,0.001,liblinear,0.6333550946991805
0.46153846153846156,0.4813180386864597,0.390454888734413,0.39828513001835003,0.688034188034188,0.8504273504273504,0.24769359798714008,0.30160986071991525,0.3709584901947193,0.7125068667012561,0.7073892230088283,4,633,234,l2,0.0001,liblinear,0.5962615131845952
0.4444444444444444,0.4690182698657275,0.4220779220779221,0.4311744899980194,0.7189542483660131,0.8366013071895425,0.20978495633392802,0.23485653560042508,0.3256239708644763,0.6429748547169739,0.6386838145382879,5,714,153,l2,0.001,liblinear,0.6578637747401267
