roc_auc,pr_auc,accuracy,f1,balanced_accuracy,matthews_corrcoef,sensitivity,specificity,precision,pos_LR,sensitivity_at_spec100,fold,n_train,n_val,threshold,best_penalty,best_C,best_solver,best_inner_score
0.6750885478158205,0.7588823989418312,0.6335078534031413,0.6601941747572816,0.6595631641086186,0.3094154140717156,0.5619834710743802,0.7571428571428571,0.8,2.3140495867768593,0.03305785123966942,1,702,191,0.5179479064529836,l1,0.01,liblinear,0.6716958822896102
0.6805666083081331,0.7501487069751378,0.6524390243902439,0.7164179104477612,0.6363998090084355,0.2688699597170293,0.6990291262135923,0.5737704918032787,0.7346938775510204,1.6400298730395817,0.009708737864077669,2,729,164,0.5059668592782738,l2,0.0001,liblinear,0.6863131154508568
0.7033439881976888,0.7362894314456933,0.5966850828729282,0.6540284360189573,0.5869805753626752,0.17898254442048814,0.7040816326530612,0.46987951807228917,0.6106194690265486,1.3281539888682747,0.01020408163265306,3,712,181,0.4511890404308823,l1,0.1,liblinear,0.6819446312369136
0.6714722586282219,0.7223220338409606,0.6511627906976745,0.7297297297297297,0.617591379059269,0.23868425722171863,0.7431192660550459,0.49206349206349204,0.7168141592920354,1.4630160550458715,0.0,4,721,172,0.49974316506494193,l2,0.0001,liblinear,0.7078592888770636
0.7319674095375029,0.736688541720526,0.6594594594594595,0.6834170854271356,0.6639108554996405,0.32377366020175785,0.6355140186915887,0.6923076923076923,0.7391304347826086,2.0654205607476634,0.009345794392523364,5,708,185,0.5317033913102427,l2,0.001,liblinear,0.6521457868078588
