accuracy,balanced_accuracy,f1_macro,f1_weighted,mae,adjacent_accuracy,kappa_linear,kappa_quadratic,spearman_r,roc_auc_macro_ovr,roc_auc_weighted_ovr,fold,n_train,n_val,best_penalty,best_C,best_solver,inner_auc_score
0.3893129770992366,0.4335038363171355,0.32551032881065883,0.29755596424782427,0.816793893129771,0.7938931297709924,0.18120217302412522,0.2330266555147461,0.3434252465897139,0.5952540406570517,0.5801628560450701,1,736,131,l2,0.001,liblinear,0.6529554963612152
0.43915343915343913,0.42181345224823485,0.35012978422025204,0.3604689237468201,0.783068783068783,0.7777777777777778,0.16606046151094167,0.1972465307019151,0.2436881237066799,0.5881946423320897,0.5872308452953615,2,678,189,l1,0.01,liblinear,0.6569284706722084
0.46875,0.47385620915032683,0.37141696217494086,0.38468943927304966,0.74375,0.7875,0.2645241038318913,0.3155823954616158,0.3312729100338142,0.6382611819788767,0.636814183191532,3,707,160,l2,0.0001,lbfgs,0.632825634281498
0.49572649572649574,0.5043499775078722,0.44177323103154303,0.4603187094235688,0.6623931623931624,0.8418803418803419,0.2609120919427802,0.2858818198779285,0.35076221730924423,0.6870844926851158,0.6820647518018439,4,633,234,l1,0.1,liblinear,0.6174206447948348
0.37254901960784315,0.4158595641646489,0.3004487499109623,0.2873954767461511,0.8235294117647058,0.803921568627451,0.1687650914108313,0.2157305847985449,0.34399450796499303,0.6378333914867981,0.629150601725976,5,714,153,l2,0.0001,liblinear,0.6238897278588803
