roc_auc,pr_auc,accuracy,f1,balanced_accuracy,matthews_corrcoef,sensitivity,specificity,precision,pos_LR,sensitivity_at_spec100,fold,n_train,n_val,threshold,best_penalty,best_C,best_solver,best_inner_score
0.733044733044733,0.8540202364224291,0.6371681415929203,0.6870229007633588,0.6672077922077921,0.31193221954431893,0.5844155844155844,0.75,0.8333333333333334,2.3376623376623376,0.12987012987012986,1,718,113,0.5434831725438002,l2,0.0001,liblinear,0.7069333814365685
0.6817543859649122,0.7813517804165583,0.6460176991150443,0.7142857142857143,0.6359649122807017,0.2598974243140786,0.6666666666666666,0.6052631578947368,0.7692307692307693,1.6888888888888887,0.0,2,718,113,0.5708484873325311,l2,0.0001,liblinear,0.7187793911974965
0.7814933577645442,0.8318686141225872,0.7529411764705882,0.8055555555555556,0.7393495190105359,0.4689199630537588,0.7837837837837838,0.6949152542372882,0.8285714285714286,2.5690690690690694,0.0,3,661,170,0.5038115182922379,l2,0.0001,liblinear,0.6692070550406901
0.6810222672064776,0.7041316838397667,0.6134751773049646,0.632996632996633,0.6130566801619433,0.22551498733022712,0.618421052631579,0.6076923076923076,0.6482758620689655,1.5763673890608874,0.0,4,549,282,0.5053676331677658,l2,0.0001,liblinear,0.7267063137534644
0.6379915730337079,0.6829529323996903,0.5882352941176471,0.6519337016574586,0.5736481741573034,0.14839461429948356,0.6629213483146067,0.484375,0.6413043478260869,1.285665645216207,0.033707865168539325,5,678,153,0.5063619441525291,l2,0.001,liblinear,0.720535667713298
