accuracy,balanced_accuracy,f1_macro,f1_weighted,mae,adjacent_accuracy,kappa_linear,kappa_quadratic,spearman_r,roc_auc_macro_ovr,roc_auc_weighted_ovr,fold,n_train,n_val,best_penalty,best_C,best_solver,inner_auc_score
0.4094488188976378,0.4207292563881711,0.4000680590886776,0.40751088752144027,0.7322834645669292,0.8582677165354331,0.20384226491405455,0.2819197896120973,0.3160863358153937,0.5784393403868601,0.5813020018451653,1,740,127,l2,0.001,lbfgs,0.6393238649042711
0.47668393782383417,0.45196775723091515,0.44513620670881293,0.47747844888740076,0.694300518134715,0.8290155440414507,0.17050484315863745,0.14601769911504425,0.23002211339373374,0.6180741707814367,0.6213532952952459,2,674,193,l2,0.001,lbfgs,0.6349510194815036
0.45348837209302323,0.44703472786964243,0.4449039610329933,0.45480023852116874,0.6627906976744186,0.8837209302325582,0.21843112244897944,0.2692562348267491,0.3004758007497339,0.6144147282192823,0.6104488534721093,3,695,172,l2,0.01,lbfgs,0.6504782837073065
0.5161290322580645,0.5154978962131836,0.4866479925303455,0.5204404342382114,0.6036866359447005,0.880184331797235,0.31177823508049873,0.37810664787408976,0.38076361080213433,0.6919394359061389,0.684959116012055,4,650,217,l2,0.0001,lbfgs,0.6075130160954209
0.43037974683544306,0.4374078624078624,0.42691000755516884,0.43239338584377374,0.6835443037974683,0.8860759493670886,0.17485493230174065,0.2178217821782178,0.34173455752252674,0.648758913126665,0.63467148481588,5,709,158,l2,0.01,lbfgs,0.6339117738586808
