roc_auc,pr_auc,accuracy,f1,balanced_accuracy,matthews_corrcoef,sensitivity,specificity,precision,pos_LR,sensitivity_at_spec100,fold,n_train,n_val,threshold,best_penalty,best_C,best_solver,best_inner_score
0.6134572072072072,0.6771434543121416,0.639344262295082,0.717948717948718,0.607545045045045,0.22383085732694702,0.7567567567567568,0.4583333333333333,0.6829268292682927,1.397089397089397,0.013513513513513514,1,745,122,0.5391175570204296,l2,1.0,liblinear,0.676638031994816
0.6897222222222222,0.7492213683854196,0.616,0.6712328767123288,0.6173611111111111,0.22568748919260703,0.6125,0.6222222222222222,0.7424242424242424,1.621323529411765,0.0,2,742,125,0.5168146509136753,l2,0.1,liblinear,0.6435638191899843
0.6818317645301062,0.7339865089811364,0.6468085106382979,0.7398119122257053,0.6027939638428208,0.2405951408311861,0.855072463768116,0.35051546391752575,0.6519337016574586,1.316540142627099,0.021739130434782608,3,632,235,0.49237979571013085,l2,0.01,liblinear,0.665334584043315
0.6195410238698288,0.6790052657744936,0.5782608695652174,0.6104417670682731,0.5767518612326349,0.1525061958330386,0.5891472868217055,0.5643564356435643,0.6333333333333333,1.3523608174770965,0.0,4,637,230,0.510293222336903,l2,0.1,liblinear,0.6568255280196887
0.65,0.7409769780542799,0.5935483870967742,0.6440677966101694,0.5916666666666667,0.17890006829486121,0.6,0.5833333333333334,0.6951219512195121,1.4400000000000002,0.07368421052631578,5,712,155,0.4916204432534127,l2,0.1,liblinear,0.6675172980247513
