accuracy,balanced_accuracy,f1_macro,f1_weighted,mae,adjacent_accuracy,kappa_linear,kappa_quadratic,spearman_r,roc_auc_macro_ovr,roc_auc_weighted_ovr,fold,n_train,n_val,best_penalty,best_C,best_solver,inner_auc_score
0.47265625,0.42922466973957496,0.3513544934597566,0.3978071065447711,0.734375,0.79296875,0.2012215362145655,0.2434714432181413,0.3006821284988581,0.6263898387596861,0.6315583881578948,1,611,256,l1,0.1,liblinear,0.6186529494065308
0.3515625,0.4071900220102715,0.2932098765432099,0.26439525462962965,0.890625,0.7578125,0.11520737327188935,0.14433302947432392,0.21025582576709187,0.598787526832871,0.5867812121581311,2,739,128,l1,0.1,liblinear,0.615568497678084
0.4294478527607362,0.49122807017543857,0.3553553553553554,0.3155363952909965,0.7116564417177914,0.8588957055214724,0.2774933129537639,0.35484974346445153,0.3710253984919936,0.6291800564176256,0.6151688011598425,3,704,163,l2,0.001,lbfgs,0.592508930719711
0.4319526627218935,0.4837072649572649,0.35601091415044905,0.3333644475793919,0.7455621301775148,0.8224852071005917,0.2615480649188514,0.3242615761640655,0.35057643390187715,0.6599271221890713,0.6458183005405387,4,698,169,l2,0.0001,lbfgs,0.6047490045842157
0.44370860927152317,0.4813131313131313,0.35931731104144893,0.34163050924868693,0.7284768211920529,0.8278145695364238,0.2547559224694904,0.3170472946563181,0.3412107414698961,0.6457993727059167,0.6302597095977476,5,716,151,l2,0.001,lbfgs,0.6082011227709144
