accuracy,balanced_accuracy,f1_macro,f1_weighted,mae,adjacent_accuracy,kappa_linear,kappa_quadratic,spearman_r,roc_auc_macro_ovr,roc_auc_weighted_ovr,fold,n_train,n_val,best_penalty,best_C,best_solver,inner_auc_score
0.41732283464566927,0.3858168245765145,0.37453145463577653,0.4003317199833153,0.7401574803149606,0.84251968503937,0.14838065344556994,0.20424576825960905,0.31930008161169976,0.545493888646161,0.548669774207895,1,740,127,l2,0.001,liblinear,0.6836160622237824
0.45077720207253885,0.45996917970602186,0.43132969034608387,0.44354390760574397,0.694300518134715,0.8549222797927462,0.21238884151541004,0.24927322605740487,0.32920950121619946,0.644638565467047,0.6429538028877751,2,674,193,l2,0.001,liblinear,0.6629094585471493
0.4883720930232558,0.5091638806060058,0.480429124354358,0.47433660666653493,0.622093023255814,0.8895348837209303,0.3130785309047477,0.3839541547277937,0.4120854156881225,0.6495882043320375,0.6387054805659458,3,695,172,l2,0.001,liblinear,0.6477645202773348
0.5483870967741935,0.5010986442262739,0.44173035855249493,0.5019629165228309,0.631336405529954,0.8202764976958525,0.2901554404145078,0.32842481035252125,0.4438481540957949,0.7104630101712036,0.7108472165387787,4,650,217,l2,0.0001,liblinear,0.5960451698930646
0.5189873417721519,0.5533988533988534,0.5187354298738857,0.5178569914621386,0.6265822784810127,0.8544303797468354,0.2987536985564422,0.2965919557875345,0.2803125536082883,0.6625059128460109,0.6586621496349757,5,709,158,l2,0.001,liblinear,0.6526942806211687
