accuracy,balanced_accuracy,f1_macro,f1_weighted,mae,adjacent_accuracy,kappa_linear,kappa_quadratic,spearman_r,roc_auc_macro_ovr,roc_auc_weighted_ovr,fold,n_train,n_val,best_penalty,best_C,best_solver,inner_auc_score
0.35294117647058826,0.425,0.2980108499095841,0.25264789460087833,0.8403361344537815,0.8067226890756303,0.14975707344955702,0.19438004265974218,0.2550316345295523,0.6224889041326782,0.6101775745206617,1,748,119,l2,0.001,lbfgs,0.6188050114277195
0.3816793893129771,0.4646464646464647,0.32867313915857604,0.2722033647076262,0.7862595419847328,0.8320610687022901,0.21620679639848972,0.27879105651473723,0.32429498807885326,0.6837062431861884,0.6779992669708662,2,736,131,l2,0.001,lbfgs,0.6067581971225839
0.38235294117647056,0.40227001194743134,0.310414667945848,0.2955623694952877,0.8647058823529412,0.7529411764705882,0.12291169451074002,0.15135929463629694,0.21328621599838635,0.6165301578794292,0.6099961843096532,3,697,170,l2,0.001,lbfgs,0.6302960383195917
0.4340425531914894,0.3847713864306785,0.31069982648930017,0.3588393241696713,0.8170212765957446,0.7489361702127659,0.10847658565500884,0.13097936299654056,0.20448335951973481,0.6122526301127511,0.6066714939248943,4,632,235,l2,0.001,lbfgs,0.6251923686527103
0.37264150943396224,0.37818773738469885,0.2840512496193755,0.30620072045746527,0.8915094339622641,0.7358490566037735,0.08197772991797647,0.1008341787848045,0.18506052612886442,0.5985755919799886,0.590689167994619,5,655,212,l2,0.001,lbfgs,0.6248829753920013
