accuracy,balanced_accuracy,f1_macro,f1_weighted,mae,adjacent_accuracy,kappa_linear,kappa_quadratic,spearman_r,roc_auc_macro_ovr,roc_auc_weighted_ovr,fold,n_train,n_val,best_penalty,best_C,best_solver,inner_auc_score
0.40458015267175573,0.4201477692526286,0.4031986988343725,0.3980581841207303,0.7557251908396947,0.8396946564885496,0.16128823643536194,0.2058557977557074,0.2965509534953484,0.5902745918328485,0.5814645933922479,1,736,131,l2,0.001,lbfgs,0.6225145625246029
0.43915343915343913,0.4104050538833148,0.3917428534199927,0.41311126169264195,0.746031746031746,0.8148148148148148,0.16074071741252782,0.19163642997587815,0.19046524091826386,0.600236255145091,0.5998251616531186,2,678,189,l2,0.001,lbfgs,0.6299453229491168
0.41875,0.4264612511671335,0.41719102748028786,0.4199052480565843,0.71875,0.8625,0.2009727288518326,0.2705585502924647,0.3296533076385928,0.6440856978596802,0.6404307630468278,3,707,160,l2,0.001,lbfgs,0.6036517934554203
0.45726495726495725,0.45301844354475934,0.44097737154848016,0.46189424845639854,0.6709401709401709,0.8717948717948718,0.16983775477922913,0.18517924195256585,0.24314287442569535,0.6115521700651102,0.5966339719298774,4,633,234,l2,0.01,lbfgs,0.6181743668733836
0.477124183006536,0.48442047594589965,0.4642596240093952,0.48446055630711615,0.6470588235294118,0.8758169934640523,0.24487761104741013,0.2780284503840458,0.3034334048606295,0.6317377049474492,0.6235950685483291,5,714,153,l2,0.001,lbfgs,0.6034176453422158
