accuracy,balanced_accuracy,f1_macro,f1_weighted,mae,adjacent_accuracy,kappa_linear,kappa_quadratic,spearman_r,roc_auc_macro_ovr,roc_auc_weighted_ovr,fold,n_train,n_val,best_penalty,best_C,best_solver,inner_auc_score
0.48623853211009177,0.5134222968769441,0.4436914203316511,0.4475952984131814,0.6605504587155964,0.8532110091743119,0.3144654088050314,0.382503540690707,0.42387482388208514,0.6552280624240531,0.650450771407688,1,758,109,l2,0.001,liblinear,0.6439543674004937
0.4049586776859504,0.4537433985709847,0.3997084667816375,0.38310284868438466,0.7768595041322314,0.8181818181818182,0.17111208278676582,0.18949616542083292,0.2952664577054632,0.6440536342335442,0.6313544821449959,2,746,121,l2,0.001,liblinear,0.6651047412413525
0.43209876543209874,0.4400113547654531,0.4179014473720211,0.42796128586382765,0.7407407407407407,0.8271604938271605,0.1793313069908815,0.2005383580080754,0.3127617523381963,0.6492013758489356,0.646097868845648,3,705,162,l2,0.001,liblinear,0.6508220791630661
0.4889867841409692,0.47202380952380957,0.4347722673902931,0.46326920456734594,0.6696035242290749,0.8414096916299559,0.24020082797498454,0.2803238316301979,0.30106334145879915,0.6418665424373856,0.6397607873708938,4,640,227,l2,0.001,liblinear,0.6586649325603168
0.5,0.5090670083957548,0.451040008706417,0.45463401124023,0.6653225806451613,0.8346774193548387,0.3028723295512624,0.34975160290433527,0.41314965123628666,0.6809482488589572,0.6763763166556945,5,619,248,l2,0.001,lbfgs,0.6402330630827009
