accuracy,balanced_accuracy,f1_macro,f1_weighted,mae,adjacent_accuracy,kappa_linear,kappa_quadratic,spearman_r,roc_auc_macro_ovr,roc_auc_weighted_ovr,fold,n_train,n_val,best_penalty,best_C,best_solver,inner_auc_score
0.45038167938931295,0.4781187837453822,0.42795991432546937,0.414894822901551,0.6946564885496184,0.8549618320610687,0.2655412482286982,0.33097113899996045,0.3960574791890255,0.6347831030664172,0.6238686469708683,1,736,131,l2,0.001,liblinear,0.673096792884364
0.4973544973544973,0.4960237829803047,0.4346059524327776,0.4383898815138204,0.656084656084656,0.8465608465608465,0.30241695439933336,0.36464721093461394,0.3471575283776569,0.6359555447914494,0.6348991295227854,2,678,189,l2,0.001,liblinear,0.6750394652358274
0.50625,0.492829131652661,0.4775791344316618,0.4931988315228284,0.675,0.81875,0.27650309830849107,0.3048576214405361,0.42979611183210126,0.6802483522517333,0.6810775147383935,3,707,160,l2,0.001,liblinear,0.6597640713801738
0.5256410256410257,0.5400404858299596,0.494177467263688,0.5192066325147587,0.6324786324786325,0.8418803418803419,0.29397374215118643,0.30115424973767047,0.35404210583804047,0.6961390003723279,0.6900879931928342,4,633,234,l2,0.001,lbfgs,0.6343252132245258
0.45098039215686275,0.43680142832685204,0.4288977239641376,0.4518460838548646,0.6601307189542484,0.8888888888888888,0.18587008060692278,0.2278793316137715,0.34446160154653765,0.6380503303538482,0.625118857064306,5,714,153,l2,0.01,lbfgs,0.6395793566452047
