roc_auc,pr_auc,accuracy,f1,balanced_accuracy,matthews_corrcoef,sensitivity,specificity,precision,pos_LR,sensitivity_at_spec100,fold,n_train,n_val,threshold,best_penalty,best_C,best_solver,best_inner_score
0.7222891566265061,0.7830431275943126,0.6885245901639344,0.7015706806282722,0.6904216867469879,0.37920219259443294,0.67,0.7108433734939759,0.7362637362637363,2.317083333333333,0.09,1,684,183,0.49163370138291657,l2,0.1,lbfgs,0.6504779350710896
0.6607971607971608,0.7050024797676016,0.6011560693641619,0.6387434554973822,0.5986213486213485,0.1955680776334012,0.6161616161616161,0.581081081081081,0.6630434782608695,1.470837406321277,0.010101010101010102,2,694,173,0.5142182240998415,l2,0.1,lbfgs,0.6658314524981718
0.5967603211009175,0.6697271385262387,0.630057803468208,0.7142857142857143,0.5935349770642202,0.19131294571733162,0.7339449541284404,0.453125,0.6956521739130435,1.3420707732634338,0.009174311926605505,3,694,173,0.46708321035841305,l1,1.0,liblinear,0.7101187864990399
0.6794763513513513,0.7963369802633968,0.6171428571428571,0.6940639269406392,0.5923423423423424,0.18299241115671683,0.6846846846846847,0.5,0.7037037037037037,1.3693693693693694,0.14414414414414414,4,692,175,0.49089165452704,l2,1.0,lbfgs,0.6733882454461663
0.6902530459231491,0.714853584762638,0.6441717791411042,0.6947368421052632,0.6356607310215558,0.2690614567754031,0.6804123711340206,0.5909090909090909,0.7096774193548387,1.6632302405498283,0.041237113402061855,5,704,163,0.5301692938376876,l2,0.1,lbfgs,0.6562982073686646
