accuracy,balanced_accuracy,f1_macro,f1_weighted,mae,adjacent_accuracy,kappa_linear,kappa_quadratic,spearman_r,roc_auc_macro_ovr,roc_auc_weighted_ovr,fold,n_train,n_val,best_penalty,best_C,best_solver,inner_auc_score
0.3445378151260504,0.4116666666666667,0.29142394822006473,0.24975524190258627,0.8487394957983193,0.8067226890756303,0.14070208050332456,0.18776988438501185,0.29860472420518397,0.60570233329727,0.5898987832718287,1,748,119,l2,0.0001,liblinear,0.6212725893143356
0.3893129770992366,0.4527017238881646,0.3675450428497915,0.33417060249898123,0.8015267175572519,0.8091603053435115,0.1755080021578853,0.20475463126150473,0.2309477677553633,0.6396010351624101,0.6359523038112248,2,736,131,l2,0.001,lbfgs,0.6281978966733791
0.4294117647058823,0.46135859361665815,0.3646375207526287,0.3493183371854553,0.7823529411764706,0.788235294117647,0.2206673100785882,0.2620590352771779,0.2416108127358382,0.6143199730531456,0.6070902164396391,3,697,170,l2,0.0001,liblinear,0.6382399733884153
0.46808510638297873,0.4569746737888331,0.3778558344572153,0.4159904030685512,0.7319148936170212,0.8,0.24093896713615026,0.2915911151405258,0.33328367205281695,0.6165716223616247,0.61891630350529,4,632,235,l2,0.001,liblinear,0.6438967972614524
0.4528301886792453,0.46951258182945654,0.3553584715937657,0.36958723924983633,0.7358490566037735,0.8113207547169812,0.2251897666572955,0.274751398834546,0.36447146460339835,0.6460601916587027,0.6399759501800462,5,655,212,l2,0.0001,lbfgs,0.6097196412957271
