roc_auc,pr_auc,accuracy,f1,balanced_accuracy,matthews_corrcoef,sensitivity,specificity,precision,pos_LR,sensitivity_at_spec100,fold,n_train,n_val,threshold,best_penalty,best_C,best_solver,best_inner_score
0.5951576576576576,0.6623472302137519,0.6311475409836066,0.7204968944099379,0.5898085585585585,0.19399500672456144,0.7837837837837838,0.3958333333333333,0.6666666666666666,1.2972972972972971,0.0,1,745,122,0.481176851758952,l2,0.0001,liblinear,0.6832765258034555
0.7175,0.7615656218714956,0.608,0.6474820143884892,0.6256944444444444,0.24171263635421225,0.5625,0.6888888888888889,0.7627118644067796,1.8080357142857142,0.025,2,742,125,0.5267152620677006,l2,0.0001,lbfgs,0.6535436565373941
0.6982668459584641,0.7517860260599202,0.6595744680851063,0.7101449275362319,0.6488868967578068,0.29777379351561334,0.7101449275362319,0.5876288659793815,0.7101449275362319,1.7221014492753626,0.028985507246376812,3,632,235,0.49359015553084346,l2,0.0001,lbfgs,0.6470055159802623
0.6067234630439788,0.6485894706868538,0.6,0.6617647058823529,0.5864609716785631,0.17696117962313176,0.6976744186046512,0.4752475247524752,0.6293706293706294,1.329530495831505,0.007751937984496124,4,637,230,0.4923153930857694,l2,0.0001,lbfgs,0.6828951654681743
0.6610526315789474,0.7249334792378732,0.6516129032258065,0.7216494845360825,0.6267543859649123,0.2570507104051739,0.7368421052631579,0.5166666666666667,0.7070707070707071,1.5245009074410165,0.0,5,712,155,0.4724261433215004,l2,0.001,liblinear,0.6728380709751232
