roc_auc,pr_auc,accuracy,f1,balanced_accuracy,matthews_corrcoef,sensitivity,specificity,precision,pos_LR,sensitivity_at_spec100,fold,n_train,n_val,threshold,best_penalty,best_C,best_solver,best_inner_score
0.678433734939759,0.7043399166191078,0.644808743169399,0.6798029556650246,0.6401807228915662,0.2813803278054312,0.69,0.5903614457831325,0.6699029126213593,1.6844117647058823,0.01,1,684,183,0.48413395328317277,l2,0.0001,liblinear,0.6704740616257229
0.6949221949221949,0.6934943258059473,0.6184971098265896,0.625,0.6291291291291292,0.25710273452807947,0.5555555555555556,0.7027027027027027,0.7142857142857143,1.868686868686869,0.0,2,694,173,0.4951917450349732,l2,0.0001,liblinear,0.667616509233178
0.6892201834862386,0.7697223306421801,0.6242774566473989,0.6798029556650246,0.6212012614678899,0.23494321055270065,0.6330275229357798,0.609375,0.7340425531914894,1.6205504587155963,0.027522935779816515,3,694,173,0.5037293454246439,l2,0.0001,liblinear,0.6800514072703142
0.6490709459459459,0.7262402464717059,0.6514285714285715,0.7239819004524887,0.6259853603603603,0.25115887766667105,0.7207207207207207,0.53125,0.7272727272727273,1.5375375375375375,0.02702702702702703,4,692,175,0.48730989262688934,l2,0.0001,liblinear,0.6719905858524262
0.7208684786004373,0.7531698391718901,0.7177914110429447,0.7628865979381443,0.7072008747266478,0.41440174945329583,0.7628865979381443,0.6515151515151515,0.7628865979381443,2.1891528462572833,0.041237113402061855,5,704,163,0.4977094173467213,l2,0.0001,liblinear,0.6502862963595121
