accuracy,balanced_accuracy,f1_macro,f1_weighted,mae,adjacent_accuracy,kappa_linear,kappa_quadratic,spearman_r,roc_auc_macro_ovr,roc_auc_weighted_ovr,fold,n_train,n_val,best_penalty,best_C,best_solver,inner_auc_score
0.5294117647058824,0.5016666666666667,0.49367346938775514,0.5185302692505573,0.5714285714285714,0.8991596638655462,0.27164716471647166,0.284911822338341,0.3310156666137683,0.6554450278518865,0.6439696929549751,1,748,119,l2,0.01,liblinear,0.6578975977277624
0.3893129770992366,0.4722716078648282,0.3499589490968802,0.3033802755110994,0.7862595419847328,0.8244274809160306,0.21144293144760684,0.2617904012707537,0.2788716663190818,0.6558585233511541,0.6481335509090238,2,736,131,l1,0.01,liblinear,0.6406542899135945
0.45294117647058824,0.46559139784946235,0.4367482925204065,0.43452979392656615,0.7470588235294118,0.8,0.2087517408194678,0.22557585385226364,0.28744485282421234,0.621422816137699,0.6171159530063323,3,697,170,l2,0.001,liblinear,0.660629610615824
0.4127659574468085,0.3769316883254936,0.3787022111668426,0.4147525483499248,0.7148936170212766,0.8723404255319149,0.11843515541264737,0.1740403884692463,0.24840372070153305,0.5997022436940217,0.5974762760176994,4,632,235,l2,0.01,lbfgs,0.6664844002459673
0.4811320754716981,0.5008420770764775,0.4360285769984978,0.456516772077471,0.7028301886792453,0.8160377358490566,0.2518946570670708,0.28134520040618827,0.3763742458446709,0.6847212267758912,0.6764306525982291,5,655,212,l2,0.0001,lbfgs,0.6275615338069387
