roc_auc,pr_auc,accuracy,f1,balanced_accuracy,matthews_corrcoef,sensitivity,specificity,precision,pos_LR,sensitivity_at_spec100,fold,n_train,n_val,threshold,best_penalty,best_C,best_solver,best_inner_score
0.7493043258284847,0.7979783581122173,0.7081081081081081,0.7610619469026548,0.700227675183405,0.3904588449238708,0.7288135593220338,0.6716417910447762,0.7962962962962963,2.219568567026194,0.00847457627118644,1,646,185,0.531247507706097,l1,0.1,liblinear,0.7138880930557363
0.750557502389296,0.8168839821088987,0.6724137931034483,0.7164179104477612,0.6776043325899967,0.3435840125410785,0.6575342465753424,0.6976744186046512,0.7868852459016393,2.1749209694415175,0.0136986301369863,2,715,116,0.6012908486201012,l1,0.1,liblinear,0.7020974981613409
0.6959752321981424,0.7335643121170096,0.6214953271028038,0.6493506493506493,0.620389208314905,0.2395210794894948,0.6302521008403361,0.6105263157894737,0.6696428571428571,1.618214853508971,0.01680672268907563,3,617,214,0.48567072852067134,l2,0.001,liblinear,0.7253395356888882
0.7000000000000001,0.763490059984125,0.7096774193548387,0.784688995215311,0.6649122807017545,0.364230296527564,0.8631578947368421,0.4666666666666667,0.7192982456140351,1.618421052631579,0.06315789473684211,4,676,155,0.47878943497059107,l2,0.0001,liblinear,0.706839208073164
0.7018572825024438,0.76697410033808,0.6521739130434783,0.7021276595744681,0.6478494623655914,0.2894022716599361,0.6666666666666666,0.6290322580645161,0.7415730337078652,1.7971014492753623,0.020202020202020204,5,670,161,0.5273278031514896,l2,0.001,liblinear,0.6797726171257548
