accuracy,balanced_accuracy,f1_macro,f1_weighted,mae,adjacent_accuracy,kappa_linear,kappa_quadratic,spearman_r,roc_auc_macro_ovr,roc_auc_weighted_ovr,fold,n_train,n_val,best_penalty,best_C,best_solver,inner_auc_score
0.3816793893129771,0.39897698209718674,0.3603458880567314,0.3504735674697967,0.7633587786259542,0.8549618320610687,0.17443912276279305,0.25873380350992303,0.354992332571488,0.6069739235900545,0.5997722422564682,1,736,131,l2,0.001,liblinear,0.6600606607854352
0.43915343915343913,0.42352285395763656,0.3663377192982456,0.3785957950431635,0.7619047619047619,0.798941798941799,0.18529605460096987,0.2282564311964067,0.2869337353742235,0.5928174032662111,0.5932746927370584,2,678,189,l2,0.0001,liblinear,0.6727520033243368
0.5375,0.5307469654528477,0.5044287249043992,0.5188918043647274,0.61875,0.84375,0.3486842105263158,0.3927661742231279,0.44069161885450003,0.6709097260261375,0.6739130016078246,3,707,160,l2,0.0001,liblinear,0.6341803063420492
0.43162393162393164,0.4626720647773279,0.36148613232342824,0.3644293468598986,0.7264957264957265,0.8418803418803419,0.22134356404635136,0.2814678714354031,0.3385409636751618,0.6648805730914911,0.6540407180864276,4,633,234,l1,0.01,liblinear,0.6152251167117992
0.43790849673202614,0.4800731283782131,0.40021107059249955,0.4019606468826369,0.7124183006535948,0.8496732026143791,0.2604762538246641,0.31718061674008813,0.3926790564197083,0.6556542455591164,0.6441646566509542,5,714,153,l2,0.0001,liblinear,0.6377621190559208
