accuracy,balanced_accuracy,f1_macro,f1_weighted,mae,adjacent_accuracy,kappa_linear,kappa_quadratic,spearman_r,roc_auc_macro_ovr,roc_auc_weighted_ovr,fold,n_train,n_val,best_penalty,best_C,best_solver,inner_auc_score
0.48739495798319327,0.47864197530864194,0.46663909567135375,0.4851186132021047,0.6302521008403361,0.8823529411764706,0.23489069867123868,0.2560242792109255,0.3738051781605364,0.6741755156096659,0.6655190771744692,1,748,119,l2,0.01,liblinear,0.649266753416066
0.3816793893129771,0.4145496687869569,0.37854967404163203,0.3692591736495674,0.8091603053435115,0.8091603053435115,0.12002534854245883,0.13156552779194275,0.26332335504499843,0.6502432718350185,0.6460101465079893,2,736,131,l2,0.001,liblinear,0.6668674999796304
0.4411764705882353,0.4486601809182454,0.42855157075340555,0.42846653256798967,0.711764705882353,0.8470588235294118,0.22465133810780247,0.2785654712260217,0.3458638459575345,0.6556952266103909,0.6537439130169201,3,697,170,l2,0.001,lbfgs,0.6471364226062851
0.4425531914893617,0.4179854633394457,0.4005294890874828,0.4326197058238678,0.7276595744680852,0.8297872340425532,0.1713920448687547,0.21889690789909289,0.3234876894660706,0.6187656971399922,0.6166099555927539,4,632,235,l2,0.001,lbfgs,0.6766688146385185
0.5188679245283019,0.5336689897189083,0.4670414462081129,0.48134889437955475,0.6320754716981132,0.8490566037735849,0.30416891196786355,0.34643290879083233,0.40273693979512354,0.6637484081951214,0.6491757266021078,5,655,212,l2,0.0001,liblinear,0.6346607292227854
