accuracy,balanced_accuracy,f1_macro,f1_weighted,mae,adjacent_accuracy,kappa_linear,kappa_quadratic,spearman_r,roc_auc_macro_ovr,roc_auc_weighted_ovr,fold,n_train,n_val,best_penalty,best_C,best_solver,inner_auc_score
0.4351145038167939,0.4477124183006536,0.43468981917872024,0.43142484864675823,0.6946564885496184,0.8702290076335878,0.2187561439150666,0.2797448867385087,0.40771559978747857,0.615676936395356,0.6015650822381365,1,736,131,l2,0.0001,lbfgs,0.6857315364752578
0.42328042328042326,0.420958751393534,0.4087187666135034,0.41900036286001197,0.7195767195767195,0.8571428571428571,0.20054739985070924,0.2690522716170005,0.3009003944525607,0.6225111040679062,0.6223468293360767,2,678,189,l2,0.001,lbfgs,0.6874500465593458
0.44375,0.450093370681606,0.44269638369933356,0.45054900032776135,0.6875,0.86875,0.23518164435946454,0.29597035664659566,0.37362692238080436,0.6561079187933407,0.6608325098814228,3,707,160,l2,0.0001,lbfgs,0.662452751552583
0.5341880341880342,0.549689608636977,0.521117608836907,0.5409939854384298,0.5854700854700855,0.8803418803418803,0.30784178253735206,0.32652330818097763,0.3343145335427618,0.7112348829913758,0.7006095015065107,4,633,234,l2,0.0001,lbfgs,0.6394032230314413
0.477124183006536,0.5162949103627069,0.47433129777295086,0.484174901903499,0.6601307189542484,0.8627450980392157,0.26431801951916223,0.2944306491663711,0.43616945183003775,0.715874810498808,0.7072549435197573,5,714,153,l2,0.0001,lbfgs,0.6415331451581043
