accuracy,balanced_accuracy,f1_macro,f1_weighted,mae,adjacent_accuracy,kappa_linear,kappa_quadratic,spearman_r,roc_auc_macro_ovr,roc_auc_weighted_ovr,fold,n_train,n_val,best_penalty,best_C,best_solver,inner_auc_score
0.5045871559633027,0.5053813612044294,0.4913127575477252,0.4994089277296298,0.5779816513761468,0.9174311926605505,0.3355587808417997,0.4305707836181877,0.4676990604254222,0.6557893073004362,0.6521584777365339,1,758,109,l2,0.001,lbfgs,0.6405840875019606
0.4462809917355372,0.4672823293512949,0.4479585476079165,0.44425776314721876,0.6694214876033058,0.8842975206611571,0.21760996248104103,0.266503531505478,0.31793440842044696,0.6342705658774898,0.6135830871727386,2,746,121,l2,0.001,lbfgs,0.6691649000341023
0.41975308641975306,0.4204693303053959,0.41514372739387023,0.42547644732110756,0.6790123456790124,0.9012345679012346,0.18376694759985346,0.2548587717025136,0.33542647026626143,0.6384307397077291,0.6298411913679702,3,705,162,l2,0.0001,lbfgs,0.655422052225837
0.5374449339207048,0.5277777777777778,0.5136098648679265,0.5452356924468449,0.6123348017621145,0.8502202643171806,0.29251776945671426,0.29675082688537346,0.3353185343081092,0.6775363645679805,0.670502422841764,4,640,227,l2,0.0001,lbfgs,0.6507241614550964
0.5201612903225806,0.5237494088391891,0.5155644584502178,0.5237404030442331,0.6088709677419355,0.8709677419354839,0.3063900722355991,0.3349962584185582,0.37981673914146125,0.687629465170733,0.6839214281142565,5,619,248,l2,0.001,lbfgs,0.6461145566799273
