roc_auc,pr_auc,accuracy,f1,balanced_accuracy,matthews_corrcoef,sensitivity,specificity,precision,pos_LR,sensitivity_at_spec100,fold,n_train,n_val,threshold,best_penalty,best_C,best_solver,best_inner_score
0.6410843373493976,0.6664745879205871,0.5846994535519126,0.6,0.5862048192771084,0.1716871765494657,0.57,0.6024096385542169,0.6333333333333333,1.4336363636363636,0.04,1,684,183,0.5118481459864516,l1,0.1,liblinear,0.6381506173283256
0.5995085995085996,0.6352900880656742,0.5838150289017341,0.6326530612244898,0.5766448266448266,0.15281065449261835,0.6262626262626263,0.527027027027027,0.6391752577319587,1.324098124098124,0.0,2,694,173,0.4580891652729233,l1,0.1,liblinear,0.6438248449023473
0.6102350917431192,0.7098466713031635,0.6069364161849711,0.6880733944954128,0.5784116972477065,0.15682339449541285,0.6880733944954128,0.46875,0.6880733944954128,1.2951969778737182,0.01834862385321101,3,694,173,0.46482780563917575,l1,0.1,liblinear,0.6621555497412455
0.6227477477477477,0.7056047684103469,0.6628571428571428,0.7551867219917012,0.6052224099099099,0.23190589221242924,0.8198198198198198,0.390625,0.7,1.3453453453453452,0.018018018018018018,4,692,175,0.4938709456981579,l2,0.0001,lbfgs,0.628473955820667
0.6710402999062793,0.6930822095206762,0.5766871165644172,0.5964912280701754,0.5886441736957201,0.17479425860355358,0.5257731958762887,0.6515151515151515,0.6891891891891891,1.5087404751232631,0.0,5,704,163,0.5173591404039568,l2,0.01,liblinear,0.6326417024588842
