roc_auc,pr_auc,accuracy,f1,balanced_accuracy,matthews_corrcoef,sensitivity,specificity,precision,pos_LR,sensitivity_at_spec100,fold,n_train,n_val,threshold,best_penalty,best_C,best_solver,best_inner_score
0.6809090909090909,0.6107058955209651,0.6047619047619047,0.5513513513513514,0.6004545454545455,0.2044238022077931,0.51,0.6909090909090909,0.6,1.6500000000000001,0.0,1,683,210,0.5725186478376528,l2,0.001,liblinear,0.7055902074530407
0.6736168455821636,0.7892630353288129,0.6264591439688716,0.6962025316455697,0.6214905037159373,0.22941117990191542,0.6358381502890174,0.6071428571428571,0.7692307692307693,1.6184971098265895,0.06358381502890173,2,636,257,0.4960580442225506,l2,0.0001,liblinear,0.6935562594269593
0.7090370370370369,0.8040560998441153,0.65,0.7236842105263158,0.6222222222222222,0.24679563238416136,0.7333333333333333,0.5111111111111111,0.7142857142857143,1.4999999999999998,0.17333333333333334,3,773,120,0.5204945815977274,l2,0.001,lbfgs,0.6917301546084131
0.7223232848232849,0.7524454805576795,0.6797752808988764,0.7298578199052133,0.6674896049896051,0.3371547792619923,0.7403846153846154,0.5945945945945946,0.719626168224299,1.8262820512820515,0.009615384615384616,4,715,178,0.4719211111561426,l1,0.1,liblinear,0.6875465538890939
0.7040420819490586,0.8283709603604756,0.65625,0.717948717948718,0.6589147286821706,0.29978161881423393,0.6511627906976745,0.6666666666666666,0.8,1.9534883720930232,0.05813953488372093,5,765,128,0.567844043854059,l2,0.001,liblinear,0.710183684389888
