n_pairs,pairwise_accuracy,both_correct_rate,mean_delta,median_delta,std_delta,n_positive_delta,per_drug_accuracy,per_drug_roc_auc,per_drug_pr_auc,n_train,n_test,best_penalty,best_C,best_solver,inner_cv_score,threshold,seed
38,0.631578947368421,0.15789473684210525,0.08907810659011023,0.024877242401287924,0.18928774016754704,24,0.5483870967741935,0.6008403361344538,0.6129476479615026,831,62,l2,0.0001,liblinear,0.7030680640853194,0.5275985179835891,1
