roc_auc,pr_auc,accuracy,f1,balanced_accuracy,matthews_corrcoef,sensitivity,specificity,precision,pos_LR,sensitivity_at_spec100,fold,n_train,n_val,threshold,best_penalty,best_C,best_solver,best_inner_score
0.7135087275486972,0.7600362650605837,0.6054054054054054,0.6294416243654822,0.6358461927649887,0.2639911657169481,0.5254237288135594,0.746268656716418,0.7848101265822784,2.0707876370887344,0.0,1,646,185,0.5765111160506743,l2,0.001,lbfgs,0.7070482848374474
0.7282574068174577,0.7960840167581726,0.6637931034482759,0.7194244604316546,0.6564192417967505,0.30511169881567524,0.684931506849315,0.627906976744186,0.7575757575757576,1.840753424657534,0.0547945205479452,2,715,116,0.5311233624225443,l2,0.0001,liblinear,0.6915709301156141
0.6846528084918178,0.7127831168044628,0.6308411214953271,0.6550218340611353,0.6309155241043786,0.2602815686733831,0.6302521008403361,0.631578947368421,0.6818181818181818,1.7106842737094836,0.008403361344537815,3,617,214,0.5078974400324627,l2,0.001,liblinear,0.7168324349640051
0.6863157894736842,0.7376766576444633,0.7225806451612903,0.7942583732057417,0.6785087719298246,0.3942599220391451,0.8736842105263158,0.48333333333333334,0.7280701754385965,1.6910016977928695,0.010526315789473684,4,676,155,0.4899124249659984,l2,0.0001,liblinear,0.6792354001574405
0.6630824372759857,0.7558754116748592,0.6211180124223602,0.6903553299492385,0.6014988595633757,0.2024050237913222,0.6868686868686869,0.5161290322580645,0.6938775510204082,1.4195286195286194,0.0707070707070707,5,670,161,0.5153785005002784,l2,0.001,liblinear,0.6755360193569275
