roc_auc,pr_auc,accuracy,f1,balanced_accuracy,matthews_corrcoef,sensitivity,specificity,precision,pos_LR,sensitivity_at_spec100,fold,n_train,n_val,threshold,best_penalty,best_C,best_solver,best_inner_score
0.6588235294117646,0.728798728564939,0.6137566137566137,0.6784140969162996,0.59960407239819,0.20787808144750447,0.7403846153846154,0.4588235294117647,0.6260162601626016,1.368102006688963,0.09615384615384616,1,678,189,0.4641445665893796,l2,0.01,lbfgs,0.6509878011285742
0.6694285714285715,0.7132878679825094,0.6333333333333333,0.6901408450704225,0.62,0.24152294576982397,0.7,0.54,0.6805555555555556,1.5217391304347827,0.02857142857142857,2,747,120,0.4762488743499375,l2,0.001,lbfgs,0.6718363700773013
0.663127572016461,0.7209336660961194,0.6044444444444445,0.6454183266932271,0.6055555555555556,0.206945976380662,0.6,0.6111111111111112,0.6982758620689655,1.542857142857143,0.022222222222222223,3,642,225,0.48491867832321817,l2,0.01,lbfgs,0.6549364197560632
0.6447610294117647,0.7291685221509623,0.608433734939759,0.6632124352331606,0.6027879901960784,0.20105325800584656,0.6274509803921569,0.578125,0.7032967032967034,1.4872912127814089,0.00980392156862745,4,701,166,0.5165485748604519,l2,0.01,lbfgs,0.7000485399802625
0.6932411674347159,0.7658559728556029,0.6467065868263473,0.7230046948356808,0.6166666666666667,0.23584647848658216,0.7333333333333333,0.5,0.7129629629629629,1.4666666666666666,0.01904761904761905,5,700,167,0.46307837999007545,l2,0.01,lbfgs,0.6577136431177124
