accuracy,balanced_accuracy,f1_macro,f1_weighted,mae,adjacent_accuracy,kappa_linear,kappa_quadratic,spearman_r,roc_auc_macro_ovr,roc_auc_weighted_ovr,fold,n_train,n_val,best_penalty,best_C,best_solver,inner_auc_score
0.39453125,0.3953531914236521,0.38121330724070446,0.40741346624266145,0.8046875,0.80078125,0.12045098235431473,0.14416585259958759,0.2146836242289762,0.5826507888751883,0.5845967112173818,1,611,256,l2,0.0001,lbfgs,0.6310797940697631
0.390625,0.40904772654589233,0.39042526446073217,0.39585612212090737,0.8359375,0.7734375,0.08729841396774618,0.06598266407217401,0.07724640188531273,0.5869500372617421,0.5882555452182645,2,739,128,l2,0.001,lbfgs,0.6475553035535432
0.50920245398773,0.5145084934558618,0.5039872408293461,0.5179792761323274,0.6134969325153374,0.8773006134969326,0.27831399982289906,0.2942850074220682,0.3747640381693304,0.6760483543896529,0.6742424128827114,3,704,163,l2,0.0001,lbfgs,0.6229390274891076
0.47928994082840237,0.5153821872571872,0.4777544840437922,0.4680200463945022,0.6627218934911243,0.8579881656804734,0.27606517249292417,0.3181703565484896,0.34707908049832503,0.6536194144623942,0.6349916174096102,4,698,169,l2,0.001,lbfgs,0.6359005523558967
0.5099337748344371,0.5371125043538837,0.5119129724957102,0.5072714629410142,0.6026490066225165,0.8874172185430463,0.3133962924099336,0.36131695597739644,0.3706914930133589,0.6784239396407342,0.6655437088652504,5,716,151,l2,0.0001,lbfgs,0.6269127594527525
