roc_auc,pr_auc,accuracy,f1,balanced_accuracy,matthews_corrcoef,sensitivity,specificity,precision,pos_LR,sensitivity_at_spec100,fold,n_train,n_val,threshold,best_penalty,best_C,best_solver,best_inner_score
0.6630652260904362,0.6485219115038345,0.6071428571428571,0.5963302752293578,0.6112044817927171,0.2234847085007165,0.5462184873949579,0.6761904761904762,0.6565656565656566,1.6868512110726643,0.0,1,669,224,0.5474984922829916,l2,0.0001,lbfgs,0.7041043987507193
0.6570460704607045,0.771025347360877,0.6775956284153005,0.7649402390438247,0.6235772357723577,0.2530523201205702,0.7804878048780488,0.4666666666666667,0.75,1.4634146341463414,0.0,2,710,183,0.5107617484777122,l2,0.0001,liblinear,0.7311688791702423
0.7098243331164608,0.7976567532000679,0.65,0.6956521739130435,0.6520277597050531,0.2954354627600046,0.6436781609195402,0.660377358490566,0.7567567567567568,1.8952745849297572,0.14942528735632185,3,753,140,0.5136062473360383,l2,0.0001,liblinear,0.6669901354469356
0.7032163742690059,0.7467155233011119,0.6797385620915033,0.7292817679558011,0.6770833333333333,0.3446012188022555,0.6875,0.6666666666666666,0.7764705882352941,2.0624999999999996,0.0,4,740,153,0.5350741363706837,l2,0.0001,liblinear,0.6890873427866684
0.7474557522123894,0.7851724504366449,0.6839378238341969,0.7136150234741784,0.6862831858407079,0.3673215373605605,0.672566371681416,0.7,0.76,2.2418879056047194,0.0,5,700,193,0.5119227960023062,l2,0.0001,liblinear,0.7021103124357518
