n_pairs,pairwise_accuracy,both_correct_rate,mean_delta,median_delta,std_delta,n_positive_delta,per_drug_accuracy,per_drug_roc_auc,per_drug_pr_auc,n_train,n_test,best_penalty,best_C,best_solver,inner_cv_score,threshold,seed
13,0.38461538461538464,0.38461538461538464,0.022751430716799945,-0.033250540282939944,0.19519830609844357,5,0.6538461538461539,0.2954545454545454,0.7687004146507291,867,26,l1,0.1,liblinear,0.6994536455433197,0.4836337987690685,2
