roc_auc,pr_auc,accuracy,f1,balanced_accuracy,matthews_corrcoef,sensitivity,specificity,precision,pos_LR,sensitivity_at_spec100,fold,n_train,n_val,threshold,best_penalty,best_C,best_solver,best_inner_score
0.6428733031674208,0.6821283952587077,0.6137566137566137,0.6572769953051644,0.6071266968325792,0.21572257700473857,0.6730769230769231,0.5411764705882353,0.6422018348623854,1.4669625246548323,0.009615384615384616,1,678,189,0.4748048916108021,l2,0.0001,liblinear,0.6882202512258118
0.6111428571428572,0.6543197199040028,0.5833333333333334,0.6376811594202898,0.5742857142857143,0.14781319121038664,0.6285714285714286,0.52,0.6470588235294118,1.3095238095238095,0.0,2,747,120,0.5199215044973536,l2,0.001,liblinear,0.6956191036804531
0.7232921810699587,0.7355418991061071,0.6577777777777778,0.6907630522088354,0.662962962962963,0.31936927462685094,0.6370370370370371,0.6888888888888889,0.7543859649122807,2.047619047619048,0.007407407407407408,3,642,225,0.4929716314218692,l2,0.0001,liblinear,0.6630248188171727
0.700827205882353,0.7581396848929747,0.6867469879518072,0.7699115044247787,0.6374080882352942,0.3076783076090407,0.8529411764705882,0.421875,0.7016129032258065,1.4753577106518283,0.058823529411764705,4,701,166,0.46500529674961294,l2,0.0001,liblinear,0.6802775809955001
0.682642089093702,0.7562190082775493,0.6646706586826348,0.7307692307692307,0.644162826420891,0.2865267534781728,0.7238095238095238,0.5645161290322581,0.7378640776699029,1.6620811287477957,0.01904761904761905,5,700,167,0.4734710549012162,l2,0.0001,liblinear,0.6810593212159417
