roc_auc,pr_auc,accuracy,f1,balanced_accuracy,matthews_corrcoef,sensitivity,specificity,precision,pos_LR,sensitivity_at_spec100,fold,n_train,n_val,threshold,best_penalty,best_C,best_solver,best_inner_score
0.6793668581033757,0.7321183549634313,0.6375838926174496,0.6746987951807228,0.6386982303777373,0.27267565574277414,0.632768361581921,0.6446280991735537,0.7225806451612903,1.7805807384049401,0.011299435028248588,1,595,298,0.47865487890512265,l2,0.0001,liblinear,0.6885868131876298
0.7685185185185184,0.8119220653453901,0.7237569060773481,0.7663551401869159,0.715246067985794,0.4287014632464315,0.7592592592592593,0.6712328767123288,0.7735849056603774,2.309413580246914,0.018518518518518517,2,712,181,0.493121505998764,l2,1.0,lbfgs,0.6382473515592274
0.6339325842696629,0.7198995459151222,0.6258992805755396,0.7204301075268817,0.5764044943820225,0.15970495651937608,0.7528089887640449,0.4,0.6907216494845361,1.2546816479400749,0.0,3,754,139,0.5368977223008795,l2,0.001,liblinear,0.7026064875007422
0.6537662337662338,0.6875397815661342,0.5944444444444444,0.6256410256410256,0.6058441558441559,0.20671451666397803,0.5545454545454546,0.6571428571428571,0.7176470588235294,1.6174242424242424,0.0,4,713,180,0.5560068149394051,l2,0.001,liblinear,0.7012065974857128
0.7411924119241192,0.7044041368324732,0.7368421052631579,0.7706422018348624,0.7303523035230353,0.46216816065298133,0.7777777777777778,0.6829268292682927,0.7636363636363637,2.4529914529914536,0.0,5,798,95,0.49256437993422136,l2,0.001,liblinear,0.6824372283457164
