accuracy,balanced_accuracy,f1_macro,f1_weighted,mae,adjacent_accuracy,kappa_linear,kappa_quadratic,spearman_r,roc_auc_macro_ovr,roc_auc_weighted_ovr,fold,n_train,n_val,best_penalty,best_C,best_solver,inner_auc_score
0.4122137404580153,0.42455242966751916,0.41579043446513325,0.4106661204150398,0.6946564885496184,0.8931297709923665,0.19566830848120897,0.2772497565951133,0.3849228076364767,0.5907830979396091,0.5765734727037899,1,736,131,l2,0.0001,lbfgs,0.6774503077966338
0.4656084656084656,0.45217391304347826,0.4380359384253032,0.4487081488601865,0.7037037037037037,0.8306878306878307,0.21143771371208075,0.2454554666126254,0.3001962171118076,0.6267045873637739,0.6247097994409823,2,678,189,l2,0.0001,lbfgs,0.6753793368131847
0.475,0.48243697478991593,0.47336202140571554,0.48096110559417415,0.65,0.875,0.2800276912426445,0.33914639743001374,0.4062507895835822,0.6646250762112307,0.665355270650499,3,707,160,l2,0.0001,lbfgs,0.6568370676621471
0.5299145299145299,0.556783625730994,0.5224789636636465,0.5344929192156954,0.5769230769230769,0.8931623931623932,0.31774005442529474,0.35246956053489686,0.3690796254236176,0.7116088757258973,0.6988817847956025,4,633,234,l2,0.0001,lbfgs,0.6203181728491913
0.47058823529411764,0.4975358916036882,0.4679588310419953,0.4825155665150892,0.6339869281045751,0.8954248366013072,0.2774234383368226,0.34009829817111903,0.406708157828194,0.6956303189896834,0.6870036779691089,5,714,153,l2,0.0001,lbfgs,0.6388619978851271
