accuracy,balanced_accuracy,f1_macro,f1_weighted,mae,adjacent_accuracy,kappa_linear,kappa_quadratic,spearman_r,roc_auc_macro_ovr,roc_auc_weighted_ovr,fold,n_train,n_val,best_penalty,best_C,best_solver,inner_auc_score
0.3893129770992366,0.3986928104575163,0.3846371882086168,0.3826530612244898,0.7786259541984732,0.8320610687022901,0.13267558094249,0.17467851902994735,0.25325261393740434,0.6040801334727824,0.600650752943028,1,736,131,l2,0.001,lbfgs,0.6415059149245701
0.4074074074074074,0.4013377926421404,0.39005589879376285,0.3984150333664897,0.7619047619047619,0.8306878306878307,0.14511873350923488,0.1933021423294754,0.23076110027042623,0.5848279914198568,0.5815866622318235,2,678,189,l2,0.01,lbfgs,0.6694446945613945
0.45,0.45323062558356675,0.44773096946672303,0.4516347403967919,0.69375,0.85625,0.21995783555867887,0.26883222726743505,0.28955796710389403,0.6404514031467302,0.6355907290480337,3,707,160,l2,0.001,lbfgs,0.632009734548235
0.5042735042735043,0.515753486279802,0.49434549303401765,0.5088003261773754,0.5854700854700855,0.9102564102564102,0.2865218552479303,0.343088359838148,0.39280460946973755,0.6662362692030441,0.6519050543074034,4,633,234,l2,0.001,lbfgs,0.6231102890911344
0.477124183006536,0.4912747328001565,0.46831186055323987,0.48356446911213646,0.6143790849673203,0.9084967320261438,0.2814748201438848,0.35375986705442464,0.40751561417458504,0.6688001215860501,0.6619559442917953,5,714,153,l2,0.001,lbfgs,0.6224532470516141
