n_pairs,pairwise_accuracy,both_correct_rate,mean_delta,median_delta,std_delta,n_positive_delta,per_drug_accuracy,per_drug_roc_auc,per_drug_pr_auc,n_train,n_test,best_penalty,best_C,best_solver,inner_cv_score,threshold,seed
38,0.6052631578947368,0.23684210526315788,0.05645772621088042,0.027454045755973308,0.15817438289203586,23,0.5967741935483871,0.5882352941176471,0.6440155610155773,831,62,l2,0.0001,liblinear,0.7074205373001993,0.49916412859975423,0
