roc_auc,pr_auc,accuracy,f1,balanced_accuracy,matthews_corrcoef,sensitivity,specificity,precision,pos_LR,sensitivity_at_spec100,fold,n_train,n_val,threshold,best_penalty,best_C,best_solver,best_inner_score
0.7456709956709957,0.8553678775207219,0.7345132743362832,0.8,0.709054834054834,0.40737596033803647,0.7792207792207793,0.6388888888888888,0.821917808219178,2.1578421578421576,0.11688311688311688,1,718,113,0.44965048999623947,l2,0.01,lbfgs,0.719029521451642
0.6733333333333333,0.7775662614113196,0.6194690265486725,0.6861313868613139,0.6159649122807018,0.22019025615181592,0.6266666666666667,0.6052631578947368,0.7580645161290323,1.5875555555555556,0.06666666666666667,2,718,113,0.5433735699045945,l2,0.001,lbfgs,0.7227859873314582
0.7723316536875859,0.8490047971547494,0.6764705882352942,0.7393364928909952,0.6649106733852497,0.3190195043352765,0.7027027027027027,0.6271186440677966,0.78,1.8845208845208845,0.0,3,661,170,0.5162828926906111,l2,0.001,liblinear,0.6926003649758542
0.6642712550607288,0.6783545058343484,0.5921985815602837,0.5907473309608541,0.5961032388663967,0.1923184365369807,0.5460526315789473,0.6461538461538462,0.6434108527131783,1.543192219679634,0.006578947368421052,4,549,282,0.5612886243311462,l2,0.001,lbfgs,0.7176539370318826
0.6357092696629214,0.6943504325125243,0.5882352941176471,0.6272189349112426,0.586815308988764,0.17147660548720217,0.5955056179775281,0.578125,0.6625,1.4115688722430295,0.0449438202247191,5,678,153,0.5361032756563423,l1,0.1,liblinear,0.7240956854988049
