roc_auc,pr_auc,accuracy,f1,balanced_accuracy,matthews_corrcoef,sensitivity,specificity,precision,pos_LR,sensitivity_at_spec100,fold,n_train,n_val,threshold,best_penalty,best_C,best_solver,best_inner_score
0.7056277056277057,0.7512392216172274,0.6574074074074074,0.7218045112781954,0.6374458874458875,0.2761398144279744,0.7272727272727273,0.5476190476190477,0.7164179104477612,1.6076555023923447,0.030303030303030304,1,723,108,0.5057563617013174,l2,0.1,lbfgs,0.664596173455845
0.5754006799417193,0.6538627369963782,0.5882352941176471,0.6637554585152838,0.5670228266148616,0.13303190887330665,0.6551724137931034,0.4788732394366197,0.672566371681416,1.2572227399813607,0.0,2,644,187,0.49827443818252465,l2,0.1,lbfgs,0.697652692951027
0.6780581283934844,0.7011458784313838,0.6133333333333333,0.6741573033707865,0.6005269881826892,0.20778263590524215,0.7258064516129032,0.4752475247524752,0.6293706293706294,1.3831405964698722,0.016129032258064516,3,606,225,0.42171804194119783,l2,1.0,lbfgs,0.6776246523654068
0.648088023088023,0.7454207118285242,0.6451612903225806,0.7150259067357513,0.6252705627705628,0.24635523230538145,0.696969696969697,0.5535714285714286,0.7340425531914894,1.5612121212121215,0.030303030303030304,4,676,155,0.5205552074387396,l2,0.1,liblinear,0.6913000362032203
0.7506645401382244,0.8090184218247746,0.7307692307692307,0.7878787878787878,0.7097288676236044,0.4194577352472089,0.7878787878787878,0.631578947368421,0.7878787878787878,2.1385281385281383,0.010101010101010102,5,675,156,0.48856383730677444,l1,1.0,liblinear,0.6342343881483883
