roc_auc,pr_auc,accuracy,f1,balanced_accuracy,matthews_corrcoef,sensitivity,specificity,precision,pos_LR,sensitivity_at_spec100,fold,n_train,n_val,threshold,best_penalty,best_C,best_solver,best_inner_score
0.6379504504504505,0.6831213300238113,0.6639344262295082,0.7484662576687117,0.6204954954954955,0.2650240661355381,0.8243243243243243,0.4166666666666667,0.6853932584269663,1.4131274131274134,0.0,1,745,122,0.48266953437658616,l2,0.0001,liblinear,0.6861747745204797
0.7119444444444445,0.7560075199324633,0.656,0.7034482758620689,0.6631944444444444,0.31358430120162895,0.6375,0.6888888888888889,0.7846153846153846,2.049107142857143,0.0375,2,742,125,0.515037824278326,l2,0.0001,liblinear,0.6671452471062085
0.7029732556402211,0.7509904654689219,0.6510638297872341,0.7132867132867133,0.6324518153294487,0.2700989133299446,0.7391304347826086,0.5257731958762887,0.6891891891891891,1.5586011342155008,0.043478260869565216,3,632,235,0.451451961804127,l1,0.01,liblinear,0.6575607469375279
0.6454831529664595,0.6768606807088832,0.6173913043478261,0.6615384615384615,0.6105610561056105,0.22163302350278952,0.6666666666666666,0.5544554455445545,0.6564885496183206,1.4962962962962965,0.015503875968992248,4,637,230,0.4656922450072973,l2,0.0001,liblinear,0.677505863171944
0.6935087719298246,0.7493934342098093,0.6903225806451613,0.7525773195876289,0.6675438596491228,0.33976945112379386,0.7684210526315789,0.5666666666666667,0.7373737373737373,1.7732793522267205,0.05263157894736842,5,712,155,0.48333761878505416,l2,0.0001,liblinear,0.6695742770080377
