accuracy,balanced_accuracy,f1_macro,f1_weighted,mae,adjacent_accuracy,kappa_linear,kappa_quadratic,spearman_r,roc_auc_macro_ovr,roc_auc_weighted_ovr,fold,n_train,n_val,best_penalty,best_C,best_solver,inner_auc_score
0.42016806722689076,0.4406172839506173,0.4197468871198204,0.42570821347522475,0.7058823529411765,0.8739495798319328,0.18559556786703602,0.23373248983280626,0.2845156821626754,0.6294027746765875,0.6200492826354267,1,748,119,l2,0.0001,lbfgs,0.6213509963256045
0.46564885496183206,0.491815152832102,0.46484557309540153,0.4659602061470378,0.6946564885496184,0.8396946564885496,0.22110421430904936,0.2235393734123624,0.28991779229248077,0.6601749400136072,0.6535843261964592,2,736,131,l2,0.0001,lbfgs,0.6346003764771183
0.4411764705882353,0.4645673323092678,0.43852200065711316,0.43060571866930103,0.7,0.8588235294117647,0.2359694841000075,0.294167371090448,0.26354410504924375,0.6133205226243514,0.6049812961944903,3,697,170,l2,0.0001,lbfgs,0.6393011337680259
0.46382978723404256,0.45404641367030746,0.4363744782349433,0.46523807711338633,0.6978723404255319,0.8382978723404255,0.2207214493691363,0.264187866927593,0.31174093960329113,0.6304096193626993,0.6308916521191843,4,632,235,l2,0.0001,lbfgs,0.6512683194986627
0.4716981132075472,0.4842706579006091,0.4613821871205837,0.48089460186426985,0.6698113207547169,0.8584905660377359,0.22344322344322332,0.24218722350026545,0.3387164734584031,0.6552738218541779,0.6514081533656652,5,655,212,l2,0.0001,lbfgs,0.6280778055087517
