accuracy,balanced_accuracy,f1_macro,f1_weighted,mae,adjacent_accuracy,kappa_linear,kappa_quadratic,spearman_r,roc_auc_macro_ovr,roc_auc_weighted_ovr,fold,n_train,n_val,best_penalty,best_C,best_solver,inner_auc_score
0.4351145038167939,0.4737141233304916,0.3753792333086364,0.3473729975627749,0.7099236641221374,0.8549618320610687,0.2693853073463268,0.35229288545008486,0.3642607944821175,0.5981310221683175,0.5834216550396031,1,736,131,l2,0.01,liblinear,0.6500934669363403
0.42857142857142855,0.4183574879227054,0.33874075114419405,0.3466395483315957,0.8042328042328042,0.7671957671957672,0.15644820295983075,0.18663032563477266,0.29068554663102936,0.6497653861258349,0.645739918589381,2,678,189,l2,0.01,liblinear,0.6355843004835844
0.45,0.43487394957983194,0.35113636363636364,0.36792613636363636,0.7875,0.7625,0.19282511210762332,0.22959572845156362,0.24674658154664791,0.6015558857651276,0.5998448281637302,3,707,160,l2,0.001,lbfgs,0.6427834518068613
0.3803418803418803,0.4165811965811966,0.2983459386337084,0.29622534713846277,0.8333333333333334,0.7863247863247863,0.13385976234767094,0.16965381191810813,0.3301972806876017,0.6566274939070205,0.643593855817051,4,633,234,l2,0.001,lbfgs,0.6335721143205311
0.4117647058823529,0.4429036123951378,0.32754637811705417,0.31354836238377015,0.7516339869281046,0.8366013071895425,0.2061809158583351,0.26207944813071815,0.3542687563187363,0.6403494830813433,0.635717932856684,5,714,153,l1,0.1,liblinear,0.6264745657965273
