accuracy,balanced_accuracy,f1_macro,f1_weighted,mae,adjacent_accuracy,kappa_linear,kappa_quadratic,spearman_r,roc_auc_macro_ovr,roc_auc_weighted_ovr,fold,n_train,n_val,best_penalty,best_C,best_solver,inner_auc_score
0.44954128440366975,0.462983700385716,0.4015640694504233,0.40783364335635797,0.7339449541284404,0.8165137614678899,0.22790862404816714,0.2779863104438066,0.36312505605509054,0.6075806653960313,0.6095642391857893,1,758,109,l2,0.0001,liblinear,0.6282635501140403
0.38016528925619836,0.41382699313733795,0.3792682926829268,0.3694114089901229,0.7768595041322314,0.8429752066115702,0.14571128135796896,0.18915625951873294,0.21173761037629496,0.5940994769535046,0.5890144709763826,2,746,121,l2,0.001,liblinear,0.642713080380025
0.48148148148148145,0.45846284862678305,0.45579117784140877,0.48007902688591647,0.6419753086419753,0.8765432098765432,0.21942179392142336,0.24102030192608015,0.29801530259742454,0.6315532440011998,0.6328497683721419,3,705,162,l2,0.01,liblinear,0.6329268681351953
0.4801762114537445,0.46547619047619043,0.4115956756146442,0.43766782820390476,0.6960352422907489,0.8237885462555066,0.22233304423243716,0.2586381974366715,0.3275068244748715,0.6328603905009056,0.6296043516999061,4,640,227,l2,0.0001,liblinear,0.631964896464066
0.43548387096774194,0.4308602470416534,0.42838409765784063,0.4401344864581484,0.7056451612903226,0.8588709677419355,0.18165705019421508,0.21793749678216545,0.2506108447903292,0.5991342729187933,0.5958064554226709,5,619,248,l1,1.0,liblinear,0.6374177584711447
