n_pairs,pairwise_accuracy,both_correct_rate,mean_delta,median_delta,std_delta,n_positive_delta,per_drug_accuracy,per_drug_roc_auc,per_drug_pr_auc,n_train,n_test,best_penalty,best_C,best_solver,inner_cv_score,threshold,seed
38,0.4473684210526316,0.21052631578947367,0.045306099241577226,-0.010233550791117929,0.14627486134069093,17,0.532258064516129,0.5252100840336135,0.5417919399383606,831,62,l1,0.01,liblinear,0.6791255632978781,0.5039987936515804,3
