roc_auc,pr_auc,accuracy,f1,balanced_accuracy,matthews_corrcoef,sensitivity,specificity,precision,pos_LR,sensitivity_at_spec100,fold,n_train,n_val,threshold,best_penalty,best_C,best_solver,best_inner_score
0.6225561909828434,0.6458336152227323,0.5965909090909091,0.6358974358974359,0.5954914217316132,0.18838262350372478,0.6019417475728155,0.589041095890411,0.6739130434782609,1.4647249190938512,0.0,1,655,176,0.4968261576882997,l2,0.0001,liblinear,0.7069354788130036
0.7136374492476714,0.744578765697868,0.6590909090909091,0.7204968944099379,0.6406735132553141,0.2843163804678196,0.7341772151898734,0.5471698113207547,0.7073170731707317,1.6213080168776373,0.0379746835443038,2,699,132,0.5035604759639197,l2,0.0001,liblinear,0.6396174476998326
0.6741536458333334,0.7063091378681645,0.6383928571428571,0.6693877551020408,0.6380208333333333,0.27348305493217934,0.640625,0.6354166666666666,0.7008547008547008,1.757142857142857,0.0625,3,607,224,0.49609444883417103,l2,0.0001,liblinear,0.6757650882512583
0.7056781045751633,0.7912508461596842,0.7133333333333334,0.7839195979899497,0.6844362745098038,0.3599757452357395,0.7647058823529411,0.6041666666666666,0.8041237113402062,1.9318885448916405,0.0,4,681,150,0.4991999020932362,l2,0.0001,liblinear,0.6532322089121415
0.6708619374523265,0.7317070184372425,0.6308724832214765,0.6927374301675978,0.6176582761250953,0.23202156249953712,0.6739130434782609,0.5614035087719298,0.7126436781609196,1.5365217391304347,0.010869565217391304,5,682,149,0.5015110771138128,l2,0.0001,liblinear,0.6521796919012475
