n_pairs,pairwise_accuracy,both_correct_rate,mean_delta,median_delta,std_delta,n_positive_delta,per_drug_accuracy,per_drug_roc_auc,per_drug_pr_auc,n_train,n_test,best_penalty,best_C,best_solver,inner_cv_score,threshold,seed
13,0.46153846153846156,0.6153846153846154,-0.007095999542644163,-0.002776779812999841,0.053100272591449046,6,0.8461538461538461,0.2272727272727273,0.7794701930007213,867,26,l2,0.0001,liblinear,0.7004748882183891,0.5061825652405251,0
