roc_auc,pr_auc,accuracy,f1,balanced_accuracy,matthews_corrcoef,sensitivity,specificity,precision,pos_LR,sensitivity_at_spec100,fold,n_train,n_val,threshold,best_penalty,best_C,best_solver,best_inner_score
0.6607545045045045,0.7115292075248972,0.6557377049180327,0.7083333333333334,0.6466779279279279,0.2897881007773496,0.6891891891891891,0.6041666666666666,0.7285714285714285,1.7411095305832145,0.013513513513513514,1,745,122,0.5400742379507435,l2,0.0001,liblinear,0.6933529619541507
0.7152777777777778,0.7880009192703445,0.68,0.7368421052631579,0.6722222222222223,0.334554019256391,0.7,0.6444444444444445,0.7777777777777778,1.96875,0.0375,2,742,125,0.5081284726325183,l2,0.0001,lbfgs,0.6866702314914135
0.7351710742566862,0.7718380649482426,0.6978723404255319,0.7473309608540926,0.6845584939489018,0.3723295548922539,0.7608695652173914,0.6082474226804123,0.7342657342657343,1.942219679633867,0.07246376811594203,3,632,235,0.5140783437395138,l2,0.001,liblinear,0.6843882598597114
0.6454064011052268,0.6792075048572136,0.5826086956521739,0.5675675675675675,0.5956711950264794,0.19349287545027033,0.4883720930232558,0.7029702970297029,0.6774193548387096,1.6441860465116276,0.007751937984496124,4,637,230,0.5820586113124437,l2,0.0001,liblinear,0.7140050479170956
0.7321052631578948,0.8003416738490575,0.6903225806451613,0.7333333333333333,0.6890350877192983,0.370042293306216,0.6947368421052632,0.6833333333333333,0.7764705882352941,2.1939058171745156,0.10526315789473684,5,712,155,0.5284031020007597,l2,0.0001,liblinear,0.6868631120748574
