n_pairs,pairwise_accuracy,both_correct_rate,mean_delta,median_delta,std_delta,n_positive_delta,per_drug_accuracy,per_drug_roc_auc,per_drug_pr_auc,n_train,n_test,best_penalty,best_C,best_solver,inner_cv_score,threshold,seed
13,0.38461538461538464,0.5384615384615384,-0.006944328572975065,-0.0032781052932339128,0.12499471214389629,5,0.7692307692307693,0.6477272727272727,0.9174036856604864,867,26,l1,0.1,liblinear,0.6439056574361268,0.47685341376256946,3
