n_pairs,pairwise_accuracy,both_correct_rate,mean_delta,median_delta,std_delta,n_positive_delta,per_drug_accuracy,per_drug_roc_auc,per_drug_pr_auc,n_train,n_test,best_penalty,best_C,best_solver,inner_cv_score,threshold,seed
13,0.5384615384615384,0.46153846153846156,-0.0036154921853456257,0.03518529204732834,0.12811398658486256,7,0.6923076923076923,0.7272727272727273,0.949442848640419,867,26,l2,0.01,lbfgs,0.6470280304401292,0.48173098710889156,0
