roc_auc,pr_auc,accuracy,f1,balanced_accuracy,matthews_corrcoef,sensitivity,specificity,precision,pos_LR,sensitivity_at_spec100,fold,n_train,n_val,threshold,best_penalty,best_C,best_solver,best_inner_score
0.5844594594594594,0.6939081013695934,0.5901639344262295,0.6951219512195121,0.5413851351351351,0.09192097198186108,0.7702702702702703,0.3125,0.6333333333333333,1.1203931203931203,0.04054054054054054,1,745,122,0.4379939053845361,l2,0.01,liblinear,0.6578873739441914
0.6427777777777778,0.736899205871731,0.632,0.6973684210526315,0.6201388888888888,0.23337840859417597,0.6625,0.5777777777777777,0.7361111111111112,1.5690789473684208,0.0125,2,742,125,0.4753274685035836,l1,0.1,liblinear,0.6526454001724701
0.6850440759001942,0.7183283403960521,0.6,0.584070796460177,0.6257283729269386,0.25579302497379314,0.4782608695652174,0.7731958762886598,0.75,2.1086956521739135,0.007246376811594203,3,632,235,0.546479894583177,l2,0.01,liblinear,0.6286882352917103
0.5992017806431806,0.648131122154245,0.5695652173913044,0.6206896551724138,0.5614782408473405,0.12339767194635809,0.627906976744186,0.49504950495049505,0.6136363636363636,1.2435020519835842,0.007751937984496124,4,637,230,0.46913383630964256,l1,0.1,liblinear,0.6481723183108261
0.696140350877193,0.7649968384555803,0.6516129032258065,0.7352941176470589,0.6114035087719298,0.2375604440040161,0.7894736842105263,0.43333333333333335,0.6880733944954128,1.3931888544891642,0.031578947368421054,5,712,155,0.44127430990642075,l1,0.1,liblinear,0.6247485216088087
