accuracy,balanced_accuracy,f1_macro,f1_weighted,mae,adjacent_accuracy,kappa_linear,kappa_quadratic,spearman_r,roc_auc_macro_ovr,roc_auc_weighted_ovr,fold,n_train,n_val,best_penalty,best_C,best_solver,inner_auc_score
0.37815126050420167,0.460679012345679,0.336734693877551,0.2939461498885268,0.8067226890756303,0.8151260504201681,0.1879442706852431,0.23183327185540392,0.29005834510360773,0.6016336405877657,0.582246082049634,1,748,119,l2,0.0001,liblinear,0.6211678484546248
0.3893129770992366,0.47785547785547794,0.3346938775510204,0.2753699953263748,0.7709923664122137,0.8396946564885496,0.2324960844596553,0.29967475419641854,0.2705555278655883,0.6744054521254753,0.6725016895794715,2,736,131,l2,0.0001,liblinear,0.6252736226150131
0.3764705882352941,0.3989247311827957,0.3061730984340045,0.29280189005132257,0.8764705882352941,0.7470588235294118,0.12146226415094352,0.14916727009413477,0.22090116588795194,0.6064613967169289,0.6031313664406572,3,697,170,l2,0.0001,liblinear,0.6400694975520714
0.4297872340425532,0.40002391772303275,0.34589593413122827,0.3916876615249582,0.8,0.7702127659574468,0.15532272866319963,0.1911627906976745,0.27094190641125676,0.5871296729365657,0.5972723249175371,4,632,235,l2,0.001,liblinear,0.6414076370080815
0.41509433962264153,0.43757824739919154,0.3340148197098909,0.34908114707505006,0.8160377358490566,0.7688679245283019,0.1590002293052053,0.1883017801638881,0.3447784796458754,0.6526571676645988,0.6433848327408621,5,655,212,l2,0.0001,lbfgs,0.6155560877421518
