accuracy,balanced_accuracy,f1_macro,f1_weighted,mae,adjacent_accuracy,kappa_linear,kappa_quadratic,spearman_r,roc_auc_macro_ovr,roc_auc_weighted_ovr,fold,n_train,n_val,best_penalty,best_C,best_solver,inner_auc_score
0.5137614678899083,0.5312616648002986,0.47933236574746013,0.4813765462510486,0.6146788990825688,0.8715596330275229,0.33819664703217034,0.4060115872196409,0.44484138174684545,0.6540579640001777,0.6456442920882011,1,758,109,l2,0.001,liblinear,0.6458465978929728
0.3884297520661157,0.4500042362111327,0.37429154593333697,0.3445331240446573,0.7851239669421488,0.8264462809917356,0.1782829365930374,0.2177339436553254,0.26025139814444015,0.6326342846105691,0.6218129397252645,2,746,121,l2,0.001,liblinear,0.6667100721424012
0.42592592592592593,0.45202611596054215,0.4156095842142354,0.4119652598334769,0.7222222222222222,0.8518518518518519,0.2064143359571261,0.2592695228066286,0.32575497940958276,0.6338808100141077,0.625842514852608,3,705,162,l2,0.001,liblinear,0.6533664686707267
0.4845814977973568,0.4761904761904761,0.4077854008132417,0.4323275202755581,0.7092511013215859,0.8061674008810573,0.2249602375145796,0.2518167498378493,0.3292834768750135,0.6610598659047137,0.6546881460674031,4,640,227,l2,0.0001,liblinear,0.6523450803779485
0.4596774193548387,0.4761520643589783,0.43489932606792553,0.4380811197665389,0.7419354838709677,0.7983870967741935,0.22589400827848272,0.2500212965329244,0.3594883450968832,0.664534079702397,0.6597409377057275,5,619,248,l2,0.001,lbfgs,0.6392177226548971
