accuracy,balanced_accuracy,f1_macro,f1_weighted,mae,adjacent_accuracy,kappa_linear,kappa_quadratic,spearman_r,roc_auc_macro_ovr,roc_auc_weighted_ovr,fold,n_train,n_val,best_penalty,best_C,best_solver,inner_auc_score
0.4094488188976378,0.4106517370083262,0.40195680719693794,0.4147180936051588,0.7401574803149606,0.8503937007874016,0.17668965517241375,0.23591613491340013,0.2904485531884171,0.6016998165931494,0.5991434113385171,1,740,127,l2,0.001,lbfgs,0.6555856340921438
0.45595854922279794,0.45841631104789,0.4407661803217359,0.46058419543739065,0.7305699481865285,0.8134715025906736,0.16812887842753643,0.1524092286756975,0.25086304313074986,0.6235926294787496,0.6236542547125333,2,674,193,l2,0.001,lbfgs,0.6535540417945969
0.4186046511627907,0.43857865726935935,0.41927102704425906,0.41507402048429326,0.7209302325581395,0.8604651162790697,0.19407496977025396,0.24974639886386696,0.2732880360366592,0.6125408299269779,0.6091945844852822,3,695,172,l2,0.001,lbfgs,0.6678462222157799
0.4792626728110599,0.5026998597475456,0.4601476954418131,0.49463304383336915,0.6866359447004609,0.8341013824884793,0.2731053708324903,0.31510546835949216,0.4363250405070777,0.7209615921673017,0.7170204465143788,4,650,217,l2,0.0001,lbfgs,0.6302504597004345
0.5063291139240507,0.506019656019656,0.49752321981424147,0.510032527334718,0.6075949367088608,0.8860759493670886,0.25763508222396236,0.26954328943681705,0.34658176311033023,0.6924859795120724,0.6855639084301615,5,709,158,l2,0.001,lbfgs,0.6483592437513922
