roc_auc,pr_auc,accuracy,f1,balanced_accuracy,matthews_corrcoef,sensitivity,specificity,precision,pos_LR,sensitivity_at_spec100,fold,n_train,n_val,threshold,best_penalty,best_C,best_solver,best_inner_score
0.7006079027355623,0.7374003206927717,0.6495726495726496,0.7132867132867133,0.630243161094225,0.2636301669340082,0.7285714285714285,0.5319148936170213,0.6986301369863014,1.5564935064935064,0.014285714285714285,1,714,117,0.50165501564486,l2,0.001,liblinear,0.6801884365176272
0.7139161220043572,0.7505580945433233,0.6420454545454546,0.676923076923077,0.6511437908496732,0.2943960717440317,0.6111111111111112,0.6911764705882353,0.7586206896551724,1.9788359788359788,0.027777777777777776,2,655,176,0.4832591677230343,l2,0.001,liblinear,0.677791075365776
0.748989898989899,0.8080256056098652,0.7239263803680982,0.7982062780269058,0.6756734006734006,0.36446823841529197,0.8240740740740741,0.5272727272727272,0.7739130434782608,1.743233618233618,0.0,3,668,163,0.4925821870220726,l2,0.001,liblinear,0.6515444755713399
0.6972990777338604,0.7260292812668667,0.6392405063291139,0.7246376811594203,0.6045783926218709,0.23176865023435855,0.8152173913043478,0.3939393939393939,0.6521739130434783,1.3451086956521738,0.0,4,673,158,0.457173479530282,l2,0.001,liblinear,0.6745487739325824
0.6343973486830629,0.6742256106640283,0.6175115207373272,0.6666666666666666,0.6095848595848596,0.21825793271336416,0.6587301587301587,0.5604395604395604,0.6747967479674797,1.4986111111111111,0.023809523809523808,5,614,217,0.4788450940441551,l1,0.01,liblinear,0.703979226430828
