accuracy,balanced_accuracy,f1_macro,f1_weighted,mae,adjacent_accuracy,kappa_linear,kappa_quadratic,spearman_r,roc_auc_macro_ovr,roc_auc_weighted_ovr,fold,n_train,n_val,best_penalty,best_C,best_solver,inner_auc_score
0.44140625,0.4440796331040233,0.4257424456954973,0.45067066302486636,0.7265625,0.83203125,0.19851876788419454,0.23667536339918005,0.26436545613341383,0.62574537297544,0.6305415883458647,1,611,256,l2,0.0001,lbfgs,0.6521847962277961
0.421875,0.44622062945613933,0.42174234034699154,0.4247906284606866,0.765625,0.8125,0.1661792076575379,0.17543240381221326,0.18096782905084688,0.6361793565008868,0.6348241183767499,2,739,128,l2,0.001,lbfgs,0.655593518297638
0.5705521472392638,0.5740740740740741,0.5640101050392236,0.5803392219576597,0.5214723926380368,0.9079754601226994,0.3924045081787484,0.43077950866964265,0.4362023997908894,0.7007928056066701,0.6977202991331551,3,704,163,l2,0.0001,lbfgs,0.6311094517047289
0.5088757396449705,0.5372960372960373,0.5105523091494103,0.5033207629716617,0.6035502958579881,0.8875739644970414,0.3209643110375797,0.37354374073289554,0.42114185533134085,0.6775631437996076,0.6588163555102143,4,698,169,l2,0.1,lbfgs,0.646043606836534
0.4966887417218543,0.5117903169627308,0.4928331536555645,0.4945462970373862,0.6225165562913907,0.8807947019867549,0.29051284614615613,0.3393686477754593,0.4067951383604704,0.6800240811288868,0.6637513731174003,5,716,151,l2,0.0001,lbfgs,0.6546179983828786
