roc_auc,pr_auc,accuracy,f1,balanced_accuracy,matthews_corrcoef,sensitivity,specificity,precision,pos_LR,sensitivity_at_spec100,fold,n_train,n_val,threshold,best_penalty,best_C,best_solver,best_inner_score
0.6752262443438914,0.6980254237512047,0.6349206349206349,0.649746192893401,0.63710407239819,0.27285341403316693,0.6153846153846154,0.6588235294117647,0.6881720430107527,1.8037135278514589,0.0,1,678,189,0.5327525661468526,l2,0.0001,liblinear,0.6833438331473174
0.6439999999999999,0.6906038991564405,0.6333333333333333,0.6716417910447762,0.6314285714285715,0.25975852208525974,0.6428571428571429,0.62,0.703125,1.6917293233082709,0.014285714285714285,2,747,120,0.5208010855985141,l1,0.01,liblinear,0.6905765468376759
0.6888065843621399,0.7120802938857269,0.6755555555555556,0.7224334600760456,0.6685185185185185,0.3334071546263124,0.7037037037037037,0.6333333333333333,0.7421875,1.9191919191919191,0.0,3,642,225,0.4875112141251985,l2,0.0001,liblinear,0.6649683338323408
0.6384803921568627,0.7078013559083047,0.6325301204819277,0.7053140096618358,0.607843137254902,0.21774741847584966,0.7156862745098039,0.5,0.6952380952380952,1.4313725490196079,0.00980392156862745,4,701,166,0.4846071847682468,l2,0.001,liblinear,0.699201354319412
0.6663594470046083,0.7405626270192198,0.6407185628742516,0.7087378640776699,0.6218125960061444,0.24075761587680622,0.6952380952380952,0.5483870967741935,0.7227722772277227,1.539455782312925,0.0380952380952381,5,700,167,0.5000169049155049,l2,0.0001,liblinear,0.6722624234940179
